  2.9979E-04  1.0000E-03  1.0051E+02  0.0000E+00  0.0000E+00  9.9999E-01  9.9997E-01  0.0000E+00  0.0000E+00
  5.9958E-04  2.0000E-03  1.0051E+02  0.0000E+00  0.0000E+00  9.9999E-01  9.9997E-01  0.0000E+00  0.0000E+00
  8.9937E-04  3.0000E-03  1.0051E+02  0.0000E+00  0.0000E+00  9.9999E-01  9.9997E-01  0.0000E+00  0.0000E+00
  1.1992E-03  4.0000E-03  1.0051E+02  0.0000E+00  0.0000E+00  9.9999E-01  9.9997E-01  0.0000E+00  0.0000E+00
  1.4989E-03  5.0000E-03  1.0051E+02  0.0000E+00  0.0000E+00  9.9999E-01  9.9997E-01  0.0000E+00  0.0000E+00
  1.7987E-03  6.0000E-03  1.0051E+02  0.0000E+00  0.0000E+00  9.9999E-01  9.9997E-01  0.0000E+00  0.0000E+00
  2.0985E-03  7.0000E-03  1.0051E+02  0.0000E+00  0.0000E+00  9.9999E-01  9.9997E-01  0.0000E+00  0.0000E+00
  2.3983E-03  8.0000E-03  1.0051E+02  0.0000E+00  0.0000E+00  9.9999E-01  9.9997E-01  0.0000E+00  0.0000E+00
  2.6981E-03  9.0000E-03  1.0051E+02  0.0000E+00  0.0000E+00  9.9999E-01  9.9997E-01  0.0000E+00  0.0000E+00
  2.9979E-03  1.0000E-02  1.0051E+02  0.0000E+00  0.0000E+00  9.9999E-01  9.9997E-01  0.0000E+00  0.0000E+00
  3.2977E-03  1.1000E-02  1.0051E+02  0.0000E+00  0.0000E+00  9.9999E-01  9.9997E-01  0.0000E+00  0.0000E+00
  3.5975E-03  1.2000E-02  1.0051E+02  0.0000E+00  0.0000E+00  9.9999E-01  9.9997E-01  0.0000E+00  0.0000E+00
  3.8973E-03  1.3000E-02  1.0051E+02  0.0000E+00  0.0000E+00  9.9999E-01  9.9997E-01  0.0000E+00  0.0000E+00
  4.1970E-03  1.4000E-02  1.0051E+02  0.0000E+00  0.0000E+00  9.9999E-01  9.9997E-01  0.0000E+00  0.0000E+00
  4.4968E-03  1.5000E-02  1.0051E+02  0.0000E+00  0.0000E+00  9.9999E-01  9.9997E-01  0.0000E+00  0.0000E+00
  4.7966E-03  1.6000E-02  1.0051E+02  0.0000E+00  0.0000E+00  9.9999E-01  9.9997E-01  0.0000E+00  0.0000E+00
  5.0964E-03  1.7000E-02  1.0051E+02  0.0000E+00  0.0000E+00  9.9999E-01  9.9997E-01  0.0000E+00  0.0000E+00
  5.3962E-03  1.8000E-02  1.0051E+02  0.0000E+00  0.0000E+00  9.9999E-01  9.9997E-01  0.0000E+00  0.0000E+00
  5.6960E-03  1.9000E-02  1.0051E+02  0.0000E+00  0.0000E+00  9.9999E-01  9.9997E-01  0.0000E+00  0.0000E+00
  5.9958E-03  2.0000E-02  1.0051E+02  0.0000E+00  0.0000E+00  9.9999E-01  9.9997E-01  0.0000E+00  0.0000E+00
  6.2956E-03  2.1000E-02  1.0051E+02  0.0000E+00  0.0000E+00  9.9999E-01  9.9997E-01  0.0000E+00  0.0000E+00
  6.5953E-03  2.2000E-02  1.0051E+02  0.0000E+00  0.0000E+00  9.9999E-01  9.9997E-01  0.0000E+00  0.0000E+00
  6.8951E-03  2.3000E-02  1.0051E+02  0.0000E+00  0.0000E+00  9.9999E-01  9.9997E-01  0.0000E+00  0.0000E+00
  7.1949E-03  2.4000E-02  1.0051E+02  0.0000E+00  0.0000E+00  9.9999E-01  9.9997E-01  0.0000E+00  0.0000E+00
  7.4947E-03  2.5000E-02  1.0051E+02  0.0000E+00  0.0000E+00  9.9999E-01  9.9997E-01  0.0000E+00  0.0000E+00
  7.7945E-03  2.6000E-02  1.0051E+02  0.0000E+00  0.0000E+00  9.9999E-01  9.9997E-01  0.0000E+00  0.0000E+00
  8.0943E-03  2.7000E-02  1.0051E+02  0.0000E+00  0.0000E+00  9.9999E-01  9.9997E-01  0.0000E+00  0.0000E+00
  8.3941E-03  2.8000E-02  1.0051E+02  0.0000E+00  0.0000E+00  9.9999E-01  9.9997E-01  0.0000E+00  0.0000E+00
  8.6939E-03  2.9000E-02  1.0051E+02  0.0000E+00  0.0000E+00  9.9999E-01  9.9997E-01  0.0000E+00  0.0000E+00
  8.9937E-03  3.0000E-02  1.0051E+02  0.0000E+00  0.0000E+00  9.9999E-01  9.9997E-01  0.0000E+00  0.0000E+00
  9.2934E-03  3.1000E-02  1.0051E+02  0.0000E+00  0.0000E+00  9.9999E-01  9.9997E-01  0.0000E+00  0.0000E+00
  9.5932E-03  3.2000E-02  1.0051E+02  0.0000E+00  0.0000E+00  9.9999E-01  9.9997E-01  0.0000E+00  0.0000E+00
  9.8930E-03  3.3000E-02  1.0051E+02  0.0000E+00  0.0000E+00  9.9999E-01  9.9997E-01  0.0000E+00  0.0000E+00
  1.0193E-02  3.4000E-02  1.0051E+02  0.0000E+00  0.0000E+00  9.9999E-01  9.9997E-01  0.0000E+00  0.0000E+00
  1.0493E-02  3.5000E-02  1.0051E+02  0.0000E+00  0.0000E+00  9.9999E-01  9.9997E-01  0.0000E+00  0.0000E+00
  1.0792E-02  3.6000E-02  1.0051E+02  0.0000E+00  0.0000E+00  9.9999E-01  9.9997E-01  0.0000E+00  0.0000E+00
  1.1092E-02  3.7000E-02  1.0051E+02  0.0000E+00  0.0000E+00  9.9999E-01  9.9997E-01  0.0000E+00  0.0000E+00
  1.1392E-02  3.8000E-02  1.0051E+02  0.0000E+00  0.0000E+00  9.9999E-01  9.9997E-01  0.0000E+00  0.0000E+00
  1.1692E-02  3.9000E-02  1.0051E+02  0.0000E+00  0.0000E+00  9.9999E-01  9.9997E-01  0.0000E+00  0.0000E+00
  1.1992E-02  4.0000E-02  1.0051E+02  0.0000E+00  0.0000E+00  9.9999E-01  9.9997E-01  0.0000E+00  0.0000E+00
  1.2291E-02  4.1000E-02  1.0051E+02  0.0000E+00  0.0000E+00  9.9999E-01  9.9997E-01  0.0000E+00  0.0000E+00
  1.2591E-02  4.2000E-02  1.0051E+02  0.0000E+00  0.0000E+00  9.9999E-01  9.9997E-01  0.0000E+00  0.0000E+00
  1.2891E-02  4.3000E-02  1.0051E+02  0.0000E+00  0.0000E+00  9.9999E-01  9.9997E-01  0.0000E+00  0.0000E+00
  1.3191E-02  4.4000E-02  1.0051E+02  0.0000E+00  0.0000E+00  9.9999E-01  9.9997E-01  0.0000E+00  0.0000E+00
  1.3490E-02  4.5000E-02  1.0051E+02  0.0000E+00  0.0000E+00  9.9999E-01  9.9997E-01  0.0000E+00  0.0000E+00
  1.3790E-02  4.6000E-02  1.0051E+02  0.0000E+00  0.0000E+00  9.9999E-01  9.9997E-01  0.0000E+00  0.0000E+00
  1.4090E-02  4.7000E-02  1.0051E+02  0.0000E+00  0.0000E+00  9.9999E-01  9.9997E-01  0.0000E+00  0.0000E+00
  1.4390E-02  4.8000E-02  1.0051E+02  0.0000E+00  0.0000E+00  9.9999E-01  9.9997E-01  0.0000E+00  0.0000E+00
  1.4690E-02  4.9000E-02  1.0051E+02  0.0000E+00  0.0000E+00  9.9999E-01  9.9997E-01  0.0000E+00  0.0000E+00
  1.4989E-02  5.0000E-02  1.0051E+02  0.0000E+00  0.0000E+00  9.9999E-01  9.9997E-01  0.0000E+00  0.0000E+00
  1.5289E-02  5.1000E-02  1.0051E+02  0.0000E+00  0.0000E+00  9.9999E-01  9.9997E-01  0.0000E+00  0.0000E+00
  1.5589E-02  5.2000E-02  1.0051E+02  0.0000E+00  0.0000E+00  9.9999E-01  9.9997E-01  0.0000E+00  0.0000E+00
  1.5889E-02  5.3000E-02  1.0051E+02  0.0000E+00  0.0000E+00  9.9999E-01  9.9997E-01  0.0000E+00  0.0000E+00
  1.6189E-02  5.4000E-02  1.0051E+02  0.0000E+00  0.0000E+00  9.9999E-01  9.9997E-01  0.0000E+00  0.0000E+00
  1.6488E-02  5.5000E-02  1.0051E+02  0.0000E+00  0.0000E+00  9.9999E-01  9.9997E-01  0.0000E+00  0.0000E+00
  1.6788E-02  5.6000E-02  1.0051E+02  0.0000E+00  0.0000E+00  9.9999E-01  9.9997E-01  0.0000E+00  0.0000E+00
  1.7088E-02  5.7000E-02  1.0051E+02  0.0000E+00  0.0000E+00  9.9999E-01  9.9997E-01  0.0000E+00  0.0000E+00
  1.7388E-02  5.8000E-02  1.0051E+02  0.0000E+00  0.0000E+00  9.9999E-01  9.9997E-01  0.0000E+00  0.0000E+00
  1.7688E-02  5.9000E-02  1.0051E+02  0.0000E+00  0.0000E+00  9.9999E-01  9.9997E-01  0.0000E+00  0.0000E+00
  1.7987E-02  6.0000E-02  1.0051E+02  0.0000E+00  0.0000E+00  9.9999E-01  9.9997E-01  0.0000E+00  0.0000E+00
  1.8287E-02  6.1000E-02  1.0051E+02  0.0000E+00  0.0000E+00  9.9999E-01  9.9997E-01  0.0000E+00  0.0000E+00
  1.8587E-02  6.2000E-02  1.0051E+02  0.0000E+00  0.0000E+00  9.9999E-01  9.9997E-01  0.0000E+00  0.0000E+00
  1.8887E-02  6.3000E-02  1.0051E+02  0.0000E+00  0.0000E+00  9.9999E-01  9.9997E-01  0.0000E+00  0.0000E+00
  1.9186E-02  6.4000E-02  1.0051E+02  0.0000E+00  0.0000E+00  9.9999E-01  9.9997E-01  0.0000E+00  0.0000E+00
  1.9486E-02  6.5000E-02  1.0051E+02  0.0000E+00  0.0000E+00  9.9999E-01  9.9997E-01  0.0000E+00  0.0000E+00
  1.9786E-02  6.6000E-02  1.0051E+02  0.0000E+00  0.0000E+00  9.9999E-01  9.9997E-01  0.0000E+00  0.0000E+00
  2.0086E-02  6.7000E-02  1.0051E+02  0.0000E+00  0.0000E+00  9.9999E-01  9.9997E-01  0.0000E+00  0.0000E+00
  2.0386E-02  6.8000E-02  1.0051E+02  0.0000E+00  0.0000E+00  9.9999E-01  9.9997E-01  0.0000E+00  0.0000E+00
  2.0685E-02  6.9000E-02  1.0051E+02  0.0000E+00  0.0000E+00  9.9999E-01  9.9997E-01  0.0000E+00  0.0000E+00
  2.0985E-02  7.0000E-02  1.0051E+02  0.0000E+00  0.0000E+00  9.9999E-01  9.9997E-01  0.0000E+00  0.0000E+00
  2.1285E-02  7.1000E-02  1.0051E+02  0.0000E+00  0.0000E+00  9.9999E-01  9.9997E-01  0.0000E+00  0.0000E+00
  2.1585E-02  7.2000E-02  1.0051E+02  0.0000E+00  0.0000E+00  9.9999E-01  9.9997E-01  0.0000E+00  0.0000E+00
  2.1885E-02  7.3000E-02  1.0051E+02  0.0000E+00  0.0000E+00  9.9999E-01  9.9997E-01  0.0000E+00  0.0000E+00
  2.2184E-02  7.4000E-02  1.0051E+02  0.0000E+00  0.0000E+00  9.9999E-01  9.9997E-01  0.0000E+00  0.0000E+00
  2.2484E-02  7.5000E-02  1.0051E+02  0.0000E+00  0.0000E+00  9.9999E-01  9.9997E-01  0.0000E+00  0.0000E+00
  2.2784E-02  7.6000E-02  1.0051E+02  0.0000E+00  0.0000E+00  9.9999E-01  9.9997E-01  0.0000E+00  0.0000E+00
  2.3084E-02  7.7000E-02  1.0051E+02  0.0000E+00  0.0000E+00  9.9999E-01  9.9997E-01  0.0000E+00  0.0000E+00
  2.3384E-02  7.8000E-02  1.0051E+02  0.0000E+00  0.0000E+00  9.9999E-01  9.9997E-01  0.0000E+00  0.0000E+00
  2.3683E-02  7.9000E-02  1.0051E+02  0.0000E+00  0.0000E+00  9.9999E-01  9.9997E-01  0.0000E+00  0.0000E+00
  2.3983E-02  8.0000E-02  1.0051E+02  0.0000E+00  0.0000E+00  9.9999E-01  9.9997E-01  0.0000E+00  0.0000E+00
  2.4283E-02  8.1000E-02  1.0051E+02  0.0000E+00  0.0000E+00  9.9999E-01  9.9997E-01  0.0000E+00  0.0000E+00
  2.4583E-02  8.2000E-02  1.0051E+02  0.0000E+00  0.0000E+00  9.9999E-01  9.9997E-01  0.0000E+00  0.0000E+00
  2.4882E-02  8.3000E-02  1.0051E+02  0.0000E+00  0.0000E+00  9.9999E-01  9.9997E-01  0.0000E+00  0.0000E+00
  2.5182E-02  8.4000E-02  1.0051E+02  0.0000E+00  0.0000E+00  9.9999E-01  9.9997E-01  0.0000E+00  0.0000E+00
  2.5482E-02  8.5000E-02  1.0051E+02  0.0000E+00  0.0000E+00  9.9999E-01  9.9997E-01  0.0000E+00  0.0000E+00
  2.5782E-02  8.6000E-02  1.0051E+02  0.0000E+00  0.0000E+00  9.9999E-01  9.9997E-01  0.0000E+00  0.0000E+00
  2.6082E-02  8.7000E-02  1.0051E+02  0.0000E+00  0.0000E+00  9.9999E-01  9.9997E-01  0.0000E+00  0.0000E+00
  2.6381E-02  8.8000E-02  1.0051E+02  0.0000E+00  0.0000E+00  9.9999E-01  9.9997E-01  0.0000E+00  0.0000E+00
  2.6681E-02  8.9000E-02  1.0051E+02  0.0000E+00  0.0000E+00  9.9999E-01  9.9997E-01  0.0000E+00  0.0000E+00
  2.6981E-02  9.0000E-02  1.0051E+02  0.0000E+00  0.0000E+00  9.9999E-01  9.9997E-01  0.0000E+00  0.0000E+00
  2.7281E-02  9.1000E-02  1.0051E+02  0.0000E+00  0.0000E+00  9.9999E-01  9.9997E-01  0.0000E+00  0.0000E+00
  2.7581E-02  9.2000E-02  1.0051E+02  0.0000E+00  0.0000E+00  9.9999E-01  9.9997E-01  0.0000E+00  0.0000E+00
  2.7880E-02  9.3000E-02  1.0051E+02  0.0000E+00  0.0000E+00  9.9999E-01  9.9997E-01  0.0000E+00  0.0000E+00
  2.8180E-02  9.4000E-02  1.0051E+02  0.0000E+00  0.0000E+00  9.9999E-01  9.9997E-01  0.0000E+00  0.0000E+00
  2.8480E-02  9.5000E-02  1.0051E+02  0.0000E+00  0.0000E+00  9.9999E-01  9.9997E-01  0.0000E+00  0.0000E+00
  2.8780E-02  9.6000E-02  1.0051E+02  0.0000E+00  0.0000E+00  9.9999E-01  9.9997E-01  0.0000E+00  0.0000E+00
  2.9079E-02  9.7000E-02  1.0051E+02  0.0000E+00  0.0000E+00  9.9999E-01  9.9997E-01  0.0000E+00  0.0000E+00
  2.9379E-02  9.8000E-02  1.0051E+02  0.0000E+00  0.0000E+00  9.9999E-01  9.9997E-01  0.0000E+00  0.0000E+00
  2.9679E-02  9.9000E-02  1.0051E+02  0.0000E+00  0.0000E+00  9.9999E-01  9.9997E-01  0.0000E+00  0.0000E+00
  2.9979E-02  1.0000E-01  1.0051E+02  0.0000E+00  0.0000E+00  9.9999E-01  9.9997E-01  0.0000E+00  0.0000E+00
  3.0279E-02  1.0100E-01  1.0051E+02  0.0000E+00  0.0000E+00  9.9999E-01  9.9997E-01  0.0000E+00  0.0000E+00
  3.0578E-02  1.0200E-01  1.0051E+02  0.0000E+00  0.0000E+00  9.9999E-01  9.9997E-01  0.0000E+00  0.0000E+00
  3.0878E-02  1.0300E-01  1.0051E+02  0.0000E+00  0.0000E+00  9.9999E-01  9.9997E-01  0.0000E+00  0.0000E+00
  3.1178E-02  1.0400E-01  1.0051E+02  0.0000E+00  0.0000E+00  9.9999E-01  9.9997E-01  0.0000E+00  0.0000E+00
  3.1478E-02  1.0500E-01  1.0051E+02  0.0000E+00  0.0000E+00  9.9999E-01  9.9997E-01  0.0000E+00  0.0000E+00
  3.1778E-02  1.0600E-01  1.0051E+02  0.0000E+00  0.0000E+00  9.9999E-01  9.9997E-01  0.0000E+00  0.0000E+00
  3.2077E-02  1.0700E-01  1.0051E+02  0.0000E+00  0.0000E+00  9.9999E-01  9.9997E-01  0.0000E+00  0.0000E+00
  3.2377E-02  1.0800E-01  1.0051E+02  0.0000E+00  0.0000E+00  9.9999E-01  9.9997E-01  0.0000E+00  0.0000E+00
  3.2677E-02  1.0900E-01  1.0051E+02  0.0000E+00  0.0000E+00  9.9999E-01  9.9997E-01  0.0000E+00  0.0000E+00
  3.2977E-02  1.1000E-01  1.0051E+02  0.0000E+00  0.0000E+00  9.9999E-01  9.9997E-01  0.0000E+00  0.0000E+00
  3.3277E-02  1.1100E-01  1.0051E+02  0.0000E+00  0.0000E+00  9.9999E-01  9.9997E-01  0.0000E+00  0.0000E+00
  3.3576E-02  1.1200E-01  1.0051E+02  0.0000E+00  0.0000E+00  9.9999E-01  9.9997E-01  0.0000E+00  0.0000E+00
  3.3876E-02  1.1300E-01  1.0051E+02  0.0000E+00  0.0000E+00  9.9999E-01  9.9997E-01  0.0000E+00  0.0000E+00
  3.4176E-02  1.1400E-01  1.0051E+02  0.0000E+00  0.0000E+00  9.9999E-01  9.9997E-01  0.0000E+00  0.0000E+00
  3.4476E-02  1.1500E-01  1.0051E+02  0.0000E+00  0.0000E+00  9.9999E-01  9.9997E-01  0.0000E+00  0.0000E+00
  3.4775E-02  1.1600E-01  1.0051E+02  0.0000E+00  0.0000E+00  9.9999E-01  9.9997E-01  0.0000E+00  0.0000E+00
  3.5075E-02  1.1700E-01  1.0051E+02  0.0000E+00  0.0000E+00  9.9999E-01  9.9997E-01  0.0000E+00  0.0000E+00
  3.5375E-02  1.1800E-01  1.0051E+02  0.0000E+00  0.0000E+00  9.9999E-01  9.9997E-01  0.0000E+00  0.0000E+00
  3.5675E-02  1.1900E-01  1.0051E+02  0.0000E+00  0.0000E+00  9.9999E-01  9.9997E-01  0.0000E+00  0.0000E+00
  3.5975E-02  1.2000E-01  1.0051E+02  0.0000E+00  0.0000E+00  9.9999E-01  9.9997E-01  0.0000E+00  0.0000E+00
  3.6274E-02  1.2100E-01  1.0051E+02  0.0000E+00  0.0000E+00  9.9999E-01  9.9997E-01  0.0000E+00  0.0000E+00
  3.6574E-02  1.2200E-01  1.0051E+02  0.0000E+00  0.0000E+00  9.9999E-01  9.9997E-01  0.0000E+00  0.0000E+00
  3.6874E-02  1.2300E-01  1.0051E+02  0.0000E+00  0.0000E+00  9.9999E-01  9.9997E-01  0.0000E+00  0.0000E+00
  3.7174E-02  1.2400E-01  1.0051E+02  0.0000E+00  0.0000E+00  9.9999E-01  9.9997E-01  0.0000E+00  0.0000E+00
  3.7474E-02  1.2500E-01  1.0051E+02  0.0000E+00  0.0000E+00  9.9999E-01  9.9997E-01  0.0000E+00  0.0000E+00
  3.7773E-02  1.2600E-01  1.0051E+02  0.0000E+00  0.0000E+00  9.9999E-01  9.9997E-01  0.0000E+00  0.0000E+00
  3.8073E-02  1.2700E-01  1.0051E+02  0.0000E+00  0.0000E+00  9.9999E-01  9.9997E-01  0.0000E+00  0.0000E+00
  3.8373E-02  1.2800E-01  1.0051E+02  0.0000E+00  0.0000E+00  9.9999E-01  9.9997E-01  0.0000E+00  0.0000E+00
  3.8673E-02  1.2900E-01  1.0051E+02  0.0000E+00  0.0000E+00  9.9999E-01  9.9997E-01  0.0000E+00  0.0000E+00
  3.8973E-02  1.3000E-01  1.0051E+02  0.0000E+00  0.0000E+00  9.9999E-01  9.9997E-01  0.0000E+00  0.0000E+00
  3.9272E-02  1.3100E-01  1.0051E+02  0.0000E+00  0.0000E+00  9.9999E-01  9.9997E-01  0.0000E+00  0.0000E+00
  3.9572E-02  1.3200E-01  1.0051E+02  0.0000E+00  0.0000E+00  9.9999E-01  9.9997E-01  0.0000E+00  0.0000E+00
  3.9872E-02  1.3300E-01  1.0051E+02  0.0000E+00  0.0000E+00  9.9999E-01  9.9997E-01  0.0000E+00  0.0000E+00
  4.0172E-02  1.3400E-01  1.0051E+02  0.0000E+00  0.0000E+00  9.9999E-01  9.9997E-01  0.0000E+00  0.0000E+00
  4.0471E-02  1.3500E-01  1.0051E+02  0.0000E+00  0.0000E+00  9.9999E-01  9.9997E-01  0.0000E+00  0.0000E+00
  4.0771E-02  1.3600E-01  1.0051E+02  0.0000E+00  0.0000E+00  9.9999E-01  9.9997E-01  0.0000E+00  0.0000E+00
  4.1071E-02  1.3700E-01  1.0051E+02  0.0000E+00  0.0000E+00  9.9999E-01  9.9997E-01  0.0000E+00  0.0000E+00
  4.1371E-02  1.3800E-01  1.0051E+02  0.0000E+00  0.0000E+00  9.9999E-01  9.9997E-01  0.0000E+00  0.0000E+00
  4.1671E-02  1.3900E-01  1.0051E+02  0.0000E+00  0.0000E+00  9.9999E-01  9.9997E-01  0.0000E+00  0.0000E+00
  4.1970E-02  1.4000E-01  1.0051E+02  0.0000E+00  0.0000E+00  9.9999E-01  9.9997E-01  0.0000E+00  0.0000E+00
  4.2270E-02  1.4100E-01  1.0051E+02  0.0000E+00  0.0000E+00  9.9999E-01  9.9997E-01  0.0000E+00  0.0000E+00
  4.2570E-02  1.4200E-01  1.0051E+02  0.0000E+00  0.0000E+00  9.9999E-01  9.9997E-01  0.0000E+00  0.0000E+00
  4.2870E-02  1.4300E-01  1.0051E+02  0.0000E+00  0.0000E+00  9.9999E-01  9.9997E-01  0.0000E+00  0.0000E+00
  4.3170E-02  1.4400E-01  1.0051E+02  0.0000E+00  0.0000E+00  9.9999E-01  9.9997E-01  0.0000E+00  0.0000E+00
  4.3469E-02  1.4500E-01  1.0051E+02  0.0000E+00  0.0000E+00  9.9999E-01  9.9997E-01  0.0000E+00  0.0000E+00
  4.3769E-02  1.4600E-01  1.0051E+02  0.0000E+00  0.0000E+00  9.9999E-01  9.9997E-01  0.0000E+00  0.0000E+00
  4.4069E-02  1.4700E-01  1.0051E+02  0.0000E+00  0.0000E+00  9.9999E-01  9.9997E-01  0.0000E+00  0.0000E+00
  4.4369E-02  1.4800E-01  1.0051E+02  0.0000E+00  0.0000E+00  9.9999E-01  9.9997E-01  0.0000E+00  0.0000E+00
  4.4668E-02  1.4900E-01  1.0051E+02  0.0000E+00  0.0000E+00  9.9999E-01  9.9997E-01  0.0000E+00  0.0000E+00
  4.4968E-02  1.5000E-01  1.0051E+02  0.0000E+00  0.0000E+00  9.9999E-01  9.9997E-01  0.0000E+00  0.0000E+00
  4.5268E-02  1.5100E-01  1.0051E+02  0.0000E+00  0.0000E+00  9.9999E-01  9.9997E-01  0.0000E+00  0.0000E+00
  4.5568E-02  1.5200E-01  1.0051E+02  0.0000E+00  0.0000E+00  9.9999E-01  9.9997E-01  0.0000E+00  0.0000E+00
  4.5868E-02  1.5300E-01  1.0051E+02  0.0000E+00  0.0000E+00  9.9999E-01  9.9997E-01  0.0000E+00  0.0000E+00
  4.6167E-02  1.5400E-01  1.0051E+02  0.0000E+00  0.0000E+00  9.9999E-01  9.9997E-01  0.0000E+00  0.0000E+00
  4.6467E-02  1.5500E-01  1.0051E+02  0.0000E+00  0.0000E+00  9.9999E-01  9.9997E-01  0.0000E+00  0.0000E+00
  4.6767E-02  1.5600E-01  1.0051E+02  0.0000E+00  0.0000E+00  9.9999E-01  9.9997E-01  0.0000E+00  0.0000E+00
  4.7067E-02  1.5700E-01  1.0051E+02  0.0000E+00  0.0000E+00  9.9999E-01  9.9997E-01  0.0000E+00  0.0000E+00
  4.7367E-02  1.5800E-01  1.0051E+02  0.0000E+00  0.0000E+00  9.9999E-01  9.9997E-01  0.0000E+00  0.0000E+00
  4.7666E-02  1.5900E-01  1.0051E+02  0.0000E+00  0.0000E+00  9.9999E-01  9.9997E-01  0.0000E+00  0.0000E+00
  4.7966E-02  1.6000E-01  1.0051E+02  0.0000E+00  0.0000E+00  9.9999E-01  9.9997E-01  0.0000E+00  0.0000E+00
  4.8266E-02  1.6100E-01  1.0051E+02  0.0000E+00  0.0000E+00  9.9999E-01  9.9997E-01  0.0000E+00  0.0000E+00
  4.8566E-02  1.6200E-01  1.0051E+02  0.0000E+00  0.0000E+00  9.9999E-01  9.9997E-01  0.0000E+00  0.0000E+00
  4.8866E-02  1.6300E-01  1.0051E+02  0.0000E+00  0.0000E+00  9.9999E-01  9.9997E-01  0.0000E+00  0.0000E+00
  4.9165E-02  1.6400E-01  1.0051E+02  0.0000E+00  0.0000E+00  9.9999E-01  9.9997E-01  0.0000E+00  0.0000E+00
  4.9465E-02  1.6500E-01  1.0051E+02  0.0000E+00  0.0000E+00  9.9999E-01  9.9997E-01  0.0000E+00  0.0000E+00
  4.9765E-02  1.6600E-01  1.0051E+02  0.0000E+00  0.0000E+00  9.9999E-01  9.9997E-01  0.0000E+00  0.0000E+00
  5.0065E-02  1.6700E-01  1.0051E+02  0.0000E+00  0.0000E+00  9.9999E-01  9.9997E-01  0.0000E+00  0.0000E+00
  5.0364E-02  1.6800E-01  1.0051E+02  0.0000E+00  0.0000E+00  9.9999E-01  9.9997E-01  0.0000E+00  0.0000E+00
  5.0664E-02  1.6900E-01  1.0051E+02  0.0000E+00  0.0000E+00  9.9999E-01  9.9997E-01  0.0000E+00  0.0000E+00
  5.0964E-02  1.7000E-01  1.0051E+02  0.0000E+00  0.0000E+00  9.9999E-01  9.9997E-01  0.0000E+00  0.0000E+00
  5.1264E-02  1.7100E-01  1.0051E+02  0.0000E+00  0.0000E+00  9.9999E-01  9.9997E-01  0.0000E+00  0.0000E+00
  5.1564E-02  1.7200E-01  1.0051E+02  0.0000E+00  0.0000E+00  9.9999E-01  9.9997E-01  0.0000E+00  0.0000E+00
  5.1863E-02  1.7300E-01  1.0051E+02  0.0000E+00  0.0000E+00  9.9999E-01  9.9997E-01  0.0000E+00  0.0000E+00
  5.2163E-02  1.7400E-01  1.0051E+02  0.0000E+00  0.0000E+00  9.9999E-01  9.9997E-01  0.0000E+00  0.0000E+00
  5.2463E-02  1.7500E-01  1.0051E+02  0.0000E+00  0.0000E+00  9.9999E-01  9.9997E-01  0.0000E+00  0.0000E+00
  5.2763E-02  1.7600E-01  1.0051E+02  0.0000E+00  0.0000E+00  9.9999E-01  9.9997E-01  0.0000E+00  0.0000E+00
  5.3063E-02  1.7700E-01  1.0051E+02  0.0000E+00  0.0000E+00  9.9999E-01  9.9997E-01  0.0000E+00  0.0000E+00
  5.3362E-02  1.7800E-01  1.0051E+02  0.0000E+00  0.0000E+00  9.9999E-01  9.9997E-01  0.0000E+00  0.0000E+00
  5.3662E-02  1.7900E-01  1.0051E+02  0.0000E+00  0.0000E+00  9.9999E-01  9.9997E-01  0.0000E+00  0.0000E+00
  5.3962E-02  1.8000E-01  1.0051E+02  0.0000E+00  0.0000E+00  9.9999E-01  9.9997E-01  0.0000E+00  0.0000E+00
  5.4262E-02  1.8100E-01  1.0051E+02  0.0000E+00  0.0000E+00  9.9999E-01  9.9997E-01  0.0000E+00  0.0000E+00
  5.4562E-02  1.8200E-01  1.0051E+02  0.0000E+00  0.0000E+00  9.9999E-01  9.9997E-01  0.0000E+00  0.0000E+00
  5.4861E-02  1.8300E-01  1.0051E+02  0.0000E+00  0.0000E+00  9.9999E-01  9.9997E-01  0.0000E+00  0.0000E+00
  5.5161E-02  1.8400E-01  1.0051E+02  0.0000E+00  0.0000E+00  9.9999E-01  9.9997E-01  0.0000E+00  0.0000E+00
  5.5461E-02  1.8500E-01  1.0051E+02  0.0000E+00  0.0000E+00  9.9999E-01  9.9997E-01  0.0000E+00  0.0000E+00
  5.5761E-02  1.8600E-01  1.0051E+02  0.0000E+00  0.0000E+00  9.9999E-01  9.9997E-01  0.0000E+00  0.0000E+00
  5.6060E-02  1.8700E-01  1.0051E+02  0.0000E+00  0.0000E+00  9.9999E-01  9.9997E-01  0.0000E+00  0.0000E+00
  5.6360E-02  1.8800E-01  1.0051E+02  0.0000E+00  0.0000E+00  9.9999E-01  9.9997E-01  0.0000E+00  0.0000E+00
  5.6660E-02  1.8900E-01  1.0051E+02  0.0000E+00  0.0000E+00  9.9999E-01  9.9997E-01  0.0000E+00  0.0000E+00
  5.6960E-02  1.9000E-01  1.0051E+02  0.0000E+00  0.0000E+00  9.9999E-01  9.9997E-01  0.0000E+00  0.0000E+00
  5.7260E-02  1.9100E-01  1.0051E+02  0.0000E+00  0.0000E+00  9.9999E-01  9.9997E-01  0.0000E+00  0.0000E+00
  5.7559E-02  1.9200E-01  1.0051E+02  0.0000E+00  0.0000E+00  9.9999E-01  9.9997E-01  0.0000E+00  0.0000E+00
  5.7859E-02  1.9300E-01  1.0051E+02  0.0000E+00  0.0000E+00  9.9999E-01  9.9997E-01  0.0000E+00  0.0000E+00
  5.8159E-02  1.9400E-01  1.0051E+02  0.0000E+00  0.0000E+00  9.9999E-01  9.9997E-01  0.0000E+00  0.0000E+00
  5.8459E-02  1.9500E-01  1.0051E+02  0.0000E+00  0.0000E+00  9.9999E-01  9.9997E-01  0.0000E+00  0.0000E+00
  5.8759E-02  1.9600E-01  1.0051E+02  0.0000E+00  0.0000E+00  9.9999E-01  9.9997E-01  0.0000E+00  0.0000E+00
  5.9058E-02  1.9700E-01  1.0051E+02  0.0000E+00  0.0000E+00  9.9999E-01  9.9997E-01  0.0000E+00  0.0000E+00
  5.9358E-02  1.9800E-01  1.0051E+02  0.0000E+00  0.0000E+00  9.9999E-01  9.9997E-01  0.0000E+00  0.0000E+00
  5.9658E-02  1.9900E-01  1.0051E+02  0.0000E+00  0.0000E+00  9.9999E-01  9.9997E-01  0.0000E+00  0.0000E+00
  5.9958E-02  2.0000E-01  1.0051E+02  0.0000E+00  0.0000E+00  9.9999E-01  9.9997E-01  0.0000E+00  0.0000E+00
  6.0258E-02  2.0100E-01  1.0051E+02  0.0000E+00  0.0000E+00  9.9999E-01  9.9997E-01  0.0000E+00  0.0000E+00
  6.0557E-02  2.0200E-01  1.0051E+02  0.0000E+00  0.0000E+00  9.9999E-01  9.9997E-01  0.0000E+00  0.0000E+00
  6.0857E-02  2.0300E-01  1.0051E+02  0.0000E+00  0.0000E+00  9.9999E-01  9.9997E-01  0.0000E+00  0.0000E+00
  6.1157E-02  2.0400E-01  1.0051E+02  0.0000E+00  0.0000E+00  9.9999E-01  9.9997E-01  0.0000E+00  0.0000E+00
  6.1457E-02  2.0500E-01  1.0051E+02  0.0000E+00  0.0000E+00  9.9999E-01  9.9997E-01  0.0000E+00  0.0000E+00
  6.1756E-02  2.0600E-01  1.0051E+02  0.0000E+00  0.0000E+00  9.9999E-01  9.9997E-01  0.0000E+00  0.0000E+00
  6.2056E-02  2.0700E-01  1.0051E+02  0.0000E+00  0.0000E+00  9.9999E-01  9.9997E-01  0.0000E+00  0.0000E+00
  6.2356E-02  2.0800E-01  1.0051E+02  0.0000E+00  0.0000E+00  9.9999E-01  9.9997E-01  0.0000E+00  0.0000E+00
  6.2656E-02  2.0900E-01  1.0051E+02  0.0000E+00  0.0000E+00  9.9999E-01  9.9997E-01  0.0000E+00  0.0000E+00
  6.2956E-02  2.1000E-01  1.0051E+02  0.0000E+00  0.0000E+00  9.9999E-01  9.9997E-01  0.0000E+00  0.0000E+00
  6.3255E-02  2.1100E-01  1.0051E+02  0.0000E+00  0.0000E+00  9.9999E-01  9.9997E-01  0.0000E+00  0.0000E+00
  6.3555E-02  2.1200E-01  1.0051E+02  0.0000E+00  0.0000E+00  9.9999E-01  9.9997E-01  0.0000E+00  0.0000E+00
  6.3855E-02  2.1300E-01  1.0051E+02  0.0000E+00  0.0000E+00  9.9999E-01  9.9997E-01  0.0000E+00  0.0000E+00
  6.4155E-02  2.1400E-01  1.0051E+02  0.0000E+00  0.0000E+00  9.9999E-01  9.9997E-01  0.0000E+00  0.0000E+00
  6.4455E-02  2.1500E-01  1.0051E+02  0.0000E+00  0.0000E+00  9.9999E-01  9.9997E-01  0.0000E+00  0.0000E+00
  6.4754E-02  2.1600E-01  1.0051E+02  0.0000E+00  0.0000E+00  9.9999E-01  9.9997E-01  0.0000E+00  0.0000E+00
  6.5054E-02  2.1700E-01  1.0051E+02  0.0000E+00  0.0000E+00  9.9999E-01  9.9997E-01  0.0000E+00  0.0000E+00
  6.5354E-02  2.1800E-01  1.0051E+02  0.0000E+00  0.0000E+00  9.9999E-01  9.9997E-01  0.0000E+00  0.0000E+00
  6.5654E-02  2.1900E-01  1.0051E+02  0.0000E+00  0.0000E+00  9.9999E-01  9.9997E-01  0.0000E+00  0.0000E+00
  6.5953E-02  2.2000E-01  1.0051E+02  0.0000E+00  0.0000E+00  9.9999E-01  9.9997E-01  0.0000E+00  0.0000E+00
  6.6253E-02  2.2100E-01  1.0051E+02  0.0000E+00  0.0000E+00  9.9999E-01  9.9997E-01  0.0000E+00  0.0000E+00
  6.6553E-02  2.2200E-01  1.0051E+02  0.0000E+00  0.0000E+00  9.9999E-01  9.9997E-01  0.0000E+00  0.0000E+00
  6.6853E-02  2.2300E-01  1.0051E+02  0.0000E+00  0.0000E+00  9.9999E-01  9.9997E-01  0.0000E+00  0.0000E+00
  6.7153E-02  2.2400E-01  1.0051E+02  0.0000E+00  0.0000E+00  9.9999E-01  9.9997E-01  0.0000E+00  0.0000E+00
  6.7452E-02  2.2500E-01  1.0051E+02  0.0000E+00  0.0000E+00  9.9999E-01  9.9997E-01  0.0000E+00  0.0000E+00
  6.7752E-02  2.2600E-01  1.0051E+02  0.0000E+00  0.0000E+00  9.9999E-01  9.9997E-01  0.0000E+00  0.0000E+00
  6.8052E-02  2.2700E-01  1.0051E+02  0.0000E+00  0.0000E+00  9.9999E-01  9.9997E-01  0.0000E+00  0.0000E+00
  6.8352E-02  2.2800E-01  1.0051E+02  0.0000E+00  0.0000E+00  9.9999E-01  9.9997E-01  0.0000E+00  0.0000E+00
  6.8652E-02  2.2900E-01  1.0051E+02  0.0000E+00  0.0000E+00  9.9999E-01  9.9997E-01  0.0000E+00  0.0000E+00
  6.8951E-02  2.3000E-01  1.0051E+02  0.0000E+00  0.0000E+00  9.9999E-01  9.9997E-01  0.0000E+00  0.0000E+00
  6.9251E-02  2.3100E-01  1.0051E+02  0.0000E+00  0.0000E+00  9.9999E-01  9.9997E-01  0.0000E+00  0.0000E+00
  6.9551E-02  2.3200E-01  1.0051E+02  0.0000E+00  0.0000E+00  9.9999E-01  9.9997E-01  0.0000E+00  0.0000E+00
  6.9851E-02  2.3300E-01  1.0051E+02  0.0000E+00  0.0000E+00  9.9999E-01  9.9997E-01  0.0000E+00  0.0000E+00
  7.0151E-02  2.3400E-01  1.0051E+02  0.0000E+00  0.0000E+00  9.9999E-01  9.9997E-01  0.0000E+00  0.0000E+00
  7.0450E-02  2.3500E-01  1.0051E+02  0.0000E+00  0.0000E+00  9.9999E-01  9.9997E-01  0.0000E+00  0.0000E+00
  7.0750E-02  2.3600E-01  1.0051E+02  0.0000E+00  0.0000E+00  9.9999E-01  9.9997E-01  0.0000E+00  0.0000E+00
  7.1050E-02  2.3700E-01  1.0051E+02  0.0000E+00  0.0000E+00  9.9999E-01  9.9997E-01  0.0000E+00  0.0000E+00
  7.1350E-02  2.3800E-01  1.0051E+02  0.0000E+00  0.0000E+00  9.9999E-01  9.9997E-01  0.0000E+00  0.0000E+00
  7.1649E-02  2.3900E-01  1.0051E+02  0.0000E+00  0.0000E+00  9.9999E-01  9.9997E-01  0.0000E+00  0.0000E+00
  7.1949E-02  2.4000E-01  1.0051E+02  0.0000E+00  0.0000E+00  9.9999E-01  9.9997E-01  0.0000E+00  0.0000E+00
  7.2249E-02  2.4100E-01  1.0051E+02  0.0000E+00  0.0000E+00  9.9999E-01  9.9997E-01  0.0000E+00  0.0000E+00
  7.2549E-02  2.4200E-01  1.0051E+02  0.0000E+00  0.0000E+00  9.9999E-01  9.9997E-01  0.0000E+00  0.0000E+00
  7.2849E-02  2.4300E-01  1.0051E+02  0.0000E+00  0.0000E+00  9.9999E-01  9.9997E-01  0.0000E+00  0.0000E+00
  7.3148E-02  2.4400E-01  1.0051E+02  0.0000E+00  0.0000E+00  9.9999E-01  9.9997E-01  0.0000E+00  0.0000E+00
  7.3448E-02  2.4500E-01  1.0051E+02  0.0000E+00  0.0000E+00  9.9999E-01  9.9997E-01  0.0000E+00  0.0000E+00
  7.3748E-02  2.4600E-01  1.0051E+02  0.0000E+00  0.0000E+00  9.9999E-01  9.9997E-01  0.0000E+00  0.0000E+00
  7.4048E-02  2.4700E-01  1.0051E+02  0.0000E+00  0.0000E+00  9.9999E-01  9.9997E-01  0.0000E+00  0.0000E+00
  7.4348E-02  2.4800E-01  1.0051E+02  0.0000E+00  0.0000E+00  9.9999E-01  9.9997E-01  0.0000E+00  0.0000E+00
  7.4647E-02  2.4900E-01  1.0051E+02  0.0000E+00  0.0000E+00  9.9999E-01  9.9997E-01  0.0000E+00  0.0000E+00
  7.4947E-02  2.5000E-01  1.0051E+02  0.0000E+00  0.0000E+00  9.9999E-01  9.9997E-01  0.0000E+00  0.0000E+00
  7.5247E-02  2.5100E-01  1.0051E+02  0.0000E+00  0.0000E+00  9.9999E-01  9.9997E-01  0.0000E+00  0.0000E+00
  7.5547E-02  2.5200E-01  1.0051E+02  0.0000E+00  0.0000E+00  9.9999E-01  9.9997E-01  0.0000E+00  0.0000E+00
  7.5847E-02  2.5300E-01  1.0051E+02  0.0000E+00  0.0000E+00  9.9999E-01  9.9997E-01  0.0000E+00  0.0000E+00
  7.6146E-02  2.5400E-01  1.0051E+02  0.0000E+00  0.0000E+00  9.9999E-01  9.9997E-01  0.0000E+00  0.0000E+00
  7.6446E-02  2.5500E-01  1.0051E+02  0.0000E+00  0.0000E+00  9.9999E-01  9.9997E-01  0.0000E+00  0.0000E+00
  7.6746E-02  2.5600E-01  1.0051E+02  0.0000E+00  0.0000E+00  9.9999E-01  9.9997E-01  0.0000E+00  0.0000E+00
  7.7046E-02  2.5700E-01  1.0051E+02  0.0000E+00  0.0000E+00  9.9999E-01  9.9997E-01  0.0000E+00  0.0000E+00
  7.7345E-02  2.5800E-01  1.0051E+02  0.0000E+00  0.0000E+00  9.9999E-01  9.9997E-01  0.0000E+00  0.0000E+00
  7.7645E-02  2.5900E-01  1.0051E+02  0.0000E+00  0.0000E+00  9.9999E-01  9.9997E-01  0.0000E+00  0.0000E+00
  7.7945E-02  2.6000E-01  1.0051E+02  0.0000E+00  0.0000E+00  9.9999E-01  9.9997E-01  0.0000E+00  0.0000E+00
  7.8245E-02  2.6100E-01  1.0051E+02  0.0000E+00  0.0000E+00  9.9999E-01  9.9997E-01  0.0000E+00  0.0000E+00
  7.8545E-02  2.6200E-01  1.0051E+02  0.0000E+00  0.0000E+00  9.9999E-01  9.9997E-01  0.0000E+00  0.0000E+00
  7.8844E-02  2.6300E-01  1.0051E+02  0.0000E+00  0.0000E+00  9.9999E-01  9.9997E-01  0.0000E+00  0.0000E+00
  7.9144E-02  2.6400E-01  1.0051E+02  0.0000E+00  0.0000E+00  9.9999E-01  9.9997E-01  0.0000E+00  0.0000E+00
  7.9444E-02  2.6500E-01  1.0051E+02  0.0000E+00  0.0000E+00  9.9999E-01  9.9997E-01  0.0000E+00  0.0000E+00
  7.9744E-02  2.6600E-01  1.0051E+02  0.0000E+00  0.0000E+00  9.9999E-01  9.9997E-01  0.0000E+00  0.0000E+00
  8.0044E-02  2.6700E-01  1.0051E+02  0.0000E+00  0.0000E+00  9.9999E-01  9.9997E-01  0.0000E+00  0.0000E+00
  8.0343E-02  2.6800E-01  1.0051E+02  0.0000E+00  0.0000E+00  9.9999E-01  9.9997E-01  0.0000E+00  0.0000E+00
  8.0643E-02  2.6900E-01  1.0051E+02  0.0000E+00  0.0000E+00  9.9999E-01  9.9997E-01  0.0000E+00  0.0000E+00
  8.0943E-02  2.7000E-01  1.0051E+02  0.0000E+00  0.0000E+00  9.9999E-01  9.9997E-01  0.0000E+00  0.0000E+00
  8.1243E-02  2.7100E-01  1.0051E+02  0.0000E+00  0.0000E+00  9.9999E-01  9.9997E-01  0.0000E+00  0.0000E+00
  8.1542E-02  2.7200E-01  1.0051E+02  0.0000E+00  0.0000E+00  9.9999E-01  9.9997E-01  0.0000E+00  0.0000E+00
  8.1842E-02  2.7300E-01  1.0051E+02  0.0000E+00  0.0000E+00  9.9999E-01  9.9997E-01  0.0000E+00  0.0000E+00
  8.2142E-02  2.7400E-01  1.0051E+02  0.0000E+00  0.0000E+00  9.9999E-01  9.9997E-01  0.0000E+00  0.0000E+00
  8.2442E-02  2.7500E-01  1.0051E+02  0.0000E+00  0.0000E+00  9.9999E-01  9.9997E-01  0.0000E+00  0.0000E+00
  8.2742E-02  2.7600E-01  1.0051E+02  0.0000E+00  0.0000E+00  9.9999E-01  9.9997E-01  0.0000E+00  0.0000E+00
  8.3041E-02  2.7700E-01  1.0051E+02  0.0000E+00  0.0000E+00  9.9999E-01  9.9997E-01  0.0000E+00  0.0000E+00
  8.3341E-02  2.7800E-01  1.0051E+02  0.0000E+00  0.0000E+00  9.9999E-01  9.9997E-01  0.0000E+00  0.0000E+00
  8.3641E-02  2.7900E-01  1.0051E+02  0.0000E+00  0.0000E+00  9.9999E-01  9.9997E-01  0.0000E+00  0.0000E+00
  8.3941E-02  2.8000E-01  1.0051E+02  0.0000E+00  0.0000E+00  9.9999E-01  9.9997E-01  0.0000E+00  0.0000E+00
  8.4241E-02  2.8100E-01  1.0051E+02  0.0000E+00  0.0000E+00  9.9999E-01  9.9997E-01  0.0000E+00  0.0000E+00
  8.4540E-02  2.8200E-01  1.0051E+02  0.0000E+00  0.0000E+00  9.9999E-01  9.9997E-01  0.0000E+00  0.0000E+00
  8.4840E-02  2.8300E-01  1.0051E+02  0.0000E+00  0.0000E+00  9.9999E-01  9.9997E-01  0.0000E+00  0.0000E+00
  8.5140E-02  2.8400E-01  1.0051E+02  0.0000E+00  0.0000E+00  9.9999E-01  9.9997E-01  0.0000E+00  0.0000E+00
  8.5440E-02  2.8500E-01  1.0051E+02  0.0000E+00  0.0000E+00  9.9999E-01  9.9997E-01  0.0000E+00  0.0000E+00
  8.5740E-02  2.8600E-01  1.0051E+02  0.0000E+00  0.0000E+00  9.9999E-01  9.9997E-01  0.0000E+00  0.0000E+00
  8.6039E-02  2.8700E-01  1.0051E+02  0.0000E+00  0.0000E+00  9.9999E-01  9.9997E-01  0.0000E+00  0.0000E+00
  8.6339E-02  2.8800E-01  1.0051E+02  0.0000E+00  0.0000E+00  9.9999E-01  9.9997E-01  0.0000E+00  0.0000E+00
  8.6639E-02  2.8900E-01  1.0051E+02  0.0000E+00  0.0000E+00  9.9999E-01  9.9997E-01  0.0000E+00  0.0000E+00
  8.6939E-02  2.9000E-01  1.0051E+02  0.0000E+00  0.0000E+00  9.9999E-01  9.9997E-01  0.0000E+00  0.0000E+00
  8.7238E-02  2.9100E-01  1.0051E+02  0.0000E+00  0.0000E+00  9.9999E-01  9.9997E-01  0.0000E+00  0.0000E+00
  8.7538E-02  2.9200E-01  1.0051E+02  0.0000E+00  0.0000E+00  9.9999E-01  9.9997E-01  0.0000E+00  0.0000E+00
  8.7838E-02  2.9300E-01  1.0051E+02  0.0000E+00  0.0000E+00  9.9999E-01  9.9997E-01  0.0000E+00  0.0000E+00
  8.8138E-02  2.9400E-01  1.0051E+02  0.0000E+00  0.0000E+00  9.9999E-01  9.9997E-01  0.0000E+00  0.0000E+00
  8.8438E-02  2.9500E-01  1.0051E+02  0.0000E+00  0.0000E+00  9.9999E-01  9.9997E-01  0.0000E+00  0.0000E+00
  8.8737E-02  2.9600E-01  1.0051E+02  0.0000E+00  0.0000E+00  9.9999E-01  9.9997E-01  0.0000E+00  0.0000E+00
  8.9037E-02  2.9700E-01  1.0051E+02  0.0000E+00  0.0000E+00  9.9999E-01  9.9997E-01  0.0000E+00  0.0000E+00
  8.9337E-02  2.9800E-01  1.0051E+02  0.0000E+00  0.0000E+00  9.9999E-01  9.9997E-01  0.0000E+00  0.0000E+00
  8.9637E-02  2.9900E-01  1.0051E+02  0.0000E+00  0.0000E+00  9.9999E-01  9.9997E-01  0.0000E+00  0.0000E+00
  8.9937E-02  3.0000E-01  1.0051E+02  0.0000E+00  0.0000E+00  9.9999E-01  9.9997E-01  0.0000E+00  0.0000E+00
  9.0236E-02  3.0100E-01  1.0051E+02  0.0000E+00  0.0000E+00  9.9999E-01  9.9997E-01  0.0000E+00  0.0000E+00
  9.0536E-02  3.0200E-01  1.0051E+02  0.0000E+00  0.0000E+00  9.9999E-01  9.9997E-01  0.0000E+00  0.0000E+00
  9.0836E-02  3.0300E-01  1.0051E+02  0.0000E+00  0.0000E+00  9.9999E-01  9.9997E-01  0.0000E+00  0.0000E+00
  9.1136E-02  3.0400E-01  1.0051E+02  0.0000E+00  0.0000E+00  9.9999E-01  9.9997E-01  0.0000E+00  0.0000E+00
  9.1436E-02  3.0500E-01  1.0051E+02  0.0000E+00  0.0000E+00  9.9999E-01  9.9997E-01  0.0000E+00  0.0000E+00
  9.1735E-02  3.0600E-01  1.0051E+02  0.0000E+00  0.0000E+00  9.9999E-01  9.9997E-01  0.0000E+00  0.0000E+00
  9.2035E-02  3.0700E-01  1.0051E+02  0.0000E+00  0.0000E+00  9.9999E-01  9.9997E-01  0.0000E+00  0.0000E+00
  9.2335E-02  3.0800E-01  1.0051E+02  0.0000E+00  0.0000E+00  9.9999E-01  9.9997E-01  0.0000E+00  0.0000E+00
  9.2635E-02  3.0900E-01  1.0051E+02  0.0000E+00  0.0000E+00  9.9999E-01  9.9997E-01  0.0000E+00  0.0000E+00
  9.2934E-02  3.1000E-01  1.0051E+02  0.0000E+00  0.0000E+00  9.9999E-01  9.9997E-01  0.0000E+00  0.0000E+00
  9.3234E-02  3.1100E-01  1.0051E+02  0.0000E+00  0.0000E+00  9.9999E-01  9.9997E-01  0.0000E+00  0.0000E+00
  9.3534E-02  3.1200E-01  1.0051E+02  0.0000E+00  0.0000E+00  9.9999E-01  9.9997E-01  0.0000E+00  0.0000E+00
  9.3834E-02  3.1300E-01  1.0051E+02  0.0000E+00  0.0000E+00  9.9999E-01  9.9997E-01  0.0000E+00  0.0000E+00
  9.4134E-02  3.1400E-01  1.0051E+02  0.0000E+00  0.0000E+00  9.9999E-01  9.9997E-01  0.0000E+00  0.0000E+00
  9.4433E-02  3.1500E-01  1.0051E+02  0.0000E+00  0.0000E+00  9.9999E-01  9.9997E-01  0.0000E+00  0.0000E+00
  9.4733E-02  3.1600E-01  1.0051E+02  0.0000E+00  0.0000E+00  9.9999E-01  9.9997E-01  0.0000E+00  0.0000E+00
  9.5033E-02  3.1700E-01  1.0051E+02  0.0000E+00  0.0000E+00  9.9999E-01  9.9997E-01  0.0000E+00  0.0000E+00
  9.5333E-02  3.1800E-01  1.0051E+02  0.0000E+00  0.0000E+00  9.9999E-01  9.9997E-01  0.0000E+00  0.0000E+00
  9.5633E-02  3.1900E-01  1.0051E+02  0.0000E+00  0.0000E+00  9.9999E-01  9.9997E-01  0.0000E+00  0.0000E+00
  9.5932E-02  3.2000E-01  1.0051E+02  0.0000E+00  0.0000E+00  9.9999E-01  9.9997E-01  0.0000E+00  0.0000E+00
  9.6232E-02  3.2100E-01  1.0051E+02  0.0000E+00  0.0000E+00  9.9999E-01  9.9997E-01  0.0000E+00  0.0000E+00
  9.6532E-02  3.2200E-01  1.0051E+02  0.0000E+00  0.0000E+00  9.9999E-01  9.9997E-01  0.0000E+00  0.0000E+00
  9.6832E-02  3.2300E-01  1.0051E+02  0.0000E+00  0.0000E+00  9.9999E-01  9.9997E-01  0.0000E+00  0.0000E+00
  9.7132E-02  3.2400E-01  1.0051E+02  0.0000E+00  0.0000E+00  9.9999E-01  9.9997E-01  0.0000E+00  0.0000E+00
  9.7431E-02  3.2500E-01  1.0051E+02  0.0000E+00  0.0000E+00  9.9999E-01  9.9997E-01  0.0000E+00  0.0000E+00
  9.7731E-02  3.2600E-01  1.0051E+02  0.0000E+00  0.0000E+00  9.9999E-01  9.9997E-01  0.0000E+00  0.0000E+00
  9.8031E-02  3.2700E-01  1.0051E+02  0.0000E+00  0.0000E+00  9.9999E-01  9.9997E-01  0.0000E+00  0.0000E+00
  9.8331E-02  3.2800E-01  1.0051E+02  0.0000E+00  0.0000E+00  9.9999E-01  9.9997E-01  0.0000E+00  0.0000E+00
  9.8630E-02  3.2900E-01  1.0051E+02  0.0000E+00  0.0000E+00  9.9999E-01  9.9997E-01  0.0000E+00  0.0000E+00
  9.8930E-02  3.3000E-01  1.0051E+02  0.0000E+00  0.0000E+00  9.9999E-01  9.9997E-01  0.0000E+00  0.0000E+00
  9.9230E-02  3.3100E-01  1.0051E+02  0.0000E+00  0.0000E+00  9.9999E-01  9.9997E-01  0.0000E+00  0.0000E+00
  9.9530E-02  3.3200E-01  1.0051E+02  0.0000E+00  0.0000E+00  9.9999E-01  9.9997E-01  0.0000E+00  0.0000E+00
  9.9830E-02  3.3300E-01  1.0051E+02  0.0000E+00  0.0000E+00  9.9999E-01  9.9997E-01  0.0000E+00  0.0000E+00
  1.0013E-01  3.3400E-01  1.0051E+02 -4.6157E-04  0.0000E+00  9.9999E-01  9.9997E-01  5.4297E-01  5.4296E-01
  1.0043E-01  3.3500E-01  1.0051E+02 -5.9768E-03  0.0000E+00  9.9999E-01  9.9997E-01  3.7891E+00  3.7890E+00
  1.0073E-01  3.3600E-01  1.0051E+02 -1.2407E-02  0.0000E+00  9.9999E-01  9.9997E-01  7.0108E+00  7.0106E+00
  1.0103E-01  3.3700E-01  1.0051E+02 -1.8889E-02  0.0000E+00  9.9999E-01  9.9997E-01  1.0208E+01  1.0207E+01
  1.0133E-01  3.3800E-01  1.0051E+02 -2.5265E-02  0.0000E+00  9.9999E-01  9.9997E-01  1.3391E+01  1.3391E+01
  1.0163E-01  3.3900E-01  1.0051E+02 -3.1513E-02  0.0000E+00  9.9999E-01  9.9997E-01  1.6579E+01  1.6579E+01
  1.0193E-01  3.4000E-01  1.0051E+02 -3.7927E-02  0.0000E+00  9.9999E-01  9.9997E-01  1.9805E+01  1.9804E+01
  1.0223E-01  3.4100E-01  1.0051E+02 -4.4430E-02  0.0000E+00  9.9999E-01  9.9997E-01  2.3085E+01  2.3085E+01
  1.0253E-01  3.4200E-01  1.0051E+02 -5.1054E-02  0.0000E+00  9.9999E-01  9.9997E-01  2.6411E+01  2.6411E+01
  1.0283E-01  3.4300E-01  1.0051E+02 -5.7720E-02  0.0000E+00  9.9999E-01  9.9997E-01  2.9782E+01  2.9782E+01
  1.0313E-01  3.4400E-01  1.0051E+02 -6.4519E-02  0.0000E+00  9.9999E-01  9.9997E-01  3.3206E+01  3.3205E+01
  1.0343E-01  3.4500E-01  1.0051E+02 -7.1409E-02  0.0000E+00  9.9999E-01  9.9997E-01  3.6685E+01  3.6685E+01
  1.0373E-01  3.4600E-01  1.0051E+02 -7.8411E-02  0.0000E+00  9.9999E-01  9.9997E-01  4.0227E+01  4.0226E+01
  1.0403E-01  3.4700E-01  1.0051E+02 -8.5572E-02  0.0000E+00  9.9999E-01  9.9997E-01  4.3836E+01  4.3836E+01
  1.0433E-01  3.4800E-01  1.0051E+02 -9.2806E-02  0.0000E+00  9.9999E-01  9.9997E-01  4.7516E+01  4.7516E+01
  1.0463E-01  3.4900E-01  1.0051E+02 -1.0028E-01  0.0000E+00  9.9999E-01  9.9997E-01  5.1275E+01  5.1275E+01
  1.0493E-01  3.5000E-01  1.0051E+02 -1.0783E-01  0.0000E+00  9.9999E-01  9.9997E-01  5.5115E+01  5.5114E+01
  1.0523E-01  3.5100E-01  1.0051E+02 -1.1561E-01  0.0000E+00  9.9999E-01  9.9997E-01  5.9043E+01  5.9042E+01
  1.0553E-01  3.5200E-01  1.0051E+02 -1.2354E-01  0.0000E+00  9.9999E-01  9.9997E-01  6.3063E+01  6.3061E+01
  1.0583E-01  3.5300E-01  1.0051E+02 -1.3165E-01  0.0000E+00  9.9999E-01  9.9997E-01  6.7179E+01  6.7177E+01
  1.0613E-01  3.5400E-01  1.0051E+02 -1.4001E-01  0.0000E+00  9.9999E-01  9.9997E-01  7.1397E+01  7.1395E+01
  1.0642E-01  3.5500E-01  1.0051E+02 -1.4846E-01  0.0000E+00  9.9999E-01  9.9997E-01  7.5718E+01  7.5717E+01
  1.0672E-01  3.5600E-01  1.0051E+02 -1.5728E-01  0.0000E+00  9.9999E-01  9.9997E-01  8.0152E+01  8.0150E+01
  1.0702E-01  3.5700E-01  1.0051E+02 -1.6619E-01  0.0000E+00  9.9999E-01  9.9997E-01  8.4697E+01  8.4696E+01
  1.0732E-01  3.5800E-01  1.0051E+02 -1.7542E-01  0.0000E+00  9.9999E-01  9.9997E-01  8.9362E+01  8.9360E+01
  1.0762E-01  3.5900E-01  1.0051E+02 -1.8485E-01  0.0000E+00  9.9999E-01  9.9997E-01  9.4147E+01  9.4146E+01
  1.0792E-01  3.6000E-01  1.0051E+02 -1.9451E-01  0.0000E+00  9.9999E-01  9.9997E-01  9.9057E+01  9.9056E+01
  1.0822E-01  3.6100E-01  1.0051E+02 -2.0449E-01  0.0000E+00  9.9999E-01  9.9997E-01  1.0410E+02  1.0409E+02
  1.0852E-01  3.6200E-01  1.0051E+02 -2.1458E-01  0.0000E+00  9.9999E-01  9.9997E-01  1.0926E+02  1.0926E+02
  1.0882E-01  3.6300E-01  1.0051E+02 -2.2515E-01  0.0000E+00  9.9999E-01  9.9997E-01  1.1457E+02  1.1457E+02
  1.0912E-01  3.6400E-01  1.0051E+02 -2.3578E-01  0.0000E+00  9.9999E-01  9.9997E-01  1.2001E+02  1.2000E+02
  1.0942E-01  3.6500E-01  1.0051E+02 -2.4684E-01  0.0000E+00  9.9999E-01  9.9997E-01  1.2558E+02  1.2558E+02
  1.0972E-01  3.6600E-01  1.0051E+02 -2.5809E-01  0.0000E+00  9.9999E-01  9.9998E-01  1.3129E+02  1.3129E+02
  1.1002E-01  3.6700E-01  1.0051E+02 -2.6961E-01  0.0000E+00  9.9999E-01  9.9998E-01  1.3714E+02  1.3714E+02
  1.1032E-01  3.6800E-01  1.0051E+02 -2.8150E-01  0.0000E+00  9.9999E-01  9.9998E-01  1.4313E+02  1.4313E+02
  1.1062E-01  3.6900E-01  1.0051E+02 -2.9346E-01  0.0000E+00  9.9999E-01  9.9998E-01  1.4926E+02  1.4926E+02
  1.1092E-01  3.7000E-01  1.0051E+02 -3.0597E-01  0.0000E+00  9.9999E-01  9.9998E-01  1.5553E+02  1.5552E+02
  1.1122E-01  3.7100E-01  1.0051E+02 -3.1849E-01  0.0000E+00  9.9999E-01  9.9998E-01  1.6193E+02  1.6193E+02
  1.1152E-01  3.7200E-01  1.0051E+02 -3.3152E-01  0.0000E+00  9.9999E-01  9.9998E-01  1.6847E+02  1.6847E+02
  1.1182E-01  3.7300E-01  1.0051E+02 -3.4469E-01  0.0000E+00  1.0000E+00  9.9998E-01  1.7514E+02  1.7513E+02
  1.1212E-01  3.7400E-01  1.0051E+02 -3.5807E-01  0.0000E+00  1.0000E+00  9.9998E-01  1.8192E+02  1.8192E+02
  1.1242E-01  3.7500E-01  1.0051E+02 -3.7182E-01  0.0000E+00  1.0000E+00  9.9998E-01  1.8883E+02  1.8883E+02
  1.1272E-01  3.7600E-01  1.0051E+02 -3.8553E-01  0.0000E+00  1.0000E+00  9.9998E-01  1.9585E+02  1.9585E+02
  1.1302E-01  3.7700E-01  1.0051E+02 -3.9987E-01  0.0000E+00  1.0000E+00  9.9998E-01  2.0298E+02  2.0298E+02
  1.1332E-01  3.7800E-01  1.0051E+02 -4.1405E-01  0.0000E+00  1.0000E+00  9.9998E-01  2.1020E+02  2.1020E+02
  1.1362E-01  3.7900E-01  1.0051E+02 -4.2864E-01  0.0000E+00  1.0000E+00  9.9998E-01  2.1751E+02  2.1751E+02
  1.1392E-01  3.8000E-01  1.0051E+02 -4.4328E-01  0.0000E+00  1.0000E+00  9.9998E-01  2.2490E+02  2.2489E+02
  1.1422E-01  3.8100E-01  1.0051E+02 -4.5806E-01  0.0000E+00  1.0000E+00  9.9998E-01  2.3234E+02  2.3234E+02
  1.1452E-01  3.8200E-01  1.0051E+02 -4.7306E-01  0.0000E+00  1.0000E+00  9.9998E-01  2.3982E+02  2.3982E+02
  1.1482E-01  3.8300E-01  1.0051E+02 -4.8776E-01  0.0000E+00  1.0000E+00  9.9998E-01  2.4732E+02  2.4732E+02
  1.1512E-01  3.8400E-01  1.0051E+02 -5.0300E-01  0.0000E+00  1.0000E+00  9.9999E-01  2.5484E+02  2.5483E+02
  1.1542E-01  3.8500E-01  1.0051E+02 -5.1779E-01  0.0000E+00  1.0000E+00  9.9999E-01  2.6234E+02  2.6234E+02
  1.1572E-01  3.8600E-01  1.0051E+02 -5.3289E-01  0.0000E+00  1.0000E+00  9.9999E-01  2.6981E+02  2.6981E+02
  1.1602E-01  3.8700E-01  1.0051E+02 -5.4769E-01  0.0000E+00  1.0000E+00  9.9999E-01  2.7721E+02  2.7720E+02
  1.1632E-01  3.8800E-01  1.0051E+02 -5.6229E-01  0.0000E+00  1.0000E+00  9.9999E-01  2.8450E+02  2.8449E+02
  1.1662E-01  3.8900E-01  1.0051E+02 -5.7684E-01  0.0000E+00  1.0000E+00  9.9999E-01  2.9166E+02  2.9166E+02
  1.1692E-01  3.9000E-01  1.0051E+02 -5.9068E-01  0.0000E+00  1.0000E+00  9.9999E-01  2.9868E+02  2.9867E+02
  1.1722E-01  3.9100E-01  1.0051E+02 -6.0480E-01  0.0000E+00  1.0000E+00  9.9999E-01  3.0552E+02  3.0552E+02
  1.1752E-01  3.9200E-01  1.0051E+02 -6.1798E-01  0.0000E+00  1.0000E+00  9.9999E-01  3.1215E+02  3.1214E+02
  1.1782E-01  3.9300E-01  1.0051E+02 -6.3115E-01  0.0000E+00  1.0000E+00  9.9999E-01  3.1847E+02  3.1846E+02
  1.1812E-01  3.9400E-01  1.0051E+02 -6.4338E-01  0.0000E+00  1.0000E+00  9.9999E-01  3.2443E+02  3.2443E+02
  1.1842E-01  3.9500E-01  1.0050E+02 -6.5474E-01  0.0000E+00  1.0000E+00  9.9999E-01  3.2997E+02  3.2997E+02
  1.1872E-01  3.9600E-01  1.0050E+02 -6.6547E-01  0.0000E+00  1.0000E+00  1.0000E+00  3.3504E+02  3.3504E+02
  1.1902E-01  3.9700E-01  1.0050E+02 -6.7477E-01  0.0000E+00  1.0000E+00  1.0000E+00  3.3959E+02  3.3958E+02
  1.1932E-01  3.9800E-01  1.0050E+02 -6.8356E-01  0.0000E+00  1.0000E+00  1.0000E+00  3.4353E+02  3.4353E+02
  1.1962E-01  3.9900E-01  1.0050E+02 -6.9047E-01  0.0000E+00  1.0000E+00  1.0000E+00  3.4680E+02  3.4680E+02
  1.1992E-01  4.0000E-01  1.0050E+02 -6.9640E-01  0.0000E+00  1.0000E+00  1.0000E+00  3.4933E+02  3.4932E+02
  1.2022E-01  4.0100E-01  1.0050E+02 -7.0054E-01  0.0000E+00  1.0000E+00  1.0000E+00  3.5102E+02  3.5102E+02
  1.2052E-01  4.0200E-01  1.0050E+02 -7.0294E-01  0.0000E+00  1.0000E+00  1.0000E+00  3.5178E+02  3.5177E+02
  1.2081E-01  4.0300E-01  1.0050E+02 -7.0354E-01  0.0000E+00  1.0000E+00  1.0000E+00  3.5150E+02  3.5149E+02
  1.2111E-01  4.0400E-01  1.0050E+02 -7.0146E-01  0.0000E+00  1.0000E+00  1.0000E+00  3.5008E+02  3.5007E+02
  1.2141E-01  4.0500E-01  1.0050E+02 -6.9770E-01  0.0000E+00  1.0000E+00  1.0000E+00  3.4739E+02  3.4738E+02
  1.2171E-01  4.0600E-01  1.0050E+02 -6.9069E-01  0.0000E+00  1.0000E+00  1.0000E+00  3.4331E+02  3.4331E+02
  1.2201E-01  4.0700E-01  1.0050E+02 -6.8115E-01  0.0000E+00  1.0000E+00  1.0000E+00  3.3771E+02  3.3771E+02
  1.2231E-01  4.0800E-01  1.0050E+02 -6.6821E-01  0.0000E+00  1.0000E+00  1.0000E+00  3.3045E+02  3.3044E+02
  1.2261E-01  4.0900E-01  1.0050E+02 -6.5181E-01  0.0000E+00  1.0000E+00  1.0000E+00  3.2138E+02  3.2138E+02
  1.2291E-01  4.1000E-01  1.0050E+02 -6.3185E-01  0.0000E+00  1.0000E+00  1.0000E+00  3.1035E+02  3.1034E+02
  1.2321E-01  4.1100E-01  1.0050E+02 -6.0739E-01  0.0000E+00  1.0000E+00  1.0000E+00  2.9717E+02  2.9717E+02
  1.2351E-01  4.1200E-01  1.0050E+02 -5.7898E-01  0.0000E+00  1.0000E+00  1.0000E+00  2.8166E+02  2.8166E+02
  1.2381E-01  4.1300E-01  1.0050E+02 -5.4525E-01  0.0000E+00  1.0000E+00  1.0000E+00  2.6364E+02  2.6364E+02
  1.2411E-01  4.1400E-01  1.0050E+02 -5.0662E-01  0.0000E+00  1.0000E+00  1.0000E+00  2.4291E+02  2.4291E+02
  1.2441E-01  4.1500E-01  1.0050E+02 -4.6221E-01  0.0000E+00  1.0000E+00  1.0000E+00  2.1926E+02  2.1925E+02
  1.2471E-01  4.1600E-01  1.0050E+02 -4.1177E-01  0.0000E+00  1.0000E+00  1.0000E+00  1.9246E+02  1.9245E+02
  1.2501E-01  4.1700E-01  1.0050E+02 -3.5487E-01  0.0000E+00  1.0000E+00  1.0000E+00  1.6227E+02  1.6226E+02
  1.2531E-01  4.1800E-01  1.0050E+02 -2.9078E-01  0.0000E+00  1.0000E+00  1.0000E+00  1.2846E+02  1.2846E+02
  1.2561E-01  4.1900E-01  1.0050E+02 -2.1942E-01  0.0000E+00  1.0000E+00  1.0000E+00  9.0766E+01  9.0765E+01
  1.2591E-01  4.2000E-01  1.0050E+02 -1.3987E-01  0.0000E+00  1.0000E+00  1.0000E+00  4.8936E+01  4.8935E+01
  1.2621E-01  4.2100E-01  1.0050E+02 -5.1852E-02  0.0000E+00  1.0000E+00  1.0000E+00  2.6716E+00  2.6716E+00
  1.2651E-01  4.2200E-01  1.0050E+02  4.5345E-02  0.0000E+00  1.0000E+00  1.0000E+00 -4.8301E+01 -4.8300E+01
  1.2681E-01  4.2300E-01  1.0050E+02  1.5222E-01  0.0000E+00  1.0000E+00  1.0000E+00 -1.0427E+02 -1.0427E+02
  1.2711E-01  4.2400E-01  1.0050E+02  2.6948E-01  0.0000E+00  1.0000E+00  1.0000E+00 -1.6557E+02 -1.6557E+02
  1.2741E-01  4.2500E-01  1.0050E+02  3.9750E-01  0.0000E+00  1.0000E+00  1.0000E+00 -2.3247E+02 -2.3247E+02
  1.2771E-01  4.2600E-01  1.0050E+02  5.3735E-01  0.0000E+00  1.0000E+00  1.0000E+00 -3.0533E+02 -3.0532E+02
  1.2801E-01  4.2700E-01  1.0050E+02  6.8907E-01  0.0000E+00  1.0000E+00  1.0000E+00 -3.8443E+02 -3.8442E+02
  1.2831E-01  4.2800E-01  1.0050E+02  8.5393E-01  0.0000E+00  1.0000E+00  1.0000E+00 -4.7014E+02 -4.7014E+02
  1.2861E-01  4.2900E-01  1.0050E+02  1.0322E+00  0.0000E+00  1.0000E+00  1.0000E+00 -5.6279E+02 -5.6278E+02
  1.2891E-01  4.3000E-01  1.0050E+02  1.2246E+00  0.0000E+00  1.0000E+00  1.0000E+00 -6.6269E+02 -6.6268E+02
  1.2921E-01  4.3100E-01  1.0050E+02  1.4321E+00  0.0000E+00  1.0000E+00  1.0000E+00 -7.7017E+02 -7.7016E+02
  1.2951E-01  4.3200E-01  1.0050E+02  1.6544E+00  0.0000E+00  1.0000E+00  1.0000E+00 -8.8554E+02 -8.8552E+02
  1.2981E-01  4.3300E-01  1.0050E+02  1.8939E+00  0.0000E+00  1.0000E+00  1.0000E+00 -1.0092E+03 -1.0092E+03
  1.3011E-01  4.3400E-01  1.0050E+02  2.1492E+00  0.0000E+00  1.0000E+00  1.0000E+00 -1.1414E+03 -1.1413E+03
  1.3041E-01  4.3500E-01  1.0050E+02  2.4228E+00  0.0000E+00  1.0000E+00  9.9999E-01 -1.2824E+03 -1.2824E+03
  1.3071E-01  4.3600E-01  1.0051E+02  2.7139E+00  0.0000E+00  1.0000E+00  9.9999E-01 -1.4326E+03 -1.4326E+03
  1.3101E-01  4.3700E-01  1.0051E+02  3.0234E+00  0.0000E+00  1.0000E+00  9.9999E-01 -1.5921E+03 -1.5921E+03
  1.3131E-01  4.3800E-01  1.0051E+02  3.3525E+00  0.0000E+00  1.0000E+00  9.9998E-01 -1.7614E+03 -1.7613E+03
  1.3161E-01  4.3900E-01  1.0051E+02  3.7001E+00  0.0000E+00  9.9999E-01  9.9998E-01 -1.9405E+03 -1.9404E+03
  1.3191E-01  4.4000E-01  1.0051E+02  4.0694E+00  0.0000E+00  9.9999E-01  9.9997E-01 -2.1297E+03 -2.1297E+03
  1.3221E-01  4.4100E-01  1.0051E+02  4.4575E+00  0.0000E+00  9.9998E-01  9.9996E-01 -2.3291E+03 -2.3291E+03
  1.3251E-01  4.4200E-01  1.0051E+02  4.8671E+00  0.0000E+00  9.9997E-01  9.9996E-01 -2.5390E+03 -2.5389E+03
  1.3281E-01  4.4300E-01  1.0051E+02  5.2971E+00  0.0000E+00  9.9996E-01  9.9995E-01 -2.7592E+03 -2.7592E+03
  1.3311E-01  4.4400E-01  1.0052E+02  5.7485E+00  0.0000E+00  9.9996E-01  9.9994E-01 -2.9901E+03 -2.9900E+03
  1.3341E-01  4.4500E-01  1.0052E+02  6.2211E+00  0.0000E+00  9.9995E-01  9.9993E-01 -3.2313E+03 -3.2313E+03
  1.3371E-01  4.4600E-01  1.0052E+02  6.7135E+00  0.0000E+00  9.9994E-01  9.9992E-01 -3.4830E+03 -3.4830E+03
  1.3401E-01  4.4700E-01  1.0052E+02  7.2282E+00  0.0000E+00  9.9993E-01  9.9991E-01 -3.7452E+03 -3.7451E+03
  1.3431E-01  4.4800E-01  1.0052E+02  7.7624E+00  0.0000E+00  9.9991E-01  9.9990E-01 -4.0176E+03 -4.0175E+03
  1.3461E-01  4.4900E-01  1.0053E+02  8.3183E+00  0.0000E+00  9.9990E-01  9.9988E-01 -4.2999E+03 -4.2999E+03
  1.3490E-01  4.5000E-01  1.0053E+02  8.8930E+00  0.0000E+00  9.9989E-01  9.9987E-01 -4.5920E+03 -4.5919E+03
  1.3520E-01  4.5100E-01  1.0053E+02  9.4863E+00  0.0000E+00  9.9987E-01  9.9986E-01 -4.8935E+03 -4.8934E+03
  1.3550E-01  4.5200E-01  1.0054E+02  1.0099E+01  0.0000E+00  9.9986E-01  9.9984E-01 -5.2042E+03 -5.2042E+03
  1.3580E-01  4.5300E-01  1.0054E+02  1.0730E+01  0.0000E+00  9.9984E-01  9.9983E-01 -5.5241E+03 -5.5240E+03
  1.3610E-01  4.5400E-01  1.0054E+02  1.1379E+01  0.0000E+00  9.9983E-01  9.9981E-01 -5.8523E+03 -5.8522E+03
  1.3640E-01  4.5500E-01  1.0055E+02  1.2044E+01  0.0000E+00  9.9981E-01  9.9979E-01 -6.1884E+03 -6.1883E+03
  1.3670E-01  4.5600E-01  1.0055E+02  1.2724E+01  0.0000E+00  9.9979E-01  9.9977E-01 -6.5317E+03 -6.5316E+03
  1.3700E-01  4.5700E-01  1.0055E+02  1.3418E+01  0.0000E+00  9.9977E-01  9.9975E-01 -6.8819E+03 -6.8818E+03
  1.3730E-01  4.5800E-01  1.0056E+02  1.4125E+01  0.0000E+00  9.9975E-01  9.9973E-01 -7.2383E+03 -7.2382E+03
  1.3760E-01  4.5900E-01  1.0056E+02  1.4844E+01  0.0000E+00  9.9973E-01  9.9971E-01 -7.6003E+03 -7.6002E+03
  1.3790E-01  4.6000E-01  1.0057E+02  1.5574E+01  0.0000E+00  9.9970E-01  9.9969E-01 -7.9673E+03 -7.9671E+03
  1.3820E-01  4.6100E-01  1.0057E+02  1.6312E+01  0.0000E+00  9.9968E-01  9.9966E-01 -8.3384E+03 -8.3382E+03
  1.3850E-01  4.6200E-01  1.0058E+02  1.7059E+01  0.0000E+00  9.9965E-01  9.9964E-01 -8.7130E+03 -8.7128E+03
  1.3880E-01  4.6300E-01  1.0058E+02  1.7811E+01  0.0000E+00  9.9963E-01  9.9961E-01 -9.0903E+03 -9.0901E+03
  1.3910E-01  4.6400E-01  1.0059E+02  1.8569E+01  0.0000E+00  9.9960E-01  9.9958E-01 -9.4696E+03 -9.4694E+03
  1.3940E-01  4.6500E-01  1.0059E+02  1.9330E+01  0.0000E+00  9.9957E-01  9.9955E-01 -9.8501E+03 -9.8499E+03
  1.3970E-01  4.6600E-01  1.0060E+02  2.0091E+01  0.0000E+00  9.9954E-01  9.9952E-01 -1.0231E+04 -1.0231E+04
  1.4000E-01  4.6700E-01  1.0061E+02  2.0855E+01  0.0000E+00  9.9951E-01  9.9949E-01 -1.0612E+04 -1.0612E+04
  1.4030E-01  4.6800E-01  1.0061E+02  2.1616E+01  0.0000E+00  9.9948E-01  9.9946E-01 -1.0992E+04 -1.0992E+04
  1.4060E-01  4.6900E-01  1.0062E+02  2.2377E+01  0.0000E+00  9.9944E-01  9.9943E-01 -1.1371E+04 -1.1371E+04
  1.4090E-01  4.7000E-01  1.0063E+02  2.3131E+01  0.0000E+00  9.9941E-01  9.9939E-01 -1.1747E+04 -1.1747E+04
  1.4120E-01  4.7100E-01  1.0063E+02  2.3880E+01  0.0000E+00  9.9937E-01  9.9936E-01 -1.2120E+04 -1.2120E+04
  1.4150E-01  4.7200E-01  1.0064E+02  2.4624E+01  0.0000E+00  9.9934E-01  9.9932E-01 -1.2489E+04 -1.2489E+04
  1.4180E-01  4.7300E-01  1.0065E+02  2.5359E+01  0.0000E+00  9.9930E-01  9.9928E-01 -1.2854E+04 -1.2854E+04
  1.4210E-01  4.7400E-01  1.0066E+02  2.6087E+01  0.0000E+00  9.9926E-01  9.9924E-01 -1.3215E+04 -1.3215E+04
  1.4240E-01  4.7500E-01  1.0066E+02  2.6801E+01  0.0000E+00  9.9922E-01  9.9920E-01 -1.3570E+04 -1.3569E+04
  1.4270E-01  4.7600E-01  1.0067E+02  2.7507E+01  0.0000E+00  9.9918E-01  9.9916E-01 -1.3918E+04 -1.3918E+04
  1.4300E-01  4.7700E-01  1.0068E+02  2.8197E+01  0.0000E+00  9.9914E-01  9.9912E-01 -1.4261E+04 -1.4261E+04
  1.4330E-01  4.7800E-01  1.0069E+02  2.8876E+01  0.0000E+00  9.9910E-01  9.9908E-01 -1.4596E+04 -1.4596E+04
  1.4360E-01  4.7900E-01  1.0070E+02  2.9540E+01  0.0000E+00  9.9905E-01  9.9903E-01 -1.4924E+04 -1.4924E+04
  1.4390E-01  4.8000E-01  1.0071E+02  3.0188E+01  0.0000E+00  9.9901E-01  9.9899E-01 -1.5244E+04 -1.5244E+04
  1.4420E-01  4.8100E-01  1.0072E+02  3.0822E+01  0.0000E+00  9.9896E-01  9.9894E-01 -1.5556E+04 -1.5555E+04
  1.4450E-01  4.8200E-01  1.0073E+02  3.1435E+01  0.0000E+00  9.9891E-01  9.9890E-01 -1.5859E+04 -1.5858E+04
  1.4480E-01  4.8300E-01  1.0074E+02  3.2035E+01  0.0000E+00  9.9887E-01  9.9885E-01 -1.6152E+04 -1.6152E+04
  1.4510E-01  4.8400E-01  1.0075E+02  3.2612E+01  0.0000E+00  9.9882E-01  9.9880E-01 -1.6437E+04 -1.6437E+04
  1.4540E-01  4.8500E-01  1.0076E+02  3.3172E+01  0.0000E+00  9.9877E-01  9.9875E-01 -1.6712E+04 -1.6711E+04
  1.4570E-01  4.8600E-01  1.0077E+02  3.3713E+01  0.0000E+00  9.9872E-01  9.9870E-01 -1.6977E+04 -1.6976E+04
  1.4600E-01  4.8700E-01  1.0078E+02  3.4232E+01  0.0000E+00  9.9867E-01  9.9865E-01 -1.7232E+04 -1.7231E+04
  1.4630E-01  4.8800E-01  1.0079E+02  3.4735E+01  0.0000E+00  9.9862E-01  9.9860E-01 -1.7476E+04 -1.7476E+04
  1.4660E-01  4.8900E-01  1.0080E+02  3.5211E+01  0.0000E+00  9.9856E-01  9.9855E-01 -1.7710E+04 -1.7710E+04
  1.4690E-01  4.9000E-01  1.0081E+02  3.5670E+01  0.0000E+00  9.9851E-01  9.9849E-01 -1.7933E+04 -1.7933E+04
  1.4720E-01  4.9100E-01  1.0082E+02  3.6104E+01  0.0000E+00  9.9846E-01  9.9844E-01 -1.8145E+04 -1.8145E+04
  1.4750E-01  4.9200E-01  1.0083E+02  3.6519E+01  0.0000E+00  9.9840E-01  9.9839E-01 -1.8346E+04 -1.8346E+04
  1.4780E-01  4.9300E-01  1.0084E+02  3.6911E+01  0.0000E+00  9.9835E-01  9.9833E-01 -1.8536E+04 -1.8536E+04
  1.4810E-01  4.9400E-01  1.0085E+02  3.7279E+01  0.0000E+00  9.9829E-01  9.9828E-01 -1.8714E+04 -1.8714E+04
  1.4840E-01  4.9500E-01  1.0086E+02  3.7627E+01  0.0000E+00  9.9824E-01  9.9822E-01 -1.8881E+04 -1.8881E+04
  1.4870E-01  4.9600E-01  1.0087E+02  3.7947E+01  0.0000E+00  9.9818E-01  9.9816E-01 -1.9037E+04 -1.9036E+04
  1.4899E-01  4.9700E-01  1.0089E+02  3.8249E+01  0.0000E+00  9.9812E-01  9.9811E-01 -1.9181E+04 -1.9180E+04
  1.4929E-01  4.9800E-01  1.0090E+02  3.8524E+01  0.0000E+00  9.9807E-01  9.9805E-01 -1.9313E+04 -1.9312E+04
  1.4959E-01  4.9900E-01  1.0091E+02  3.8777E+01  0.0000E+00  9.9801E-01  9.9799E-01 -1.9433E+04 -1.9433E+04
  1.4989E-01  5.0000E-01  1.0092E+02  3.9007E+01  0.0000E+00  9.9795E-01  9.9793E-01 -1.9542E+04 -1.9541E+04
  1.5019E-01  5.0100E-01  1.0093E+02  3.9212E+01  0.0000E+00  9.9789E-01  9.9788E-01 -1.9638E+04 -1.9638E+04
  1.5049E-01  5.0200E-01  1.0094E+02  3.9395E+01  0.0000E+00  9.9783E-01  9.9782E-01 -1.9723E+04 -1.9723E+04
  1.5079E-01  5.0300E-01  1.0096E+02  3.9551E+01  0.0000E+00  9.9778E-01  9.9776E-01 -1.9796E+04 -1.9796E+04
  1.5109E-01  5.0400E-01  1.0097E+02  3.9687E+01  0.0000E+00  9.9772E-01  9.9770E-01 -1.9857E+04 -1.9857E+04
  1.5139E-01  5.0500E-01  1.0098E+02  3.9796E+01  0.0000E+00  9.9766E-01  9.9764E-01 -1.9906E+04 -1.9906E+04
  1.5169E-01  5.0600E-01  1.0099E+02  3.9882E+01  0.0000E+00  9.9760E-01  9.9758E-01 -1.9943E+04 -1.9943E+04
  1.5199E-01  5.0700E-01  1.0100E+02  3.9945E+01  0.0000E+00  9.9754E-01  9.9752E-01 -1.9968E+04 -1.9968E+04
  1.5229E-01  5.0800E-01  1.0102E+02  3.9982E+01  0.0000E+00  9.9748E-01  9.9746E-01 -1.9980E+04 -1.9980E+04
  1.5259E-01  5.0900E-01  1.0103E+02  3.9997E+01  0.0000E+00  9.9742E-01  9.9740E-01 -1.9980E+04 -1.9980E+04
  1.5289E-01  5.1000E-01  1.0104E+02  3.9982E+01  0.0000E+00  9.9736E-01  9.9734E-01 -1.9968E+04 -1.9968E+04
  1.5319E-01  5.1100E-01  1.0105E+02  3.9949E+01  0.0000E+00  9.9730E-01  9.9728E-01 -1.9945E+04 -1.9945E+04
  1.5349E-01  5.1200E-01  1.0106E+02  3.9889E+01  0.0000E+00  9.9724E-01  9.9723E-01 -1.9910E+04 -1.9909E+04
  1.5379E-01  5.1300E-01  1.0108E+02  3.9807E+01  0.0000E+00  9.9718E-01  9.9717E-01 -1.9863E+04 -1.9863E+04
  1.5409E-01  5.1400E-01  1.0109E+02  3.9702E+01  0.0000E+00  9.9713E-01  9.9711E-01 -1.9804E+04 -1.9804E+04
  1.5439E-01  5.1500E-01  1.0110E+02  3.9572E+01  0.0000E+00  9.9707E-01  9.9705E-01 -1.9734E+04 -1.9734E+04
  1.5469E-01  5.1600E-01  1.0111E+02  3.9423E+01  0.0000E+00  9.9701E-01  9.9699E-01 -1.9653E+04 -1.9652E+04
  1.5499E-01  5.1700E-01  1.0112E+02  3.9244E+01  0.0000E+00  9.9695E-01  9.9693E-01 -1.9559E+04 -1.9559E+04
  1.5529E-01  5.1800E-01  1.0113E+02  3.9047E+01  0.0000E+00  9.9689E-01  9.9687E-01 -1.9454E+04 -1.9454E+04
  1.5559E-01  5.1900E-01  1.0115E+02  3.8824E+01  0.0000E+00  9.9683E-01  9.9682E-01 -1.9338E+04 -1.9338E+04
  1.5589E-01  5.2000E-01  1.0116E+02  3.8580E+01  0.0000E+00  9.9678E-01  9.9676E-01 -1.9211E+04 -1.9210E+04
  1.5619E-01  5.2100E-01  1.0117E+02  3.8313E+01  0.0000E+00  9.9672E-01  9.9670E-01 -1.9072E+04 -1.9071E+04
  1.5649E-01  5.2200E-01  1.0118E+02  3.8023E+01  0.0000E+00  9.9666E-01  9.9665E-01 -1.8922E+04 -1.8922E+04
  1.5679E-01  5.2300E-01  1.0119E+02  3.7715E+01  0.0000E+00  9.9661E-01  9.9659E-01 -1.8762E+04 -1.8762E+04
  1.5709E-01  5.2400E-01  1.0120E+02  3.7380E+01  0.0000E+00  9.9655E-01  9.9654E-01 -1.8592E+04 -1.8591E+04
  1.5739E-01  5.2500E-01  1.0121E+02  3.7030E+01  0.0000E+00  9.9650E-01  9.9648E-01 -1.8411E+04 -1.8410E+04
  1.5769E-01  5.2600E-01  1.0123E+02  3.6655E+01  0.0000E+00  9.9644E-01  9.9643E-01 -1.8220E+04 -1.8219E+04
  1.5799E-01  5.2700E-01  1.0124E+02  3.6263E+01  0.0000E+00  9.9639E-01  9.9637E-01 -1.8019E+04 -1.8019E+04
  1.5829E-01  5.2800E-01  1.0125E+02  3.5850E+01  0.0000E+00  9.9634E-01  9.9632E-01 -1.7809E+04 -1.7808E+04
  1.5859E-01  5.2900E-01  1.0126E+02  3.5418E+01  0.0000E+00  9.9629E-01  9.9627E-01 -1.7589E+04 -1.7589E+04
  1.5889E-01  5.3000E-01  1.0127E+02  3.4971E+01  0.0000E+00  9.9623E-01  9.9622E-01 -1.7361E+04 -1.7361E+04
  1.5919E-01  5.3100E-01  1.0128E+02  3.4502E+01  0.0000E+00  9.9618E-01  9.9617E-01 -1.7124E+04 -1.7124E+04
  1.5949E-01  5.3200E-01  1.0129E+02  3.4022E+01  0.0000E+00  9.9613E-01  9.9611E-01 -1.6880E+04 -1.6880E+04
  1.5979E-01  5.3300E-01  1.0130E+02  3.3522E+01  0.0000E+00  9.9608E-01  9.9607E-01 -1.6628E+04 -1.6628E+04
  1.6009E-01  5.3400E-01  1.0131E+02  3.3010E+01  0.0000E+00  9.9603E-01  9.9602E-01 -1.6370E+04 -1.6369E+04
  1.6039E-01  5.3500E-01  1.0132E+02  3.2484E+01  0.0000E+00  9.9599E-01  9.9597E-01 -1.6104E+04 -1.6104E+04
  1.6069E-01  5.3600E-01  1.0133E+02  3.1944E+01  0.0000E+00  9.9594E-01  9.9592E-01 -1.5833E+04 -1.5833E+04
  1.6099E-01  5.3700E-01  1.0134E+02  3.1398E+01  0.0000E+00  9.9589E-01  9.9587E-01 -1.5557E+04 -1.5557E+04
  1.6129E-01  5.3800E-01  1.0135E+02  3.0836E+01  0.0000E+00  9.9585E-01  9.9583E-01 -1.5277E+04 -1.5276E+04
  1.6159E-01  5.3900E-01  1.0136E+02  3.0270E+01  0.0000E+00  9.9580E-01  9.9578E-01 -1.4992E+04 -1.4992E+04
  1.6189E-01  5.4000E-01  1.0136E+02  2.9694E+01  0.0000E+00  9.9576E-01  9.9574E-01 -1.4704E+04 -1.4704E+04
  1.6219E-01  5.4100E-01  1.0137E+02  2.9114E+01  0.0000E+00  9.9571E-01  9.9570E-01 -1.4414E+04 -1.4414E+04
  1.6249E-01  5.4200E-01  1.0138E+02  2.8530E+01  0.0000E+00  9.9567E-01  9.9566E-01 -1.4123E+04 -1.4123E+04
  1.6279E-01  5.4300E-01  1.0139E+02  2.7944E+01  0.0000E+00  9.9563E-01  9.9561E-01 -1.3832E+04 -1.3831E+04
  1.6308E-01  5.4400E-01  1.0140E+02  2.7360E+01  0.0000E+00  9.9559E-01  9.9557E-01 -1.3540E+04 -1.3540E+04
  1.6338E-01  5.4500E-01  1.0141E+02  2.6774E+01  0.0000E+00  9.9555E-01  9.9553E-01 -1.3250E+04 -1.3250E+04
  1.6368E-01  5.4600E-01  1.0141E+02  2.6194E+01  0.0000E+00  9.9551E-01  9.9550E-01 -1.2962E+04 -1.2962E+04
  1.6398E-01  5.4700E-01  1.0142E+02  2.5618E+01  0.0000E+00  9.9547E-01  9.9546E-01 -1.2678E+04 -1.2678E+04
  1.6428E-01  5.4800E-01  1.0143E+02  2.5051E+01  0.0000E+00  9.9544E-01  9.9542E-01 -1.2398E+04 -1.2398E+04
  1.6458E-01  5.4900E-01  1.0144E+02  2.4495E+01  0.0000E+00  9.9540E-01  9.9538E-01 -1.2124E+04 -1.2124E+04
  1.6488E-01  5.5000E-01  1.0144E+02  2.3950E+01  0.0000E+00  9.9537E-01  9.9535E-01 -1.1857E+04 -1.1856E+04
  1.6518E-01  5.5100E-01  1.0145E+02  2.3420E+01  0.0000E+00  9.9533E-01  9.9531E-01 -1.1597E+04 -1.1596E+04
  1.6548E-01  5.5200E-01  1.0146E+02  2.2905E+01  0.0000E+00  9.9530E-01  9.9528E-01 -1.1345E+04 -1.1345E+04
  1.6578E-01  5.5300E-01  1.0146E+02  2.2411E+01  0.0000E+00  9.9526E-01  9.9525E-01 -1.1104E+04 -1.1104E+04
  1.6608E-01  5.5400E-01  1.0147E+02  2.1936E+01  0.0000E+00  9.9523E-01  9.9521E-01 -1.0874E+04 -1.0874E+04
  1.6638E-01  5.5500E-01  1.0148E+02  2.1486E+01  0.0000E+00  9.9520E-01  9.9518E-01 -1.0656E+04 -1.0656E+04
  1.6668E-01  5.5600E-01  1.0148E+02  2.1061E+01  0.0000E+00  9.9517E-01  9.9515E-01 -1.0452E+04 -1.0452E+04
  1.6698E-01  5.5700E-01  1.0149E+02  2.0663E+01  0.0000E+00  9.9514E-01  9.9512E-01 -1.0261E+04 -1.0261E+04
  1.6728E-01  5.5800E-01  1.0150E+02  2.0295E+01  0.0000E+00  9.9511E-01  9.9509E-01 -1.0086E+04 -1.0086E+04
  1.6758E-01  5.5900E-01  1.0150E+02  1.9959E+01  0.0000E+00  9.9508E-01  9.9506E-01 -9.9268E+03 -9.9266E+03
  1.6788E-01  5.6000E-01  1.0151E+02  1.9655E+01  0.0000E+00  9.9505E-01  9.9503E-01 -9.7845E+03 -9.7843E+03
  1.6818E-01  5.6100E-01  1.0151E+02  1.9387E+01  0.0000E+00  9.9502E-01  9.9500E-01 -9.6598E+03 -9.6596E+03
  1.6848E-01  5.6200E-01  1.0152E+02  1.9154E+01  0.0000E+00  9.9499E-01  9.9497E-01 -9.5534E+03 -9.5532E+03
  1.6878E-01  5.6300E-01  1.0153E+02  1.8959E+01  0.0000E+00  9.9496E-01  9.9495E-01 -9.4659E+03 -9.4657E+03
  1.6908E-01  5.6400E-01  1.0153E+02  1.8803E+01  0.0000E+00  9.9494E-01  9.9492E-01 -9.3979E+03 -9.3977E+03
  1.6938E-01  5.6500E-01  1.0154E+02  1.8685E+01  0.0000E+00  9.9491E-01  9.9489E-01 -9.3496E+03 -9.3495E+03
  1.6968E-01  5.6600E-01  1.0154E+02  1.8609E+01  0.0000E+00  9.9488E-01  9.9486E-01 -9.3214E+03 -9.3213E+03
  1.6998E-01  5.6700E-01  1.0155E+02  1.8572E+01  0.0000E+00  9.9485E-01  9.9484E-01 -9.3133E+03 -9.3131E+03
  1.7028E-01  5.6800E-01  1.0155E+02  1.8576E+01  0.0000E+00  9.9483E-01  9.9481E-01 -9.3252E+03 -9.3250E+03
  1.7058E-01  5.6900E-01  1.0156E+02  1.8620E+01  0.0000E+00  9.9480E-01  9.9478E-01 -9.3571E+03 -9.3569E+03
  1.7088E-01  5.7000E-01  1.0156E+02  1.8704E+01  0.0000E+00  9.9477E-01  9.9475E-01 -9.4091E+03 -9.4089E+03
  1.7118E-01  5.7100E-01  1.0157E+02  1.8829E+01  0.0000E+00  9.9474E-01  9.9473E-01 -9.4807E+03 -9.4806E+03
  1.7148E-01  5.7200E-01  1.0158E+02  1.8992E+01  0.0000E+00  9.9471E-01  9.9470E-01 -9.5718E+03 -9.5716E+03
  1.7178E-01  5.7300E-01  1.0158E+02  1.9195E+01  0.0000E+00  9.9469E-01  9.9467E-01 -9.6816E+03 -9.6814E+03
  1.7208E-01  5.7400E-01  1.0159E+02  1.9434E+01  0.0000E+00  9.9466E-01  9.9464E-01 -9.8096E+03 -9.8094E+03
  1.7238E-01  5.7500E-01  1.0159E+02  1.9710E+01  0.0000E+00  9.9463E-01  9.9461E-01 -9.9551E+03 -9.9549E+03
  1.7268E-01  5.7600E-01  1.0160E+02  2.0019E+01  0.0000E+00  9.9460E-01  9.9458E-01 -1.0117E+04 -1.0117E+04
  1.7298E-01  5.7700E-01  1.0161E+02  2.0362E+01  0.0000E+00  9.9457E-01  9.9455E-01 -1.0295E+04 -1.0295E+04
  1.7328E-01  5.7800E-01  1.0161E+02  2.0735E+01  0.0000E+00  9.9454E-01  9.9452E-01 -1.0488E+04 -1.0488E+04
  1.7358E-01  5.7900E-01  1.0162E+02  2.1138E+01  0.0000E+00  9.9451E-01  9.9449E-01 -1.0696E+04 -1.0695E+04
  1.7388E-01  5.8000E-01  1.0162E+02  2.1569E+01  0.0000E+00  9.9447E-01  9.9446E-01 -1.0916E+04 -1.0915E+04
  1.7418E-01  5.8100E-01  1.0163E+02  2.2024E+01  0.0000E+00  9.9444E-01  9.9443E-01 -1.1148E+04 -1.1147E+04
  1.7448E-01  5.8200E-01  1.0164E+02  2.2501E+01  0.0000E+00  9.9441E-01  9.9439E-01 -1.1390E+04 -1.1390E+04
  1.7478E-01  5.8300E-01  1.0164E+02  2.3000E+01  0.0000E+00  9.9438E-01  9.9436E-01 -1.1643E+04 -1.1643E+04
  1.7508E-01  5.8400E-01  1.0165E+02  2.3518E+01  0.0000E+00  9.9434E-01  9.9432E-01 -1.1904E+04 -1.1904E+04
  1.7538E-01  5.8500E-01  1.0166E+02  2.4050E+01  0.0000E+00  9.9430E-01  9.9429E-01 -1.2173E+04 -1.2172E+04
  1.7568E-01  5.8600E-01  1.0167E+02  2.4598E+01  0.0000E+00  9.9427E-01  9.9425E-01 -1.2448E+04 -1.2447E+04
  1.7598E-01  5.8700E-01  1.0167E+02  2.5156E+01  0.0000E+00  9.9423E-01  9.9421E-01 -1.2728E+04 -1.2728E+04
  1.7628E-01  5.8800E-01  1.0168E+02  2.5725E+01  0.0000E+00  9.9419E-01  9.9418E-01 -1.3012E+04 -1.3012E+04
  1.7658E-01  5.8900E-01  1.0169E+02  2.6300E+01  0.0000E+00  9.9415E-01  9.9414E-01 -1.3300E+04 -1.3300E+04
  1.7688E-01  5.9000E-01  1.0170E+02  2.6882E+01  0.0000E+00  9.9412E-01  9.9410E-01 -1.3590E+04 -1.3590E+04
  1.7718E-01  5.9100E-01  1.0171E+02  2.7467E+01  0.0000E+00  9.9407E-01  9.9406E-01 -1.3881E+04 -1.3881E+04
  1.7747E-01  5.9200E-01  1.0171E+02  2.8052E+01  0.0000E+00  9.9403E-01  9.9402E-01 -1.4172E+04 -1.4172E+04
  1.7777E-01  5.9300E-01  1.0172E+02  2.8639E+01  0.0000E+00  9.9399E-01  9.9397E-01 -1.4463E+04 -1.4462E+04
  1.7807E-01  5.9400E-01  1.0173E+02  2.9220E+01  0.0000E+00  9.9395E-01  9.9393E-01 -1.4751E+04 -1.4751E+04
  1.7837E-01  5.9500E-01  1.0174E+02  2.9801E+01  0.0000E+00  9.9390E-01  9.9389E-01 -1.5038E+04 -1.5037E+04
  1.7867E-01  5.9600E-01  1.0175E+02  3.0372E+01  0.0000E+00  9.9386E-01  9.9384E-01 -1.5321E+04 -1.5321E+04
  1.7897E-01  5.9700E-01  1.0176E+02  3.0939E+01  0.0000E+00  9.9381E-01  9.9380E-01 -1.5600E+04 -1.5600E+04
  1.7927E-01  5.9800E-01  1.0177E+02  3.1497E+01  0.0000E+00  9.9377E-01  9.9375E-01 -1.5875E+04 -1.5875E+04
  1.7957E-01  5.9900E-01  1.0178E+02  3.2043E+01  0.0000E+00  9.9372E-01  9.9370E-01 -1.6144E+04 -1.6144E+04
  1.7987E-01  6.0000E-01  1.0179E+02  3.2581E+01  0.0000E+00  9.9367E-01  9.9366E-01 -1.6408E+04 -1.6407E+04
  1.8017E-01  6.0100E-01  1.0180E+02  3.3102E+01  0.0000E+00  9.9362E-01  9.9361E-01 -1.6664E+04 -1.6664E+04
  1.8047E-01  6.0200E-01  1.0181E+02  3.3615E+01  0.0000E+00  9.9357E-01  9.9356E-01 -1.6914E+04 -1.6914E+04
  1.8077E-01  6.0300E-01  1.0182E+02  3.4108E+01  0.0000E+00  9.9352E-01  9.9351E-01 -1.7156E+04 -1.7156E+04
  1.8107E-01  6.0400E-01  1.0183E+02  3.4588E+01  0.0000E+00  9.9347E-01  9.9346E-01 -1.7391E+04 -1.7390E+04
  1.8137E-01  6.0500E-01  1.0184E+02  3.5051E+01  0.0000E+00  9.9342E-01  9.9340E-01 -1.7616E+04 -1.7616E+04
  1.8167E-01  6.0600E-01  1.0185E+02  3.5495E+01  0.0000E+00  9.9337E-01  9.9335E-01 -1.7833E+04 -1.7833E+04
  1.8197E-01  6.0700E-01  1.0186E+02  3.5925E+01  0.0000E+00  9.9332E-01  9.9330E-01 -1.8041E+04 -1.8041E+04
  1.8227E-01  6.0800E-01  1.0187E+02  3.6332E+01  0.0000E+00  9.9326E-01  9.9325E-01 -1.8239E+04 -1.8239E+04
  1.8257E-01  6.0900E-01  1.0188E+02  3.6724E+01  0.0000E+00  9.9321E-01  9.9319E-01 -1.8428E+04 -1.8428E+04
  1.8287E-01  6.1000E-01  1.0189E+02  3.7091E+01  0.0000E+00  9.9315E-01  9.9314E-01 -1.8606E+04 -1.8606E+04
  1.8317E-01  6.1100E-01  1.0190E+02  3.7439E+01  0.0000E+00  9.9310E-01  9.9308E-01 -1.8774E+04 -1.8774E+04
  1.8347E-01  6.1200E-01  1.0192E+02  3.7768E+01  0.0000E+00  9.9304E-01  9.9303E-01 -1.8931E+04 -1.8931E+04
  1.8377E-01  6.1300E-01  1.0193E+02  3.8072E+01  0.0000E+00  9.9299E-01  9.9297E-01 -1.9078E+04 -1.9078E+04
  1.8407E-01  6.1400E-01  1.0194E+02  3.8359E+01  0.0000E+00  9.9293E-01  9.9292E-01 -1.9214E+04 -1.9213E+04
  1.8437E-01  6.1500E-01  1.0195E+02  3.8618E+01  0.0000E+00  9.9288E-01  9.9286E-01 -1.9338E+04 -1.9338E+04
  1.8467E-01  6.1600E-01  1.0196E+02  3.8860E+01  0.0000E+00  9.9282E-01  9.9280E-01 -1.9452E+04 -1.9452E+04
  1.8497E-01  6.1700E-01  1.0197E+02  3.9076E+01  0.0000E+00  9.9276E-01  9.9274E-01 -1.9554E+04 -1.9554E+04
  1.8527E-01  6.1800E-01  1.0199E+02  3.9271E+01  0.0000E+00  9.9270E-01  9.9269E-01 -1.9645E+04 -1.9645E+04
  1.8557E-01  6.1900E-01  1.0200E+02  3.9443E+01  0.0000E+00  9.9265E-01  9.9263E-01 -1.9724E+04 -1.9724E+04
  1.8587E-01  6.2000E-01  1.0201E+02  3.9589E+01  0.0000E+00  9.9259E-01  9.9257E-01 -1.9792E+04 -1.9792E+04
  1.8617E-01  6.2100E-01  1.0202E+02  3.9717E+01  0.0000E+00  9.9253E-01  9.9251E-01 -1.9848E+04 -1.9847E+04
  1.8647E-01  6.2200E-01  1.0203E+02  3.9814E+01  0.0000E+00  9.9247E-01  9.9245E-01 -1.9892E+04 -1.9892E+04
  1.8677E-01  6.2300E-01  1.0204E+02  3.9894E+01  0.0000E+00  9.9241E-01  9.9240E-01 -1.9924E+04 -1.9924E+04
  1.8707E-01  6.2400E-01  1.0206E+02  3.9946E+01  0.0000E+00  9.9235E-01  9.9234E-01 -1.9945E+04 -1.9945E+04
  1.8737E-01  6.2500E-01  1.0207E+02  3.9976E+01  0.0000E+00  9.9230E-01  9.9228E-01 -1.9954E+04 -1.9953E+04
  1.8767E-01  6.2600E-01  1.0208E+02  3.9982E+01  0.0000E+00  9.9224E-01  9.9222E-01 -1.9951E+04 -1.9950E+04
  1.8797E-01  6.2700E-01  1.0209E+02  3.9962E+01  0.0000E+00  9.9218E-01  9.9216E-01 -1.9936E+04 -1.9935E+04
  1.8827E-01  6.2800E-01  1.0210E+02  3.9923E+01  0.0000E+00  9.9212E-01  9.9210E-01 -1.9909E+04 -1.9909E+04
  1.8857E-01  6.2900E-01  1.0212E+02  3.9854E+01  0.0000E+00  9.9206E-01  9.9204E-01 -1.9870E+04 -1.9870E+04
  1.8887E-01  6.3000E-01  1.0213E+02  3.9767E+01  0.0000E+00  9.9200E-01  9.9199E-01 -1.9820E+04 -1.9820E+04
  1.8917E-01  6.3100E-01  1.0214E+02  3.9652E+01  0.0000E+00  9.9194E-01  9.9193E-01 -1.9758E+04 -1.9757E+04
  1.8947E-01  6.3200E-01  1.0215E+02  3.9515E+01  0.0000E+00  9.9189E-01  9.9187E-01 -1.9684E+04 -1.9683E+04
  1.8977E-01  6.3300E-01  1.0216E+02  3.9354E+01  0.0000E+00  9.9183E-01  9.9181E-01 -1.9598E+04 -1.9598E+04
  1.9007E-01  6.3400E-01  1.0218E+02  3.9169E+01  0.0000E+00  9.9177E-01  9.9175E-01 -1.9501E+04 -1.9501E+04
  1.9037E-01  6.3500E-01  1.0219E+02  3.8965E+01  0.0000E+00  9.9171E-01  9.9170E-01 -1.9393E+04 -1.9393E+04
  1.9067E-01  6.3600E-01  1.0220E+02  3.8733E+01  0.0000E+00  9.9166E-01  9.9164E-01 -1.9274E+04 -1.9273E+04
  1.9097E-01  6.3700E-01  1.0221E+02  3.8483E+01  0.0000E+00  9.9160E-01  9.9158E-01 -1.9143E+04 -1.9143E+04
  1.9127E-01  6.3800E-01  1.0222E+02  3.8208E+01  0.0000E+00  9.9155E-01  9.9153E-01 -1.9002E+04 -1.9002E+04
  1.9156E-01  6.3900E-01  1.0223E+02  3.7912E+01  0.0000E+00  9.9149E-01  9.9147E-01 -1.8850E+04 -1.8849E+04
  1.9186E-01  6.4000E-01  1.0224E+02  3.7594E+01  0.0000E+00  9.9144E-01  9.9142E-01 -1.8687E+04 -1.8687E+04
  1.9216E-01  6.4100E-01  1.0226E+02  3.7255E+01  0.0000E+00  9.9138E-01  9.9136E-01 -1.8514E+04 -1.8514E+04
  1.9246E-01  6.4200E-01  1.0227E+02  3.6900E+01  0.0000E+00  9.9133E-01  9.9131E-01 -1.8331E+04 -1.8331E+04
  1.9276E-01  6.4300E-01  1.0228E+02  3.6516E+01  0.0000E+00  9.9127E-01  9.9126E-01 -1.8137E+04 -1.8137E+04
  1.9306E-01  6.4400E-01  1.0229E+02  3.6118E+01  0.0000E+00  9.9122E-01  9.9120E-01 -1.7934E+04 -1.7934E+04
  1.9336E-01  6.4500E-01  1.0230E+02  3.5698E+01  0.0000E+00  9.9117E-01  9.9115E-01 -1.7722E+04 -1.7722E+04
  1.9366E-01  6.4600E-01  1.0231E+02  3.5262E+01  0.0000E+00  9.9112E-01  9.9110E-01 -1.7501E+04 -1.7501E+04
  1.9396E-01  6.4700E-01  1.0232E+02  3.4808E+01  0.0000E+00  9.9107E-01  9.9105E-01 -1.7272E+04 -1.7272E+04
  1.9426E-01  6.4800E-01  1.0233E+02  3.4335E+01  0.0000E+00  9.9102E-01  9.9100E-01 -1.7034E+04 -1.7034E+04
  1.9456E-01  6.4900E-01  1.0234E+02  3.3851E+01  0.0000E+00  9.9097E-01  9.9095E-01 -1.6789E+04 -1.6788E+04
  1.9486E-01  6.5000E-01  1.0235E+02  3.3344E+01  0.0000E+00  9.9092E-01  9.9090E-01 -1.6535E+04 -1.6535E+04
  1.9516E-01  6.5100E-01  1.0236E+02  3.2829E+01  0.0000E+00  9.9087E-01  9.9085E-01 -1.6275E+04 -1.6275E+04
  1.9546E-01  6.5200E-01  1.0237E+02  3.2294E+01  0.0000E+00  9.9082E-01  9.9080E-01 -1.6009E+04 -1.6009E+04
  1.9576E-01  6.5300E-01  1.0238E+02  3.1752E+01  0.0000E+00  9.9078E-01  9.9076E-01 -1.5737E+04 -1.5737E+04
  1.9606E-01  6.5400E-01  1.0239E+02  3.1200E+01  0.0000E+00  9.9073E-01  9.9071E-01 -1.5461E+04 -1.5461E+04
  1.9636E-01  6.5500E-01  1.0240E+02  3.0637E+01  0.0000E+00  9.9068E-01  9.9067E-01 -1.5180E+04 -1.5180E+04
  1.9666E-01  6.5600E-01  1.0241E+02  3.0068E+01  0.0000E+00  9.9064E-01  9.9062E-01 -1.4896E+04 -1.4896E+04
  1.9696E-01  6.5700E-01  1.0242E+02  2.9490E+01  0.0000E+00  9.9060E-01  9.9058E-01 -1.4610E+04 -1.4609E+04
  1.9726E-01  6.5800E-01  1.0242E+02  2.8911E+01  0.0000E+00  9.9056E-01  9.9054E-01 -1.4321E+04 -1.4321E+04
  1.9756E-01  6.5900E-01  1.0243E+02  2.8325E+01  0.0000E+00  9.9051E-01  9.9050E-01 -1.4031E+04 -1.4031E+04
  1.9786E-01  6.6000E-01  1.0244E+02  2.7739E+01  0.0000E+00  9.9047E-01  9.9046E-01 -1.3741E+04 -1.3741E+04
  1.9816E-01  6.6100E-01  1.0245E+02  2.7155E+01  0.0000E+00  9.9043E-01  9.9042E-01 -1.3451E+04 -1.3451E+04
  1.9846E-01  6.6200E-01  1.0246E+02  2.6571E+01  0.0000E+00  9.9039E-01  9.9038E-01 -1.3164E+04 -1.3163E+04
  1.9876E-01  6.6300E-01  1.0247E+02  2.5993E+01  0.0000E+00  9.9036E-01  9.9034E-01 -1.2879E+04 -1.2878E+04
  1.9906E-01  6.6400E-01  1.0247E+02  2.5420E+01  0.0000E+00  9.9032E-01  9.9030E-01 -1.2597E+04 -1.2597E+04
  1.9936E-01  6.6500E-01  1.0248E+02  2.4858E+01  0.0000E+00  9.9028E-01  9.9027E-01 -1.2321E+04 -1.2321E+04
  1.9966E-01  6.6600E-01  1.0249E+02  2.4304E+01  0.0000E+00  9.9025E-01  9.9023E-01 -1.2051E+04 -1.2050E+04
  1.9996E-01  6.6700E-01  1.0249E+02  2.3765E+01  0.0000E+00  9.9021E-01  9.9020E-01 -1.1787E+04 -1.1787E+04
  2.0026E-01  6.6800E-01  1.0250E+02  2.3241E+01  0.0000E+00  9.9018E-01  9.9016E-01 -1.1532E+04 -1.1531E+04
  2.0056E-01  6.6900E-01  1.0251E+02  2.2733E+01  0.0000E+00  9.9014E-01  9.9013E-01 -1.1285E+04 -1.1285E+04
  2.0086E-01  6.7000E-01  1.0252E+02  2.2244E+01  0.0000E+00  9.9011E-01  9.9009E-01 -1.1048E+04 -1.1048E+04
  2.0116E-01  6.7100E-01  1.0252E+02  2.1778E+01  0.0000E+00  9.9008E-01  9.9006E-01 -1.0824E+04 -1.0824E+04
  2.0146E-01  6.7200E-01  1.0253E+02  2.1336E+01  0.0000E+00  9.9005E-01  9.9003E-01 -1.0611E+04 -1.0611E+04
  2.0176E-01  6.7300E-01  1.0253E+02  2.0920E+01  0.0000E+00  9.9002E-01  9.9000E-01 -1.0413E+04 -1.0413E+04
  2.0206E-01  6.7400E-01  1.0254E+02  2.0533E+01  0.0000E+00  9.8999E-01  9.8997E-01 -1.0228E+04 -1.0228E+04
  2.0236E-01  6.7500E-01  1.0255E+02  2.0176E+01  0.0000E+00  9.8996E-01  9.8994E-01 -1.0059E+04 -1.0059E+04
  2.0266E-01  6.7600E-01  1.0255E+02  1.9850E+01  0.0000E+00  9.8993E-01  9.8991E-01 -9.9065E+03 -9.9063E+03
  2.0296E-01  6.7700E-01  1.0256E+02  1.9558E+01  0.0000E+00  9.8990E-01  9.8988E-01 -9.7704E+03 -9.7703E+03
  2.0326E-01  6.7800E-01  1.0256E+02  1.9301E+01  0.0000E+00  9.8987E-01  9.8985E-01 -9.6523E+03 -9.6521E+03
  2.0356E-01  6.7900E-01  1.0257E+02  1.9080E+01  0.0000E+00  9.8984E-01  9.8983E-01 -9.5527E+03 -9.5526E+03
  2.0386E-01  6.8000E-01  1.0258E+02  1.8898E+01  0.0000E+00  9.8982E-01  9.8980E-01 -9.4723E+03 -9.4721E+03
  2.0416E-01  6.8100E-01  1.0258E+02  1.8755E+01  0.0000E+00  9.8979E-01  9.8977E-01 -9.4114E+03 -9.4112E+03
  2.0446E-01  6.8200E-01  1.0259E+02  1.8652E+01  0.0000E+00  9.8976E-01  9.8974E-01 -9.3703E+03 -9.3701E+03
  2.0476E-01  6.8300E-01  1.0259E+02  1.8590E+01  0.0000E+00  9.8973E-01  9.8972E-01 -9.3491E+03 -9.3489E+03
  2.0506E-01  6.8400E-01  1.0260E+02  1.8566E+01  0.0000E+00  9.8971E-01  9.8969E-01 -9.3478E+03 -9.3476E+03
  2.0536E-01  6.8500E-01  1.0260E+02  1.8585E+01  0.0000E+00  9.8968E-01  9.8966E-01 -9.3664E+03 -9.3663E+03
  2.0565E-01  6.8600E-01  1.0261E+02  1.8642E+01  0.0000E+00  9.8965E-01  9.8963E-01 -9.4050E+03 -9.4048E+03
  2.0595E-01  6.8700E-01  1.0261E+02  1.8740E+01  0.0000E+00  9.8962E-01  9.8961E-01 -9.4634E+03 -9.4632E+03
  2.0625E-01  6.8800E-01  1.0262E+02  1.8877E+01  0.0000E+00  9.8960E-01  9.8958E-01 -9.5413E+03 -9.5411E+03
  2.0655E-01  6.8900E-01  1.0263E+02  1.9055E+01  0.0000E+00  9.8957E-01  9.8955E-01 -9.6383E+03 -9.6381E+03
  2.0685E-01  6.9000E-01  1.0263E+02  1.9270E+01  0.0000E+00  9.8954E-01  9.8952E-01 -9.7537E+03 -9.7535E+03
  2.0715E-01  6.9100E-01  1.0264E+02  1.9521E+01  0.0000E+00  9.8951E-01  9.8949E-01 -9.8870E+03 -9.8868E+03
  2.0745E-01  6.9200E-01  1.0264E+02  1.9809E+01  0.0000E+00  9.8948E-01  9.8947E-01 -1.0037E+04 -1.0037E+04
  2.0775E-01  6.9300E-01  1.0265E+02  2.0130E+01  0.0000E+00  9.8945E-01  9.8944E-01 -1.0204E+04 -1.0204E+04
  2.0805E-01  6.9400E-01  1.0266E+02  2.0482E+01  0.0000E+00  9.8942E-01  9.8941E-01 -1.0386E+04 -1.0386E+04
  2.0835E-01  6.9500E-01  1.0266E+02  2.0866E+01  0.0000E+00  9.8939E-01  9.8937E-01 -1.0583E+04 -1.0583E+04
  2.0865E-01  6.9600E-01  1.0267E+02  2.1279E+01  0.0000E+00  9.8936E-01  9.8934E-01 -1.0794E+04 -1.0794E+04
  2.0895E-01  6.9700E-01  1.0268E+02  2.1719E+01  0.0000E+00  9.8933E-01  9.8931E-01 -1.1018E+04 -1.1018E+04
  2.0925E-01  6.9800E-01  1.0268E+02  2.2185E+01  0.0000E+00  9.8930E-01  9.8928E-01 -1.1253E+04 -1.1253E+04
  2.0955E-01  6.9900E-01  1.0269E+02  2.2669E+01  0.0000E+00  9.8926E-01  9.8925E-01 -1.1498E+04 -1.1498E+04
  2.0985E-01  7.0000E-01  1.0270E+02  2.3173E+01  0.0000E+00  9.8923E-01  9.8921E-01 -1.1752E+04 -1.1752E+04
  2.1015E-01  7.0100E-01  1.0270E+02  2.3697E+01  0.0000E+00  9.8919E-01  9.8918E-01 -1.2014E+04 -1.2014E+04
  2.1045E-01  7.0200E-01  1.0271E+02  2.4235E+01  0.0000E+00  9.8916E-01  9.8914E-01 -1.2284E+04 -1.2284E+04
  2.1075E-01  7.0300E-01  1.0272E+02  2.4785E+01  0.0000E+00  9.8912E-01  9.8911E-01 -1.2559E+04 -1.2559E+04
  2.1105E-01  7.0400E-01  1.0272E+02  2.5347E+01  0.0000E+00  9.8909E-01  9.8907E-01 -1.2840E+04 -1.2839E+04
  2.1135E-01  7.0500E-01  1.0273E+02  2.5921E+01  0.0000E+00  9.8905E-01  9.8903E-01 -1.3124E+04 -1.3124E+04
  2.1165E-01  7.0600E-01  1.0274E+02  2.6496E+01  0.0000E+00  9.8901E-01  9.8899E-01 -1.3411E+04 -1.3411E+04
  2.1195E-01  7.0700E-01  1.0275E+02  2.7080E+01  0.0000E+00  9.8897E-01  9.8895E-01 -1.3700E+04 -1.3700E+04
  2.1225E-01  7.0800E-01  1.0276E+02  2.7665E+01  0.0000E+00  9.8893E-01  9.8891E-01 -1.3989E+04 -1.3989E+04
  2.1255E-01  7.0900E-01  1.0277E+02  2.8251E+01  0.0000E+00  9.8889E-01  9.8887E-01 -1.4279E+04 -1.4279E+04
  2.1285E-01  7.1000E-01  1.0277E+02  2.8835E+01  0.0000E+00  9.8885E-01  9.8883E-01 -1.4567E+04 -1.4567E+04
  2.1315E-01  7.1100E-01  1.0278E+02  2.9416E+01  0.0000E+00  9.8880E-01  9.8879E-01 -1.4854E+04 -1.4854E+04
  2.1345E-01  7.1200E-01  1.0279E+02  2.9997E+01  0.0000E+00  9.8876E-01  9.8874E-01 -1.5138E+04 -1.5138E+04
  2.1375E-01  7.1300E-01  1.0280E+02  3.0564E+01  0.0000E+00  9.8871E-01  9.8870E-01 -1.5418E+04 -1.5418E+04
  2.1405E-01  7.1400E-01  1.0281E+02  3.1129E+01  0.0000E+00  9.8867E-01  9.8865E-01 -1.5695E+04 -1.5694E+04
  2.1435E-01  7.1500E-01  1.0282E+02  3.1683E+01  0.0000E+00  9.8862E-01  9.8861E-01 -1.5966E+04 -1.5966E+04
  2.1465E-01  7.1600E-01  1.0283E+02  3.2227E+01  0.0000E+00  9.8858E-01  9.8856E-01 -1.6232E+04 -1.6232E+04
  2.1495E-01  7.1700E-01  1.0284E+02  3.2758E+01  0.0000E+00  9.8853E-01  9.8851E-01 -1.6492E+04 -1.6492E+04
  2.1525E-01  7.1800E-01  1.0285E+02  3.3276E+01  0.0000E+00  9.8848E-01  9.8846E-01 -1.6745E+04 -1.6745E+04
  2.1555E-01  7.1900E-01  1.0286E+02  3.3785E+01  0.0000E+00  9.8843E-01  9.8841E-01 -1.6991E+04 -1.6991E+04
  2.1585E-01  7.2000E-01  1.0287E+02  3.4271E+01  0.0000E+00  9.8838E-01  9.8836E-01 -1.7229E+04 -1.7229E+04
  2.1615E-01  7.2100E-01  1.0288E+02  3.4747E+01  0.0000E+00  9.8833E-01  9.8831E-01 -1.7460E+04 -1.7459E+04
  2.1645E-01  7.2200E-01  1.0289E+02  3.5203E+01  0.0000E+00  9.8828E-01  9.8826E-01 -1.7682E+04 -1.7682E+04
  2.1675E-01  7.2300E-01  1.0290E+02  3.5644E+01  0.0000E+00  9.8823E-01  9.8821E-01 -1.7895E+04 -1.7895E+04
  2.1705E-01  7.2400E-01  1.0291E+02  3.6069E+01  0.0000E+00  9.8817E-01  9.8816E-01 -1.8100E+04 -1.8099E+04
  2.1735E-01  7.2500E-01  1.0292E+02  3.6470E+01  0.0000E+00  9.8812E-01  9.8810E-01 -1.8294E+04 -1.8293E+04
  2.1765E-01  7.2600E-01  1.0293E+02  3.6855E+01  0.0000E+00  9.8807E-01  9.8805E-01 -1.8478E+04 -1.8477E+04
  2.1795E-01  7.2700E-01  1.0295E+02  3.7214E+01  0.0000E+00  9.8801E-01  9.8800E-01 -1.8652E+04 -1.8652E+04
  2.1825E-01  7.2800E-01  1.0296E+02  3.7558E+01  0.0000E+00  9.8796E-01  9.8794E-01 -1.8816E+04 -1.8816E+04
  2.1855E-01  7.2900E-01  1.0297E+02  3.7879E+01  0.0000E+00  9.8790E-01  9.8789E-01 -1.8969E+04 -1.8969E+04
  2.1885E-01  7.3000E-01  1.0298E+02  3.8179E+01  0.0000E+00  9.8785E-01  9.8783E-01 -1.9112E+04 -1.9112E+04
  2.1915E-01  7.3100E-01  1.0299E+02  3.8456E+01  0.0000E+00  9.8779E-01  9.8778E-01 -1.9244E+04 -1.9243E+04
  2.1945E-01  7.3200E-01  1.0300E+02  3.8710E+01  0.0000E+00  9.8774E-01  9.8772E-01 -1.9364E+04 -1.9364E+04
  2.1975E-01  7.3300E-01  1.0301E+02  3.8945E+01  0.0000E+00  9.8768E-01  9.8766E-01 -1.9473E+04 -1.9473E+04
  2.2004E-01  7.3400E-01  1.0303E+02  3.9151E+01  0.0000E+00  9.8762E-01  9.8761E-01 -1.9571E+04 -1.9570E+04
  2.2034E-01  7.3500E-01  1.0304E+02  3.9339E+01  0.0000E+00  9.8757E-01  9.8755E-01 -1.9657E+04 -1.9657E+04
  2.2064E-01  7.3600E-01  1.0305E+02  3.9501E+01  0.0000E+00  9.8751E-01  9.8749E-01 -1.9732E+04 -1.9731E+04
  2.2094E-01  7.3700E-01  1.0306E+02  3.9641E+01  0.0000E+00  9.8745E-01  9.8744E-01 -1.9795E+04 -1.9794E+04
  2.2124E-01  7.3800E-01  1.0307E+02  3.9757E+01  0.0000E+00  9.8739E-01  9.8738E-01 -1.9847E+04 -1.9846E+04
  2.2154E-01  7.3900E-01  1.0309E+02  3.9849E+01  0.0000E+00  9.8734E-01  9.8732E-01 -1.9887E+04 -1.9886E+04
  2.2184E-01  7.4000E-01  1.0310E+02  3.9921E+01  0.0000E+00  9.8728E-01  9.8726E-01 -1.9915E+04 -1.9915E+04
  2.2214E-01  7.4100E-01  1.0311E+02  3.9964E+01  0.0000E+00  9.8722E-01  9.8720E-01 -1.9932E+04 -1.9932E+04
  2.2244E-01  7.4200E-01  1.0312E+02  3.9988E+01  0.0000E+00  9.8716E-01  9.8715E-01 -1.9938E+04 -1.9937E+04
  2.2274E-01  7.4300E-01  1.0313E+02  3.9984E+01  0.0000E+00  9.8710E-01  9.8709E-01 -1.9930E+04 -1.9930E+04
  2.2304E-01  7.4400E-01  1.0315E+02  3.9958E+01  0.0000E+00  9.8705E-01  9.8703E-01 -1.9911E+04 -1.9911E+04
  2.2334E-01  7.4500E-01  1.0316E+02  3.9907E+01  0.0000E+00  9.8699E-01  9.8697E-01 -1.9880E+04 -1.9880E+04
  2.2364E-01  7.4600E-01  1.0317E+02  3.9832E+01  0.0000E+00  9.8693E-01  9.8691E-01 -1.9837E+04 -1.9837E+04
  2.2394E-01  7.4700E-01  1.0318E+02  3.9736E+01  0.0000E+00  9.8687E-01  9.8686E-01 -1.9783E+04 -1.9783E+04
  2.2424E-01  7.4800E-01  1.0319E+02  3.9613E+01  0.0000E+00  9.8682E-01  9.8680E-01 -1.9718E+04 -1.9718E+04
  2.2454E-01  7.4900E-01  1.0320E+02  3.9471E+01  0.0000E+00  9.8676E-01  9.8674E-01 -1.9641E+04 -1.9641E+04
  2.2484E-01  7.5000E-01  1.0322E+02  3.9302E+01  0.0000E+00  9.8670E-01  9.8669E-01 -1.9552E+04 -1.9552E+04
  2.2514E-01  7.5100E-01  1.0323E+02  3.9111E+01  0.0000E+00  9.8665E-01  9.8663E-01 -1.9452E+04 -1.9452E+04
  2.2544E-01  7.5200E-01  1.0324E+02  3.8897E+01  0.0000E+00  9.8659E-01  9.8657E-01 -1.9341E+04 -1.9341E+04
  2.2574E-01  7.5300E-01  1.0325E+02  3.8659E+01  0.0000E+00  9.8653E-01  9.8652E-01 -1.9218E+04 -1.9218E+04
  2.2604E-01  7.5400E-01  1.0326E+02  3.8402E+01  0.0000E+00  9.8648E-01  9.8646E-01 -1.9085E+04 -1.9085E+04
  2.2634E-01  7.5500E-01  1.0327E+02  3.8117E+01  0.0000E+00  9.8642E-01  9.8641E-01 -1.8940E+04 -1.8940E+04
  2.2664E-01  7.5600E-01  1.0329E+02  3.7815E+01  0.0000E+00  9.8637E-01  9.8635E-01 -1.8785E+04 -1.8785E+04
  2.2694E-01  7.5700E-01  1.0330E+02  3.7490E+01  0.0000E+00  9.8631E-01  9.8630E-01 -1.8620E+04 -1.8620E+04
  2.2724E-01  7.5800E-01  1.0331E+02  3.7144E+01  0.0000E+00  9.8626E-01  9.8624E-01 -1.8444E+04 -1.8444E+04
  2.2754E-01  7.5900E-01  1.0332E+02  3.6778E+01  0.0000E+00  9.8621E-01  9.8619E-01 -1.8258E+04 -1.8258E+04
  2.2784E-01  7.6000E-01  1.0333E+02  3.6390E+01  0.0000E+00  9.8615E-01  9.8614E-01 -1.8063E+04 -1.8063E+04
  2.2814E-01  7.6100E-01  1.0334E+02  3.5987E+01  0.0000E+00  9.8610E-01  9.8608E-01 -1.7858E+04 -1.7857E+04
  2.2844E-01  7.6200E-01  1.0335E+02  3.5558E+01  0.0000E+00  9.8605E-01  9.8603E-01 -1.7643E+04 -1.7643E+04
  2.2874E-01  7.6300E-01  1.0336E+02  3.5116E+01  0.0000E+00  9.8600E-01  9.8598E-01 -1.7420E+04 -1.7420E+04
  2.2904E-01  7.6400E-01  1.0337E+02  3.4654E+01  0.0000E+00  9.8595E-01  9.8593E-01 -1.7189E+04 -1.7188E+04
  2.2934E-01  7.6500E-01  1.0338E+02  3.4177E+01  0.0000E+00  9.8590E-01  9.8588E-01 -1.6949E+04 -1.6949E+04
  2.2964E-01  7.6600E-01  1.0339E+02  3.3684E+01  0.0000E+00  9.8585E-01  9.8583E-01 -1.6703E+04 -1.6702E+04
  2.2994E-01  7.6700E-01  1.0340E+02  3.3175E+01  0.0000E+00  9.8580E-01  9.8579E-01 -1.6449E+04 -1.6449E+04
  2.3024E-01  7.6800E-01  1.0341E+02  3.2657E+01  0.0000E+00  9.8576E-01  9.8574E-01 -1.6189E+04 -1.6189E+04
  2.3054E-01  7.6900E-01  1.0342E+02  3.2122E+01  0.0000E+00  9.8571E-01  9.8569E-01 -1.5923E+04 -1.5923E+04
  2.3084E-01  7.7000E-01  1.0343E+02  3.1579E+01  0.0000E+00  9.8566E-01  9.8565E-01 -1.5652E+04 -1.5651E+04
  2.3114E-01  7.7100E-01  1.0344E+02  3.1019E+01  0.0000E+00  9.8562E-01  9.8560E-01 -1.5375E+04 -1.5375E+04
  2.3144E-01  7.7200E-01  1.0345E+02  3.0455E+01  0.0000E+00  9.8557E-01  9.8556E-01 -1.5095E+04 -1.5095E+04
  2.3174E-01  7.7300E-01  1.0346E+02  2.9885E+01  0.0000E+00  9.8553E-01  9.8551E-01 -1.4811E+04 -1.4811E+04
  2.3204E-01  7.7400E-01  1.0347E+02  2.9304E+01  0.0000E+00  9.8549E-01  9.8547E-01 -1.4525E+04 -1.4525E+04
  2.3234E-01  7.7500E-01  1.0348E+02  2.8721E+01  0.0000E+00  9.8545E-01  9.8543E-01 -1.4237E+04 -1.4237E+04
  2.3264E-01  7.7600E-01  1.0349E+02  2.8136E+01  0.0000E+00  9.8541E-01  9.8539E-01 -1.3948E+04 -1.3948E+04
  2.3294E-01  7.7700E-01  1.0349E+02  2.7553E+01  0.0000E+00  9.8537E-01  9.8535E-01 -1.3660E+04 -1.3660E+04
  2.3324E-01  7.7800E-01  1.0350E+02  2.6964E+01  0.0000E+00  9.8533E-01  9.8531E-01 -1.3372E+04 -1.3372E+04
  2.3354E-01  7.7900E-01  1.0351E+02  2.6382E+01  0.0000E+00  9.8529E-01  9.8527E-01 -1.3086E+04 -1.3086E+04
  2.3384E-01  7.8000E-01  1.0352E+02  2.5808E+01  0.0000E+00  9.8525E-01  9.8523E-01 -1.2804E+04 -1.2803E+04
  2.3413E-01  7.8100E-01  1.0352E+02  2.5235E+01  0.0000E+00  9.8521E-01  9.8520E-01 -1.2525E+04 -1.2525E+04
  2.3443E-01  7.8200E-01  1.0353E+02  2.4672E+01  0.0000E+00  9.8518E-01  9.8516E-01 -1.2252E+04 -1.2251E+04
  2.3473E-01  7.8300E-01  1.0354E+02  2.4125E+01  0.0000E+00  9.8514E-01  9.8513E-01 -1.1984E+04 -1.1984E+04
  2.3503E-01  7.8400E-01  1.0355E+02  2.3593E+01  0.0000E+00  9.8511E-01  9.8509E-01 -1.1724E+04 -1.1724E+04
  2.3533E-01  7.8500E-01  1.0355E+02  2.3067E+01  0.0000E+00  9.8508E-01  9.8506E-01 -1.1473E+04 -1.1473E+04
  2.3563E-01  7.8600E-01  1.0356E+02  2.2566E+01  0.0000E+00  9.8504E-01  9.8503E-01 -1.1231E+04 -1.1231E+04
  2.3593E-01  7.8700E-01  1.0357E+02  2.2091E+01  0.0000E+00  9.8501E-01  9.8499E-01 -1.1000E+04 -1.1000E+04
  2.3623E-01  7.8800E-01  1.0357E+02  2.1631E+01  0.0000E+00  9.8498E-01  9.8496E-01 -1.0780E+04 -1.0780E+04
  2.3653E-01  7.8900E-01  1.0358E+02  2.1191E+01  0.0000E+00  9.8495E-01  9.8493E-01 -1.0573E+04 -1.0573E+04
  2.3683E-01  7.9000E-01  1.0359E+02  2.0789E+01  0.0000E+00  9.8492E-01  9.8490E-01 -1.0380E+04 -1.0379E+04
  2.3713E-01  7.9100E-01  1.0359E+02  2.0414E+01  0.0000E+00  9.8489E-01  9.8487E-01 -1.0201E+04 -1.0201E+04
  2.3743E-01  7.9200E-01  1.0360E+02  2.0060E+01  0.0000E+00  9.8486E-01  9.8484E-01 -1.0038E+04 -1.0038E+04
  2.3773E-01  7.9300E-01  1.0360E+02  1.9744E+01  0.0000E+00  9.8483E-01  9.8481E-01 -9.8922E+03 -9.8920E+03
  2.3803E-01  7.9400E-01  1.0361E+02  1.9471E+01  0.0000E+00  9.8480E-01  9.8478E-01 -9.7661E+03 -9.7659E+03
  2.3833E-01  7.9500E-01  1.0362E+02  1.9235E+01  0.0000E+00  9.8477E-01  9.8476E-01 -9.6574E+03 -9.6573E+03
  2.3863E-01  7.9600E-01  1.0362E+02  1.9035E+01  0.0000E+00  9.8475E-01  9.8473E-01 -9.5651E+03 -9.5649E+03
  2.3893E-01  7.9700E-01  1.0363E+02  1.8860E+01  0.0000E+00  9.8472E-01  9.8470E-01 -9.4913E+03 -9.4912E+03
  2.3923E-01  7.9800E-01  1.0363E+02  1.8724E+01  0.0000E+00  9.8469E-01  9.8467E-01 -9.4369E+03 -9.4367E+03
  2.3953E-01  7.9900E-01  1.0364E+02  1.8642E+01  0.0000E+00  9.8466E-01  9.8465E-01 -9.4022E+03 -9.4020E+03
  2.3983E-01  8.0000E-01  1.0364E+02  1.8592E+01  0.0000E+00  9.8464E-01  9.8462E-01 -9.3874E+03 -9.3872E+03
  2.4013E-01  8.0100E-01  1.0365E+02  1.8573E+01  0.0000E+00  9.8461E-01  9.8459E-01 -9.3926E+03 -9.3924E+03
  2.4043E-01  8.0200E-01  1.0365E+02  1.8608E+01  0.0000E+00  9.8458E-01  9.8456E-01 -9.4177E+03 -9.4176E+03
  2.4073E-01  8.0300E-01  1.0366E+02  1.8686E+01  0.0000E+00  9.8455E-01  9.8454E-01 -9.4629E+03 -9.4627E+03
  2.4103E-01  8.0400E-01  1.0367E+02  1.8792E+01  0.0000E+00  9.8453E-01  9.8451E-01 -9.5275E+03 -9.5273E+03
  2.4133E-01  8.0500E-01  1.0367E+02  1.8937E+01  0.0000E+00  9.8450E-01  9.8448E-01 -9.6112E+03 -9.6111E+03
  2.4163E-01  8.0600E-01  1.0368E+02  1.9136E+01  0.0000E+00  9.8447E-01  9.8445E-01 -9.7137E+03 -9.7136E+03
  2.4193E-01  8.0700E-01  1.0368E+02  1.9364E+01  0.0000E+00  9.8444E-01  9.8443E-01 -9.8343E+03 -9.8342E+03
  2.4223E-01  8.0800E-01  1.0369E+02  1.9617E+01  0.0000E+00  9.8441E-01  9.8440E-01 -9.9724E+03 -9.9722E+03
  2.4253E-01  8.0900E-01  1.0369E+02  1.9918E+01  0.0000E+00  9.8439E-01  9.8437E-01 -1.0127E+04 -1.0127E+04
  2.4283E-01  8.1000E-01  1.0370E+02  2.0257E+01  0.0000E+00  9.8436E-01  9.8434E-01 -1.0298E+04 -1.0298E+04
  2.4313E-01  8.1100E-01  1.0371E+02  2.0614E+01  0.0000E+00  9.8433E-01  9.8431E-01 -1.0484E+04 -1.0484E+04
  2.4343E-01  8.1200E-01  1.0371E+02  2.1001E+01  0.0000E+00  9.8430E-01  9.8428E-01 -1.0685E+04 -1.0684E+04
  2.4373E-01  8.1300E-01  1.0372E+02  2.1430E+01  0.0000E+00  9.8426E-01  9.8425E-01 -1.0901E+04 -1.0901E+04
  2.4403E-01  8.1400E-01  1.0373E+02  2.1885E+01  0.0000E+00  9.8423E-01  9.8422E-01 -1.1130E+04 -1.1130E+04
  2.4433E-01  8.1500E-01  1.0373E+02  2.2364E+01  0.0000E+00  9.8420E-01  9.8418E-01 -1.1367E+04 -1.1367E+04
  2.4463E-01  8.1600E-01  1.0374E+02  2.2852E+01  0.0000E+00  9.8417E-01  9.8415E-01 -1.1614E+04 -1.1613E+04
  2.4493E-01  8.1700E-01  1.0375E+02  2.3355E+01  0.0000E+00  9.8413E-01  9.8412E-01 -1.1869E+04 -1.1869E+04
  2.4523E-01  8.1800E-01  1.0375E+02  2.3888E+01  0.0000E+00  9.8410E-01  9.8408E-01 -1.2132E+04 -1.2132E+04
  2.4553E-01  8.1900E-01  1.0376E+02  2.4435E+01  0.0000E+00  9.8406E-01  9.8405E-01 -1.2402E+04 -1.2402E+04
  2.4583E-01  8.2000E-01  1.0377E+02  2.4982E+01  0.0000E+00  9.8403E-01  9.8401E-01 -1.2677E+04 -1.2677E+04
  2.4613E-01  8.2100E-01  1.0378E+02  2.5545E+01  0.0000E+00  9.8399E-01  9.8397E-01 -1.2957E+04 -1.2957E+04
  2.4643E-01  8.2200E-01  1.0378E+02  2.6126E+01  0.0000E+00  9.8395E-01  9.8393E-01 -1.3241E+04 -1.3241E+04
  2.4673E-01  8.2300E-01  1.0379E+02  2.6703E+01  0.0000E+00  9.8391E-01  9.8390E-01 -1.3527E+04 -1.3527E+04
  2.4703E-01  8.2400E-01  1.0380E+02  2.7282E+01  0.0000E+00  9.8387E-01  9.8386E-01 -1.3815E+04 -1.3814E+04
  2.4733E-01  8.2500E-01  1.0381E+02  2.7869E+01  0.0000E+00  9.8383E-01  9.8382E-01 -1.4103E+04 -1.4102E+04
  2.4763E-01  8.2600E-01  1.0382E+02  2.8460E+01  0.0000E+00  9.8379E-01  9.8377E-01 -1.4390E+04 -1.4390E+04
  2.4793E-01  8.2700E-01  1.0383E+02  2.9036E+01  0.0000E+00  9.8375E-01  9.8373E-01 -1.4676E+04 -1.4676E+04
  2.4822E-01  8.2800E-01  1.0384E+02  2.9615E+01  0.0000E+00  9.8371E-01  9.8369E-01 -1.4961E+04 -1.4960E+04
  2.4852E-01  8.2900E-01  1.0384E+02  3.0197E+01  0.0000E+00  9.8366E-01  9.8365E-01 -1.5242E+04 -1.5242E+04
  2.4882E-01  8.3000E-01  1.0385E+02  3.0762E+01  0.0000E+00  9.8362E-01  9.8360E-01 -1.5519E+04 -1.5519E+04
  2.4912E-01  8.3100E-01  1.0386E+02  3.1320E+01  0.0000E+00  9.8357E-01  9.8356E-01 -1.5792E+04 -1.5792E+04
  2.4942E-01  8.3200E-01  1.0387E+02  3.1870E+01  0.0000E+00  9.8353E-01  9.8351E-01 -1.6060E+04 -1.6060E+04
  2.4972E-01  8.3300E-01  1.0388E+02  3.2415E+01  0.0000E+00  9.8348E-01  9.8346E-01 -1.6323E+04 -1.6323E+04
  2.5002E-01  8.3400E-01  1.0389E+02  3.2937E+01  0.0000E+00  9.8343E-01  9.8342E-01 -1.6579E+04 -1.6579E+04
  2.5032E-01  8.3500E-01  1.0390E+02  3.3451E+01  0.0000E+00  9.8339E-01  9.8337E-01 -1.6829E+04 -1.6828E+04
  2.5062E-01  8.3600E-01  1.0391E+02  3.3955E+01  0.0000E+00  9.8334E-01  9.8332E-01 -1.7071E+04 -1.7070E+04
  2.5092E-01  8.3700E-01  1.0392E+02  3.4436E+01  0.0000E+00  9.8329E-01  9.8327E-01 -1.7305E+04 -1.7305E+04
  2.5122E-01  8.3800E-01  1.0393E+02  3.4903E+01  0.0000E+00  9.8324E-01  9.8322E-01 -1.7531E+04 -1.7531E+04
  2.5152E-01  8.3900E-01  1.0394E+02  3.5355E+01  0.0000E+00  9.8319E-01  9.8317E-01 -1.7750E+04 -1.7750E+04
  2.5182E-01  8.4000E-01  1.0395E+02  3.5795E+01  0.0000E+00  9.8313E-01  9.8312E-01 -1.7960E+04 -1.7960E+04
  2.5212E-01  8.4100E-01  1.0397E+02  3.6211E+01  0.0000E+00  9.8308E-01  9.8307E-01 -1.8160E+04 -1.8159E+04
  2.5242E-01  8.4200E-01  1.0398E+02  3.6608E+01  0.0000E+00  9.8303E-01  9.8301E-01 -1.8349E+04 -1.8349E+04
  2.5272E-01  8.4300E-01  1.0399E+02  3.6981E+01  0.0000E+00  9.8298E-01  9.8296E-01 -1.8529E+04 -1.8529E+04
  2.5302E-01  8.4400E-01  1.0400E+02  3.7335E+01  0.0000E+00  9.8292E-01  9.8291E-01 -1.8699E+04 -1.8698E+04
  2.5332E-01  8.4500E-01  1.0401E+02  3.7674E+01  0.0000E+00  9.8287E-01  9.8285E-01 -1.8859E+04 -1.8859E+04
  2.5362E-01  8.4600E-01  1.0402E+02  3.7987E+01  0.0000E+00  9.8281E-01  9.8280E-01 -1.9008E+04 -1.9008E+04
  2.5392E-01  8.4700E-01  1.0403E+02  3.8281E+01  0.0000E+00  9.8276E-01  9.8274E-01 -1.9146E+04 -1.9146E+04
  2.5422E-01  8.4800E-01  1.0404E+02  3.8548E+01  0.0000E+00  9.8270E-01  9.8269E-01 -1.9273E+04 -1.9273E+04
  2.5452E-01  8.4900E-01  1.0406E+02  3.8796E+01  0.0000E+00  9.8265E-01  9.8263E-01 -1.9389E+04 -1.9389E+04
  2.5482E-01  8.5000E-01  1.0407E+02  3.9021E+01  0.0000E+00  9.8259E-01  9.8258E-01 -1.9494E+04 -1.9493E+04
  2.5512E-01  8.5100E-01  1.0408E+02  3.9221E+01  0.0000E+00  9.8254E-01  9.8252E-01 -1.9587E+04 -1.9587E+04
  2.5542E-01  8.5200E-01  1.0409E+02  3.9402E+01  0.0000E+00  9.8248E-01  9.8246E-01 -1.9669E+04 -1.9669E+04
  2.5572E-01  8.5300E-01  1.0410E+02  3.9554E+01  0.0000E+00  9.8242E-01  9.8241E-01 -1.9739E+04 -1.9739E+04
  2.5602E-01  8.5400E-01  1.0411E+02  3.9688E+01  0.0000E+00  9.8237E-01  9.8235E-01 -1.9798E+04 -1.9798E+04
  2.5632E-01  8.5500E-01  1.0413E+02  3.9795E+01  0.0000E+00  9.8231E-01  9.8229E-01 -1.9846E+04 -1.9846E+04
  2.5662E-01  8.5600E-01  1.0414E+02  3.9880E+01  0.0000E+00  9.8225E-01  9.8223E-01 -1.9882E+04 -1.9882E+04
  2.5692E-01  8.5700E-01  1.0415E+02  3.9943E+01  0.0000E+00  9.8219E-01  9.8218E-01 -1.9907E+04 -1.9906E+04
  2.5722E-01  8.5800E-01  1.0416E+02  3.9979E+01  0.0000E+00  9.8214E-01  9.8212E-01 -1.9920E+04 -1.9920E+04
  2.5752E-01  8.5900E-01  1.0417E+02  3.9997E+01  0.0000E+00  9.8208E-01  9.8206E-01 -1.9921E+04 -1.9921E+04
  2.5782E-01  8.6000E-01  1.0419E+02  3.9983E+01  0.0000E+00  9.8202E-01  9.8201E-01 -1.9910E+04 -1.9909E+04
  2.5812E-01  8.6100E-01  1.0420E+02  3.9950E+01  0.0000E+00  9.8196E-01  9.8195E-01 -1.9887E+04 -1.9886E+04
  2.5842E-01  8.6200E-01  1.0421E+02  3.9890E+01  0.0000E+00  9.8191E-01  9.8189E-01 -1.9852E+04 -1.9852E+04
  2.5872E-01  8.6300E-01  1.0422E+02  3.9808E+01  0.0000E+00  9.8185E-01  9.8183E-01 -1.9806E+04 -1.9806E+04
  2.5902E-01  8.6400E-01  1.0423E+02  3.9703E+01  0.0000E+00  9.8179E-01  9.8178E-01 -1.9749E+04 -1.9748E+04
  2.5932E-01  8.6500E-01  1.0425E+02  3.9573E+01  0.0000E+00  9.8174E-01  9.8172E-01 -1.9680E+04 -1.9679E+04
  2.5962E-01  8.6600E-01  1.0426E+02  3.9424E+01  0.0000E+00  9.8168E-01  9.8166E-01 -1.9599E+04 -1.9599E+04
  2.5992E-01  8.6700E-01  1.0427E+02  3.9245E+01  0.0000E+00  9.8162E-01  9.8161E-01 -1.9507E+04 -1.9507E+04
  2.6022E-01  8.6800E-01  1.0428E+02  3.9049E+01  0.0000E+00  9.8157E-01  9.8155E-01 -1.9404E+04 -1.9404E+04
  2.6052E-01  8.6900E-01  1.0429E+02  3.8826E+01  0.0000E+00  9.8151E-01  9.8150E-01 -1.9290E+04 -1.9290E+04
  2.6082E-01  8.7000E-01  1.0430E+02  3.8582E+01  0.0000E+00  9.8146E-01  9.8144E-01 -1.9164E+04 -1.9164E+04
  2.6112E-01  8.7100E-01  1.0432E+02  3.8315E+01  0.0000E+00  9.8140E-01  9.8139E-01 -1.9028E+04 -1.9028E+04
  2.6142E-01  8.7200E-01  1.0433E+02  3.8025E+01  0.0000E+00  9.8135E-01  9.8133E-01 -1.8881E+04 -1.8880E+04
  2.6172E-01  8.7300E-01  1.0434E+02  3.7717E+01  0.0000E+00  9.8129E-01  9.8128E-01 -1.8723E+04 -1.8723E+04
  2.6202E-01  8.7400E-01  1.0435E+02  3.7383E+01  0.0000E+00  9.8124E-01  9.8122E-01 -1.8555E+04 -1.8555E+04
  2.6232E-01  8.7500E-01  1.0436E+02  3.7033E+01  0.0000E+00  9.8119E-01  9.8117E-01 -1.8377E+04 -1.8377E+04
  2.6261E-01  8.7600E-01  1.0437E+02  3.6658E+01  0.0000E+00  9.8113E-01  9.8112E-01 -1.8189E+04 -1.8189E+04
  2.6291E-01  8.7700E-01  1.0438E+02  3.6266E+01  0.0000E+00  9.8108E-01  9.8107E-01 -1.7992E+04 -1.7991E+04
  2.6321E-01  8.7800E-01  1.0439E+02  3.5854E+01  0.0000E+00  9.8103E-01  9.8101E-01 -1.7784E+04 -1.7784E+04
  2.6351E-01  8.7900E-01  1.0440E+02  3.5421E+01  0.0000E+00  9.8098E-01  9.8096E-01 -1.7568E+04 -1.7568E+04
  2.6381E-01  8.8000E-01  1.0441E+02  3.4975E+01  0.0000E+00  9.8093E-01  9.8091E-01 -1.7344E+04 -1.7344E+04
  2.6411E-01  8.8100E-01  1.0443E+02  3.4505E+01  0.0000E+00  9.8088E-01  9.8086E-01 -1.7111E+04 -1.7111E+04
  2.6441E-01  8.8200E-01  1.0444E+02  3.4025E+01  0.0000E+00  9.8083E-01  9.8082E-01 -1.6871E+04 -1.6870E+04
  2.6471E-01  8.8300E-01  1.0445E+02  3.3526E+01  0.0000E+00  9.8078E-01  9.8077E-01 -1.6623E+04 -1.6623E+04
  2.6501E-01  8.8400E-01  1.0446E+02  3.3014E+01  0.0000E+00  9.8074E-01  9.8072E-01 -1.6368E+04 -1.6368E+04
  2.6531E-01  8.8500E-01  1.0447E+02  3.2488E+01  0.0000E+00  9.8069E-01  9.8067E-01 -1.6107E+04 -1.6107E+04
  2.6561E-01  8.8600E-01  1.0447E+02  3.1948E+01  0.0000E+00  9.8064E-01  9.8063E-01 -1.5840E+04 -1.5840E+04
  2.6591E-01  8.8700E-01  1.0448E+02  3.1402E+01  0.0000E+00  9.8060E-01  9.8058E-01 -1.5568E+04 -1.5568E+04
  2.6621E-01  8.8800E-01  1.0449E+02  3.0840E+01  0.0000E+00  9.8056E-01  9.8054E-01 -1.5292E+04 -1.5291E+04
  2.6651E-01  8.8900E-01  1.0450E+02  3.0274E+01  0.0000E+00  9.8051E-01  9.8049E-01 -1.5012E+04 -1.5011E+04
  2.6681E-01  8.9000E-01  1.0451E+02  2.9698E+01  0.0000E+00  9.8047E-01  9.8045E-01 -1.4728E+04 -1.4728E+04
  2.6711E-01  8.9100E-01  1.0452E+02  2.9118E+01  0.0000E+00  9.8043E-01  9.8041E-01 -1.4443E+04 -1.4443E+04
  2.6741E-01  8.9200E-01  1.0453E+02  2.8534E+01  0.0000E+00  9.8039E-01  9.8037E-01 -1.4156E+04 -1.4156E+04
  2.6771E-01  8.9300E-01  1.0454E+02  2.7948E+01  0.0000E+00  9.8035E-01  9.8033E-01 -1.3869E+04 -1.3869E+04
  2.6801E-01  8.9400E-01  1.0455E+02  2.7364E+01  0.0000E+00  9.8031E-01  9.8029E-01 -1.3582E+04 -1.3582E+04
  2.6831E-01  8.9500E-01  1.0455E+02  2.6777E+01  0.0000E+00  9.8027E-01  9.8025E-01 -1.3296E+04 -1.3296E+04
  2.6861E-01  8.9600E-01  1.0456E+02  2.6198E+01  0.0000E+00  9.8023E-01  9.8021E-01 -1.3013E+04 -1.3013E+04
  2.6891E-01  8.9700E-01  1.0457E+02  2.5622E+01  0.0000E+00  9.8019E-01  9.8018E-01 -1.2733E+04 -1.2733E+04
  2.6921E-01  8.9800E-01  1.0458E+02  2.5055E+01  0.0000E+00  9.8016E-01  9.8014E-01 -1.2458E+04 -1.2457E+04
  2.6951E-01  8.9900E-01  1.0458E+02  2.4498E+01  0.0000E+00  9.8012E-01  9.8011E-01 -1.2187E+04 -1.2187E+04
  2.6981E-01  9.0000E-01  1.0459E+02  2.3953E+01  0.0000E+00  9.8009E-01  9.8007E-01 -1.1924E+04 -1.1924E+04
  2.7011E-01  9.0100E-01  1.0460E+02  2.3423E+01  0.0000E+00  9.8005E-01  9.8004E-01 -1.1668E+04 -1.1668E+04
  2.7041E-01  9.0200E-01  1.0460E+02  2.2908E+01  0.0000E+00  9.8002E-01  9.8000E-01 -1.1421E+04 -1.1420E+04
  2.7071E-01  9.0300E-01  1.0461E+02  2.2414E+01  0.0000E+00  9.7999E-01  9.7997E-01 -1.1183E+04 -1.1183E+04
  2.7101E-01  9.0400E-01  1.0462E+02  2.1939E+01  0.0000E+00  9.7996E-01  9.7994E-01 -1.0956E+04 -1.0956E+04
  2.7131E-01  9.0500E-01  1.0462E+02  2.1488E+01  0.0000E+00  9.7993E-01  9.7991E-01 -1.0742E+04 -1.0742E+04
  2.7161E-01  9.0600E-01  1.0463E+02  2.1063E+01  0.0000E+00  9.7990E-01  9.7988E-01 -1.0540E+04 -1.0540E+04
  2.7191E-01  9.0700E-01  1.0464E+02  2.0666E+01  0.0000E+00  9.7987E-01  9.7985E-01 -1.0353E+04 -1.0353E+04
  2.7221E-01  9.0800E-01  1.0464E+02  2.0297E+01  0.0000E+00  9.7984E-01  9.7982E-01 -1.0180E+04 -1.0180E+04
  2.7251E-01  9.0900E-01  1.0465E+02  1.9961E+01  0.0000E+00  9.7981E-01  9.7979E-01 -1.0023E+04 -1.0023E+04
  2.7281E-01  9.1000E-01  1.0465E+02  1.9657E+01  0.0000E+00  9.7978E-01  9.7976E-01 -9.8829E+03 -9.8827E+03
  2.7311E-01  9.1100E-01  1.0466E+02  1.9388E+01  0.0000E+00  9.7975E-01  9.7973E-01 -9.7600E+03 -9.7598E+03
  2.7341E-01  9.1200E-01  1.0467E+02  1.9155E+01  0.0000E+00  9.7972E-01  9.7971E-01 -9.6551E+03 -9.6550E+03
  2.7371E-01  9.1300E-01  1.0467E+02  1.8960E+01  0.0000E+00  9.7969E-01  9.7968E-01 -9.5689E+03 -9.5687E+03
  2.7401E-01  9.1400E-01  1.0468E+02  1.8804E+01  0.0000E+00  9.7967E-01  9.7965E-01 -9.5018E+03 -9.5016E+03
  2.7431E-01  9.1500E-01  1.0468E+02  1.8685E+01  0.0000E+00  9.7964E-01  9.7962E-01 -9.4541E+03 -9.4540E+03
  2.7461E-01  9.1600E-01  1.0469E+02  1.8609E+01  0.0000E+00  9.7961E-01  9.7960E-01 -9.4262E+03 -9.4261E+03
  2.7491E-01  9.1700E-01  1.0469E+02  1.8572E+01  0.0000E+00  9.7959E-01  9.7957E-01 -9.4181E+03 -9.4179E+03
  2.7521E-01  9.1800E-01  1.0470E+02  1.8576E+01  0.0000E+00  9.7956E-01  9.7954E-01 -9.4297E+03 -9.4295E+03
  2.7551E-01  9.1900E-01  1.0471E+02  1.8619E+01  0.0000E+00  9.7953E-01  9.7952E-01 -9.4610E+03 -9.4609E+03
  2.7581E-01  9.2000E-01  1.0471E+02  1.8703E+01  0.0000E+00  9.7951E-01  9.7949E-01 -9.5121E+03 -9.5119E+03
  2.7611E-01  9.2100E-01  1.0472E+02  1.8828E+01  0.0000E+00  9.7948E-01  9.7946E-01 -9.5825E+03 -9.5824E+03
  2.7641E-01  9.2200E-01  1.0472E+02  1.8991E+01  0.0000E+00  9.7945E-01  9.7943E-01 -9.6721E+03 -9.6719E+03
  2.7670E-01  9.2300E-01  1.0473E+02  1.9194E+01  0.0000E+00  9.7942E-01  9.7941E-01 -9.7801E+03 -9.7799E+03
  2.7700E-01  9.2400E-01  1.0473E+02  1.9432E+01  0.0000E+00  9.7939E-01  9.7938E-01 -9.9060E+03 -9.9058E+03
  2.7730E-01  9.2500E-01  1.0474E+02  1.9708E+01  0.0000E+00  9.7937E-01  9.7935E-01 -1.0049E+04 -1.0049E+04
  2.7760E-01  9.2600E-01  1.0475E+02  2.0017E+01  0.0000E+00  9.7934E-01  9.7932E-01 -1.0209E+04 -1.0209E+04
  2.7790E-01  9.2700E-01  1.0475E+02  2.0360E+01  0.0000E+00  9.7931E-01  9.7929E-01 -1.0384E+04 -1.0384E+04
  2.7820E-01  9.2800E-01  1.0476E+02  2.0733E+01  0.0000E+00  9.7928E-01  9.7926E-01 -1.0574E+04 -1.0574E+04
  2.7850E-01  9.2900E-01  1.0476E+02  2.1136E+01  0.0000E+00  9.7925E-01  9.7923E-01 -1.0778E+04 -1.0778E+04
  2.7880E-01  9.3000E-01  1.0477E+02  2.1566E+01  0.0000E+00  9.7922E-01  9.7920E-01 -1.0995E+04 -1.0994E+04
  2.7910E-01  9.3100E-01  1.0478E+02  2.2021E+01  0.0000E+00  9.7918E-01  9.7917E-01 -1.1223E+04 -1.1223E+04
  2.7940E-01  9.3200E-01  1.0478E+02  2.2498E+01  0.0000E+00  9.7915E-01  9.7913E-01 -1.1462E+04 -1.1462E+04
  2.7970E-01  9.3300E-01  1.0479E+02  2.2997E+01  0.0000E+00  9.7912E-01  9.7910E-01 -1.1710E+04 -1.1710E+04
  2.8000E-01  9.3400E-01  1.0480E+02  2.3514E+01  0.0000E+00  9.7908E-01  9.7907E-01 -1.1968E+04 -1.1967E+04
  2.8030E-01  9.3500E-01  1.0481E+02  2.4047E+01  0.0000E+00  9.7905E-01  9.7903E-01 -1.2232E+04 -1.2232E+04
  2.8060E-01  9.3600E-01  1.0481E+02  2.4595E+01  0.0000E+00  9.7901E-01  9.7900E-01 -1.2503E+04 -1.2502E+04
  2.8090E-01  9.3700E-01  1.0482E+02  2.5152E+01  0.0000E+00  9.7898E-01  9.7896E-01 -1.2778E+04 -1.2778E+04
  2.8120E-01  9.3800E-01  1.0483E+02  2.5722E+01  0.0000E+00  9.7894E-01  9.7892E-01 -1.3059E+04 -1.3058E+04
  2.8150E-01  9.3900E-01  1.0484E+02  2.6297E+01  0.0000E+00  9.7890E-01  9.7889E-01 -1.3342E+04 -1.3342E+04
  2.8180E-01  9.4000E-01  1.0484E+02  2.6878E+01  0.0000E+00  9.7887E-01  9.7885E-01 -1.3627E+04 -1.3627E+04
  2.8210E-01  9.4100E-01  1.0485E+02  2.7463E+01  0.0000E+00  9.7883E-01  9.7881E-01 -1.3914E+04 -1.3914E+04
  2.8240E-01  9.4200E-01  1.0486E+02  2.8048E+01  0.0000E+00  9.7879E-01  9.7877E-01 -1.4200E+04 -1.4200E+04
  2.8270E-01  9.4300E-01  1.0487E+02  2.8635E+01  0.0000E+00  9.7874E-01  9.7873E-01 -1.4486E+04 -1.4486E+04
  2.8300E-01  9.4400E-01  1.0488E+02  2.9216E+01  0.0000E+00  9.7870E-01  9.7869E-01 -1.4771E+04 -1.4771E+04
  2.8330E-01  9.4500E-01  1.0489E+02  2.9797E+01  0.0000E+00  9.7866E-01  9.7864E-01 -1.5053E+04 -1.5053E+04
  2.8360E-01  9.4600E-01  1.0490E+02  3.0368E+01  0.0000E+00  9.7862E-01  9.7860E-01 -1.5332E+04 -1.5331E+04
  2.8390E-01  9.4700E-01  1.0491E+02  3.0935E+01  0.0000E+00  9.7857E-01  9.7856E-01 -1.5607E+04 -1.5606E+04
  2.8420E-01  9.4800E-01  1.0492E+02  3.1493E+01  0.0000E+00  9.7853E-01  9.7851E-01 -1.5877E+04 -1.5877E+04
  2.8450E-01  9.4900E-01  1.0492E+02  3.2039E+01  0.0000E+00  9.7848E-01  9.7846E-01 -1.6142E+04 -1.6142E+04
  2.8480E-01  9.5000E-01  1.0493E+02  3.2577E+01  0.0000E+00  9.7844E-01  9.7842E-01 -1.6402E+04 -1.6401E+04
  2.8510E-01  9.5100E-01  1.0494E+02  3.3099E+01  0.0000E+00  9.7839E-01  9.7837E-01 -1.6655E+04 -1.6654E+04
  2.8540E-01  9.5200E-01  1.0495E+02  3.3612E+01  0.0000E+00  9.7834E-01  9.7832E-01 -1.6901E+04 -1.6900E+04
  2.8570E-01  9.5300E-01  1.0496E+02  3.4105E+01  0.0000E+00  9.7829E-01  9.7827E-01 -1.7139E+04 -1.7139E+04
  2.8600E-01  9.5400E-01  1.0498E+02  3.4585E+01  0.0000E+00  9.7824E-01  9.7823E-01 -1.7370E+04 -1.7370E+04
  2.8630E-01  9.5500E-01  1.0499E+02  3.5048E+01  0.0000E+00  9.7819E-01  9.7818E-01 -1.7592E+04 -1.7592E+04
  2.8660E-01  9.5600E-01  1.0500E+02  3.5492E+01  0.0000E+00  9.7814E-01  9.7812E-01 -1.7806E+04 -1.7805E+04
  2.8690E-01  9.5700E-01  1.0501E+02  3.5922E+01  0.0000E+00  9.7809E-01  9.7807E-01 -1.8011E+04 -1.8010E+04
  2.8720E-01  9.5800E-01  1.0502E+02  3.6329E+01  0.0000E+00  9.7804E-01  9.7802E-01 -1.8206E+04 -1.8206E+04
  2.8750E-01  9.5900E-01  1.0503E+02  3.6721E+01  0.0000E+00  9.7799E-01  9.7797E-01 -1.8392E+04 -1.8391E+04
  2.8780E-01  9.6000E-01  1.0504E+02  3.7088E+01  0.0000E+00  9.7793E-01  9.7792E-01 -1.8567E+04 -1.8567E+04
  2.8810E-01  9.6100E-01  1.0505E+02  3.7437E+01  0.0000E+00  9.7788E-01  9.7786E-01 -1.8732E+04 -1.8732E+04
  2.8840E-01  9.6200E-01  1.0506E+02  3.7765E+01  0.0000E+00  9.7783E-01  9.7781E-01 -1.8888E+04 -1.8887E+04
  2.8870E-01  9.6300E-01  1.0507E+02  3.8070E+01  0.0000E+00  9.7777E-01  9.7776E-01 -1.9032E+04 -1.9032E+04
  2.8900E-01  9.6400E-01  1.0509E+02  3.8357E+01  0.0000E+00  9.7772E-01  9.7770E-01 -1.9166E+04 -1.9165E+04
  2.8930E-01  9.6500E-01  1.0510E+02  3.8616E+01  0.0000E+00  9.7766E-01  9.7765E-01 -1.9289E+04 -1.9288E+04
  2.8960E-01  9.6600E-01  1.0511E+02  3.8859E+01  0.0000E+00  9.7761E-01  9.7759E-01 -1.9400E+04 -1.9400E+04
  2.8990E-01  9.6700E-01  1.0512E+02  3.9075E+01  0.0000E+00  9.7755E-01  9.7754E-01 -1.9501E+04 -1.9501E+04
  2.9020E-01  9.6800E-01  1.0513E+02  3.9270E+01  0.0000E+00  9.7750E-01  9.7748E-01 -1.9591E+04 -1.9590E+04
  2.9050E-01  9.6900E-01  1.0514E+02  3.9441E+01  0.0000E+00  9.7744E-01  9.7742E-01 -1.9669E+04 -1.9669E+04
  2.9080E-01  9.7000E-01  1.0516E+02  3.9588E+01  0.0000E+00  9.7738E-01  9.7737E-01 -1.9736E+04 -1.9735E+04
  2.9109E-01  9.7100E-01  1.0517E+02  3.9716E+01  0.0000E+00  9.7733E-01  9.7731E-01 -1.9791E+04 -1.9790E+04
  2.9139E-01  9.7200E-01  1.0518E+02  3.9814E+01  0.0000E+00  9.7727E-01  9.7726E-01 -1.9834E+04 -1.9834E+04
  2.9169E-01  9.7300E-01  1.0519E+02  3.9893E+01  0.0000E+00  9.7722E-01  9.7720E-01 -1.9866E+04 -1.9866E+04
  2.9199E-01  9.7400E-01  1.0520E+02  3.9945E+01  0.0000E+00  9.7716E-01  9.7714E-01 -1.9887E+04 -1.9886E+04
  2.9229E-01  9.7500E-01  1.0522E+02  3.9975E+01  0.0000E+00  9.7710E-01  9.7709E-01 -1.9895E+04 -1.9895E+04
  2.9259E-01  9.7600E-01  1.0523E+02  3.9982E+01  0.0000E+00  9.7705E-01  9.7703E-01 -1.9892E+04 -1.9892E+04
  2.9289E-01  9.7700E-01  1.0524E+02  3.9963E+01  0.0000E+00  9.7699E-01  9.7697E-01 -1.9878E+04 -1.9878E+04
  2.9319E-01  9.7800E-01  1.0525E+02  3.9923E+01  0.0000E+00  9.7693E-01  9.7692E-01 -1.9852E+04 -1.9851E+04
  2.9349E-01  9.7900E-01  1.0526E+02  3.9855E+01  0.0000E+00  9.7688E-01  9.7686E-01 -1.9814E+04 -1.9813E+04
  2.9379E-01  9.8000E-01  1.0528E+02  3.9768E+01  0.0000E+00  9.7682E-01  9.7680E-01 -1.9764E+04 -1.9764E+04
  2.9409E-01  9.8100E-01  1.0529E+02  3.9653E+01  0.0000E+00  9.7676E-01  9.7675E-01 -1.9703E+04 -1.9702E+04
  2.9439E-01  9.8200E-01  1.0530E+02  3.9516E+01  0.0000E+00  9.7671E-01  9.7669E-01 -1.9630E+04 -1.9630E+04
  2.9469E-01  9.8300E-01  1.0531E+02  3.9355E+01  0.0000E+00  9.7665E-01  9.7663E-01 -1.9546E+04 -1.9546E+04
  2.9499E-01  9.8400E-01  1.0532E+02  3.9170E+01  0.0000E+00  9.7660E-01  9.7658E-01 -1.9451E+04 -1.9450E+04
  2.9529E-01  9.8500E-01  1.0533E+02  3.8967E+01  0.0000E+00  9.7654E-01  9.7652E-01 -1.9344E+04 -1.9344E+04
  2.9559E-01  9.8600E-01  1.0535E+02  3.8735E+01  0.0000E+00  9.7649E-01  9.7647E-01 -1.9227E+04 -1.9227E+04
  2.9589E-01  9.8700E-01  1.0536E+02  3.8485E+01  0.0000E+00  9.7643E-01  9.7641E-01 -1.9098E+04 -1.9098E+04
  2.9619E-01  9.8800E-01  1.0537E+02  3.8210E+01  0.0000E+00  9.7638E-01  9.7636E-01 -1.8959E+04 -1.8959E+04
  2.9649E-01  9.8900E-01  1.0538E+02  3.7914E+01  0.0000E+00  9.7632E-01  9.7631E-01 -1.8809E+04 -1.8809E+04
  2.9679E-01  9.9000E-01  1.0539E+02  3.7597E+01  0.0000E+00  9.7627E-01  9.7625E-01 -1.8649E+04 -1.8649E+04
  2.9709E-01  9.9100E-01  1.0540E+02  3.7258E+01  0.0000E+00  9.7622E-01  9.7620E-01 -1.8479E+04 -1.8479E+04
  2.9739E-01  9.9200E-01  1.0541E+02  3.6903E+01  0.0000E+00  9.7617E-01  9.7615E-01 -1.8299E+04 -1.8298E+04
  2.9769E-01  9.9300E-01  1.0542E+02  3.6519E+01  0.0000E+00  9.7611E-01  9.7610E-01 -1.8108E+04 -1.8108E+04
  2.9799E-01  9.9400E-01  1.0544E+02  3.6121E+01  0.0000E+00  9.7606E-01  9.7605E-01 -1.7909E+04 -1.7908E+04
  2.9829E-01  9.9500E-01  1.0545E+02  3.5701E+01  0.0000E+00  9.7601E-01  9.7599E-01 -1.7700E+04 -1.7699E+04
  2.9859E-01  9.9600E-01  1.0546E+02  3.5265E+01  0.0000E+00  9.7596E-01  9.7594E-01 -1.7482E+04 -1.7482E+04
  2.9889E-01  9.9700E-01  1.0547E+02  3.4811E+01  0.0000E+00  9.7591E-01  9.7590E-01 -1.7256E+04 -1.7256E+04
  2.9919E-01  9.9800E-01  1.0548E+02  3.4339E+01  0.0000E+00  9.7586E-01  9.7585E-01 -1.7022E+04 -1.7022E+04
  2.9949E-01  9.9900E-01  1.0549E+02  3.3855E+01  0.0000E+00  9.7582E-01  9.7580E-01 -1.6781E+04 -1.6780E+04
  2.9979E-01  1.0000E+00  1.0550E+02  3.3348E+01  0.0000E+00  9.7577E-01  9.7575E-01 -1.6531E+04 -1.6531E+04
  3.0009E-01  1.0010E+00  1.0551E+02  3.2832E+01  0.0000E+00  9.7572E-01  9.7570E-01 -1.6275E+04 -1.6275E+04
  3.0039E-01  1.0020E+00  1.0552E+02  3.2298E+01  0.0000E+00  9.7568E-01  9.7566E-01 -1.6013E+04 -1.6012E+04
  3.0069E-01  1.0030E+00  1.0553E+02  3.1756E+01  0.0000E+00  9.7563E-01  9.7561E-01 -1.5745E+04 -1.5745E+04
  3.0099E-01  1.0040E+00  1.0554E+02  3.1204E+01  0.0000E+00  9.7559E-01  9.7557E-01 -1.5473E+04 -1.5473E+04
  3.0129E-01  1.0050E+00  1.0555E+02  3.0641E+01  0.0000E+00  9.7554E-01  9.7553E-01 -1.5197E+04 -1.5197E+04
  3.0159E-01  1.0060E+00  1.0555E+02  3.0072E+01  0.0000E+00  9.7550E-01  9.7548E-01 -1.4917E+04 -1.4917E+04
  3.0189E-01  1.0070E+00  1.0556E+02  2.9494E+01  0.0000E+00  9.7546E-01  9.7544E-01 -1.4635E+04 -1.4635E+04
  3.0219E-01  1.0080E+00  1.0557E+02  2.8915E+01  0.0000E+00  9.7542E-01  9.7540E-01 -1.4350E+04 -1.4350E+04
  3.0249E-01  1.0090E+00  1.0558E+02  2.8329E+01  0.0000E+00  9.7538E-01  9.7536E-01 -1.4065E+04 -1.4065E+04
  3.0279E-01  1.0100E+00  1.0559E+02  2.7743E+01  0.0000E+00  9.7534E-01  9.7532E-01 -1.3779E+04 -1.3779E+04
  3.0309E-01  1.0110E+00  1.0560E+02  2.7159E+01  0.0000E+00  9.7530E-01  9.7528E-01 -1.3494E+04 -1.3494E+04
  3.0339E-01  1.0120E+00  1.0560E+02  2.6575E+01  0.0000E+00  9.7526E-01  9.7524E-01 -1.3211E+04 -1.3211E+04
  3.0369E-01  1.0130E+00  1.0561E+02  2.5997E+01  0.0000E+00  9.7522E-01  9.7521E-01 -1.2930E+04 -1.2930E+04
  3.0399E-01  1.0140E+00  1.0562E+02  2.5424E+01  0.0000E+00  9.7519E-01  9.7517E-01 -1.2653E+04 -1.2653E+04
  3.0429E-01  1.0150E+00  1.0563E+02  2.4862E+01  0.0000E+00  9.7515E-01  9.7513E-01 -1.2381E+04 -1.2381E+04
  3.0459E-01  1.0160E+00  1.0563E+02  2.4307E+01  0.0000E+00  9.7512E-01  9.7510E-01 -1.2115E+04 -1.2115E+04
  3.0489E-01  1.0170E+00  1.0564E+02  2.3768E+01  0.0000E+00  9.7508E-01  9.7507E-01 -1.1855E+04 -1.1855E+04
  3.0518E-01  1.0180E+00  1.0565E+02  2.3244E+01  0.0000E+00  9.7505E-01  9.7503E-01 -1.1603E+04 -1.1603E+04
  3.0548E-01  1.0190E+00  1.0566E+02  2.2736E+01  0.0000E+00  9.7502E-01  9.7500E-01 -1.1361E+04 -1.1360E+04
  3.0578E-01  1.0200E+00  1.0566E+02  2.2247E+01  0.0000E+00  9.7498E-01  9.7497E-01 -1.1128E+04 -1.1127E+04
  3.0608E-01  1.0210E+00  1.0567E+02  2.1780E+01  0.0000E+00  9.7495E-01  9.7494E-01 -1.0906E+04 -1.0906E+04
  3.0638E-01  1.0220E+00  1.0568E+02  2.1339E+01  0.0000E+00  9.7492E-01  9.7491E-01 -1.0697E+04 -1.0697E+04
  3.0668E-01  1.0230E+00  1.0568E+02  2.0923E+01  0.0000E+00  9.7489E-01  9.7488E-01 -1.0501E+04 -1.0501E+04
  3.0698E-01  1.0240E+00  1.0569E+02  2.0536E+01  0.0000E+00  9.7486E-01  9.7485E-01 -1.0320E+04 -1.0320E+04
  3.0728E-01  1.0250E+00  1.0569E+02  2.0178E+01  0.0000E+00  9.7483E-01  9.7482E-01 -1.0153E+04 -1.0153E+04
  3.0758E-01  1.0260E+00  1.0570E+02  1.9852E+01  0.0000E+00  9.7481E-01  9.7479E-01 -1.0003E+04 -1.0002E+04
  3.0788E-01  1.0270E+00  1.0571E+02  1.9560E+01  0.0000E+00  9.7478E-01  9.7476E-01 -9.8685E+03 -9.8683E+03
  3.0818E-01  1.0280E+00  1.0571E+02  1.9303E+01  0.0000E+00  9.7475E-01  9.7473E-01 -9.7521E+03 -9.7519E+03
  3.0848E-01  1.0290E+00  1.0572E+02  1.9081E+01  0.0000E+00  9.7472E-01  9.7471E-01 -9.6539E+03 -9.6537E+03
  3.0878E-01  1.0300E+00  1.0572E+02  1.8899E+01  0.0000E+00  9.7469E-01  9.7468E-01 -9.5746E+03 -9.5744E+03
  3.0908E-01  1.0310E+00  1.0573E+02  1.8756E+01  0.0000E+00  9.7467E-01  9.7465E-01 -9.5145E+03 -9.5143E+03
  3.0938E-01  1.0320E+00  1.0573E+02  1.8653E+01  0.0000E+00  9.7464E-01  9.7462E-01 -9.4739E+03 -9.4737E+03
  3.0968E-01  1.0330E+00  1.0574E+02  1.8590E+01  0.0000E+00  9.7461E-01  9.7460E-01 -9.4529E+03 -9.4528E+03
  3.0998E-01  1.0340E+00  1.0575E+02  1.8566E+01  0.0000E+00  9.7459E-01  9.7457E-01 -9.4515E+03 -9.4514E+03
  3.1028E-01  1.0350E+00  1.0575E+02  1.8584E+01  0.0000E+00  9.7456E-01  9.7454E-01 -9.4698E+03 -9.4696E+03
  3.1058E-01  1.0360E+00  1.0576E+02  1.8641E+01  0.0000E+00  9.7453E-01  9.7452E-01 -9.5076E+03 -9.5075E+03
  3.1088E-01  1.0370E+00  1.0576E+02  1.8739E+01  0.0000E+00  9.7451E-01  9.7449E-01 -9.5650E+03 -9.5648E+03
  3.1118E-01  1.0380E+00  1.0577E+02  1.8877E+01  0.0000E+00  9.7448E-01  9.7446E-01 -9.6416E+03 -9.6414E+03
  3.1148E-01  1.0390E+00  1.0577E+02  1.9054E+01  0.0000E+00  9.7445E-01  9.7444E-01 -9.7370E+03 -9.7368E+03
  3.1178E-01  1.0400E+00  1.0578E+02  1.9269E+01  0.0000E+00  9.7442E-01  9.7441E-01 -9.8506E+03 -9.8504E+03
  3.1208E-01  1.0410E+00  1.0579E+02  1.9519E+01  0.0000E+00  9.7440E-01  9.7438E-01 -9.9817E+03 -9.9815E+03
  3.1238E-01  1.0420E+00  1.0579E+02  1.9807E+01  0.0000E+00  9.7437E-01  9.7435E-01 -1.0130E+04 -1.0129E+04
  3.1268E-01  1.0430E+00  1.0580E+02  2.0128E+01  0.0000E+00  9.7434E-01  9.7432E-01 -1.0294E+04 -1.0294E+04
  3.1298E-01  1.0440E+00  1.0580E+02  2.0480E+01  0.0000E+00  9.7431E-01  9.7429E-01 -1.0473E+04 -1.0473E+04
  3.1328E-01  1.0450E+00  1.0581E+02  2.0863E+01  0.0000E+00  9.7428E-01  9.7426E-01 -1.0667E+04 -1.0667E+04
  3.1358E-01  1.0460E+00  1.0582E+02  2.1276E+01  0.0000E+00  9.7425E-01  9.7423E-01 -1.0875E+04 -1.0874E+04
  3.1388E-01  1.0470E+00  1.0582E+02  2.1716E+01  0.0000E+00  9.7422E-01  9.7420E-01 -1.1095E+04 -1.1095E+04
  3.1418E-01  1.0480E+00  1.0583E+02  2.2182E+01  0.0000E+00  9.7419E-01  9.7417E-01 -1.1326E+04 -1.1326E+04
  3.1448E-01  1.0490E+00  1.0584E+02  2.2665E+01  0.0000E+00  9.7415E-01  9.7414E-01 -1.1567E+04 -1.1567E+04
  3.1478E-01  1.0500E+00  1.0584E+02  2.3170E+01  0.0000E+00  9.7412E-01  9.7410E-01 -1.1818E+04 -1.1817E+04
  3.1508E-01  1.0510E+00  1.0585E+02  2.3694E+01  0.0000E+00  9.7409E-01  9.7407E-01 -1.2076E+04 -1.2076E+04
  3.1538E-01  1.0520E+00  1.0586E+02  2.4232E+01  0.0000E+00  9.7405E-01  9.7404E-01 -1.2341E+04 -1.2341E+04
  3.1568E-01  1.0530E+00  1.0586E+02  2.4782E+01  0.0000E+00  9.7402E-01  9.7400E-01 -1.2612E+04 -1.2612E+04
  3.1598E-01  1.0540E+00  1.0587E+02  2.5344E+01  0.0000E+00  9.7398E-01  9.7396E-01 -1.2888E+04 -1.2888E+04
  3.1628E-01  1.0550E+00  1.0588E+02  2.5918E+01  0.0000E+00  9.7394E-01  9.7393E-01 -1.3168E+04 -1.3168E+04
  3.1658E-01  1.0560E+00  1.0589E+02  2.6493E+01  0.0000E+00  9.7391E-01  9.7389E-01 -1.3451E+04 -1.3451E+04
  3.1688E-01  1.0570E+00  1.0590E+02  2.7076E+01  0.0000E+00  9.7387E-01  9.7385E-01 -1.3735E+04 -1.3735E+04
  3.1718E-01  1.0580E+00  1.0590E+02  2.7661E+01  0.0000E+00  9.7383E-01  9.7381E-01 -1.4020E+04 -1.4020E+04
  3.1748E-01  1.0590E+00  1.0591E+02  2.8248E+01  0.0000E+00  9.7379E-01  9.7377E-01 -1.4305E+04 -1.4305E+04
  3.1778E-01  1.0600E+00  1.0592E+02  2.8831E+01  0.0000E+00  9.7375E-01  9.7373E-01 -1.4590E+04 -1.4589E+04
  3.1808E-01  1.0610E+00  1.0593E+02  2.9412E+01  0.0000E+00  9.7371E-01  9.7369E-01 -1.4872E+04 -1.4872E+04
  3.1838E-01  1.0620E+00  1.0594E+02  2.9993E+01  0.0000E+00  9.7366E-01  9.7365E-01 -1.5151E+04 -1.5151E+04
  3.1868E-01  1.0630E+00  1.0595E+02  3.0560E+01  0.0000E+00  9.7362E-01  9.7360E-01 -1.5428E+04 -1.5427E+04
  3.1898E-01  1.0640E+00  1.0596E+02  3.1125E+01  0.0000E+00  9.7358E-01  9.7356E-01 -1.5700E+04 -1.5699E+04
  3.1927E-01  1.0650E+00  1.0597E+02  3.1679E+01  0.0000E+00  9.7353E-01  9.7351E-01 -1.5967E+04 -1.5967E+04
  3.1957E-01  1.0660E+00  1.0598E+02  3.2223E+01  0.0000E+00  9.7349E-01  9.7347E-01 -1.6229E+04 -1.6229E+04
  3.1987E-01  1.0670E+00  1.0599E+02  3.2754E+01  0.0000E+00  9.7344E-01  9.7342E-01 -1.6485E+04 -1.6485E+04
  3.2017E-01  1.0680E+00  1.0600E+02  3.3273E+01  0.0000E+00  9.7339E-01  9.7338E-01 -1.6734E+04 -1.6734E+04
  3.2047E-01  1.0690E+00  1.0601E+02  3.3781E+01  0.0000E+00  9.7334E-01  9.7333E-01 -1.6976E+04 -1.6976E+04
  3.2077E-01  1.0700E+00  1.0602E+02  3.4267E+01  0.0000E+00  9.7330E-01  9.7328E-01 -1.7211E+04 -1.7211E+04
  3.2107E-01  1.0710E+00  1.0603E+02  3.4743E+01  0.0000E+00  9.7325E-01  9.7323E-01 -1.7438E+04 -1.7438E+04
  3.2137E-01  1.0720E+00  1.0604E+02  3.5199E+01  0.0000E+00  9.7320E-01  9.7318E-01 -1.7657E+04 -1.7657E+04
  3.2167E-01  1.0730E+00  1.0605E+02  3.5641E+01  0.0000E+00  9.7315E-01  9.7313E-01 -1.7867E+04 -1.7867E+04
  3.2197E-01  1.0740E+00  1.0606E+02  3.6066E+01  0.0000E+00  9.7310E-01  9.7308E-01 -1.8068E+04 -1.8068E+04
  3.2227E-01  1.0750E+00  1.0607E+02  3.6467E+01  0.0000E+00  9.7305E-01  9.7303E-01 -1.8260E+04 -1.8259E+04
  3.2257E-01  1.0760E+00  1.0608E+02  3.6852E+01  0.0000E+00  9.7299E-01  9.7298E-01 -1.8441E+04 -1.8441E+04
  3.2287E-01  1.0770E+00  1.0609E+02  3.7211E+01  0.0000E+00  9.7294E-01  9.7292E-01 -1.8612E+04 -1.8612E+04
  3.2317E-01  1.0780E+00  1.0610E+02  3.7556E+01  0.0000E+00  9.7289E-01  9.7287E-01 -1.8774E+04 -1.8774E+04
  3.2347E-01  1.0790E+00  1.0612E+02  3.7876E+01  0.0000E+00  9.7283E-01  9.7282E-01 -1.8925E+04 -1.8925E+04
  3.2377E-01  1.0800E+00  1.0613E+02  3.8177E+01  0.0000E+00  9.7278E-01  9.7276E-01 -1.9066E+04 -1.9065E+04
  3.2407E-01  1.0810E+00  1.0614E+02  3.8454E+01  0.0000E+00  9.7273E-01  9.7271E-01 -1.9195E+04 -1.9195E+04
  3.2437E-01  1.0820E+00  1.0615E+02  3.8708E+01  0.0000E+00  9.7267E-01  9.7266E-01 -1.9314E+04 -1.9313E+04
  3.2467E-01  1.0830E+00  1.0616E+02  3.8943E+01  0.0000E+00  9.7262E-01  9.7260E-01 -1.9421E+04 -1.9421E+04
  3.2497E-01  1.0840E+00  1.0617E+02  3.9150E+01  0.0000E+00  9.7256E-01  9.7255E-01 -1.9518E+04 -1.9517E+04
  3.2527E-01  1.0850E+00  1.0618E+02  3.9338E+01  0.0000E+00  9.7251E-01  9.7249E-01 -1.9603E+04 -1.9602E+04
  3.2557E-01  1.0860E+00  1.0620E+02  3.9499E+01  0.0000E+00  9.7245E-01  9.7244E-01 -1.9676E+04 -1.9676E+04
  3.2587E-01  1.0870E+00  1.0621E+02  3.9640E+01  0.0000E+00  9.7240E-01  9.7238E-01 -1.9739E+04 -1.9738E+04
  3.2617E-01  1.0880E+00  1.0622E+02  3.9756E+01  0.0000E+00  9.7234E-01  9.7232E-01 -1.9790E+04 -1.9789E+04
  3.2647E-01  1.0890E+00  1.0623E+02  3.9848E+01  0.0000E+00  9.7228E-01  9.7227E-01 -1.9829E+04 -1.9829E+04
  3.2677E-01  1.0900E+00  1.0624E+02  3.9921E+01  0.0000E+00  9.7223E-01  9.7221E-01 -1.9857E+04 -1.9857E+04
  3.2707E-01  1.0910E+00  1.0626E+02  3.9964E+01  0.0000E+00  9.7217E-01  9.7216E-01 -1.9874E+04 -1.9874E+04
  3.2737E-01  1.0920E+00  1.0627E+02  3.9988E+01  0.0000E+00  9.7212E-01  9.7210E-01 -1.9880E+04 -1.9879E+04
  3.2767E-01  1.0930E+00  1.0628E+02  3.9984E+01  0.0000E+00  9.7206E-01  9.7204E-01 -1.9873E+04 -1.9872E+04
  3.2797E-01  1.0940E+00  1.0629E+02  3.9958E+01  0.0000E+00  9.7200E-01  9.7199E-01 -1.9854E+04 -1.9853E+04
  3.2827E-01  1.0950E+00  1.0630E+02  3.9908E+01  0.0000E+00  9.7195E-01  9.7193E-01 -1.9823E+04 -1.9823E+04
  3.2857E-01  1.0960E+00  1.0632E+02  3.9832E+01  0.0000E+00  9.7189E-01  9.7188E-01 -1.9781E+04 -1.9781E+04
  3.2887E-01  1.0970E+00  1.0633E+02  3.9737E+01  0.0000E+00  9.7184E-01  9.7182E-01 -1.9728E+04 -1.9728E+04
  3.2917E-01  1.0980E+00  1.0634E+02  3.9614E+01  0.0000E+00  9.7178E-01  9.7176E-01 -1.9664E+04 -1.9664E+04
  3.2947E-01  1.0990E+00  1.0635E+02  3.9472E+01  0.0000E+00  9.7173E-01  9.7171E-01 -1.9588E+04 -1.9588E+04
  3.2977E-01  1.1000E+00  1.0636E+02  3.9303E+01  0.0000E+00  9.7167E-01  9.7165E-01 -1.9501E+04 -1.9501E+04
  3.3007E-01  1.1010E+00  1.0638E+02  3.9112E+01  0.0000E+00  9.7162E-01  9.7160E-01 -1.9403E+04 -1.9402E+04
  3.3037E-01  1.1020E+00  1.0639E+02  3.8899E+01  0.0000E+00  9.7156E-01  9.7155E-01 -1.9293E+04 -1.9293E+04
  3.3067E-01  1.1030E+00  1.0640E+02  3.8661E+01  0.0000E+00  9.7151E-01  9.7149E-01 -1.9173E+04 -1.9172E+04
  3.3097E-01  1.1040E+00  1.0641E+02  3.8404E+01  0.0000E+00  9.7145E-01  9.7144E-01 -1.9041E+04 -1.9041E+04
  3.3127E-01  1.1050E+00  1.0642E+02  3.8119E+01  0.0000E+00  9.7140E-01  9.7138E-01 -1.8899E+04 -1.8898E+04
  3.3157E-01  1.1060E+00  1.0643E+02  3.7818E+01  0.0000E+00  9.7135E-01  9.7133E-01 -1.8746E+04 -1.8746E+04
  3.3187E-01  1.1070E+00  1.0644E+02  3.7492E+01  0.0000E+00  9.7129E-01  9.7128E-01 -1.8583E+04 -1.8583E+04
  3.3217E-01  1.1080E+00  1.0646E+02  3.7147E+01  0.0000E+00  9.7124E-01  9.7123E-01 -1.8410E+04 -1.8410E+04
  3.3247E-01  1.1090E+00  1.0647E+02  3.6780E+01  0.0000E+00  9.7119E-01  9.7117E-01 -1.8228E+04 -1.8227E+04
  3.3277E-01  1.1100E+00  1.0648E+02  3.6393E+01  0.0000E+00  9.7114E-01  9.7112E-01 -1.8035E+04 -1.8035E+04
  3.3307E-01  1.1110E+00  1.0649E+02  3.5990E+01  0.0000E+00  9.7109E-01  9.7107E-01 -1.7833E+04 -1.7833E+04
  3.3337E-01  1.1120E+00  1.0650E+02  3.5561E+01  0.0000E+00  9.7104E-01  9.7102E-01 -1.7622E+04 -1.7622E+04
  3.3366E-01  1.1130E+00  1.0651E+02  3.5119E+01  0.0000E+00  9.7099E-01  9.7097E-01 -1.7402E+04 -1.7402E+04
  3.3396E-01  1.1140E+00  1.0652E+02  3.4658E+01  0.0000E+00  9.7094E-01  9.7093E-01 -1.7174E+04 -1.7174E+04
  3.3426E-01  1.1150E+00  1.0653E+02  3.4181E+01  0.0000E+00  9.7089E-01  9.7088E-01 -1.6939E+04 -1.6938E+04
  3.3456E-01  1.1160E+00  1.0654E+02  3.3687E+01  0.0000E+00  9.7085E-01  9.7083E-01 -1.6696E+04 -1.6695E+04
  3.3486E-01  1.1170E+00  1.0655E+02  3.3179E+01  0.0000E+00  9.7080E-01  9.7078E-01 -1.6446E+04 -1.6446E+04
  3.3516E-01  1.1180E+00  1.0656E+02  3.2661E+01  0.0000E+00  9.7075E-01  9.7074E-01 -1.6190E+04 -1.6190E+04
  3.3546E-01  1.1190E+00  1.0657E+02  3.2126E+01  0.0000E+00  9.7071E-01  9.7069E-01 -1.5928E+04 -1.5928E+04
  3.3576E-01  1.1200E+00  1.0658E+02  3.1583E+01  0.0000E+00  9.7066E-01  9.7065E-01 -1.5661E+04 -1.5661E+04
  3.3606E-01  1.1210E+00  1.0659E+02  3.1023E+01  0.0000E+00  9.7062E-01  9.7060E-01 -1.5389E+04 -1.5388E+04
  3.3636E-01  1.1220E+00  1.0660E+02  3.0459E+01  0.0000E+00  9.7058E-01  9.7056E-01 -1.5113E+04 -1.5112E+04
  3.3666E-01  1.1230E+00  1.0661E+02  2.9889E+01  0.0000E+00  9.7054E-01  9.7052E-01 -1.4833E+04 -1.4833E+04
  3.3696E-01  1.1240E+00  1.0662E+02  2.9308E+01  0.0000E+00  9.7049E-01  9.7048E-01 -1.4551E+04 -1.4551E+04
  3.3726E-01  1.1250E+00  1.0662E+02  2.8725E+01  0.0000E+00  9.7045E-01  9.7044E-01 -1.4268E+04 -1.4267E+04
  3.3756E-01  1.1260E+00  1.0663E+02  2.8139E+01  0.0000E+00  9.7041E-01  9.7040E-01 -1.3984E+04 -1.3983E+04
  3.3786E-01  1.1270E+00  1.0664E+02  2.7557E+01  0.0000E+00  9.7038E-01  9.7036E-01 -1.3699E+04 -1.3699E+04
  3.3816E-01  1.1280E+00  1.0665E+02  2.6968E+01  0.0000E+00  9.7034E-01  9.7032E-01 -1.3416E+04 -1.3416E+04
  3.3846E-01  1.1290E+00  1.0666E+02  2.6385E+01  0.0000E+00  9.7030E-01  9.7028E-01 -1.3135E+04 -1.3134E+04
  3.3876E-01  1.1300E+00  1.0666E+02  2.5811E+01  0.0000E+00  9.7026E-01  9.7025E-01 -1.2856E+04 -1.2856E+04
  3.3906E-01  1.1310E+00  1.0667E+02  2.5239E+01  0.0000E+00  9.7023E-01  9.7021E-01 -1.2582E+04 -1.2582E+04
  3.3936E-01  1.1320E+00  1.0668E+02  2.4676E+01  0.0000E+00  9.7019E-01  9.7018E-01 -1.2312E+04 -1.2312E+04
  3.3966E-01  1.1330E+00  1.0669E+02  2.4128E+01  0.0000E+00  9.7016E-01  9.7014E-01 -1.2049E+04 -1.2049E+04
  3.3996E-01  1.1340E+00  1.0669E+02  2.3596E+01  0.0000E+00  9.7012E-01  9.7011E-01 -1.1793E+04 -1.1793E+04
  3.4026E-01  1.1350E+00  1.0670E+02  2.3071E+01  0.0000E+00  9.7009E-01  9.7008E-01 -1.1545E+04 -1.1545E+04
  3.4056E-01  1.1360E+00  1.0671E+02  2.2569E+01  0.0000E+00  9.7006E-01  9.7004E-01 -1.1307E+04 -1.1307E+04
  3.4086E-01  1.1370E+00  1.0671E+02  2.2094E+01  0.0000E+00  9.7003E-01  9.7001E-01 -1.1079E+04 -1.1079E+04
  3.4116E-01  1.1380E+00  1.0672E+02  2.1633E+01  0.0000E+00  9.7000E-01  9.6998E-01 -1.0863E+04 -1.0863E+04
  3.4146E-01  1.1390E+00  1.0673E+02  2.1193E+01  0.0000E+00  9.6997E-01  9.6995E-01 -1.0659E+04 -1.0659E+04
  3.4176E-01  1.1400E+00  1.0673E+02  2.0791E+01  0.0000E+00  9.6994E-01  9.6992E-01 -1.0468E+04 -1.0468E+04
  3.4206E-01  1.1410E+00  1.0674E+02  2.0416E+01  0.0000E+00  9.6991E-01  9.6989E-01 -1.0292E+04 -1.0292E+04
  3.4236E-01  1.1420E+00  1.0674E+02  2.0062E+01  0.0000E+00  9.6988E-01  9.6986E-01 -1.0131E+04 -1.0131E+04
  3.4266E-01  1.1430E+00  1.0675E+02  1.9746E+01  0.0000E+00  9.6985E-01  9.6983E-01 -9.9880E+03 -9.9878E+03
  3.4296E-01  1.1440E+00  1.0676E+02  1.9472E+01  0.0000E+00  9.6982E-01  9.6981E-01 -9.8637E+03 -9.8635E+03
  3.4326E-01  1.1450E+00  1.0676E+02  1.9237E+01  0.0000E+00  9.6980E-01  9.6978E-01 -9.7566E+03 -9.7564E+03
  3.4356E-01  1.1460E+00  1.0677E+02  1.9036E+01  0.0000E+00  9.6977E-01  9.6975E-01 -9.6655E+03 -9.6653E+03
  3.4386E-01  1.1470E+00  1.0677E+02  1.8861E+01  0.0000E+00  9.6974E-01  9.6973E-01 -9.5928E+03 -9.5926E+03
  3.4416E-01  1.1480E+00  1.0678E+02  1.8724E+01  0.0000E+00  9.6972E-01  9.6970E-01 -9.5390E+03 -9.5389E+03
  3.4446E-01  1.1490E+00  1.0678E+02  1.8642E+01  0.0000E+00  9.6969E-01  9.6967E-01 -9.5048E+03 -9.5046E+03
  3.4476E-01  1.1500E+00  1.0679E+02  1.8592E+01  0.0000E+00  9.6966E-01  9.6965E-01 -9.4901E+03 -9.4899E+03
  3.4506E-01  1.1510E+00  1.0680E+02  1.8573E+01  0.0000E+00  9.6964E-01  9.6962E-01 -9.4951E+03 -9.4949E+03
  3.4536E-01  1.1520E+00  1.0680E+02  1.8607E+01  0.0000E+00  9.6961E-01  9.6959E-01 -9.5197E+03 -9.5196E+03
  3.4566E-01  1.1530E+00  1.0681E+02  1.8686E+01  0.0000E+00  9.6958E-01  9.6956E-01 -9.5640E+03 -9.5639E+03
  3.4596E-01  1.1540E+00  1.0681E+02  1.8791E+01  0.0000E+00  9.6955E-01  9.6954E-01 -9.6275E+03 -9.6274E+03
  3.4626E-01  1.1550E+00  1.0682E+02  1.8936E+01  0.0000E+00  9.6953E-01  9.6951E-01 -9.7100E+03 -9.7098E+03
  3.4656E-01  1.1560E+00  1.0682E+02  1.9134E+01  0.0000E+00  9.6950E-01  9.6948E-01 -9.8108E+03 -9.8106E+03
  3.4686E-01  1.1570E+00  1.0683E+02  1.9362E+01  0.0000E+00  9.6947E-01  9.6946E-01 -9.9294E+03 -9.9293E+03
  3.4716E-01  1.1580E+00  1.0684E+02  1.9616E+01  0.0000E+00  9.6944E-01  9.6943E-01 -1.0065E+04 -1.0065E+04
  3.4746E-01  1.1590E+00  1.0684E+02  1.9916E+01  0.0000E+00  9.6942E-01  9.6940E-01 -1.0218E+04 -1.0217E+04
  3.4775E-01  1.1600E+00  1.0685E+02  2.0255E+01  0.0000E+00  9.6939E-01  9.6937E-01 -1.0386E+04 -1.0386E+04
  3.4805E-01  1.1610E+00  1.0685E+02  2.0611E+01  0.0000E+00  9.6936E-01  9.6934E-01 -1.0569E+04 -1.0569E+04
  3.4835E-01  1.1620E+00  1.0686E+02  2.0998E+01  0.0000E+00  9.6933E-01  9.6931E-01 -1.0766E+04 -1.0766E+04
  3.4865E-01  1.1630E+00  1.0687E+02  2.1427E+01  0.0000E+00  9.6930E-01  9.6928E-01 -1.0979E+04 -1.0979E+04
  3.4895E-01  1.1640E+00  1.0687E+02  2.1883E+01  0.0000E+00  9.6927E-01  9.6925E-01 -1.1205E+04 -1.1204E+04
  3.4925E-01  1.1650E+00  1.0688E+02  2.2361E+01  0.0000E+00  9.6923E-01  9.6922E-01 -1.1438E+04 -1.1438E+04
  3.4955E-01  1.1660E+00  1.0689E+02  2.2849E+01  0.0000E+00  9.6920E-01  9.6919E-01 -1.1681E+04 -1.1681E+04
  3.4985E-01  1.1670E+00  1.0689E+02  2.3352E+01  0.0000E+00  9.6917E-01  9.6915E-01 -1.1932E+04 -1.1932E+04
  3.5015E-01  1.1680E+00  1.0690E+02  2.3884E+01  0.0000E+00  9.6914E-01  9.6912E-01 -1.2191E+04 -1.2191E+04
  3.5045E-01  1.1690E+00  1.0691E+02  2.4432E+01  0.0000E+00  9.6910E-01  9.6908E-01 -1.2457E+04 -1.2457E+04
  3.5075E-01  1.1700E+00  1.0692E+02  2.4978E+01  0.0000E+00  9.6907E-01  9.6905E-01 -1.2728E+04 -1.2728E+04
  3.5105E-01  1.1710E+00  1.0692E+02  2.5542E+01  0.0000E+00  9.6903E-01  9.6901E-01 -1.3004E+04 -1.3004E+04
  3.5135E-01  1.1720E+00  1.0693E+02  2.6123E+01  0.0000E+00  9.6899E-01  9.6898E-01 -1.3283E+04 -1.3283E+04
  3.5165E-01  1.1730E+00  1.0694E+02  2.6699E+01  0.0000E+00  9.6895E-01  9.6894E-01 -1.3565E+04 -1.3565E+04
  3.5195E-01  1.1740E+00  1.0695E+02  2.7278E+01  0.0000E+00  9.6892E-01  9.6890E-01 -1.3848E+04 -1.3848E+04
  3.5225E-01  1.1750E+00  1.0696E+02  2.7866E+01  0.0000E+00  9.6888E-01  9.6886E-01 -1.4132E+04 -1.4131E+04
  3.5255E-01  1.1760E+00  1.0696E+02  2.8456E+01  0.0000E+00  9.6884E-01  9.6882E-01 -1.4415E+04 -1.4415E+04
  3.5285E-01  1.1770E+00  1.0697E+02  2.9032E+01  0.0000E+00  9.6880E-01  9.6878E-01 -1.4697E+04 -1.4696E+04
  3.5315E-01  1.1780E+00  1.0698E+02  2.9612E+01  0.0000E+00  9.6875E-01  9.6874E-01 -1.4977E+04 -1.4976E+04
  3.5345E-01  1.1790E+00  1.0699E+02  3.0193E+01  0.0000E+00  9.6871E-01  9.6870E-01 -1.5254E+04 -1.5253E+04
  3.5375E-01  1.1800E+00  1.0700E+02  3.0758E+01  0.0000E+00  9.6867E-01  9.6865E-01 -1.5527E+04 -1.5527E+04
  3.5405E-01  1.1810E+00  1.0701E+02  3.1316E+01  0.0000E+00  9.6863E-01  9.6861E-01 -1.5796E+04 -1.5796E+04
  3.5435E-01  1.1820E+00  1.0702E+02  3.1867E+01  0.0000E+00  9.6858E-01  9.6856E-01 -1.6060E+04 -1.6060E+04
  3.5465E-01  1.1830E+00  1.0703E+02  3.2411E+01  0.0000E+00  9.6854E-01  9.6852E-01 -1.6318E+04 -1.6318E+04
  3.5495E-01  1.1840E+00  1.0704E+02  3.2933E+01  0.0000E+00  9.6849E-01  9.6847E-01 -1.6571E+04 -1.6570E+04
  3.5525E-01  1.1850E+00  1.0705E+02  3.3447E+01  0.0000E+00  9.6844E-01  9.6843E-01 -1.6816E+04 -1.6816E+04
  3.5555E-01  1.1860E+00  1.0706E+02  3.3951E+01  0.0000E+00  9.6839E-01  9.6838E-01 -1.7055E+04 -1.7054E+04
  3.5585E-01  1.1870E+00  1.0707E+02  3.4433E+01  0.0000E+00  9.6835E-01  9.6833E-01 -1.7285E+04 -1.7285E+04
  3.5615E-01  1.1880E+00  1.0708E+02  3.4900E+01  0.0000E+00  9.6830E-01  9.6828E-01 -1.7508E+04 -1.7508E+04
  3.5645E-01  1.1890E+00  1.0709E+02  3.5352E+01  0.0000E+00  9.6825E-01  9.6823E-01 -1.7724E+04 -1.7723E+04
  3.5675E-01  1.1900E+00  1.0710E+02  3.5792E+01  0.0000E+00  9.6820E-01  9.6818E-01 -1.7931E+04 -1.7931E+04
  3.5705E-01  1.1910E+00  1.0711E+02  3.6208E+01  0.0000E+00  9.6815E-01  9.6813E-01 -1.8128E+04 -1.8127E+04
  3.5735E-01  1.1920E+00  1.0712E+02  3.6605E+01  0.0000E+00  9.6810E-01  9.6808E-01 -1.8314E+04 -1.8314E+04
  3.5765E-01  1.1930E+00  1.0713E+02  3.6978E+01  0.0000E+00  9.6805E-01  9.6803E-01 -1.8491E+04 -1.8491E+04
  3.5795E-01  1.1940E+00  1.0715E+02  3.7332E+01  0.0000E+00  9.6799E-01  9.6798E-01 -1.8659E+04 -1.8658E+04
  3.5825E-01  1.1950E+00  1.0716E+02  3.7672E+01  0.0000E+00  9.6794E-01  9.6792E-01 -1.8816E+04 -1.8816E+04
  3.5855E-01  1.1960E+00  1.0717E+02  3.7984E+01  0.0000E+00  9.6789E-01  9.6787E-01 -1.8963E+04 -1.8963E+04
  3.5885E-01  1.1970E+00  1.0718E+02  3.8279E+01  0.0000E+00  9.6784E-01  9.6782E-01 -1.9099E+04 -1.9099E+04
  3.5915E-01  1.1980E+00  1.0719E+02  3.8546E+01  0.0000E+00  9.6778E-01  9.6777E-01 -1.9225E+04 -1.9224E+04
  3.5945E-01  1.1990E+00  1.0720E+02  3.8794E+01  0.0000E+00  9.6773E-01  9.6771E-01 -1.9339E+04 -1.9339E+04
  3.5975E-01  1.2000E+00  1.0721E+02  3.9020E+01  0.0000E+00  9.6767E-01  9.6766E-01 -1.9442E+04 -1.9442E+04
  3.6005E-01  1.2010E+00  1.0723E+02  3.9220E+01  0.0000E+00  9.6762E-01  9.6760E-01 -1.9534E+04 -1.9534E+04
  3.6035E-01  1.2020E+00  1.0724E+02  3.9400E+01  0.0000E+00  9.6756E-01  9.6755E-01 -1.9615E+04 -1.9614E+04
  3.6065E-01  1.2030E+00  1.0725E+02  3.9553E+01  0.0000E+00  9.6751E-01  9.6749E-01 -1.9684E+04 -1.9684E+04
  3.6095E-01  1.2040E+00  1.0726E+02  3.9687E+01  0.0000E+00  9.6745E-01  9.6744E-01 -1.9742E+04 -1.9742E+04
  3.6125E-01  1.2050E+00  1.0727E+02  3.9794E+01  0.0000E+00  9.6740E-01  9.6738E-01 -1.9789E+04 -1.9789E+04
  3.6155E-01  1.2060E+00  1.0729E+02  3.9880E+01  0.0000E+00  9.6734E-01  9.6733E-01 -1.9825E+04 -1.9825E+04
  3.6185E-01  1.2070E+00  1.0730E+02  3.9942E+01  0.0000E+00  9.6729E-01  9.6727E-01 -1.9849E+04 -1.9849E+04
  3.6214E-01  1.2080E+00  1.0731E+02  3.9979E+01  0.0000E+00  9.6723E-01  9.6722E-01 -1.9862E+04 -1.9862E+04
  3.6244E-01  1.2090E+00  1.0732E+02  3.9997E+01  0.0000E+00  9.6718E-01  9.6716E-01 -1.9864E+04 -1.9864E+04
  3.6274E-01  1.2100E+00  1.0733E+02  3.9983E+01  0.0000E+00  9.6712E-01  9.6711E-01 -1.9853E+04 -1.9852E+04
  3.6304E-01  1.2110E+00  1.0735E+02  3.9950E+01  0.0000E+00  9.6707E-01  9.6705E-01 -1.9830E+04 -1.9830E+04
  3.6334E-01  1.2120E+00  1.0736E+02  3.9890E+01  0.0000E+00  9.6701E-01  9.6699E-01 -1.9796E+04 -1.9796E+04
  3.6364E-01  1.2130E+00  1.0737E+02  3.9809E+01  0.0000E+00  9.6696E-01  9.6694E-01 -1.9751E+04 -1.9751E+04
  3.6394E-01  1.2140E+00  1.0738E+02  3.9704E+01  0.0000E+00  9.6690E-01  9.6688E-01 -1.9694E+04 -1.9694E+04
  3.6424E-01  1.2150E+00  1.0739E+02  3.9574E+01  0.0000E+00  9.6685E-01  9.6683E-01 -1.9627E+04 -1.9626E+04
  3.6454E-01  1.2160E+00  1.0741E+02  3.9425E+01  0.0000E+00  9.6679E-01  9.6677E-01 -1.9547E+04 -1.9547E+04
  3.6484E-01  1.2170E+00  1.0742E+02  3.9247E+01  0.0000E+00  9.6674E-01  9.6672E-01 -1.9457E+04 -1.9457E+04
  3.6514E-01  1.2180E+00  1.0743E+02  3.9050E+01  0.0000E+00  9.6668E-01  9.6667E-01 -1.9356E+04 -1.9355E+04
  3.6544E-01  1.2190E+00  1.0744E+02  3.8828E+01  0.0000E+00  9.6663E-01  9.6661E-01 -1.9243E+04 -1.9243E+04
  3.6574E-01  1.2200E+00  1.0745E+02  3.8584E+01  0.0000E+00  9.6658E-01  9.6656E-01 -1.9119E+04 -1.9119E+04
  3.6604E-01  1.2210E+00  1.0746E+02  3.8318E+01  0.0000E+00  9.6652E-01  9.6651E-01 -1.8985E+04 -1.8985E+04
  3.6634E-01  1.2220E+00  1.0747E+02  3.8027E+01  0.0000E+00  9.6647E-01  9.6645E-01 -1.8840E+04 -1.8840E+04
  3.6664E-01  1.2230E+00  1.0749E+02  3.7720E+01  0.0000E+00  9.6642E-01  9.6640E-01 -1.8685E+04 -1.8685E+04
  3.6694E-01  1.2240E+00  1.0750E+02  3.7386E+01  0.0000E+00  9.6637E-01  9.6635E-01 -1.8520E+04 -1.8520E+04
  3.6724E-01  1.2250E+00  1.0751E+02  3.7036E+01  0.0000E+00  9.6631E-01  9.6630E-01 -1.8345E+04 -1.8344E+04
  3.6754E-01  1.2260E+00  1.0752E+02  3.6661E+01  0.0000E+00  9.6626E-01  9.6625E-01 -1.8159E+04 -1.8159E+04
  3.6784E-01  1.2270E+00  1.0753E+02  3.6269E+01  0.0000E+00  9.6621E-01  9.6620E-01 -1.7965E+04 -1.7964E+04
  3.6814E-01  1.2280E+00  1.0754E+02  3.5857E+01  0.0000E+00  9.6616E-01  9.6615E-01 -1.7761E+04 -1.7761E+04
  3.6844E-01  1.2290E+00  1.0755E+02  3.5424E+01  0.0000E+00  9.6611E-01  9.6610E-01 -1.7548E+04 -1.7548E+04
  3.6874E-01  1.2300E+00  1.0756E+02  3.4978E+01  0.0000E+00  9.6607E-01  9.6605E-01 -1.7327E+04 -1.7327E+04
  3.6904E-01  1.2310E+00  1.0757E+02  3.4509E+01  0.0000E+00  9.6602E-01  9.6600E-01 -1.7098E+04 -1.7098E+04
  3.6934E-01  1.2320E+00  1.0758E+02  3.4029E+01  0.0000E+00  9.6597E-01  9.6595E-01 -1.6861E+04 -1.6861E+04
  3.6964E-01  1.2330E+00  1.0759E+02  3.3530E+01  0.0000E+00  9.6592E-01  9.6591E-01 -1.6617E+04 -1.6617E+04
  3.6994E-01  1.2340E+00  1.0760E+02  3.3018E+01  0.0000E+00  9.6588E-01  9.6586E-01 -1.6366E+04 -1.6366E+04
  3.7024E-01  1.2350E+00  1.0761E+02  3.2492E+01  0.0000E+00  9.6583E-01  9.6582E-01 -1.6109E+04 -1.6109E+04
  3.7054E-01  1.2360E+00  1.0762E+02  3.1952E+01  0.0000E+00  9.6579E-01  9.6577E-01 -1.5846E+04 -1.5846E+04
  3.7084E-01  1.2370E+00  1.0763E+02  3.1406E+01  0.0000E+00  9.6574E-01  9.6573E-01 -1.5578E+04 -1.5578E+04
  3.7114E-01  1.2380E+00  1.0764E+02  3.0843E+01  0.0000E+00  9.6570E-01  9.6568E-01 -1.5306E+04 -1.5306E+04
  3.7144E-01  1.2390E+00  1.0765E+02  3.0278E+01  0.0000E+00  9.6566E-01  9.6564E-01 -1.5030E+04 -1.5030E+04
  3.7174E-01  1.2400E+00  1.0766E+02  2.9702E+01  0.0000E+00  9.6562E-01  9.6560E-01 -1.4752E+04 -1.4751E+04
  3.7204E-01  1.2410E+00  1.0767E+02  2.9122E+01  0.0000E+00  9.6558E-01  9.6556E-01 -1.4470E+04 -1.4470E+04
  3.7234E-01  1.2420E+00  1.0768E+02  2.8538E+01  0.0000E+00  9.6554E-01  9.6552E-01 -1.4188E+04 -1.4188E+04
  3.7264E-01  1.2430E+00  1.0768E+02  2.7951E+01  0.0000E+00  9.6550E-01  9.6548E-01 -1.3905E+04 -1.3905E+04
  3.7294E-01  1.2440E+00  1.0769E+02  2.7368E+01  0.0000E+00  9.6546E-01  9.6544E-01 -1.3622E+04 -1.3622E+04
  3.7324E-01  1.2450E+00  1.0770E+02  2.6781E+01  0.0000E+00  9.6542E-01  9.6540E-01 -1.3341E+04 -1.3341E+04
  3.7354E-01  1.2460E+00  1.0771E+02  2.6202E+01  0.0000E+00  9.6538E-01  9.6537E-01 -1.3062E+04 -1.3062E+04
  3.7384E-01  1.2470E+00  1.0772E+02  2.5625E+01  0.0000E+00  9.6535E-01  9.6533E-01 -1.2786E+04 -1.2786E+04
  3.7414E-01  1.2480E+00  1.0772E+02  2.5058E+01  0.0000E+00  9.6531E-01  9.6530E-01 -1.2515E+04 -1.2515E+04
  3.7444E-01  1.2490E+00  1.0773E+02  2.4502E+01  0.0000E+00  9.6528E-01  9.6526E-01 -1.2249E+04 -1.2249E+04
  3.7474E-01  1.2500E+00  1.0774E+02  2.3956E+01  0.0000E+00  9.6525E-01  9.6523E-01 -1.1989E+04 -1.1989E+04
  3.7504E-01  1.2510E+00  1.0774E+02  2.3427E+01  0.0000E+00  9.6521E-01  9.6520E-01 -1.1737E+04 -1.1737E+04
  3.7534E-01  1.2520E+00  1.0775E+02  2.2911E+01  0.0000E+00  9.6518E-01  9.6516E-01 -1.1493E+04 -1.1493E+04
  3.7564E-01  1.2530E+00  1.0776E+02  2.2417E+01  0.0000E+00  9.6515E-01  9.6513E-01 -1.1259E+04 -1.1259E+04
  3.7594E-01  1.2540E+00  1.0777E+02  2.1942E+01  0.0000E+00  9.6512E-01  9.6510E-01 -1.1036E+04 -1.1036E+04
  3.7623E-01  1.2550E+00  1.0777E+02  2.1491E+01  0.0000E+00  9.6509E-01  9.6507E-01 -1.0825E+04 -1.0825E+04
  3.7653E-01  1.2560E+00  1.0778E+02  2.1066E+01  0.0000E+00  9.6506E-01  9.6504E-01 -1.0626E+04 -1.0626E+04
  3.7683E-01  1.2570E+00  1.0778E+02  2.0668E+01  0.0000E+00  9.6503E-01  9.6501E-01 -1.0441E+04 -1.0441E+04
  3.7713E-01  1.2580E+00  1.0779E+02  2.0299E+01  0.0000E+00  9.6500E-01  9.6498E-01 -1.0271E+04 -1.0271E+04
  3.7743E-01  1.2590E+00  1.0780E+02  1.9963E+01  0.0000E+00  9.6497E-01  9.6495E-01 -1.0117E+04 -1.0116E+04
  3.7773E-01  1.2600E+00  1.0780E+02  1.9659E+01  0.0000E+00  9.6494E-01  9.6493E-01 -9.9783E+03 -9.9781E+03
  3.7803E-01  1.2610E+00  1.0781E+02  1.9390E+01  0.0000E+00  9.6492E-01  9.6490E-01 -9.8571E+03 -9.8570E+03
  3.7833E-01  1.2620E+00  1.0781E+02  1.9157E+01  0.0000E+00  9.6489E-01  9.6487E-01 -9.7538E+03 -9.7536E+03
  3.7863E-01  1.2630E+00  1.0782E+02  1.8961E+01  0.0000E+00  9.6486E-01  9.6484E-01 -9.6687E+03 -9.6685E+03
  3.7893E-01  1.2640E+00  1.0782E+02  1.8804E+01  0.0000E+00  9.6483E-01  9.6482E-01 -9.6025E+03 -9.6023E+03
  3.7923E-01  1.2650E+00  1.0783E+02  1.8686E+01  0.0000E+00  9.6481E-01  9.6479E-01 -9.5555E+03 -9.5553E+03
  3.7953E-01  1.2660E+00  1.0784E+02  1.8610E+01  0.0000E+00  9.6478E-01  9.6476E-01 -9.5279E+03 -9.5277E+03
  3.7983E-01  1.2670E+00  1.0784E+02  1.8572E+01  0.0000E+00  9.6475E-01  9.6474E-01 -9.5198E+03 -9.5196E+03
  3.8013E-01  1.2680E+00  1.0785E+02  1.8576E+01  0.0000E+00  9.6473E-01  9.6471E-01 -9.5311E+03 -9.5309E+03
  3.8043E-01  1.2690E+00  1.0785E+02  1.8619E+01  0.0000E+00  9.6470E-01  9.6468E-01 -9.5618E+03 -9.5617E+03
  3.8073E-01  1.2700E+00  1.0786E+02  1.8703E+01  0.0000E+00  9.6467E-01  9.6466E-01 -9.6120E+03 -9.6118E+03
  3.8103E-01  1.2710E+00  1.0786E+02  1.8827E+01  0.0000E+00  9.6465E-01  9.6463E-01 -9.6813E+03 -9.6811E+03
  3.8133E-01  1.2720E+00  1.0787E+02  1.8990E+01  0.0000E+00  9.6462E-01  9.6460E-01 -9.7693E+03 -9.7692E+03
  3.8163E-01  1.2730E+00  1.0788E+02  1.9192E+01  0.0000E+00  9.6459E-01  9.6458E-01 -9.8756E+03 -9.8754E+03
  3.8193E-01  1.2740E+00  1.0788E+02  1.9431E+01  0.0000E+00  9.6457E-01  9.6455E-01 -9.9995E+03 -9.9994E+03
  3.8223E-01  1.2750E+00  1.0789E+02  1.9706E+01  0.0000E+00  9.6454E-01  9.6452E-01 -1.0140E+04 -1.0140E+04
  3.8253E-01  1.2760E+00  1.0789E+02  2.0015E+01  0.0000E+00  9.6451E-01  9.6449E-01 -1.0297E+04 -1.0297E+04
  3.8283E-01  1.2770E+00  1.0790E+02  2.0357E+01  0.0000E+00  9.6448E-01  9.6446E-01 -1.0470E+04 -1.0470E+04
  3.8313E-01  1.2780E+00  1.0791E+02  2.0731E+01  0.0000E+00  9.6445E-01  9.6443E-01 -1.0657E+04 -1.0657E+04
  3.8343E-01  1.2790E+00  1.0791E+02  2.1133E+01  0.0000E+00  9.6442E-01  9.6441E-01 -1.0858E+04 -1.0858E+04
  3.8373E-01  1.2800E+00  1.0792E+02  2.1563E+01  0.0000E+00  9.6439E-01  9.6437E-01 -1.1071E+04 -1.1071E+04
  3.8403E-01  1.2810E+00  1.0792E+02  2.2018E+01  0.0000E+00  9.6436E-01  9.6434E-01 -1.1296E+04 -1.1296E+04
  3.8433E-01  1.2820E+00  1.0793E+02  2.2495E+01  0.0000E+00  9.6433E-01  9.6431E-01 -1.1531E+04 -1.1531E+04
  3.8463E-01  1.2830E+00  1.0794E+02  2.2994E+01  0.0000E+00  9.6430E-01  9.6428E-01 -1.1776E+04 -1.1776E+04
  3.8493E-01  1.2840E+00  1.0795E+02  2.3511E+01  0.0000E+00  9.6426E-01  9.6425E-01 -1.2029E+04 -1.2029E+04
  3.8523E-01  1.2850E+00  1.0795E+02  2.4043E+01  0.0000E+00  9.6423E-01  9.6421E-01 -1.2289E+04 -1.2289E+04
  3.8553E-01  1.2860E+00  1.0796E+02  2.4591E+01  0.0000E+00  9.6419E-01  9.6418E-01 -1.2556E+04 -1.2556E+04
  3.8583E-01  1.2870E+00  1.0797E+02  2.5148E+01  0.0000E+00  9.6416E-01  9.6414E-01 -1.2828E+04 -1.2827E+04
  3.8613E-01  1.2880E+00  1.0798E+02  2.5718E+01  0.0000E+00  9.6412E-01  9.6411E-01 -1.3103E+04 -1.3103E+04
  3.8643E-01  1.2890E+00  1.0798E+02  2.6293E+01  0.0000E+00  9.6409E-01  9.6407E-01 -1.3382E+04 -1.3382E+04
  3.8673E-01  1.2900E+00  1.0799E+02  2.6874E+01  0.0000E+00  9.6405E-01  9.6403E-01 -1.3663E+04 -1.3663E+04
  3.8703E-01  1.2910E+00  1.0800E+02  2.7459E+01  0.0000E+00  9.6401E-01  9.6399E-01 -1.3946E+04 -1.3945E+04
  3.8733E-01  1.2920E+00  1.0801E+02  2.8044E+01  0.0000E+00  9.6397E-01  9.6396E-01 -1.4228E+04 -1.4228E+04
  3.8763E-01  1.2930E+00  1.0802E+02  2.8631E+01  0.0000E+00  9.6393E-01  9.6392E-01 -1.4510E+04 -1.4509E+04
  3.8793E-01  1.2940E+00  1.0803E+02  2.9212E+01  0.0000E+00  9.6389E-01  9.6387E-01 -1.4790E+04 -1.4789E+04
  3.8823E-01  1.2950E+00  1.0803E+02  2.9793E+01  0.0000E+00  9.6385E-01  9.6383E-01 -1.5067E+04 -1.5067E+04
  3.8853E-01  1.2960E+00  1.0804E+02  3.0364E+01  0.0000E+00  9.6381E-01  9.6379E-01 -1.5342E+04 -1.5342E+04
  3.8883E-01  1.2970E+00  1.0805E+02  3.0931E+01  0.0000E+00  9.6376E-01  9.6375E-01 -1.5613E+04 -1.5613E+04
  3.8913E-01  1.2980E+00  1.0806E+02  3.1490E+01  0.0000E+00  9.6372E-01  9.6370E-01 -1.5879E+04 -1.5879E+04
  3.8943E-01  1.2990E+00  1.0807E+02  3.2036E+01  0.0000E+00  9.6368E-01  9.6366E-01 -1.6140E+04 -1.6140E+04
  3.8973E-01  1.3000E+00  1.0808E+02  3.2574E+01  0.0000E+00  9.6363E-01  9.6361E-01 -1.6396E+04 -1.6396E+04
  3.9003E-01  1.3010E+00  1.0809E+02  3.3095E+01  0.0000E+00  9.6359E-01  9.6357E-01 -1.6645E+04 -1.6645E+04
  3.9032E-01  1.3020E+00  1.0810E+02  3.3608E+01  0.0000E+00  9.6354E-01  9.6352E-01 -1.6888E+04 -1.6887E+04
  3.9062E-01  1.3030E+00  1.0811E+02  3.4101E+01  0.0000E+00  9.6349E-01  9.6348E-01 -1.7122E+04 -1.7122E+04
  3.9092E-01  1.3040E+00  1.0812E+02  3.4581E+01  0.0000E+00  9.6344E-01  9.6343E-01 -1.7350E+04 -1.7349E+04
  3.9122E-01  1.3050E+00  1.0813E+02  3.5045E+01  0.0000E+00  9.6340E-01  9.6338E-01 -1.7569E+04 -1.7568E+04
  3.9152E-01  1.3060E+00  1.0814E+02  3.5489E+01  0.0000E+00  9.6335E-01  9.6333E-01 -1.7779E+04 -1.7779E+04
  3.9182E-01  1.3070E+00  1.0815E+02  3.5919E+01  0.0000E+00  9.6330E-01  9.6328E-01 -1.7981E+04 -1.7980E+04
  3.9212E-01  1.3080E+00  1.0816E+02  3.6326E+01  0.0000E+00  9.6325E-01  9.6323E-01 -1.8173E+04 -1.8173E+04
  3.9242E-01  1.3090E+00  1.0818E+02  3.6718E+01  0.0000E+00  9.6320E-01  9.6318E-01 -1.8356E+04 -1.8356E+04
  3.9272E-01  1.3100E+00  1.0819E+02  3.7085E+01  0.0000E+00  9.6315E-01  9.6313E-01 -1.8529E+04 -1.8529E+04
  3.9302E-01  1.3110E+00  1.0820E+02  3.7434E+01  0.0000E+00  9.6309E-01  9.6308E-01 -1.8692E+04 -1.8692E+04
  3.9332E-01  1.3120E+00  1.0821E+02  3.7763E+01  0.0000E+00  9.6304E-01  9.6303E-01 -1.8845E+04 -1.8844E+04
  3.9362E-01  1.3130E+00  1.0822E+02  3.8068E+01  0.0000E+00  9.6299E-01  9.6297E-01 -1.8987E+04 -1.8987E+04
  3.9392E-01  1.3140E+00  1.0823E+02  3.8355E+01  0.0000E+00  9.6294E-01  9.6292E-01 -1.9119E+04 -1.9119E+04
  3.9422E-01  1.3150E+00  1.0824E+02  3.8615E+01  0.0000E+00  9.6288E-01  9.6287E-01 -1.9240E+04 -1.9240E+04
  3.9452E-01  1.3160E+00  1.0826E+02  3.8857E+01  0.0000E+00  9.6283E-01  9.6281E-01 -1.9350E+04 -1.9350E+04
  3.9482E-01  1.3170E+00  1.0827E+02  3.9073E+01  0.0000E+00  9.6278E-01  9.6276E-01 -1.9450E+04 -1.9449E+04
  3.9512E-01  1.3180E+00  1.0828E+02  3.9268E+01  0.0000E+00  9.6272E-01  9.6271E-01 -1.9538E+04 -1.9537E+04
  3.9542E-01  1.3190E+00  1.0829E+02  3.9440E+01  0.0000E+00  9.6267E-01  9.6265E-01 -1.9615E+04 -1.9615E+04
  3.9572E-01  1.3200E+00  1.0830E+02  3.9587E+01  0.0000E+00  9.6261E-01  9.6260E-01 -1.9681E+04 -1.9680E+04
  3.9602E-01  1.3210E+00  1.0831E+02  3.9715E+01  0.0000E+00  9.6256E-01  9.6254E-01 -1.9735E+04 -1.9735E+04
  3.9632E-01  1.3220E+00  1.0833E+02  3.9813E+01  0.0000E+00  9.6250E-01  9.6249E-01 -1.9778E+04 -1.9778E+04
  3.9662E-01  1.3230E+00  1.0834E+02  3.9893E+01  0.0000E+00  9.6245E-01  9.6243E-01 -1.9810E+04 -1.9809E+04
  3.9692E-01  1.3240E+00  1.0835E+02  3.9945E+01  0.0000E+00  9.6239E-01  9.6238E-01 -1.9830E+04 -1.9829E+04
  3.9722E-01  1.3250E+00  1.0836E+02  3.9975E+01  0.0000E+00  9.6234E-01  9.6232E-01 -1.9839E+04 -1.9838E+04
  3.9752E-01  1.3260E+00  1.0837E+02  3.9982E+01  0.0000E+00  9.6229E-01  9.6227E-01 -1.9836E+04 -1.9835E+04
  3.9782E-01  1.3270E+00  1.0839E+02  3.9963E+01  0.0000E+00  9.6223E-01  9.6221E-01 -1.9821E+04 -1.9821E+04
  3.9812E-01  1.3280E+00  1.0840E+02  3.9924E+01  0.0000E+00  9.6218E-01  9.6216E-01 -1.9796E+04 -1.9795E+04
  3.9842E-01  1.3290E+00  1.0841E+02  3.9855E+01  0.0000E+00  9.6212E-01  9.6210E-01 -1.9758E+04 -1.9758E+04
  3.9872E-01  1.3300E+00  1.0842E+02  3.9768E+01  0.0000E+00  9.6207E-01  9.6205E-01 -1.9710E+04 -1.9709E+04
  3.9902E-01  1.3310E+00  1.0843E+02  3.9654E+01  0.0000E+00  9.6201E-01  9.6200E-01 -1.9649E+04 -1.9649E+04
  3.9932E-01  1.3320E+00  1.0845E+02  3.9517E+01  0.0000E+00  9.6196E-01  9.6194E-01 -1.9578E+04 -1.9577E+04
  3.9962E-01  1.3330E+00  1.0846E+02  3.9356E+01  0.0000E+00  9.6190E-01  9.6189E-01 -1.9495E+04 -1.9495E+04
  3.9992E-01  1.3340E+00  1.0847E+02  3.9172E+01  0.0000E+00  9.6185E-01  9.6183E-01 -1.9401E+04 -1.9401E+04
  4.0000E-01  1.3343E+00  1.0847E+02  3.9045E+01  0.0000E+00  9.6184E-01  9.6182E-01 -1.9374E+04 -1.9373E+04
