  2.9979E-04  1.0000E-03  1.0051E+02  0.0000E+00  0.0000E+00  0.0000E+00  0.0000E+00  0.0000E+00  0.0000E+00
  5.9958E-04  2.0000E-03  1.0051E+02  0.0000E+00  0.0000E+00  0.0000E+00  0.0000E+00  0.0000E+00  0.0000E+00
  8.9937E-04  3.0000E-03  1.0051E+02  0.0000E+00  0.0000E+00  0.0000E+00  0.0000E+00  0.0000E+00  0.0000E+00
  1.1992E-03  4.0000E-03  1.0051E+02  0.0000E+00  0.0000E+00  0.0000E+00  0.0000E+00  0.0000E+00  0.0000E+00
  1.4989E-03  5.0000E-03  1.0051E+02  0.0000E+00  0.0000E+00  0.0000E+00  0.0000E+00  0.0000E+00  0.0000E+00
  1.7987E-03  6.0000E-03  1.0051E+02  0.0000E+00  0.0000E+00  0.0000E+00  0.0000E+00  0.0000E+00  0.0000E+00
  2.0985E-03  7.0000E-03  1.0051E+02  0.0000E+00  0.0000E+00  0.0000E+00  0.0000E+00  0.0000E+00  0.0000E+00
  2.3983E-03  8.0000E-03  1.0051E+02  0.0000E+00  0.0000E+00  0.0000E+00  0.0000E+00  0.0000E+00  0.0000E+00
  2.6981E-03  9.0000E-03  1.0051E+02  0.0000E+00  0.0000E+00  0.0000E+00  0.0000E+00  0.0000E+00  0.0000E+00
  2.9979E-03  1.0000E-02  1.0051E+02  0.0000E+00  0.0000E+00  0.0000E+00  0.0000E+00  0.0000E+00  0.0000E+00
  3.2977E-03  1.1000E-02  1.0051E+02  0.0000E+00  0.0000E+00  0.0000E+00  0.0000E+00  0.0000E+00  0.0000E+00
  3.5975E-03  1.2000E-02  1.0051E+02  0.0000E+00  0.0000E+00  0.0000E+00  0.0000E+00  0.0000E+00  0.0000E+00
  3.8973E-03  1.3000E-02  1.0051E+02  0.0000E+00  0.0000E+00  0.0000E+00  0.0000E+00  0.0000E+00  0.0000E+00
  4.1970E-03  1.4000E-02  1.0051E+02  0.0000E+00  0.0000E+00  0.0000E+00  0.0000E+00  0.0000E+00  0.0000E+00
  4.4968E-03  1.5000E-02  1.0051E+02  0.0000E+00  0.0000E+00  0.0000E+00  0.0000E+00  0.0000E+00  0.0000E+00
  4.7966E-03  1.6000E-02  1.0051E+02  0.0000E+00  0.0000E+00  0.0000E+00  0.0000E+00  0.0000E+00  0.0000E+00
  5.0964E-03  1.7000E-02  1.0051E+02  0.0000E+00  0.0000E+00  0.0000E+00  0.0000E+00  0.0000E+00  0.0000E+00
  5.3962E-03  1.8000E-02  1.0051E+02  0.0000E+00  0.0000E+00  0.0000E+00  0.0000E+00  0.0000E+00  0.0000E+00
  5.6960E-03  1.9000E-02  1.0051E+02  0.0000E+00  0.0000E+00  0.0000E+00  0.0000E+00  0.0000E+00  0.0000E+00
  5.9958E-03  2.0000E-02  1.0051E+02  0.0000E+00  0.0000E+00  0.0000E+00  0.0000E+00  0.0000E+00  0.0000E+00
  6.2956E-03  2.1000E-02  1.0051E+02  0.0000E+00  0.0000E+00  0.0000E+00  0.0000E+00  0.0000E+00  0.0000E+00
  6.5953E-03  2.2000E-02  1.0051E+02  0.0000E+00  0.0000E+00  0.0000E+00  0.0000E+00  0.0000E+00  0.0000E+00
  6.8951E-03  2.3000E-02  1.0051E+02  0.0000E+00  0.0000E+00  0.0000E+00  0.0000E+00  0.0000E+00  0.0000E+00
  7.1949E-03  2.4000E-02  1.0051E+02  0.0000E+00  0.0000E+00  0.0000E+00  0.0000E+00  0.0000E+00  0.0000E+00
  7.4947E-03  2.5000E-02  1.0051E+02  0.0000E+00  0.0000E+00  0.0000E+00  0.0000E+00  0.0000E+00  0.0000E+00
  7.7945E-03  2.6000E-02  1.0051E+02  0.0000E+00  0.0000E+00  0.0000E+00  0.0000E+00  0.0000E+00  0.0000E+00
  8.0943E-03  2.7000E-02  1.0051E+02  0.0000E+00  0.0000E+00  0.0000E+00  0.0000E+00  0.0000E+00  0.0000E+00
  8.3941E-03  2.8000E-02  1.0051E+02  0.0000E+00  0.0000E+00  0.0000E+00  0.0000E+00  0.0000E+00  0.0000E+00
  8.6939E-03  2.9000E-02  1.0051E+02  0.0000E+00  0.0000E+00  0.0000E+00  0.0000E+00  0.0000E+00  0.0000E+00
  8.9937E-03  3.0000E-02  1.0051E+02  0.0000E+00  0.0000E+00  0.0000E+00  0.0000E+00  0.0000E+00  0.0000E+00
  9.2934E-03  3.1000E-02  1.0051E+02  0.0000E+00  0.0000E+00  0.0000E+00  0.0000E+00  0.0000E+00  0.0000E+00
  9.5932E-03  3.2000E-02  1.0051E+02  0.0000E+00  0.0000E+00  0.0000E+00  0.0000E+00  0.0000E+00  0.0000E+00
  9.8930E-03  3.3000E-02  1.0051E+02  0.0000E+00  0.0000E+00  0.0000E+00  0.0000E+00  0.0000E+00  0.0000E+00
  1.0193E-02  3.4000E-02  1.0051E+02  0.0000E+00  0.0000E+00  0.0000E+00  0.0000E+00  0.0000E+00  0.0000E+00
  1.0493E-02  3.5000E-02  1.0051E+02  0.0000E+00  0.0000E+00  0.0000E+00  0.0000E+00  0.0000E+00  0.0000E+00
  1.0792E-02  3.6000E-02  1.0051E+02  0.0000E+00  0.0000E+00  0.0000E+00  0.0000E+00  0.0000E+00  0.0000E+00
  1.1092E-02  3.7000E-02  1.0051E+02  0.0000E+00  0.0000E+00  0.0000E+00  0.0000E+00  0.0000E+00  0.0000E+00
  1.1392E-02  3.8000E-02  1.0051E+02  0.0000E+00  0.0000E+00  0.0000E+00  0.0000E+00  0.0000E+00  0.0000E+00
  1.1692E-02  3.9000E-02  1.0051E+02  0.0000E+00  0.0000E+00  0.0000E+00  0.0000E+00  0.0000E+00  0.0000E+00
  1.1992E-02  4.0000E-02  1.0051E+02  0.0000E+00  0.0000E+00  0.0000E+00  0.0000E+00  0.0000E+00  0.0000E+00
  1.2291E-02  4.1000E-02  1.0051E+02  0.0000E+00  0.0000E+00  0.0000E+00  0.0000E+00  0.0000E+00  0.0000E+00
  1.2591E-02  4.2000E-02  1.0051E+02  0.0000E+00  0.0000E+00  0.0000E+00  0.0000E+00  0.0000E+00  0.0000E+00
  1.2891E-02  4.3000E-02  1.0051E+02  0.0000E+00  0.0000E+00  0.0000E+00  0.0000E+00  0.0000E+00  0.0000E+00
  1.3191E-02  4.4000E-02  1.0051E+02  0.0000E+00  0.0000E+00  0.0000E+00  0.0000E+00  0.0000E+00  0.0000E+00
  1.3490E-02  4.5000E-02  1.0051E+02  0.0000E+00  0.0000E+00  0.0000E+00  0.0000E+00  0.0000E+00  0.0000E+00
  1.3790E-02  4.6000E-02  1.0051E+02  0.0000E+00  0.0000E+00  0.0000E+00  0.0000E+00  0.0000E+00  0.0000E+00
  1.4090E-02  4.7000E-02  1.0051E+02  0.0000E+00  0.0000E+00  0.0000E+00  0.0000E+00  0.0000E+00  0.0000E+00
  1.4390E-02  4.8000E-02  1.0051E+02  0.0000E+00  0.0000E+00  0.0000E+00  0.0000E+00  0.0000E+00  0.0000E+00
  1.4690E-02  4.9000E-02  1.0051E+02  0.0000E+00  0.0000E+00  0.0000E+00  0.0000E+00  0.0000E+00  0.0000E+00
  1.4989E-02  5.0000E-02  1.0051E+02  0.0000E+00  0.0000E+00  0.0000E+00  0.0000E+00  0.0000E+00  0.0000E+00
  1.5289E-02  5.1000E-02  1.0051E+02  0.0000E+00  0.0000E+00  0.0000E+00  0.0000E+00  0.0000E+00  0.0000E+00
  1.5589E-02  5.2000E-02  1.0051E+02  0.0000E+00  0.0000E+00  0.0000E+00  0.0000E+00  0.0000E+00  0.0000E+00
  1.5889E-02  5.3000E-02  1.0051E+02  0.0000E+00  0.0000E+00  0.0000E+00  0.0000E+00  0.0000E+00  0.0000E+00
  1.6189E-02  5.4000E-02  1.0051E+02  0.0000E+00  0.0000E+00  0.0000E+00  0.0000E+00  0.0000E+00  0.0000E+00
  1.6488E-02  5.5000E-02  1.0051E+02  0.0000E+00  0.0000E+00  0.0000E+00  0.0000E+00  0.0000E+00  0.0000E+00
  1.6788E-02  5.6000E-02  1.0051E+02  0.0000E+00  0.0000E+00  0.0000E+00  0.0000E+00  0.0000E+00  0.0000E+00
  1.7088E-02  5.7000E-02  1.0051E+02  0.0000E+00  0.0000E+00  0.0000E+00  0.0000E+00  0.0000E+00  0.0000E+00
  1.7388E-02  5.8000E-02  1.0051E+02  0.0000E+00  0.0000E+00  0.0000E+00  0.0000E+00  0.0000E+00  0.0000E+00
  1.7688E-02  5.9000E-02  1.0051E+02  0.0000E+00  0.0000E+00  0.0000E+00  0.0000E+00  0.0000E+00  0.0000E+00
  1.7987E-02  6.0000E-02  1.0051E+02  0.0000E+00  0.0000E+00  0.0000E+00  0.0000E+00  0.0000E+00  0.0000E+00
  1.8287E-02  6.1000E-02  1.0051E+02  0.0000E+00  0.0000E+00  0.0000E+00  0.0000E+00  0.0000E+00  0.0000E+00
  1.8587E-02  6.2000E-02  1.0051E+02  0.0000E+00  0.0000E+00  0.0000E+00  0.0000E+00  0.0000E+00  0.0000E+00
  1.8887E-02  6.3000E-02  1.0051E+02  0.0000E+00  0.0000E+00  0.0000E+00  0.0000E+00  0.0000E+00  0.0000E+00
  1.9186E-02  6.4000E-02  1.0051E+02  0.0000E+00  0.0000E+00  0.0000E+00  0.0000E+00  0.0000E+00  0.0000E+00
  1.9486E-02  6.5000E-02  1.0051E+02  0.0000E+00  0.0000E+00  0.0000E+00  0.0000E+00  0.0000E+00  0.0000E+00
  1.9786E-02  6.6000E-02  1.0051E+02  0.0000E+00  0.0000E+00  0.0000E+00  0.0000E+00  0.0000E+00  0.0000E+00
  2.0086E-02  6.7000E-02  1.0051E+02  0.0000E+00  0.0000E+00  0.0000E+00  0.0000E+00  0.0000E+00  0.0000E+00
  2.0386E-02  6.8000E-02  1.0051E+02  0.0000E+00  0.0000E+00  0.0000E+00  0.0000E+00  0.0000E+00  0.0000E+00
  2.0685E-02  6.9000E-02  1.0051E+02  0.0000E+00  0.0000E+00  0.0000E+00  0.0000E+00  0.0000E+00  0.0000E+00
  2.0985E-02  7.0000E-02  1.0051E+02  0.0000E+00  0.0000E+00  0.0000E+00  0.0000E+00  0.0000E+00  0.0000E+00
  2.1285E-02  7.1000E-02  1.0051E+02  0.0000E+00  0.0000E+00  0.0000E+00  0.0000E+00  0.0000E+00  0.0000E+00
  2.1585E-02  7.2000E-02  1.0051E+02  0.0000E+00  0.0000E+00  0.0000E+00  0.0000E+00  0.0000E+00  0.0000E+00
  2.1885E-02  7.3000E-02  1.0051E+02  0.0000E+00  0.0000E+00  0.0000E+00  0.0000E+00  0.0000E+00  0.0000E+00
  2.2184E-02  7.4000E-02  1.0051E+02  0.0000E+00  0.0000E+00  0.0000E+00  0.0000E+00  0.0000E+00  0.0000E+00
  2.2484E-02  7.5000E-02  1.0051E+02  0.0000E+00  0.0000E+00  0.0000E+00  0.0000E+00  0.0000E+00  0.0000E+00
  2.2784E-02  7.6000E-02  1.0051E+02  0.0000E+00  0.0000E+00  0.0000E+00  0.0000E+00  0.0000E+00  0.0000E+00
  2.3084E-02  7.7000E-02  1.0051E+02  0.0000E+00  0.0000E+00  0.0000E+00  0.0000E+00  0.0000E+00  0.0000E+00
  2.3384E-02  7.8000E-02  1.0051E+02  0.0000E+00  0.0000E+00  0.0000E+00  0.0000E+00  0.0000E+00  0.0000E+00
  2.3683E-02  7.9000E-02  1.0051E+02  0.0000E+00  0.0000E+00  0.0000E+00  0.0000E+00  0.0000E+00  0.0000E+00
  2.3983E-02  8.0000E-02  1.0051E+02  0.0000E+00  0.0000E+00  0.0000E+00  0.0000E+00  0.0000E+00  0.0000E+00
  2.4283E-02  8.1000E-02  1.0051E+02  0.0000E+00  0.0000E+00  0.0000E+00  0.0000E+00  0.0000E+00  0.0000E+00
  2.4583E-02  8.2000E-02  1.0051E+02  0.0000E+00  0.0000E+00  0.0000E+00  0.0000E+00  0.0000E+00  0.0000E+00
  2.4882E-02  8.3000E-02  1.0051E+02  0.0000E+00  0.0000E+00  0.0000E+00  0.0000E+00  0.0000E+00  0.0000E+00
  2.5182E-02  8.4000E-02  1.0051E+02  0.0000E+00  0.0000E+00  0.0000E+00  0.0000E+00  0.0000E+00  0.0000E+00
  2.5482E-02  8.5000E-02  1.0051E+02  0.0000E+00  0.0000E+00  0.0000E+00  0.0000E+00  0.0000E+00  0.0000E+00
  2.5782E-02  8.6000E-02  1.0051E+02  0.0000E+00  0.0000E+00  0.0000E+00  0.0000E+00  0.0000E+00  0.0000E+00
  2.6082E-02  8.7000E-02  1.0051E+02  0.0000E+00  0.0000E+00  0.0000E+00  0.0000E+00  0.0000E+00  0.0000E+00
  2.6381E-02  8.8000E-02  1.0051E+02  0.0000E+00  0.0000E+00  0.0000E+00  0.0000E+00  0.0000E+00  0.0000E+00
  2.6681E-02  8.9000E-02  1.0051E+02  0.0000E+00  0.0000E+00  0.0000E+00  0.0000E+00  0.0000E+00  0.0000E+00
  2.6981E-02  9.0000E-02  1.0051E+02  0.0000E+00  0.0000E+00  0.0000E+00  0.0000E+00  0.0000E+00  0.0000E+00
  2.7281E-02  9.1000E-02  1.0051E+02  0.0000E+00  0.0000E+00  0.0000E+00  0.0000E+00  0.0000E+00  0.0000E+00
  2.7581E-02  9.2000E-02  1.0051E+02  0.0000E+00  0.0000E+00  0.0000E+00  0.0000E+00  0.0000E+00  0.0000E+00
  2.7880E-02  9.3000E-02  1.0051E+02  0.0000E+00  0.0000E+00  0.0000E+00  0.0000E+00  0.0000E+00  0.0000E+00
  2.8180E-02  9.4000E-02  1.0051E+02  0.0000E+00  0.0000E+00  0.0000E+00  0.0000E+00  0.0000E+00  0.0000E+00
  2.8480E-02  9.5000E-02  1.0051E+02  0.0000E+00  0.0000E+00  0.0000E+00  0.0000E+00  0.0000E+00  0.0000E+00
  2.8780E-02  9.6000E-02  1.0051E+02  0.0000E+00  0.0000E+00  0.0000E+00  0.0000E+00  0.0000E+00  0.0000E+00
  2.9079E-02  9.7000E-02  1.0051E+02  0.0000E+00  0.0000E+00  0.0000E+00  0.0000E+00  0.0000E+00  0.0000E+00
  2.9379E-02  9.8000E-02  1.0051E+02  0.0000E+00  0.0000E+00  0.0000E+00  0.0000E+00  0.0000E+00  0.0000E+00
  2.9679E-02  9.9000E-02  1.0051E+02  0.0000E+00  0.0000E+00  0.0000E+00  0.0000E+00  0.0000E+00  0.0000E+00
  2.9979E-02  1.0000E-01  1.0051E+02  0.0000E+00  0.0000E+00  0.0000E+00  0.0000E+00  0.0000E+00  0.0000E+00
  3.0279E-02  1.0100E-01  1.0051E+02  0.0000E+00  0.0000E+00  0.0000E+00  0.0000E+00  0.0000E+00  0.0000E+00
  3.0578E-02  1.0200E-01  1.0051E+02  0.0000E+00  0.0000E+00  0.0000E+00  0.0000E+00  0.0000E+00  0.0000E+00
  3.0878E-02  1.0300E-01  1.0051E+02  0.0000E+00  0.0000E+00  0.0000E+00  0.0000E+00  0.0000E+00  0.0000E+00
  3.1178E-02  1.0400E-01  1.0051E+02  0.0000E+00  0.0000E+00  0.0000E+00  0.0000E+00  0.0000E+00  0.0000E+00
  3.1478E-02  1.0500E-01  1.0051E+02  0.0000E+00  0.0000E+00  0.0000E+00  0.0000E+00  0.0000E+00  0.0000E+00
  3.1778E-02  1.0600E-01  1.0051E+02  0.0000E+00  0.0000E+00  0.0000E+00  0.0000E+00  0.0000E+00  0.0000E+00
  3.2077E-02  1.0700E-01  1.0051E+02  0.0000E+00  0.0000E+00  0.0000E+00  0.0000E+00  0.0000E+00  0.0000E+00
  3.2377E-02  1.0800E-01  1.0051E+02  0.0000E+00  0.0000E+00  0.0000E+00  0.0000E+00  0.0000E+00  0.0000E+00
  3.2677E-02  1.0900E-01  1.0051E+02  0.0000E+00  0.0000E+00  0.0000E+00  0.0000E+00  0.0000E+00  0.0000E+00
  3.2977E-02  1.1000E-01  1.0051E+02  0.0000E+00  0.0000E+00  0.0000E+00  0.0000E+00  0.0000E+00  0.0000E+00
  3.3277E-02  1.1100E-01  1.0051E+02  0.0000E+00  0.0000E+00  0.0000E+00  0.0000E+00  0.0000E+00  0.0000E+00
  3.3576E-02  1.1200E-01  1.0051E+02  0.0000E+00  0.0000E+00  0.0000E+00  0.0000E+00  0.0000E+00  0.0000E+00
  3.3876E-02  1.1300E-01  1.0051E+02  0.0000E+00  0.0000E+00  0.0000E+00  0.0000E+00  0.0000E+00  0.0000E+00
  3.4176E-02  1.1400E-01  1.0051E+02  0.0000E+00  0.0000E+00  0.0000E+00  0.0000E+00  0.0000E+00  0.0000E+00
  3.4476E-02  1.1500E-01  1.0051E+02  0.0000E+00  0.0000E+00  0.0000E+00  0.0000E+00  0.0000E+00  0.0000E+00
  3.4775E-02  1.1600E-01  1.0051E+02  0.0000E+00  0.0000E+00  0.0000E+00  0.0000E+00  0.0000E+00  0.0000E+00
  3.5075E-02  1.1700E-01  1.0051E+02  0.0000E+00  0.0000E+00  0.0000E+00  0.0000E+00  0.0000E+00  0.0000E+00
  3.5375E-02  1.1800E-01  1.0051E+02  0.0000E+00  0.0000E+00  0.0000E+00  0.0000E+00  0.0000E+00  0.0000E+00
  3.5675E-02  1.1900E-01  1.0051E+02  0.0000E+00  0.0000E+00  0.0000E+00  0.0000E+00  0.0000E+00  0.0000E+00
  3.5975E-02  1.2000E-01  1.0051E+02  0.0000E+00  0.0000E+00  0.0000E+00  0.0000E+00  0.0000E+00  0.0000E+00
  3.6274E-02  1.2100E-01  1.0051E+02  0.0000E+00  0.0000E+00  0.0000E+00  0.0000E+00  0.0000E+00  0.0000E+00
  3.6574E-02  1.2200E-01  1.0051E+02  0.0000E+00  0.0000E+00  0.0000E+00  0.0000E+00  0.0000E+00  0.0000E+00
  3.6874E-02  1.2300E-01  1.0051E+02  0.0000E+00  0.0000E+00  0.0000E+00  0.0000E+00  0.0000E+00  0.0000E+00
  3.7174E-02  1.2400E-01  1.0051E+02  0.0000E+00  0.0000E+00  0.0000E+00  0.0000E+00  0.0000E+00  0.0000E+00
  3.7474E-02  1.2500E-01  1.0051E+02  0.0000E+00  0.0000E+00  0.0000E+00  0.0000E+00  0.0000E+00  0.0000E+00
  3.7773E-02  1.2600E-01  1.0051E+02  0.0000E+00  0.0000E+00  0.0000E+00  0.0000E+00  0.0000E+00  0.0000E+00
  3.8073E-02  1.2700E-01  1.0051E+02  0.0000E+00  0.0000E+00  0.0000E+00  0.0000E+00  0.0000E+00  0.0000E+00
  3.8373E-02  1.2800E-01  1.0051E+02  0.0000E+00  0.0000E+00  0.0000E+00  0.0000E+00  0.0000E+00  0.0000E+00
  3.8673E-02  1.2900E-01  1.0051E+02  0.0000E+00  0.0000E+00  0.0000E+00  0.0000E+00  0.0000E+00  0.0000E+00
  3.8973E-02  1.3000E-01  1.0051E+02  0.0000E+00  0.0000E+00  0.0000E+00  0.0000E+00  0.0000E+00  0.0000E+00
  3.9272E-02  1.3100E-01  1.0051E+02  0.0000E+00  0.0000E+00  0.0000E+00  0.0000E+00  0.0000E+00  0.0000E+00
  3.9572E-02  1.3200E-01  1.0051E+02  0.0000E+00  0.0000E+00  0.0000E+00  0.0000E+00  0.0000E+00  0.0000E+00
  3.9872E-02  1.3300E-01  1.0051E+02  0.0000E+00  0.0000E+00  0.0000E+00  0.0000E+00  0.0000E+00  0.0000E+00
  4.0172E-02  1.3400E-01  1.0051E+02  0.0000E+00  0.0000E+00  0.0000E+00  0.0000E+00  0.0000E+00  0.0000E+00
  4.0471E-02  1.3500E-01  1.0051E+02  0.0000E+00  0.0000E+00  0.0000E+00  0.0000E+00  0.0000E+00  0.0000E+00
  4.0771E-02  1.3600E-01  1.0051E+02  0.0000E+00  0.0000E+00  0.0000E+00  0.0000E+00  0.0000E+00  0.0000E+00
  4.1071E-02  1.3700E-01  1.0051E+02  0.0000E+00  0.0000E+00  0.0000E+00  0.0000E+00  0.0000E+00  0.0000E+00
  4.1371E-02  1.3800E-01  1.0051E+02  0.0000E+00  0.0000E+00  0.0000E+00  0.0000E+00  0.0000E+00  0.0000E+00
  4.1671E-02  1.3900E-01  1.0051E+02  0.0000E+00  0.0000E+00  0.0000E+00  0.0000E+00  0.0000E+00  0.0000E+00
  4.1970E-02  1.4000E-01  1.0051E+02  0.0000E+00  0.0000E+00  0.0000E+00  0.0000E+00  0.0000E+00  0.0000E+00
  4.2270E-02  1.4100E-01  1.0051E+02  0.0000E+00  0.0000E+00  0.0000E+00  0.0000E+00  0.0000E+00  0.0000E+00
  4.2570E-02  1.4200E-01  1.0051E+02  0.0000E+00  0.0000E+00  0.0000E+00  0.0000E+00  0.0000E+00  0.0000E+00
  4.2870E-02  1.4300E-01  1.0051E+02  0.0000E+00  0.0000E+00  0.0000E+00  0.0000E+00  0.0000E+00  0.0000E+00
  4.3170E-02  1.4400E-01  1.0051E+02  0.0000E+00  0.0000E+00  0.0000E+00  0.0000E+00  0.0000E+00  0.0000E+00
  4.3469E-02  1.4500E-01  1.0051E+02  0.0000E+00  0.0000E+00  0.0000E+00  0.0000E+00  0.0000E+00  0.0000E+00
  4.3769E-02  1.4600E-01  1.0051E+02  0.0000E+00  0.0000E+00  0.0000E+00  0.0000E+00  0.0000E+00  0.0000E+00
  4.4069E-02  1.4700E-01  1.0051E+02  0.0000E+00  0.0000E+00  0.0000E+00  0.0000E+00  0.0000E+00  0.0000E+00
  4.4369E-02  1.4800E-01  1.0051E+02  0.0000E+00  0.0000E+00  0.0000E+00  0.0000E+00  0.0000E+00  0.0000E+00
  4.4668E-02  1.4900E-01  1.0051E+02  0.0000E+00  0.0000E+00  0.0000E+00  0.0000E+00  0.0000E+00  0.0000E+00
  4.4968E-02  1.5000E-01  1.0051E+02  0.0000E+00  0.0000E+00  0.0000E+00  0.0000E+00  0.0000E+00  0.0000E+00
  4.5268E-02  1.5100E-01  1.0051E+02  0.0000E+00  0.0000E+00  0.0000E+00  0.0000E+00  0.0000E+00  0.0000E+00
  4.5568E-02  1.5200E-01  1.0051E+02  0.0000E+00  0.0000E+00  0.0000E+00  0.0000E+00  0.0000E+00  0.0000E+00
  4.5868E-02  1.5300E-01  1.0051E+02  0.0000E+00  0.0000E+00  0.0000E+00  0.0000E+00  0.0000E+00  0.0000E+00
  4.6167E-02  1.5400E-01  1.0051E+02  0.0000E+00  0.0000E+00  0.0000E+00  0.0000E+00  0.0000E+00  0.0000E+00
  4.6467E-02  1.5500E-01  1.0051E+02  0.0000E+00  0.0000E+00  0.0000E+00  0.0000E+00  0.0000E+00  0.0000E+00
  4.6767E-02  1.5600E-01  1.0051E+02  0.0000E+00  0.0000E+00  0.0000E+00  0.0000E+00  0.0000E+00  0.0000E+00
  4.7067E-02  1.5700E-01  1.0051E+02  0.0000E+00  0.0000E+00  0.0000E+00  0.0000E+00  0.0000E+00  0.0000E+00
  4.7367E-02  1.5800E-01  1.0051E+02  0.0000E+00  0.0000E+00  0.0000E+00  0.0000E+00  0.0000E+00  0.0000E+00
  4.7666E-02  1.5900E-01  1.0051E+02  0.0000E+00  0.0000E+00  0.0000E+00  0.0000E+00  0.0000E+00  0.0000E+00
  4.7966E-02  1.6000E-01  1.0051E+02  0.0000E+00  0.0000E+00  0.0000E+00  0.0000E+00  0.0000E+00  0.0000E+00
  4.8266E-02  1.6100E-01  1.0051E+02  0.0000E+00  0.0000E+00  0.0000E+00  0.0000E+00  0.0000E+00  0.0000E+00
  4.8566E-02  1.6200E-01  1.0051E+02  0.0000E+00  0.0000E+00  0.0000E+00  0.0000E+00  0.0000E+00  0.0000E+00
  4.8866E-02  1.6300E-01  1.0051E+02  0.0000E+00  0.0000E+00  0.0000E+00  0.0000E+00  0.0000E+00  0.0000E+00
  4.9165E-02  1.6400E-01  1.0051E+02  0.0000E+00  0.0000E+00  0.0000E+00  0.0000E+00  0.0000E+00  0.0000E+00
  4.9465E-02  1.6500E-01  1.0051E+02  0.0000E+00  0.0000E+00  0.0000E+00  0.0000E+00  0.0000E+00  0.0000E+00
  4.9765E-02  1.6600E-01  1.0051E+02  0.0000E+00  0.0000E+00  0.0000E+00  0.0000E+00  0.0000E+00  0.0000E+00
  5.0065E-02  1.6700E-01  1.0051E+02  0.0000E+00  0.0000E+00  0.0000E+00  0.0000E+00  0.0000E+00  0.0000E+00
  5.0364E-02  1.6800E-01  1.0051E+02  0.0000E+00  0.0000E+00  0.0000E+00  0.0000E+00  0.0000E+00  0.0000E+00
  5.0664E-02  1.6900E-01  1.0051E+02  0.0000E+00  0.0000E+00  0.0000E+00  0.0000E+00  0.0000E+00  0.0000E+00
  5.0964E-02  1.7000E-01  1.0051E+02  0.0000E+00  0.0000E+00  0.0000E+00  0.0000E+00  0.0000E+00  0.0000E+00
  5.1264E-02  1.7100E-01  1.0051E+02  0.0000E+00  0.0000E+00  0.0000E+00  0.0000E+00  0.0000E+00  0.0000E+00
  5.1564E-02  1.7200E-01  1.0051E+02  0.0000E+00  0.0000E+00  0.0000E+00  0.0000E+00  0.0000E+00  0.0000E+00
  5.1863E-02  1.7300E-01  1.0051E+02  0.0000E+00  0.0000E+00  0.0000E+00  0.0000E+00  0.0000E+00  0.0000E+00
  5.2163E-02  1.7400E-01  1.0051E+02  0.0000E+00  0.0000E+00  0.0000E+00  0.0000E+00  0.0000E+00  0.0000E+00
  5.2463E-02  1.7500E-01  1.0051E+02  0.0000E+00  0.0000E+00  0.0000E+00  0.0000E+00  0.0000E+00  0.0000E+00
  5.2763E-02  1.7600E-01  1.0051E+02  0.0000E+00  0.0000E+00  0.0000E+00  0.0000E+00  0.0000E+00  0.0000E+00
  5.3063E-02  1.7700E-01  1.0051E+02  0.0000E+00  0.0000E+00  0.0000E+00  0.0000E+00  0.0000E+00  0.0000E+00
  5.3362E-02  1.7800E-01  1.0051E+02  0.0000E+00  0.0000E+00  0.0000E+00  0.0000E+00  0.0000E+00  0.0000E+00
  5.3662E-02  1.7900E-01  1.0051E+02  0.0000E+00  0.0000E+00  0.0000E+00  0.0000E+00  0.0000E+00  0.0000E+00
  5.3962E-02  1.8000E-01  1.0051E+02  0.0000E+00  0.0000E+00  0.0000E+00  0.0000E+00  0.0000E+00  0.0000E+00
  5.4262E-02  1.8100E-01  1.0051E+02  0.0000E+00  0.0000E+00  0.0000E+00  0.0000E+00  0.0000E+00  0.0000E+00
  5.4562E-02  1.8200E-01  1.0051E+02  0.0000E+00  0.0000E+00  0.0000E+00  0.0000E+00  0.0000E+00  0.0000E+00
  5.4861E-02  1.8300E-01  1.0051E+02  0.0000E+00  0.0000E+00  0.0000E+00  0.0000E+00  0.0000E+00  0.0000E+00
  5.5161E-02  1.8400E-01  1.0051E+02  0.0000E+00  0.0000E+00  0.0000E+00  0.0000E+00  0.0000E+00  0.0000E+00
  5.5461E-02  1.8500E-01  1.0051E+02  0.0000E+00  0.0000E+00  0.0000E+00  0.0000E+00  0.0000E+00  0.0000E+00
  5.5761E-02  1.8600E-01  1.0051E+02  0.0000E+00  0.0000E+00  0.0000E+00  0.0000E+00  0.0000E+00  0.0000E+00
  5.6060E-02  1.8700E-01  1.0051E+02  0.0000E+00  0.0000E+00  0.0000E+00  0.0000E+00  0.0000E+00  0.0000E+00
  5.6360E-02  1.8800E-01  1.0051E+02  0.0000E+00  0.0000E+00  0.0000E+00  0.0000E+00  0.0000E+00  0.0000E+00
  5.6660E-02  1.8900E-01  1.0051E+02  0.0000E+00  0.0000E+00  0.0000E+00  0.0000E+00  0.0000E+00  0.0000E+00
  5.6960E-02  1.9000E-01  1.0051E+02  0.0000E+00  0.0000E+00  0.0000E+00  0.0000E+00  0.0000E+00  0.0000E+00
  5.7260E-02  1.9100E-01  1.0051E+02  0.0000E+00  0.0000E+00  0.0000E+00  0.0000E+00  0.0000E+00  0.0000E+00
  5.7559E-02  1.9200E-01  1.0051E+02  0.0000E+00  0.0000E+00  0.0000E+00  0.0000E+00  0.0000E+00  0.0000E+00
  5.7859E-02  1.9300E-01  1.0051E+02  0.0000E+00  0.0000E+00  0.0000E+00  0.0000E+00  0.0000E+00  0.0000E+00
  5.8159E-02  1.9400E-01  1.0051E+02  0.0000E+00  0.0000E+00  0.0000E+00  0.0000E+00  0.0000E+00  0.0000E+00
  5.8459E-02  1.9500E-01  1.0051E+02  0.0000E+00  0.0000E+00  0.0000E+00  0.0000E+00  0.0000E+00  0.0000E+00
  5.8759E-02  1.9600E-01  1.0051E+02  0.0000E+00  0.0000E+00  0.0000E+00  0.0000E+00  0.0000E+00  0.0000E+00
  5.9058E-02  1.9700E-01  1.0051E+02  0.0000E+00  0.0000E+00  0.0000E+00  0.0000E+00  0.0000E+00  0.0000E+00
  5.9358E-02  1.9800E-01  1.0051E+02  0.0000E+00  0.0000E+00  0.0000E+00  0.0000E+00  0.0000E+00  0.0000E+00
  5.9658E-02  1.9900E-01  1.0051E+02  0.0000E+00  0.0000E+00  0.0000E+00  0.0000E+00  0.0000E+00  0.0000E+00
  5.9958E-02  2.0000E-01  1.0051E+02  0.0000E+00  0.0000E+00  0.0000E+00  0.0000E+00  0.0000E+00  0.0000E+00
  6.0258E-02  2.0100E-01  1.0051E+02  0.0000E+00  0.0000E+00  0.0000E+00  0.0000E+00  0.0000E+00  0.0000E+00
  6.0557E-02  2.0200E-01  1.0051E+02  0.0000E+00  0.0000E+00  0.0000E+00  0.0000E+00  0.0000E+00  0.0000E+00
  6.0857E-02  2.0300E-01  1.0051E+02  0.0000E+00  0.0000E+00  0.0000E+00  0.0000E+00  0.0000E+00  0.0000E+00
  6.1157E-02  2.0400E-01  1.0051E+02  0.0000E+00  0.0000E+00  0.0000E+00  0.0000E+00  0.0000E+00  0.0000E+00
  6.1457E-02  2.0500E-01  1.0051E+02  0.0000E+00  0.0000E+00  0.0000E+00  0.0000E+00  0.0000E+00  0.0000E+00
  6.1756E-02  2.0600E-01  1.0051E+02  0.0000E+00  0.0000E+00  0.0000E+00  0.0000E+00  0.0000E+00  0.0000E+00
  6.2056E-02  2.0700E-01  1.0051E+02  0.0000E+00  0.0000E+00  0.0000E+00  0.0000E+00  0.0000E+00  0.0000E+00
  6.2356E-02  2.0800E-01  1.0051E+02  0.0000E+00  0.0000E+00  0.0000E+00  0.0000E+00  0.0000E+00  0.0000E+00
  6.2656E-02  2.0900E-01  1.0051E+02  0.0000E+00  0.0000E+00  0.0000E+00  0.0000E+00  0.0000E+00  0.0000E+00
  6.2956E-02  2.1000E-01  1.0051E+02  0.0000E+00  0.0000E+00  0.0000E+00  0.0000E+00  0.0000E+00  0.0000E+00
  6.3255E-02  2.1100E-01  1.0051E+02  0.0000E+00  0.0000E+00  0.0000E+00  0.0000E+00  0.0000E+00  0.0000E+00
  6.3555E-02  2.1200E-01  1.0051E+02  0.0000E+00  0.0000E+00  0.0000E+00  0.0000E+00  0.0000E+00  0.0000E+00
  6.3855E-02  2.1300E-01  1.0051E+02  0.0000E+00  0.0000E+00  0.0000E+00  0.0000E+00  0.0000E+00  0.0000E+00
  6.4155E-02  2.1400E-01  1.0051E+02  0.0000E+00  0.0000E+00  0.0000E+00  0.0000E+00  0.0000E+00  0.0000E+00
  6.4455E-02  2.1500E-01  1.0051E+02  0.0000E+00  0.0000E+00  0.0000E+00  0.0000E+00  0.0000E+00  0.0000E+00
  6.4754E-02  2.1600E-01  1.0051E+02  0.0000E+00  0.0000E+00  0.0000E+00  0.0000E+00  0.0000E+00  0.0000E+00
  6.5054E-02  2.1700E-01  1.0051E+02  0.0000E+00  0.0000E+00  0.0000E+00  0.0000E+00  0.0000E+00  0.0000E+00
  6.5354E-02  2.1800E-01  1.0051E+02  0.0000E+00  0.0000E+00  0.0000E+00  0.0000E+00  0.0000E+00  0.0000E+00
  6.5654E-02  2.1900E-01  1.0051E+02  0.0000E+00  0.0000E+00  0.0000E+00  0.0000E+00  0.0000E+00  0.0000E+00
  6.5953E-02  2.2000E-01  1.0051E+02  0.0000E+00  0.0000E+00  0.0000E+00  0.0000E+00  0.0000E+00  0.0000E+00
  6.6253E-02  2.2100E-01  1.0051E+02  0.0000E+00  0.0000E+00  0.0000E+00  0.0000E+00  0.0000E+00  0.0000E+00
  6.6553E-02  2.2200E-01  1.0051E+02  0.0000E+00  0.0000E+00  0.0000E+00  0.0000E+00  0.0000E+00  0.0000E+00
  6.6853E-02  2.2300E-01  1.0051E+02  0.0000E+00  0.0000E+00  0.0000E+00  0.0000E+00  0.0000E+00  0.0000E+00
  6.7153E-02  2.2400E-01  1.0051E+02  0.0000E+00  0.0000E+00  0.0000E+00  0.0000E+00  0.0000E+00  0.0000E+00
  6.7452E-02  2.2500E-01  1.0051E+02  0.0000E+00  0.0000E+00  0.0000E+00  0.0000E+00  0.0000E+00  0.0000E+00
  6.7752E-02  2.2600E-01  1.0051E+02  0.0000E+00  0.0000E+00  0.0000E+00  0.0000E+00  0.0000E+00  0.0000E+00
  6.8052E-02  2.2700E-01  1.0051E+02  0.0000E+00  0.0000E+00  0.0000E+00  0.0000E+00  0.0000E+00  0.0000E+00
  6.8352E-02  2.2800E-01  1.0051E+02  0.0000E+00  0.0000E+00  0.0000E+00  0.0000E+00  0.0000E+00  0.0000E+00
  6.8652E-02  2.2900E-01  1.0051E+02  0.0000E+00  0.0000E+00  0.0000E+00  0.0000E+00  0.0000E+00  0.0000E+00
  6.8951E-02  2.3000E-01  1.0051E+02  0.0000E+00  0.0000E+00  0.0000E+00  0.0000E+00  0.0000E+00  0.0000E+00
  6.9251E-02  2.3100E-01  1.0051E+02  0.0000E+00  0.0000E+00  0.0000E+00  0.0000E+00  0.0000E+00  0.0000E+00
  6.9551E-02  2.3200E-01  1.0051E+02  0.0000E+00  0.0000E+00  0.0000E+00  0.0000E+00  0.0000E+00  0.0000E+00
  6.9851E-02  2.3300E-01  1.0051E+02  0.0000E+00  0.0000E+00  0.0000E+00  0.0000E+00  0.0000E+00  0.0000E+00
  7.0151E-02  2.3400E-01  1.0051E+02  0.0000E+00  0.0000E+00  0.0000E+00  0.0000E+00  0.0000E+00  0.0000E+00
  7.0450E-02  2.3500E-01  1.0051E+02  0.0000E+00  0.0000E+00  0.0000E+00  0.0000E+00  0.0000E+00  0.0000E+00
  7.0750E-02  2.3600E-01  1.0051E+02  0.0000E+00  0.0000E+00  0.0000E+00  0.0000E+00  0.0000E+00  0.0000E+00
  7.1050E-02  2.3700E-01  1.0051E+02  0.0000E+00  0.0000E+00  0.0000E+00  0.0000E+00  0.0000E+00  0.0000E+00
  7.1350E-02  2.3800E-01  1.0051E+02  0.0000E+00  0.0000E+00  0.0000E+00  0.0000E+00  0.0000E+00  0.0000E+00
  7.1649E-02  2.3900E-01  1.0051E+02  0.0000E+00  0.0000E+00  0.0000E+00  0.0000E+00  0.0000E+00  0.0000E+00
  7.1949E-02  2.4000E-01  1.0051E+02  0.0000E+00  0.0000E+00  0.0000E+00  0.0000E+00  0.0000E+00  0.0000E+00
  7.2249E-02  2.4100E-01  1.0051E+02  0.0000E+00  0.0000E+00  0.0000E+00  0.0000E+00  0.0000E+00  0.0000E+00
  7.2549E-02  2.4200E-01  1.0051E+02  0.0000E+00  0.0000E+00  0.0000E+00  0.0000E+00  0.0000E+00  0.0000E+00
  7.2849E-02  2.4300E-01  1.0051E+02  0.0000E+00  0.0000E+00  0.0000E+00  0.0000E+00  0.0000E+00  0.0000E+00
  7.3148E-02  2.4400E-01  1.0051E+02  0.0000E+00  0.0000E+00  0.0000E+00  0.0000E+00  0.0000E+00  0.0000E+00
  7.3448E-02  2.4500E-01  1.0051E+02  0.0000E+00  0.0000E+00  0.0000E+00  0.0000E+00  0.0000E+00  0.0000E+00
  7.3748E-02  2.4600E-01  1.0051E+02  0.0000E+00  0.0000E+00  0.0000E+00  0.0000E+00  0.0000E+00  0.0000E+00
  7.4048E-02  2.4700E-01  1.0051E+02  0.0000E+00  0.0000E+00  0.0000E+00  0.0000E+00  0.0000E+00  0.0000E+00
  7.4348E-02  2.4800E-01  1.0051E+02  0.0000E+00  0.0000E+00  0.0000E+00  0.0000E+00  0.0000E+00  0.0000E+00
  7.4647E-02  2.4900E-01  1.0051E+02  0.0000E+00  0.0000E+00  0.0000E+00  0.0000E+00  0.0000E+00  0.0000E+00
  7.4947E-02  2.5000E-01  1.0051E+02  0.0000E+00  0.0000E+00  0.0000E+00  0.0000E+00  0.0000E+00  0.0000E+00
  7.5247E-02  2.5100E-01  1.0051E+02  0.0000E+00  0.0000E+00  0.0000E+00  0.0000E+00  0.0000E+00  0.0000E+00
  7.5547E-02  2.5200E-01  1.0051E+02  0.0000E+00  0.0000E+00  0.0000E+00  0.0000E+00  0.0000E+00  0.0000E+00
  7.5847E-02  2.5300E-01  1.0051E+02  0.0000E+00  0.0000E+00  0.0000E+00  0.0000E+00  0.0000E+00  0.0000E+00
  7.6146E-02  2.5400E-01  1.0051E+02  0.0000E+00  0.0000E+00  0.0000E+00  0.0000E+00  0.0000E+00  0.0000E+00
  7.6446E-02  2.5500E-01  1.0051E+02  0.0000E+00  0.0000E+00  0.0000E+00  0.0000E+00  0.0000E+00  0.0000E+00
  7.6746E-02  2.5600E-01  1.0051E+02  0.0000E+00  0.0000E+00  0.0000E+00  0.0000E+00  0.0000E+00  0.0000E+00
  7.7046E-02  2.5700E-01  1.0051E+02  0.0000E+00  0.0000E+00  0.0000E+00  0.0000E+00  0.0000E+00  0.0000E+00
  7.7345E-02  2.5800E-01  1.0051E+02  0.0000E+00  0.0000E+00  0.0000E+00  0.0000E+00  0.0000E+00  0.0000E+00
  7.7645E-02  2.5900E-01  1.0051E+02  0.0000E+00  0.0000E+00  0.0000E+00  0.0000E+00  0.0000E+00  0.0000E+00
  7.7945E-02  2.6000E-01  1.0051E+02  0.0000E+00  0.0000E+00  0.0000E+00  0.0000E+00  0.0000E+00  0.0000E+00
  7.8245E-02  2.6100E-01  1.0051E+02  0.0000E+00  0.0000E+00  0.0000E+00  0.0000E+00  0.0000E+00  0.0000E+00
  7.8545E-02  2.6200E-01  1.0051E+02  0.0000E+00  0.0000E+00  0.0000E+00  0.0000E+00  0.0000E+00  0.0000E+00
  7.8844E-02  2.6300E-01  1.0051E+02  0.0000E+00  0.0000E+00  0.0000E+00  0.0000E+00  0.0000E+00  0.0000E+00
  7.9144E-02  2.6400E-01  1.0051E+02  0.0000E+00  0.0000E+00  0.0000E+00  0.0000E+00  0.0000E+00  0.0000E+00
  7.9444E-02  2.6500E-01  1.0051E+02  0.0000E+00  0.0000E+00  0.0000E+00  0.0000E+00  0.0000E+00  0.0000E+00
  7.9744E-02  2.6600E-01  1.0051E+02  0.0000E+00  0.0000E+00  0.0000E+00  0.0000E+00  0.0000E+00  0.0000E+00
  8.0044E-02  2.6700E-01  1.0051E+02  0.0000E+00  0.0000E+00  0.0000E+00  0.0000E+00  0.0000E+00  0.0000E+00
  8.0343E-02  2.6800E-01  1.0051E+02  0.0000E+00  0.0000E+00  0.0000E+00  0.0000E+00  0.0000E+00  0.0000E+00
  8.0643E-02  2.6900E-01  1.0051E+02  0.0000E+00  0.0000E+00  0.0000E+00  0.0000E+00  0.0000E+00  0.0000E+00
  8.0943E-02  2.7000E-01  1.0051E+02  0.0000E+00  0.0000E+00  0.0000E+00  0.0000E+00  0.0000E+00  0.0000E+00
  8.1243E-02  2.7100E-01  1.0051E+02  0.0000E+00  0.0000E+00  0.0000E+00  0.0000E+00  0.0000E+00  0.0000E+00
  8.1542E-02  2.7200E-01  1.0051E+02  0.0000E+00  0.0000E+00  0.0000E+00  0.0000E+00  0.0000E+00  0.0000E+00
  8.1842E-02  2.7300E-01  1.0051E+02  0.0000E+00  0.0000E+00  0.0000E+00  0.0000E+00  0.0000E+00  0.0000E+00
  8.2142E-02  2.7400E-01  1.0051E+02  0.0000E+00  0.0000E+00  0.0000E+00  0.0000E+00  0.0000E+00  0.0000E+00
  8.2442E-02  2.7500E-01  1.0051E+02  0.0000E+00  0.0000E+00  0.0000E+00  0.0000E+00  0.0000E+00  0.0000E+00
  8.2742E-02  2.7600E-01  1.0051E+02  0.0000E+00  0.0000E+00  0.0000E+00  0.0000E+00  0.0000E+00  0.0000E+00
  8.3041E-02  2.7700E-01  1.0051E+02  0.0000E+00  0.0000E+00  0.0000E+00  0.0000E+00  0.0000E+00  0.0000E+00
  8.3341E-02  2.7800E-01  1.0051E+02  0.0000E+00  0.0000E+00  0.0000E+00  0.0000E+00  0.0000E+00  0.0000E+00
  8.3641E-02  2.7900E-01  1.0051E+02  0.0000E+00  0.0000E+00  0.0000E+00  0.0000E+00  0.0000E+00  0.0000E+00
  8.3941E-02  2.8000E-01  1.0051E+02  0.0000E+00  0.0000E+00  0.0000E+00  0.0000E+00  0.0000E+00  0.0000E+00
  8.4241E-02  2.8100E-01  1.0051E+02  0.0000E+00  0.0000E+00  0.0000E+00  0.0000E+00  0.0000E+00  0.0000E+00
  8.4540E-02  2.8200E-01  1.0051E+02  0.0000E+00  0.0000E+00  0.0000E+00  0.0000E+00  0.0000E+00  0.0000E+00
  8.4840E-02  2.8300E-01  1.0051E+02  0.0000E+00  0.0000E+00  0.0000E+00  0.0000E+00  0.0000E+00  0.0000E+00
  8.5140E-02  2.8400E-01  1.0051E+02  0.0000E+00  0.0000E+00  0.0000E+00  0.0000E+00  0.0000E+00  0.0000E+00
  8.5440E-02  2.8500E-01  1.0051E+02  0.0000E+00  0.0000E+00  0.0000E+00  0.0000E+00  0.0000E+00  0.0000E+00
  8.5740E-02  2.8600E-01  1.0051E+02  0.0000E+00  0.0000E+00  0.0000E+00  0.0000E+00  0.0000E+00  0.0000E+00
  8.6039E-02  2.8700E-01  1.0051E+02  0.0000E+00  0.0000E+00  0.0000E+00  0.0000E+00  0.0000E+00  0.0000E+00
  8.6339E-02  2.8800E-01  1.0051E+02  0.0000E+00  0.0000E+00  0.0000E+00  0.0000E+00  0.0000E+00  0.0000E+00
  8.6639E-02  2.8900E-01  1.0051E+02  0.0000E+00  0.0000E+00  0.0000E+00  0.0000E+00  0.0000E+00  0.0000E+00
  8.6939E-02  2.9000E-01  1.0051E+02  0.0000E+00  0.0000E+00  0.0000E+00  0.0000E+00  0.0000E+00  0.0000E+00
  8.7238E-02  2.9100E-01  1.0051E+02  0.0000E+00  0.0000E+00  0.0000E+00  0.0000E+00  0.0000E+00  0.0000E+00
  8.7538E-02  2.9200E-01  1.0051E+02  0.0000E+00  0.0000E+00  0.0000E+00  0.0000E+00  0.0000E+00  0.0000E+00
  8.7838E-02  2.9300E-01  1.0051E+02  0.0000E+00  0.0000E+00  0.0000E+00  0.0000E+00  0.0000E+00  0.0000E+00
  8.8138E-02  2.9400E-01  1.0051E+02  0.0000E+00  0.0000E+00  0.0000E+00  0.0000E+00  0.0000E+00  0.0000E+00
  8.8438E-02  2.9500E-01  1.0051E+02  0.0000E+00  0.0000E+00  0.0000E+00  0.0000E+00  0.0000E+00  0.0000E+00
  8.8737E-02  2.9600E-01  1.0051E+02  0.0000E+00  0.0000E+00  0.0000E+00  0.0000E+00  0.0000E+00  0.0000E+00
  8.9037E-02  2.9700E-01  1.0051E+02  0.0000E+00  0.0000E+00  0.0000E+00  0.0000E+00  0.0000E+00  0.0000E+00
  8.9337E-02  2.9800E-01  1.0051E+02  0.0000E+00  0.0000E+00  0.0000E+00  0.0000E+00  0.0000E+00  0.0000E+00
  8.9637E-02  2.9900E-01  1.0051E+02  0.0000E+00  0.0000E+00  0.0000E+00  0.0000E+00  0.0000E+00  0.0000E+00
  8.9937E-02  3.0000E-01  1.0051E+02  0.0000E+00  0.0000E+00  0.0000E+00  0.0000E+00  0.0000E+00  0.0000E+00
  9.0236E-02  3.0100E-01  1.0051E+02  0.0000E+00  0.0000E+00  0.0000E+00  0.0000E+00  0.0000E+00  0.0000E+00
  9.0536E-02  3.0200E-01  1.0051E+02  0.0000E+00  0.0000E+00  0.0000E+00  0.0000E+00  0.0000E+00  0.0000E+00
  9.0836E-02  3.0300E-01  1.0051E+02  0.0000E+00  0.0000E+00  0.0000E+00  0.0000E+00  0.0000E+00  0.0000E+00
  9.1136E-02  3.0400E-01  1.0051E+02  0.0000E+00  0.0000E+00  0.0000E+00  0.0000E+00  0.0000E+00  0.0000E+00
  9.1436E-02  3.0500E-01  1.0051E+02  0.0000E+00  0.0000E+00  0.0000E+00  0.0000E+00  0.0000E+00  0.0000E+00
  9.1735E-02  3.0600E-01  1.0051E+02  0.0000E+00  0.0000E+00  0.0000E+00  0.0000E+00  0.0000E+00  0.0000E+00
  9.2035E-02  3.0700E-01  1.0051E+02  0.0000E+00  0.0000E+00  0.0000E+00  0.0000E+00  0.0000E+00  0.0000E+00
  9.2335E-02  3.0800E-01  1.0051E+02  0.0000E+00  0.0000E+00  0.0000E+00  0.0000E+00  0.0000E+00  0.0000E+00
  9.2635E-02  3.0900E-01  1.0051E+02  0.0000E+00  0.0000E+00  0.0000E+00  0.0000E+00  0.0000E+00  0.0000E+00
  9.2934E-02  3.1000E-01  1.0051E+02  0.0000E+00  0.0000E+00  0.0000E+00  0.0000E+00  0.0000E+00  0.0000E+00
  9.3234E-02  3.1100E-01  1.0051E+02  0.0000E+00  0.0000E+00  0.0000E+00  0.0000E+00  0.0000E+00  0.0000E+00
  9.3534E-02  3.1200E-01  1.0051E+02  0.0000E+00  0.0000E+00  0.0000E+00  0.0000E+00  0.0000E+00  0.0000E+00
  9.3834E-02  3.1300E-01  1.0051E+02  0.0000E+00  0.0000E+00  0.0000E+00  0.0000E+00  0.0000E+00  0.0000E+00
  9.4134E-02  3.1400E-01  1.0051E+02  0.0000E+00  0.0000E+00  0.0000E+00  0.0000E+00  0.0000E+00  0.0000E+00
  9.4433E-02  3.1500E-01  1.0051E+02  0.0000E+00  0.0000E+00  0.0000E+00  0.0000E+00  0.0000E+00  0.0000E+00
  9.4733E-02  3.1600E-01  1.0051E+02  0.0000E+00  0.0000E+00  0.0000E+00  0.0000E+00  0.0000E+00  0.0000E+00
  9.5033E-02  3.1700E-01  1.0051E+02  0.0000E+00  0.0000E+00  0.0000E+00  0.0000E+00  0.0000E+00  0.0000E+00
  9.5333E-02  3.1800E-01  1.0051E+02  0.0000E+00  0.0000E+00  0.0000E+00  0.0000E+00  0.0000E+00  0.0000E+00
  9.5633E-02  3.1900E-01  1.0051E+02  0.0000E+00  0.0000E+00  0.0000E+00  0.0000E+00  0.0000E+00  0.0000E+00
  9.5932E-02  3.2000E-01  1.0051E+02  0.0000E+00  0.0000E+00  0.0000E+00  0.0000E+00  0.0000E+00  0.0000E+00
  9.6232E-02  3.2100E-01  1.0051E+02  0.0000E+00  0.0000E+00  0.0000E+00  0.0000E+00  0.0000E+00  0.0000E+00
  9.6532E-02  3.2200E-01  1.0051E+02  0.0000E+00  0.0000E+00  0.0000E+00  0.0000E+00  0.0000E+00  0.0000E+00
  9.6832E-02  3.2300E-01  1.0051E+02  0.0000E+00  0.0000E+00  0.0000E+00  0.0000E+00  0.0000E+00  0.0000E+00
  9.7132E-02  3.2400E-01  1.0051E+02  0.0000E+00  0.0000E+00  0.0000E+00  0.0000E+00  0.0000E+00  0.0000E+00
  9.7431E-02  3.2500E-01  1.0051E+02  0.0000E+00  0.0000E+00  0.0000E+00  0.0000E+00  0.0000E+00  0.0000E+00
  9.7731E-02  3.2600E-01  1.0051E+02  0.0000E+00  0.0000E+00  0.0000E+00  0.0000E+00  0.0000E+00  0.0000E+00
  9.8031E-02  3.2700E-01  1.0051E+02  0.0000E+00  0.0000E+00  0.0000E+00  0.0000E+00  0.0000E+00  0.0000E+00
  9.8331E-02  3.2800E-01  1.0051E+02  0.0000E+00  0.0000E+00  0.0000E+00  0.0000E+00  0.0000E+00  0.0000E+00
  9.8630E-02  3.2900E-01  1.0051E+02  0.0000E+00  0.0000E+00  0.0000E+00  0.0000E+00  0.0000E+00  0.0000E+00
  9.8930E-02  3.3000E-01  1.0051E+02  0.0000E+00  0.0000E+00  0.0000E+00  0.0000E+00  0.0000E+00  0.0000E+00
  9.9230E-02  3.3100E-01  1.0051E+02  0.0000E+00  0.0000E+00  0.0000E+00  0.0000E+00  0.0000E+00  0.0000E+00
  9.9530E-02  3.3200E-01  1.0051E+02  0.0000E+00  0.0000E+00  0.0000E+00  0.0000E+00  0.0000E+00  0.0000E+00
  9.9830E-02  3.3300E-01  1.0051E+02  0.0000E+00  0.0000E+00  0.0000E+00  0.0000E+00  0.0000E+00  0.0000E+00
  1.0013E-01  3.3400E-01  1.0051E+02 -1.3090E-04  0.0000E+00  0.0000E+00  0.0000E+00  0.0000E+00  0.0000E+00
  1.0043E-01  3.3500E-01  1.0051E+02 -1.6345E-03  0.0000E+00  0.0000E+00  0.0000E+00  0.0000E+00  0.0000E+00
  1.0073E-01  3.3600E-01  1.0051E+02 -3.1896E-03  0.0000E+00  0.0000E+00  0.0000E+00  0.0000E+00  0.0000E+00
  1.0103E-01  3.3700E-01  1.0051E+02 -4.5357E-03  0.0000E+00  0.0000E+00  0.0000E+00  0.0000E+00  0.0000E+00
  1.0133E-01  3.3800E-01  1.0051E+02 -5.6346E-03  0.0000E+00  0.0000E+00  0.0000E+00  0.0000E+00  0.0000E+00
  1.0163E-01  3.3900E-01  1.0051E+02 -6.4856E-03  0.0000E+00  0.0000E+00  0.0000E+00  0.0000E+00  0.0000E+00
  1.0193E-01  3.4000E-01  1.0051E+02 -7.1494E-03  0.0000E+00  0.0000E+00  0.0000E+00  0.0000E+00  0.0000E+00
  1.0223E-01  3.4100E-01  1.0051E+02 -7.6035E-03  0.0000E+00  0.0000E+00  0.0000E+00  0.0000E+00  0.0000E+00
  1.0253E-01  3.4200E-01  1.0051E+02 -7.8458E-03  0.0000E+00  0.0000E+00  0.0000E+00  0.0000E+00  0.0000E+00
  1.0283E-01  3.4300E-01  1.0051E+02 -7.8568E-03  0.0000E+00  0.0000E+00  0.0000E+00  0.0000E+00  0.0000E+00
  1.0313E-01  3.4400E-01  1.0051E+02 -7.6428E-03  0.0000E+00  0.0000E+00  0.0000E+00  0.0000E+00  0.0000E+00
  1.0343E-01  3.4500E-01  1.0051E+02 -7.1891E-03  0.0000E+00  0.0000E+00  0.0000E+00  0.0000E+00  0.0000E+00
  1.0373E-01  3.4600E-01  1.0051E+02 -6.4898E-03  0.0000E+00  0.0000E+00  0.0000E+00  0.0000E+00  0.0000E+00
  1.0403E-01  3.4700E-01  1.0051E+02 -5.5375E-03  0.0000E+00  0.0000E+00  0.0000E+00  0.0000E+00  0.0000E+00
  1.0433E-01  3.4800E-01  1.0051E+02 -4.3159E-03  0.0000E+00  0.0000E+00  0.0000E+00  0.0000E+00  0.0000E+00
  1.0463E-01  3.4900E-01  1.0051E+02 -2.8207E-03  0.0000E+00  0.0000E+00  0.0000E+00  0.0000E+00  0.0000E+00
  1.0493E-01  3.5000E-01  1.0051E+02 -1.0314E-03  0.0000E+00  0.0000E+00  0.0000E+00  0.0000E+00  0.0000E+00
  1.0523E-01  3.5100E-01  1.0051E+02  1.0628E-03  0.0000E+00  0.0000E+00  0.0000E+00  0.0000E+00  0.0000E+00
  1.0553E-01  3.5200E-01  1.0051E+02  3.4799E-03  0.0000E+00  0.0000E+00  0.0000E+00  0.0000E+00  0.0000E+00
  1.0583E-01  3.5300E-01  1.0051E+02  6.2362E-03  0.0000E+00  0.0000E+00  0.0000E+00  0.0000E+00  0.0000E+00
  1.0613E-01  3.5400E-01  1.0051E+02  9.3550E-03  0.0000E+00  0.0000E+00  0.0000E+00  0.0000E+00  0.0000E+00
  1.0642E-01  3.5500E-01  1.0051E+02  1.2846E-02  0.0000E+00  0.0000E+00  0.0000E+00  0.0000E+00  0.0000E+00
  1.0672E-01  3.5600E-01  1.0051E+02  1.6754E-02  0.0000E+00  0.0000E+00  0.0000E+00  0.0000E+00  0.0000E+00
  1.0702E-01  3.5700E-01  1.0051E+02  2.1075E-02  0.0000E+00  0.0000E+00  0.0000E+00  0.0000E+00  0.0000E+00
  1.0732E-01  3.5800E-01  1.0051E+02  2.5863E-02  0.0000E+00  0.0000E+00  0.0000E+00  0.0000E+00  0.0000E+00
  1.0762E-01  3.5900E-01  1.0051E+02  3.1127E-02  0.0000E+00  0.0000E+00  0.0000E+00  0.0000E+00  0.0000E+00
  1.0792E-01  3.6000E-01  1.0051E+02  3.6902E-02  0.0000E+00  0.0000E+00  0.0000E+00  0.0000E+00  0.0000E+00
  1.0822E-01  3.6100E-01  1.0051E+02  4.3236E-02  0.0000E+00  0.0000E+00  0.0000E+00  0.0000E+00  0.0000E+00
  1.0852E-01  3.6200E-01  1.0051E+02  5.0116E-02  0.0000E+00  0.0000E+00  0.0000E+00  0.0000E+00  0.0000E+00
  1.0882E-01  3.6300E-01  1.0051E+02  5.7666E-02  0.0000E+00  0.0000E+00  0.0000E+00  0.0000E+00  0.0000E+00
  1.0912E-01  3.6400E-01  1.0051E+02  6.5821E-02  0.0000E+00  0.0000E+00  0.0000E+00  0.0000E+00  0.0000E+00
  1.0942E-01  3.6500E-01  1.0051E+02  7.4716E-02  0.0000E+00  0.0000E+00  0.0000E+00  0.0000E+00  0.0000E+00
  1.0972E-01  3.6600E-01  1.0051E+02  8.4333E-02  0.0000E+00  0.0000E+00  0.0000E+00  0.0000E+00  0.0000E+00
  1.1002E-01  3.6700E-01  1.0051E+02  9.4738E-02  0.0000E+00  0.0000E+00  0.0000E+00  0.0000E+00  0.0000E+00
  1.1032E-01  3.6800E-01  1.0051E+02  1.0602E-01  0.0000E+00  0.0000E+00  0.0000E+00  0.0000E+00  0.0000E+00
  1.1062E-01  3.6900E-01  1.0051E+02  1.1811E-01  0.0000E+00  0.0000E+00  0.0000E+00  0.0000E+00  0.0000E+00
  1.1092E-01  3.7000E-01  1.0051E+02  1.3128E-01  0.0000E+00  0.0000E+00  0.0000E+00  0.0000E+00  0.0000E+00
  1.1122E-01  3.7100E-01  1.0051E+02  1.4534E-01  0.0000E+00  0.0000E+00  0.0000E+00  0.0000E+00  0.0000E+00
  1.1152E-01  3.7200E-01  1.0051E+02  1.6059E-01  0.0000E+00  0.0000E+00  0.0000E+00  0.0000E+00  0.0000E+00
  1.1182E-01  3.7300E-01  1.0051E+02  1.7692E-01  0.0000E+00  0.0000E+00  0.0000E+00  0.0000E+00  0.0000E+00
  1.1212E-01  3.7400E-01  1.0051E+02  1.9445E-01  0.0000E+00  0.0000E+00  0.0000E+00  0.0000E+00  0.0000E+00
  1.1242E-01  3.7500E-01  1.0051E+02  2.1334E-01  0.0000E+00  0.0000E+00  0.0000E+00  0.0000E+00  0.0000E+00
  1.1272E-01  3.7600E-01  1.0051E+02  2.3345E-01  0.0000E+00  0.0000E+00  0.0000E+00  0.0000E+00  0.0000E+00
  1.1302E-01  3.7700E-01  1.0051E+02  2.5526E-01  0.0000E+00  0.0000E+00  0.0000E+00  0.0000E+00  0.0000E+00
  1.1332E-01  3.7800E-01  1.0051E+02  2.7838E-01  0.0000E+00  0.0000E+00  0.0000E+00  0.0000E+00  0.0000E+00
  1.1362E-01  3.7900E-01  1.0051E+02  3.0330E-01  0.0000E+00  0.0000E+00  0.0000E+00  0.0000E+00  0.0000E+00
  1.1392E-01  3.8000E-01  1.0051E+02  3.2987E-01  0.0000E+00  0.0000E+00  0.0000E+00  0.0000E+00  0.0000E+00
  1.1422E-01  3.8100E-01  1.0051E+02  3.5830E-01  0.0000E+00  0.0000E+00  0.0000E+00  0.0000E+00  0.0000E+00
  1.1452E-01  3.8200E-01  1.0051E+02  3.8876E-01  0.0000E+00  0.0000E+00  0.0000E+00  0.0000E+00  0.0000E+00
  1.1482E-01  3.8300E-01  1.0051E+02  4.2099E-01  0.0000E+00  0.0000E+00  0.0000E+00  0.0000E+00  0.0000E+00
  1.1512E-01  3.8400E-01  1.0051E+02  4.5583E-01  0.0000E+00  0.0000E+00  0.0000E+00  0.0000E+00  0.0000E+00
  1.1542E-01  3.8500E-01  1.0051E+02  4.9259E-01  0.0000E+00  0.0000E+00  0.0000E+00  0.0000E+00  0.0000E+00
  1.1572E-01  3.8600E-01  1.0051E+02  5.3214E-01  0.0000E+00  0.0000E+00  0.0000E+00  0.0000E+00  0.0000E+00
  1.1602E-01  3.8700E-01  1.0051E+02  5.7409E-01  0.0000E+00  0.0000E+00  0.0000E+00  0.0000E+00  0.0000E+00
  1.1632E-01  3.8800E-01  1.0051E+02  6.1872E-01  0.0000E+00  0.0000E+00  0.0000E+00  0.0000E+00  0.0000E+00
  1.1662E-01  3.8900E-01  1.0051E+02  6.6643E-01  0.0000E+00  0.0000E+00  0.0000E+00  0.0000E+00  0.0000E+00
  1.1692E-01  3.9000E-01  1.0051E+02  7.1670E-01  0.0000E+00  0.0000E+00  0.0000E+00  0.0000E+00  0.0000E+00
  1.1722E-01  3.9100E-01  1.0051E+02  7.7097E-01  0.0000E+00  0.0000E+00  0.0000E+00  0.0000E+00  0.0000E+00
  1.1752E-01  3.9200E-01  1.0051E+02  8.2802E-01  0.0000E+00  0.0000E+00  0.0000E+00  0.0000E+00  0.0000E+00
  1.1782E-01  3.9300E-01  1.0051E+02  8.8936E-01  0.0000E+00  0.0000E+00  0.0000E+00  0.0000E+00  0.0000E+00
  1.1812E-01  3.9400E-01  1.0051E+02  9.5408E-01  0.0000E+00  0.0000E+00  0.0000E+00  0.0000E+00  0.0000E+00
  1.1842E-01  3.9500E-01  1.0051E+02  1.0226E+00  0.0000E+00  0.0000E+00  0.0000E+00  0.0000E+00  0.0000E+00
  1.1872E-01  3.9600E-01  1.0051E+02  1.0956E+00  0.0000E+00  0.0000E+00  0.0000E+00  0.0000E+00  0.0000E+00
  1.1902E-01  3.9700E-01  1.0051E+02  1.1723E+00  0.0000E+00  0.0000E+00  0.0000E+00  0.0000E+00  0.0000E+00
  1.1932E-01  3.9800E-01  1.0051E+02  1.2546E+00  0.0000E+00  0.0000E+00  0.0000E+00  0.0000E+00  0.0000E+00
  1.1962E-01  3.9900E-01  1.0052E+02  1.3407E+00  0.0000E+00  0.0000E+00  0.0000E+00  0.0000E+00  0.0000E+00
  1.1992E-01  4.0000E-01  1.0052E+02  1.4328E+00  0.0000E+00  0.0000E+00  0.0000E+00  0.0000E+00  0.0000E+00
  1.2022E-01  4.0100E-01  1.0052E+02  1.5297E+00  0.0000E+00  0.0000E+00  0.0000E+00  0.0000E+00  0.0000E+00
  1.2052E-01  4.0200E-01  1.0052E+02  1.6324E+00  0.0000E+00  0.0000E+00  0.0000E+00  0.0000E+00  0.0000E+00
  1.2081E-01  4.0300E-01  1.0052E+02  1.7413E+00  0.0000E+00  0.0000E+00  0.0000E+00  0.0000E+00  0.0000E+00
  1.2111E-01  4.0400E-01  1.0052E+02  1.8552E+00  0.0000E+00  0.0000E+00  0.0000E+00  0.0000E+00  0.0000E+00
  1.2141E-01  4.0500E-01  1.0052E+02  1.9774E+00  0.0000E+00  0.0000E+00  0.0000E+00  0.0000E+00  0.0000E+00
  1.2171E-01  4.0600E-01  1.0052E+02  2.1046E+00  0.0000E+00  0.0000E+00  0.0000E+00  0.0000E+00  0.0000E+00
  1.2201E-01  4.0700E-01  1.0052E+02  2.2400E+00  0.0000E+00  0.0000E+00  0.0000E+00  0.0000E+00  0.0000E+00
  1.2231E-01  4.0800E-01  1.0052E+02  2.3821E+00  0.0000E+00  0.0000E+00  0.0000E+00  0.0000E+00  0.0000E+00
  1.2261E-01  4.0900E-01  1.0052E+02  2.5318E+00  0.0000E+00  0.0000E+00  0.0000E+00  0.0000E+00  0.0000E+00
  1.2291E-01  4.1000E-01  1.0052E+02  2.6904E+00  0.0000E+00  0.0000E+00  0.0000E+00  0.0000E+00  0.0000E+00
  1.2321E-01  4.1100E-01  1.0052E+02  2.8556E+00  0.0000E+00  0.0000E+00  0.0000E+00  0.0000E+00  0.0000E+00
  1.2351E-01  4.1200E-01  1.0052E+02  3.0319E+00  0.0000E+00  0.0000E+00  0.0000E+00  0.0000E+00  0.0000E+00
  1.2381E-01  4.1300E-01  1.0052E+02  3.2146E+00  0.0000E+00  0.0000E+00  0.0000E+00  0.0000E+00  0.0000E+00
  1.2411E-01  4.1400E-01  1.0053E+02  3.4085E+00  0.0000E+00  0.0000E+00  0.0000E+00  0.0000E+00  0.0000E+00
  1.2441E-01  4.1500E-01  1.0053E+02  3.6111E+00  0.0000E+00  0.0000E+00  0.0000E+00  0.0000E+00  0.0000E+00
  1.2471E-01  4.1600E-01  1.0053E+02  3.8238E+00  0.0000E+00  0.0000E+00  0.0000E+00  0.0000E+00  0.0000E+00
  1.2501E-01  4.1700E-01  1.0053E+02  4.0478E+00  0.0000E+00  0.0000E+00  0.0000E+00  0.0000E+00  0.0000E+00
  1.2531E-01  4.1800E-01  1.0053E+02  4.2798E+00  0.0000E+00  0.0000E+00  0.0000E+00  0.0000E+00  0.0000E+00
  1.2561E-01  4.1900E-01  1.0053E+02  4.5264E+00  0.0000E+00  0.0000E+00  0.0000E+00  0.0000E+00  0.0000E+00
  1.2591E-01  4.2000E-01  1.0053E+02  4.7810E+00  0.0000E+00  0.0000E+00  0.0000E+00  0.0000E+00  0.0000E+00
  1.2621E-01  4.2100E-01  1.0053E+02  5.0498E+00  0.0000E+00  0.0000E+00  0.0000E+00  0.0000E+00  0.0000E+00
  1.2651E-01  4.2200E-01  1.0054E+02  5.3291E+00  0.0000E+00  0.0000E+00  0.0000E+00  0.0000E+00  0.0000E+00
  1.2681E-01  4.2300E-01  1.0054E+02  5.6202E+00  0.0000E+00  0.0000E+00  0.0000E+00  0.0000E+00  0.0000E+00
  1.2711E-01  4.2400E-01  1.0054E+02  5.9253E+00  0.0000E+00  0.0000E+00  0.0000E+00  0.0000E+00  0.0000E+00
  1.2741E-01  4.2500E-01  1.0054E+02  6.2399E+00  0.0000E+00  0.0000E+00  0.0000E+00  0.0000E+00  0.0000E+00
  1.2771E-01  4.2600E-01  1.0054E+02  6.5714E+00  0.0000E+00  0.0000E+00  0.0000E+00  0.0000E+00  0.0000E+00
  1.2801E-01  4.2700E-01  1.0055E+02  6.9114E+00  0.0000E+00  0.0000E+00  0.0000E+00  0.0000E+00  0.0000E+00
  1.2831E-01  4.2800E-01  1.0055E+02  7.2677E+00  0.0000E+00  0.0000E+00  0.0000E+00  0.0000E+00  0.0000E+00
  1.2861E-01  4.2900E-01  1.0055E+02  7.6355E+00  0.0000E+00  0.0000E+00  0.0000E+00  0.0000E+00  0.0000E+00
  1.2891E-01  4.3000E-01  1.0055E+02  8.0167E+00  0.0000E+00  0.0000E+00  0.0000E+00  0.0000E+00  0.0000E+00
  1.2921E-01  4.3100E-01  1.0056E+02  8.4120E+00  0.0000E+00  0.0000E+00  0.0000E+00  0.0000E+00  0.0000E+00
  1.2951E-01  4.3200E-01  1.0056E+02  8.8162E+00  0.0000E+00  0.0000E+00  0.0000E+00  0.0000E+00  0.0000E+00
  1.2981E-01  4.3300E-01  1.0056E+02  9.2385E+00  0.0000E+00  0.0000E+00  0.0000E+00  0.0000E+00  0.0000E+00
  1.3011E-01  4.3400E-01  1.0056E+02  9.6687E+00  0.0000E+00  0.0000E+00  0.0000E+00  0.0000E+00  0.0000E+00
  1.3041E-01  4.3500E-01  1.0057E+02  1.0115E+01  0.0000E+00  0.0000E+00  0.0000E+00  0.0000E+00  0.0000E+00
  1.3071E-01  4.3600E-01  1.0057E+02  1.0571E+01  0.0000E+00  0.0000E+00  0.0000E+00  0.0000E+00  0.0000E+00
  1.3101E-01  4.3700E-01  1.0057E+02  1.1038E+01  0.0000E+00  0.0000E+00  0.0000E+00  0.0000E+00  0.0000E+00
  1.3131E-01  4.3800E-01  1.0058E+02  1.1517E+01  0.0000E+00  0.0000E+00  0.0000E+00  0.0000E+00  0.0000E+00
  1.3161E-01  4.3900E-01  1.0058E+02  1.2003E+01  0.0000E+00  0.0000E+00  0.0000E+00  0.0000E+00  0.0000E+00
  1.3191E-01  4.4000E-01  1.0058E+02  1.2504E+01  0.0000E+00  0.0000E+00  0.0000E+00  0.0000E+00  0.0000E+00
  1.3221E-01  4.4100E-01  1.0059E+02  1.3009E+01  0.0000E+00  0.0000E+00  0.0000E+00  0.0000E+00  0.0000E+00
  1.3251E-01  4.4200E-01  1.0059E+02  1.3524E+01  0.0000E+00  0.0000E+00  0.0000E+00  0.0000E+00  0.0000E+00
  1.3281E-01  4.4300E-01  1.0060E+02  1.4044E+01  0.0000E+00  0.0000E+00  0.0000E+00  0.0000E+00  0.0000E+00
  1.3311E-01  4.4400E-01  1.0060E+02  1.4571E+01  0.0000E+00  0.0000E+00  0.0000E+00  0.0000E+00  0.0000E+00
  1.3341E-01  4.4500E-01  1.0060E+02  1.5103E+01  0.0000E+00  0.0000E+00  0.0000E+00  0.0000E+00  0.0000E+00
  1.3371E-01  4.4600E-01  1.0061E+02  1.5634E+01  0.0000E+00  0.0000E+00  0.0000E+00  0.0000E+00  0.0000E+00
  1.3401E-01  4.4700E-01  1.0061E+02  1.6171E+01  0.0000E+00  0.0000E+00  0.0000E+00  0.0000E+00  0.0000E+00
  1.3431E-01  4.4800E-01  1.0062E+02  1.6706E+01  0.0000E+00  0.0000E+00  0.0000E+00  0.0000E+00  0.0000E+00
  1.3461E-01  4.4900E-01  1.0062E+02  1.7242E+01  0.0000E+00  0.0000E+00  0.0000E+00  0.0000E+00  0.0000E+00
  1.3490E-01  4.5000E-01  1.0063E+02  1.7773E+01  0.0000E+00  0.0000E+00  0.0000E+00  0.0000E+00  0.0000E+00
  1.3520E-01  4.5100E-01  1.0064E+02  1.8298E+01  0.0000E+00  0.0000E+00  0.0000E+00  0.0000E+00  0.0000E+00
  1.3550E-01  4.5200E-01  1.0064E+02  1.8818E+01  0.0000E+00  0.0000E+00  0.0000E+00  0.0000E+00  0.0000E+00
  1.3580E-01  4.5300E-01  1.0065E+02  1.9332E+01  0.0000E+00  0.0000E+00  0.0000E+00  0.0000E+00  0.0000E+00
  1.3610E-01  4.5400E-01  1.0065E+02  1.9837E+01  0.0000E+00  0.0000E+00  0.0000E+00  0.0000E+00  0.0000E+00
  1.3640E-01  4.5500E-01  1.0066E+02  2.0331E+01  0.0000E+00  0.0000E+00  0.0000E+00  0.0000E+00  0.0000E+00
  1.3670E-01  4.5600E-01  1.0067E+02  2.0812E+01  0.0000E+00  0.0000E+00  0.0000E+00  0.0000E+00  0.0000E+00
  1.3700E-01  4.5700E-01  1.0067E+02  2.1279E+01  0.0000E+00  0.0000E+00  0.0000E+00  0.0000E+00  0.0000E+00
  1.3730E-01  4.5800E-01  1.0068E+02  2.1730E+01  0.0000E+00  0.0000E+00  0.0000E+00  0.0000E+00  0.0000E+00
  1.3760E-01  4.5900E-01  1.0068E+02  2.2163E+01  0.0000E+00  0.0000E+00  0.0000E+00  0.0000E+00  0.0000E+00
  1.3790E-01  4.6000E-01  1.0069E+02  2.2580E+01  0.0000E+00  0.0000E+00  0.0000E+00  0.0000E+00  0.0000E+00
  1.3820E-01  4.6100E-01  1.0070E+02  2.2973E+01  0.0000E+00  0.0000E+00  0.0000E+00  0.0000E+00  0.0000E+00
  1.3850E-01  4.6200E-01  1.0071E+02  2.3347E+01  0.0000E+00  0.0000E+00  0.0000E+00  0.0000E+00  0.0000E+00
  1.3880E-01  4.6300E-01  1.0071E+02  2.3697E+01  0.0000E+00  0.0000E+00  0.0000E+00  0.0000E+00  0.0000E+00
  1.3910E-01  4.6400E-01  1.0072E+02  2.4023E+01  0.0000E+00  0.0000E+00  0.0000E+00  0.0000E+00  0.0000E+00
  1.3940E-01  4.6500E-01  1.0073E+02  2.4323E+01  0.0000E+00  0.0000E+00  0.0000E+00  0.0000E+00  0.0000E+00
  1.3970E-01  4.6600E-01  1.0073E+02  2.4597E+01  0.0000E+00  0.0000E+00  0.0000E+00  0.0000E+00  0.0000E+00
  1.4000E-01  4.6700E-01  1.0074E+02  2.4845E+01  0.0000E+00  0.0000E+00  0.0000E+00  0.0000E+00  0.0000E+00
  1.4030E-01  4.6800E-01  1.0075E+02  2.5063E+01  0.0000E+00  0.0000E+00  0.0000E+00  0.0000E+00  0.0000E+00
  1.4060E-01  4.6900E-01  1.0076E+02  2.5256E+01  0.0000E+00  0.0000E+00  0.0000E+00  0.0000E+00  0.0000E+00
  1.4090E-01  4.7000E-01  1.0076E+02  2.5416E+01  0.0000E+00  0.0000E+00  0.0000E+00  0.0000E+00  0.0000E+00
  1.4120E-01  4.7100E-01  1.0077E+02  2.5549E+01  0.0000E+00  0.0000E+00  0.0000E+00  0.0000E+00  0.0000E+00
  1.4150E-01  4.7200E-01  1.0078E+02  2.5651E+01  0.0000E+00  0.0000E+00  0.0000E+00  0.0000E+00  0.0000E+00
  1.4180E-01  4.7300E-01  1.0079E+02  2.5723E+01  0.0000E+00  0.0000E+00  0.0000E+00  0.0000E+00  0.0000E+00
  1.4210E-01  4.7400E-01  1.0080E+02  2.5768E+01  0.0000E+00  0.0000E+00  0.0000E+00  0.0000E+00  0.0000E+00
  1.4240E-01  4.7500E-01  1.0080E+02  2.5777E+01  0.0000E+00  0.0000E+00  0.0000E+00  0.0000E+00  0.0000E+00
  1.4270E-01  4.7600E-01  1.0081E+02  2.5761E+01  0.0000E+00  0.0000E+00  0.0000E+00  0.0000E+00  0.0000E+00
  1.4300E-01  4.7700E-01  1.0082E+02  2.5711E+01  0.0000E+00  0.0000E+00  0.0000E+00  0.0000E+00  0.0000E+00
  1.4330E-01  4.7800E-01  1.0083E+02  2.5634E+01  0.0000E+00  0.0000E+00  0.0000E+00  0.0000E+00  0.0000E+00
  1.4360E-01  4.7900E-01  1.0083E+02  2.5527E+01  0.0000E+00  0.0000E+00  0.0000E+00  0.0000E+00  0.0000E+00
  1.4390E-01  4.8000E-01  1.0084E+02  2.5390E+01  0.0000E+00  0.0000E+00  0.0000E+00  0.0000E+00  0.0000E+00
  1.4420E-01  4.8100E-01  1.0085E+02  2.5226E+01  0.0000E+00  0.0000E+00  0.0000E+00  0.0000E+00  0.0000E+00
  1.4450E-01  4.8200E-01  1.0086E+02  2.5031E+01  0.0000E+00  0.0000E+00  0.0000E+00  0.0000E+00  0.0000E+00
  1.4480E-01  4.8300E-01  1.0086E+02  2.4812E+01  0.0000E+00  0.0000E+00  0.0000E+00  0.0000E+00  0.0000E+00
  1.4510E-01  4.8400E-01  1.0087E+02  2.4563E+01  0.0000E+00  0.0000E+00  0.0000E+00  0.0000E+00  0.0000E+00
  1.4540E-01  4.8500E-01  1.0088E+02  2.4288E+01  0.0000E+00  0.0000E+00  0.0000E+00  0.0000E+00  0.0000E+00
  1.4570E-01  4.8600E-01  1.0089E+02  2.3988E+01  0.0000E+00  0.0000E+00  0.0000E+00  0.0000E+00  0.0000E+00
  1.4600E-01  4.8700E-01  1.0089E+02  2.3662E+01  0.0000E+00  0.0000E+00  0.0000E+00  0.0000E+00  0.0000E+00
  1.4630E-01  4.8800E-01  1.0090E+02  2.3314E+01  0.0000E+00  0.0000E+00  0.0000E+00  0.0000E+00  0.0000E+00
  1.4660E-01  4.8900E-01  1.0091E+02  2.2938E+01  0.0000E+00  0.0000E+00  0.0000E+00  0.0000E+00  0.0000E+00
  1.4690E-01  4.9000E-01  1.0091E+02  2.2543E+01  0.0000E+00  0.0000E+00  0.0000E+00  0.0000E+00  0.0000E+00
  1.4720E-01  4.9100E-01  1.0092E+02  2.2123E+01  0.0000E+00  0.0000E+00  0.0000E+00  0.0000E+00  0.0000E+00
  1.4750E-01  4.9200E-01  1.0093E+02  2.1683E+01  0.0000E+00  0.0000E+00  0.0000E+00  0.0000E+00  0.0000E+00
  1.4780E-01  4.9300E-01  1.0093E+02  2.1222E+01  0.0000E+00  0.0000E+00  0.0000E+00  0.0000E+00  0.0000E+00
  1.4810E-01  4.9400E-01  1.0094E+02  2.0741E+01  0.0000E+00  0.0000E+00  0.0000E+00  0.0000E+00  0.0000E+00
  1.4840E-01  4.9500E-01  1.0095E+02  2.0243E+01  0.0000E+00  0.0000E+00  0.0000E+00  0.0000E+00  0.0000E+00
  1.4870E-01  4.9600E-01  1.0095E+02  1.9723E+01  0.0000E+00  0.0000E+00  0.0000E+00  0.0000E+00  0.0000E+00
  1.4899E-01  4.9700E-01  1.0096E+02  1.9189E+01  0.0000E+00  0.0000E+00  0.0000E+00  0.0000E+00  0.0000E+00
  1.4929E-01  4.9800E-01  1.0096E+02  1.8636E+01  0.0000E+00  0.0000E+00  0.0000E+00  0.0000E+00  0.0000E+00
  1.4959E-01  4.9900E-01  1.0097E+02  1.8068E+01  0.0000E+00  0.0000E+00  0.0000E+00  0.0000E+00  0.0000E+00
  1.4989E-01  5.0000E-01  1.0097E+02  1.7485E+01  0.0000E+00  0.0000E+00  0.0000E+00  0.0000E+00  0.0000E+00
  1.5019E-01  5.0100E-01  1.0098E+02  1.6887E+01  0.0000E+00  0.0000E+00  0.0000E+00  0.0000E+00  0.0000E+00
  1.5049E-01  5.0200E-01  1.0098E+02  1.6278E+01  0.0000E+00  0.0000E+00  0.0000E+00  0.0000E+00  0.0000E+00
  1.5079E-01  5.0300E-01  1.0099E+02  1.5653E+01  0.0000E+00  0.0000E+00  0.0000E+00  0.0000E+00  0.0000E+00
  1.5109E-01  5.0400E-01  1.0099E+02  1.5019E+01  0.0000E+00  0.0000E+00  0.0000E+00  0.0000E+00  0.0000E+00
  1.5139E-01  5.0500E-01  1.0100E+02  1.4372E+01  0.0000E+00  0.0000E+00  0.0000E+00  0.0000E+00  0.0000E+00
  1.5169E-01  5.0600E-01  1.0100E+02  1.3715E+01  0.0000E+00  0.0000E+00  0.0000E+00  0.0000E+00  0.0000E+00
  1.5199E-01  5.0700E-01  1.0100E+02  1.3049E+01  0.0000E+00  0.0000E+00  0.0000E+00  0.0000E+00  0.0000E+00
  1.5229E-01  5.0800E-01  1.0101E+02  1.2374E+01  0.0000E+00  0.0000E+00  0.0000E+00  0.0000E+00  0.0000E+00
  1.5259E-01  5.0900E-01  1.0101E+02  1.1700E+01  0.0000E+00  0.0000E+00  0.0000E+00  0.0000E+00  0.0000E+00
  1.5289E-01  5.1000E-01  1.0102E+02  1.1098E+01  0.0000E+00  0.0000E+00  0.0000E+00  0.0000E+00  0.0000E+00
  1.5319E-01  5.1100E-01  1.0102E+02  1.0508E+01  0.0000E+00  0.0000E+00  0.0000E+00  0.0000E+00  0.0000E+00
  1.5349E-01  5.1200E-01  1.0102E+02  9.9125E+00  0.0000E+00  0.0000E+00  0.0000E+00  0.0000E+00  0.0000E+00
  1.5379E-01  5.1300E-01  1.0102E+02  9.3134E+00  0.0000E+00  0.0000E+00  0.0000E+00  0.0000E+00  0.0000E+00
  1.5409E-01  5.1400E-01  1.0103E+02  8.7116E+00  0.0000E+00  0.0000E+00  0.0000E+00  0.0000E+00  0.0000E+00
  1.5439E-01  5.1500E-01  1.0103E+02  8.1083E+00  0.0000E+00  0.0000E+00  0.0000E+00  0.0000E+00  0.0000E+00
  1.5469E-01  5.1600E-01  1.0103E+02  7.5051E+00  0.0000E+00  0.0000E+00  0.0000E+00  0.0000E+00  0.0000E+00
  1.5499E-01  5.1700E-01  1.0103E+02  6.9030E+00  0.0000E+00  0.0000E+00  0.0000E+00  0.0000E+00  0.0000E+00
  1.5529E-01  5.1800E-01  1.0104E+02  6.3034E+00  0.0000E+00  0.0000E+00  0.0000E+00  0.0000E+00  0.0000E+00
  1.5559E-01  5.1900E-01  1.0104E+02  5.7072E+00  0.0000E+00  0.0000E+00  0.0000E+00  0.0000E+00  0.0000E+00
  1.5589E-01  5.2000E-01  1.0104E+02  5.1158E+00  0.0000E+00  0.0000E+00  0.0000E+00  0.0000E+00  0.0000E+00
  1.5619E-01  5.2100E-01  1.0104E+02  4.5304E+00  0.0000E+00  0.0000E+00  0.0000E+00  0.0000E+00  0.0000E+00
  1.5649E-01  5.2200E-01  1.0104E+02  3.9526E+00  0.0000E+00  0.0000E+00  0.0000E+00  0.0000E+00  0.0000E+00
  1.5679E-01  5.2300E-01  1.0104E+02  3.3826E+00  0.0000E+00  0.0000E+00  0.0000E+00  0.0000E+00  0.0000E+00
  1.5709E-01  5.2400E-01  1.0104E+02  2.8241E+00  0.0000E+00  0.0000E+00  0.0000E+00  0.0000E+00  0.0000E+00
  1.5739E-01  5.2500E-01  1.0104E+02  2.2756E+00  0.0000E+00  0.0000E+00  0.0000E+00  0.0000E+00  0.0000E+00
  1.5769E-01  5.2600E-01  1.0104E+02  1.7405E+00  0.0000E+00  0.0000E+00  0.0000E+00  0.0000E+00  0.0000E+00
  1.5799E-01  5.2700E-01  1.0104E+02  1.2187E+00  0.0000E+00  0.0000E+00  0.0000E+00  0.0000E+00  0.0000E+00
  1.5829E-01  5.2800E-01  1.0104E+02  7.1206E-01  0.0000E+00  0.0000E+00  0.0000E+00  0.0000E+00  0.0000E+00
  1.5859E-01  5.2900E-01  1.0104E+02  2.2396E-01  0.0000E+00  0.0000E+00  0.0000E+00  0.0000E+00  0.0000E+00
  1.5889E-01  5.3000E-01  1.0104E+02 -2.4732E-01  0.0000E+00  0.0000E+00  0.0000E+00  0.0000E+00  0.0000E+00
  1.5919E-01  5.3100E-01  1.0104E+02 -6.9630E-01  0.0000E+00  0.0000E+00  0.0000E+00  0.0000E+00  0.0000E+00
  1.5949E-01  5.3200E-01  1.0104E+02 -1.1272E+00  0.0000E+00  0.0000E+00  0.0000E+00  0.0000E+00  0.0000E+00
  1.5979E-01  5.3300E-01  1.0104E+02 -1.5340E+00  0.0000E+00  0.0000E+00  0.0000E+00  0.0000E+00  0.0000E+00
  1.6009E-01  5.3400E-01  1.0104E+02 -1.9174E+00  0.0000E+00  0.0000E+00  0.0000E+00  0.0000E+00  0.0000E+00
  1.6039E-01  5.3500E-01  1.0104E+02 -2.2746E+00  0.0000E+00  0.0000E+00  0.0000E+00  0.0000E+00  0.0000E+00
  1.6069E-01  5.3600E-01  1.0104E+02 -2.6036E+00  0.0000E+00  0.0000E+00  0.0000E+00  0.0000E+00  0.0000E+00
  1.6099E-01  5.3700E-01  1.0104E+02 -2.9076E+00  0.0000E+00  0.0000E+00  0.0000E+00  0.0000E+00  0.0000E+00
  1.6129E-01  5.3800E-01  1.0104E+02 -3.1767E+00  0.0000E+00  0.0000E+00  0.0000E+00  0.0000E+00  0.0000E+00
  1.6159E-01  5.3900E-01  1.0104E+02 -3.4191E+00  0.0000E+00  0.0000E+00  0.0000E+00  0.0000E+00  0.0000E+00
  1.6189E-01  5.4000E-01  1.0104E+02 -3.6250E+00  0.0000E+00  0.0000E+00  0.0000E+00  0.0000E+00  0.0000E+00
  1.6219E-01  5.4100E-01  1.0104E+02 -3.7986E+00  0.0000E+00  0.0000E+00  0.0000E+00  0.0000E+00  0.0000E+00
  1.6249E-01  5.4200E-01  1.0104E+02 -3.9367E+00  0.0000E+00  0.0000E+00  0.0000E+00  0.0000E+00  0.0000E+00
  1.6279E-01  5.4300E-01  1.0103E+02 -4.0370E+00  0.0000E+00  0.0000E+00  0.0000E+00  0.0000E+00  0.0000E+00
  1.6308E-01  5.4400E-01  1.0103E+02 -4.1049E+00  0.0000E+00  0.0000E+00  0.0000E+00  0.0000E+00  0.0000E+00
  1.6338E-01  5.4500E-01  1.0103E+02 -4.1269E+00  0.0000E+00  0.0000E+00  0.0000E+00  0.0000E+00  0.0000E+00
  1.6368E-01  5.4600E-01  1.0103E+02 -4.1156E+00  0.0000E+00  0.0000E+00  0.0000E+00  0.0000E+00  0.0000E+00
  1.6398E-01  5.4700E-01  1.0103E+02 -4.0582E+00  0.0000E+00  0.0000E+00  0.0000E+00  0.0000E+00  0.0000E+00
  1.6428E-01  5.4800E-01  1.0103E+02 -3.9634E+00  0.0000E+00  0.0000E+00  0.0000E+00  0.0000E+00  0.0000E+00
  1.6458E-01  5.4900E-01  1.0103E+02 -3.8282E+00  0.0000E+00  0.0000E+00  0.0000E+00  0.0000E+00  0.0000E+00
  1.6488E-01  5.5000E-01  1.0103E+02 -3.6480E+00  0.0000E+00  0.0000E+00  0.0000E+00  0.0000E+00  0.0000E+00
  1.6518E-01  5.5100E-01  1.0102E+02 -3.4306E+00  0.0000E+00  0.0000E+00  0.0000E+00  0.0000E+00  0.0000E+00
  1.6548E-01  5.5200E-01  1.0102E+02 -3.1653E+00  0.0000E+00  0.0000E+00  0.0000E+00  0.0000E+00  0.0000E+00
  1.6578E-01  5.5300E-01  1.0102E+02 -2.8661E+00  0.0000E+00  0.0000E+00  0.0000E+00  0.0000E+00  0.0000E+00
  1.6608E-01  5.5400E-01  1.0102E+02 -2.5213E+00  0.0000E+00  0.0000E+00  0.0000E+00  0.0000E+00  0.0000E+00
  1.6638E-01  5.5500E-01  1.0102E+02 -2.1376E+00  0.0000E+00  0.0000E+00  0.0000E+00  0.0000E+00  0.0000E+00
  1.6668E-01  5.5600E-01  1.0102E+02 -1.7121E+00  0.0000E+00  0.0000E+00  0.0000E+00  0.0000E+00  0.0000E+00
  1.6698E-01  5.5700E-01  1.0102E+02 -1.2479E+00  0.0000E+00  0.0000E+00  0.0000E+00  0.0000E+00  0.0000E+00
  1.6728E-01  5.5800E-01  1.0102E+02 -7.5166E-01  0.0000E+00  0.0000E+00  0.0000E+00  0.0000E+00  0.0000E+00
  1.6758E-01  5.5900E-01  1.0102E+02 -2.1194E-01  0.0000E+00  0.0000E+00  0.0000E+00  0.0000E+00  0.0000E+00
  1.6788E-01  5.6000E-01  1.0102E+02  3.5593E-01  0.0000E+00  0.0000E+00  0.0000E+00  0.0000E+00  0.0000E+00
  1.6818E-01  5.6100E-01  1.0102E+02  9.5816E-01  0.0000E+00  0.0000E+00  0.0000E+00  0.0000E+00  0.0000E+00
  1.6848E-01  5.6200E-01  1.0102E+02  1.5877E+00  0.0000E+00  0.0000E+00  0.0000E+00  0.0000E+00  0.0000E+00
  1.6878E-01  5.6300E-01  1.0102E+02  2.2452E+00  0.0000E+00  0.0000E+00  0.0000E+00  0.0000E+00  0.0000E+00
  1.6908E-01  5.6400E-01  1.0102E+02  2.9294E+00  0.0000E+00  0.0000E+00  0.0000E+00  0.0000E+00  0.0000E+00
  1.6938E-01  5.6500E-01  1.0102E+02  3.6347E+00  0.0000E+00  0.0000E+00  0.0000E+00  0.0000E+00  0.0000E+00
  1.6968E-01  5.6600E-01  1.0103E+02  4.3600E+00  0.0000E+00  0.0000E+00  0.0000E+00  0.0000E+00  0.0000E+00
  1.6998E-01  5.6700E-01  1.0103E+02  5.0983E+00  0.0000E+00  0.0000E+00  0.0000E+00  0.0000E+00  0.0000E+00
  1.7028E-01  5.6800E-01  1.0103E+02  5.8476E+00  0.0000E+00  0.0000E+00  0.0000E+00  0.0000E+00  0.0000E+00
  1.7058E-01  5.6900E-01  1.0103E+02  6.6084E+00  0.0000E+00  0.0000E+00  0.0000E+00  0.0000E+00  0.0000E+00
  1.7088E-01  5.7000E-01  1.0103E+02  7.3798E+00  0.0000E+00  0.0000E+00  0.0000E+00  0.0000E+00  0.0000E+00
  1.7118E-01  5.7100E-01  1.0104E+02  8.1530E+00  0.0000E+00  0.0000E+00  0.0000E+00  0.0000E+00  0.0000E+00
  1.7148E-01  5.7200E-01  1.0104E+02  8.9281E+00  0.0000E+00  0.0000E+00  0.0000E+00  0.0000E+00  0.0000E+00
  1.7178E-01  5.7300E-01  1.0104E+02  9.6970E+00  0.0000E+00  0.0000E+00  0.0000E+00  0.0000E+00  0.0000E+00
  1.7208E-01  5.7400E-01  1.0104E+02  1.0463E+01  0.0000E+00  0.0000E+00  0.0000E+00  0.0000E+00  0.0000E+00
  1.7238E-01  5.7500E-01  1.0105E+02  1.1219E+01  0.0000E+00  0.0000E+00  0.0000E+00  0.0000E+00  0.0000E+00
  1.7268E-01  5.7600E-01  1.0105E+02  1.1964E+01  0.0000E+00  0.0000E+00  0.0000E+00  0.0000E+00  0.0000E+00
  1.7298E-01  5.7700E-01  1.0105E+02  1.2692E+01  0.0000E+00  0.0000E+00  0.0000E+00  0.0000E+00  0.0000E+00
  1.7328E-01  5.7800E-01  1.0106E+02  1.3402E+01  0.0000E+00  0.0000E+00  0.0000E+00  0.0000E+00  0.0000E+00
  1.7358E-01  5.7900E-01  1.0106E+02  1.4097E+01  0.0000E+00  0.0000E+00  0.0000E+00  0.0000E+00  0.0000E+00
  1.7388E-01  5.8000E-01  1.0107E+02  1.4760E+01  0.0000E+00  0.0000E+00  0.0000E+00  0.0000E+00  0.0000E+00
  1.7418E-01  5.8100E-01  1.0107E+02  1.5405E+01  0.0000E+00  0.0000E+00  0.0000E+00  0.0000E+00  0.0000E+00
  1.7448E-01  5.8200E-01  1.0108E+02  1.6018E+01  0.0000E+00  0.0000E+00  0.0000E+00  0.0000E+00  0.0000E+00
  1.7478E-01  5.8300E-01  1.0108E+02  1.6605E+01  0.0000E+00  0.0000E+00  0.0000E+00  0.0000E+00  0.0000E+00
  1.7508E-01  5.8400E-01  1.0109E+02  1.7161E+01  0.0000E+00  0.0000E+00  0.0000E+00  0.0000E+00  0.0000E+00
  1.7538E-01  5.8500E-01  1.0109E+02  1.7682E+01  0.0000E+00  0.0000E+00  0.0000E+00  0.0000E+00  0.0000E+00
  1.7568E-01  5.8600E-01  1.0110E+02  1.8175E+01  0.0000E+00  0.0000E+00  0.0000E+00  0.0000E+00  0.0000E+00
  1.7598E-01  5.8700E-01  1.0110E+02  1.8624E+01  0.0000E+00  0.0000E+00  0.0000E+00  0.0000E+00  0.0000E+00
  1.7628E-01  5.8800E-01  1.0111E+02  1.9046E+01  0.0000E+00  0.0000E+00  0.0000E+00  0.0000E+00  0.0000E+00
  1.7658E-01  5.8900E-01  1.0111E+02  1.9426E+01  0.0000E+00  0.0000E+00  0.0000E+00  0.0000E+00  0.0000E+00
  1.7688E-01  5.9000E-01  1.0112E+02  1.9773E+01  0.0000E+00  0.0000E+00  0.0000E+00  0.0000E+00  0.0000E+00
  1.7718E-01  5.9100E-01  1.0113E+02  2.0081E+01  0.0000E+00  0.0000E+00  0.0000E+00  0.0000E+00  0.0000E+00
  1.7747E-01  5.9200E-01  1.0113E+02  2.0349E+01  0.0000E+00  0.0000E+00  0.0000E+00  0.0000E+00  0.0000E+00
  1.7777E-01  5.9300E-01  1.0114E+02  2.0586E+01  0.0000E+00  0.0000E+00  0.0000E+00  0.0000E+00  0.0000E+00
  1.7807E-01  5.9400E-01  1.0115E+02  2.0777E+01  0.0000E+00  0.0000E+00  0.0000E+00  0.0000E+00  0.0000E+00
  1.7837E-01  5.9500E-01  1.0115E+02  2.0939E+01  0.0000E+00  0.0000E+00  0.0000E+00  0.0000E+00  0.0000E+00
  1.7867E-01  5.9600E-01  1.0116E+02  2.1055E+01  0.0000E+00  0.0000E+00  0.0000E+00  0.0000E+00  0.0000E+00
  1.7897E-01  5.9700E-01  1.0116E+02  2.1140E+01  0.0000E+00  0.0000E+00  0.0000E+00  0.0000E+00  0.0000E+00
  1.7927E-01  5.9800E-01  1.0117E+02  2.1190E+01  0.0000E+00  0.0000E+00  0.0000E+00  0.0000E+00  0.0000E+00
  1.7957E-01  5.9900E-01  1.0118E+02  2.1200E+01  0.0000E+00  0.0000E+00  0.0000E+00  0.0000E+00  0.0000E+00
  1.7987E-01  6.0000E-01  1.0118E+02  2.1180E+01  0.0000E+00  0.0000E+00  0.0000E+00  0.0000E+00  0.0000E+00
  1.8017E-01  6.0100E-01  1.0119E+02  2.1120E+01  0.0000E+00  0.0000E+00  0.0000E+00  0.0000E+00  0.0000E+00
  1.8047E-01  6.0200E-01  1.0120E+02  2.1033E+01  0.0000E+00  0.0000E+00  0.0000E+00  0.0000E+00  0.0000E+00
  1.8077E-01  6.0300E-01  1.0120E+02  2.0908E+01  0.0000E+00  0.0000E+00  0.0000E+00  0.0000E+00  0.0000E+00
  1.8107E-01  6.0400E-01  1.0121E+02  2.0754E+01  0.0000E+00  0.0000E+00  0.0000E+00  0.0000E+00  0.0000E+00
  1.8137E-01  6.0500E-01  1.0121E+02  2.0570E+01  0.0000E+00  0.0000E+00  0.0000E+00  0.0000E+00  0.0000E+00
  1.8167E-01  6.0600E-01  1.0122E+02  2.0354E+01  0.0000E+00  0.0000E+00  0.0000E+00  0.0000E+00  0.0000E+00
  1.8197E-01  6.0700E-01  1.0123E+02  2.0113E+01  0.0000E+00  0.0000E+00  0.0000E+00  0.0000E+00  0.0000E+00
  1.8227E-01  6.0800E-01  1.0123E+02  1.9840E+01  0.0000E+00  0.0000E+00  0.0000E+00  0.0000E+00  0.0000E+00
  1.8257E-01  6.0900E-01  1.0124E+02  1.9546E+01  0.0000E+00  0.0000E+00  0.0000E+00  0.0000E+00  0.0000E+00
  1.8287E-01  6.1000E-01  1.0124E+02  1.9221E+01  0.0000E+00  0.0000E+00  0.0000E+00  0.0000E+00  0.0000E+00
  1.8317E-01  6.1100E-01  1.0125E+02  1.8874E+01  0.0000E+00  0.0000E+00  0.0000E+00  0.0000E+00  0.0000E+00
  1.8347E-01  6.1200E-01  1.0126E+02  1.8505E+01  0.0000E+00  0.0000E+00  0.0000E+00  0.0000E+00  0.0000E+00
  1.8377E-01  6.1300E-01  1.0126E+02  1.8111E+01  0.0000E+00  0.0000E+00  0.0000E+00  0.0000E+00  0.0000E+00
  1.8407E-01  6.1400E-01  1.0127E+02  1.7699E+01  0.0000E+00  0.0000E+00  0.0000E+00  0.0000E+00  0.0000E+00
  1.8437E-01  6.1500E-01  1.0127E+02  1.7263E+01  0.0000E+00  0.0000E+00  0.0000E+00  0.0000E+00  0.0000E+00
  1.8467E-01  6.1600E-01  1.0128E+02  1.6812E+01  0.0000E+00  0.0000E+00  0.0000E+00  0.0000E+00  0.0000E+00
  1.8497E-01  6.1700E-01  1.0128E+02  1.6341E+01  0.0000E+00  0.0000E+00  0.0000E+00  0.0000E+00  0.0000E+00
  1.8527E-01  6.1800E-01  1.0129E+02  1.5855E+01  0.0000E+00  0.0000E+00  0.0000E+00  0.0000E+00  0.0000E+00
  1.8557E-01  6.1900E-01  1.0129E+02  1.5352E+01  0.0000E+00  0.0000E+00  0.0000E+00  0.0000E+00  0.0000E+00
  1.8587E-01  6.2000E-01  1.0129E+02  1.4835E+01  0.0000E+00  0.0000E+00  0.0000E+00  0.0000E+00  0.0000E+00
  1.8617E-01  6.2100E-01  1.0130E+02  1.4306E+01  0.0000E+00  0.0000E+00  0.0000E+00  0.0000E+00  0.0000E+00
  1.8647E-01  6.2200E-01  1.0130E+02  1.3763E+01  0.0000E+00  0.0000E+00  0.0000E+00  0.0000E+00  0.0000E+00
  1.8677E-01  6.2300E-01  1.0131E+02  1.3210E+01  0.0000E+00  0.0000E+00  0.0000E+00  0.0000E+00  0.0000E+00
  1.8707E-01  6.2400E-01  1.0131E+02  1.2646E+01  0.0000E+00  0.0000E+00  0.0000E+00  0.0000E+00  0.0000E+00
  1.8737E-01  6.2500E-01  1.0131E+02  1.2074E+01  0.0000E+00  0.0000E+00  0.0000E+00  0.0000E+00  0.0000E+00
  1.8767E-01  6.2600E-01  1.0132E+02  1.1494E+01  0.0000E+00  0.0000E+00  0.0000E+00  0.0000E+00  0.0000E+00
  1.8797E-01  6.2700E-01  1.0132E+02  1.0907E+01  0.0000E+00  0.0000E+00  0.0000E+00  0.0000E+00  0.0000E+00
  1.8827E-01  6.2800E-01  1.0132E+02  1.0315E+01  0.0000E+00  0.0000E+00  0.0000E+00  0.0000E+00  0.0000E+00
  1.8857E-01  6.2900E-01  1.0133E+02  9.7178E+00  0.0000E+00  0.0000E+00  0.0000E+00  0.0000E+00  0.0000E+00
  1.8887E-01  6.3000E-01  1.0133E+02  9.1179E+00  0.0000E+00  0.0000E+00  0.0000E+00  0.0000E+00  0.0000E+00
  1.8917E-01  6.3100E-01  1.0133E+02  8.5155E+00  0.0000E+00  0.0000E+00  0.0000E+00  0.0000E+00  0.0000E+00
  1.8947E-01  6.3200E-01  1.0134E+02  7.9129E+00  0.0000E+00  0.0000E+00  0.0000E+00  0.0000E+00  0.0000E+00
  1.8977E-01  6.3300E-01  1.0134E+02  7.3109E+00  0.0000E+00  0.0000E+00  0.0000E+00  0.0000E+00  0.0000E+00
  1.9007E-01  6.3400E-01  1.0134E+02  6.7098E+00  0.0000E+00  0.0000E+00  0.0000E+00  0.0000E+00  0.0000E+00
  1.9037E-01  6.3500E-01  1.0134E+02  6.1110E+00  0.0000E+00  0.0000E+00  0.0000E+00  0.0000E+00  0.0000E+00
  1.9067E-01  6.3600E-01  1.0134E+02  5.5170E+00  0.0000E+00  0.0000E+00  0.0000E+00  0.0000E+00  0.0000E+00
  1.9097E-01  6.3700E-01  1.0134E+02  4.9278E+00  0.0000E+00  0.0000E+00  0.0000E+00  0.0000E+00  0.0000E+00
  1.9127E-01  6.3800E-01  1.0135E+02  4.3445E+00  0.0000E+00  0.0000E+00  0.0000E+00  0.0000E+00  0.0000E+00
  1.9156E-01  6.3900E-01  1.0135E+02  3.7692E+00  0.0000E+00  0.0000E+00  0.0000E+00  0.0000E+00  0.0000E+00
  1.9186E-01  6.4000E-01  1.0135E+02  3.2034E+00  0.0000E+00  0.0000E+00  0.0000E+00  0.0000E+00  0.0000E+00
  1.9216E-01  6.4100E-01  1.0135E+02  2.6483E+00  0.0000E+00  0.0000E+00  0.0000E+00  0.0000E+00  0.0000E+00
  1.9246E-01  6.4200E-01  1.0135E+02  2.1038E+00  0.0000E+00  0.0000E+00  0.0000E+00  0.0000E+00  0.0000E+00
  1.9276E-01  6.4300E-01  1.0135E+02  1.5741E+00  0.0000E+00  0.0000E+00  0.0000E+00  0.0000E+00  0.0000E+00
  1.9306E-01  6.4400E-01  1.0135E+02  1.0571E+00  0.0000E+00  0.0000E+00  0.0000E+00  0.0000E+00  0.0000E+00
  1.9336E-01  6.4500E-01  1.0135E+02  5.5659E-01  0.0000E+00  0.0000E+00  0.0000E+00  0.0000E+00  0.0000E+00
  1.9366E-01  6.4600E-01  1.0135E+02  7.3484E-02  0.0000E+00  0.0000E+00  0.0000E+00  0.0000E+00  0.0000E+00
  1.9396E-01  6.4700E-01  1.0135E+02 -3.8996E-01  0.0000E+00  0.0000E+00  0.0000E+00  0.0000E+00  0.0000E+00
  1.9426E-01  6.4800E-01  1.0135E+02 -8.3325E-01  0.0000E+00  0.0000E+00  0.0000E+00  0.0000E+00  0.0000E+00
  1.9456E-01  6.4900E-01  1.0135E+02 -1.2578E+00  0.0000E+00  0.0000E+00  0.0000E+00  0.0000E+00  0.0000E+00
  1.9486E-01  6.5000E-01  1.0135E+02 -1.6544E+00  0.0000E+00  0.0000E+00  0.0000E+00  0.0000E+00  0.0000E+00
  1.9516E-01  6.5100E-01  1.0135E+02 -2.0291E+00  0.0000E+00  0.0000E+00  0.0000E+00  0.0000E+00  0.0000E+00
  1.9546E-01  6.5200E-01  1.0135E+02 -2.3734E+00  0.0000E+00  0.0000E+00  0.0000E+00  0.0000E+00  0.0000E+00
  1.9576E-01  6.5300E-01  1.0135E+02 -2.6930E+00  0.0000E+00  0.0000E+00  0.0000E+00  0.0000E+00  0.0000E+00
  1.9606E-01  6.5400E-01  1.0135E+02 -2.9856E+00  0.0000E+00  0.0000E+00  0.0000E+00  0.0000E+00  0.0000E+00
  1.9636E-01  6.5500E-01  1.0134E+02 -3.2450E+00  0.0000E+00  0.0000E+00  0.0000E+00  0.0000E+00  0.0000E+00
  1.9666E-01  6.5600E-01  1.0134E+02 -3.4758E+00  0.0000E+00  0.0000E+00  0.0000E+00  0.0000E+00  0.0000E+00
  1.9696E-01  6.5700E-01  1.0134E+02 -3.6695E+00  0.0000E+00  0.0000E+00  0.0000E+00  0.0000E+00  0.0000E+00
  1.9726E-01  6.5800E-01  1.0134E+02 -3.8342E+00  0.0000E+00  0.0000E+00  0.0000E+00  0.0000E+00  0.0000E+00
  1.9756E-01  6.5900E-01  1.0134E+02 -3.9570E+00  0.0000E+00  0.0000E+00  0.0000E+00  0.0000E+00  0.0000E+00
  1.9786E-01  6.6000E-01  1.0134E+02 -4.0464E+00  0.0000E+00  0.0000E+00  0.0000E+00  0.0000E+00  0.0000E+00
  1.9816E-01  6.6100E-01  1.0134E+02 -4.0994E+00  0.0000E+00  0.0000E+00  0.0000E+00  0.0000E+00  0.0000E+00
  1.9846E-01  6.6200E-01  1.0134E+02 -4.1097E+00  0.0000E+00  0.0000E+00  0.0000E+00  0.0000E+00  0.0000E+00
  1.9876E-01  6.6300E-01  1.0134E+02 -4.0843E+00  0.0000E+00  0.0000E+00  0.0000E+00  0.0000E+00  0.0000E+00
  1.9906E-01  6.6400E-01  1.0133E+02 -4.0142E+00  0.0000E+00  0.0000E+00  0.0000E+00  0.0000E+00  0.0000E+00
  1.9936E-01  6.6500E-01  1.0133E+02 -3.9096E+00  0.0000E+00  0.0000E+00  0.0000E+00  0.0000E+00  0.0000E+00
  1.9966E-01  6.6600E-01  1.0133E+02 -3.7556E+00  0.0000E+00  0.0000E+00  0.0000E+00  0.0000E+00  0.0000E+00
  1.9996E-01  6.6700E-01  1.0133E+02 -3.5644E+00  0.0000E+00  0.0000E+00  0.0000E+00  0.0000E+00  0.0000E+00
  2.0026E-01  6.6800E-01  1.0133E+02 -3.3334E+00  0.0000E+00  0.0000E+00  0.0000E+00  0.0000E+00  0.0000E+00
  2.0056E-01  6.6900E-01  1.0133E+02 -3.0563E+00  0.0000E+00  0.0000E+00  0.0000E+00  0.0000E+00  0.0000E+00
  2.0086E-01  6.7000E-01  1.0133E+02 -2.7412E+00  0.0000E+00  0.0000E+00  0.0000E+00  0.0000E+00  0.0000E+00
  2.0116E-01  6.7100E-01  1.0133E+02 -2.3817E+00  0.0000E+00  0.0000E+00  0.0000E+00  0.0000E+00  0.0000E+00
  2.0146E-01  6.7200E-01  1.0133E+02 -1.9882E+00  0.0000E+00  0.0000E+00  0.0000E+00  0.0000E+00  0.0000E+00
  2.0176E-01  6.7300E-01  1.0133E+02 -1.5474E+00  0.0000E+00  0.0000E+00  0.0000E+00  0.0000E+00  0.0000E+00
  2.0206E-01  6.7400E-01  1.0133E+02 -1.0736E+00  0.0000E+00  0.0000E+00  0.0000E+00  0.0000E+00  0.0000E+00
  2.0236E-01  6.7500E-01  1.0133E+02 -5.6516E-01  0.0000E+00  0.0000E+00  0.0000E+00  0.0000E+00  0.0000E+00
  2.0266E-01  6.7600E-01  1.0133E+02 -1.6826E-02  0.0000E+00  0.0000E+00  0.0000E+00  0.0000E+00  0.0000E+00
  2.0296E-01  6.7700E-01  1.0133E+02  5.6296E-01  0.0000E+00  0.0000E+00  0.0000E+00  0.0000E+00  0.0000E+00
  2.0326E-01  6.7800E-01  1.0133E+02  1.1843E+00  0.0000E+00  0.0000E+00  0.0000E+00  0.0000E+00  0.0000E+00
  2.0356E-01  6.7900E-01  1.0133E+02  1.8285E+00  0.0000E+00  0.0000E+00  0.0000E+00  0.0000E+00  0.0000E+00
  2.0386E-01  6.8000E-01  1.0133E+02  2.4934E+00  0.0000E+00  0.0000E+00  0.0000E+00  0.0000E+00  0.0000E+00
  2.0416E-01  6.8100E-01  1.0133E+02  3.1822E+00  0.0000E+00  0.0000E+00  0.0000E+00  0.0000E+00  0.0000E+00
  2.0446E-01  6.8200E-01  1.0133E+02  3.8959E+00  0.0000E+00  0.0000E+00  0.0000E+00  0.0000E+00  0.0000E+00
  2.0476E-01  6.8300E-01  1.0133E+02  4.6222E+00  0.0000E+00  0.0000E+00  0.0000E+00  0.0000E+00  0.0000E+00
  2.0506E-01  6.8400E-01  1.0133E+02  5.3602E+00  0.0000E+00  0.0000E+00  0.0000E+00  0.0000E+00  0.0000E+00
  2.0536E-01  6.8500E-01  1.0133E+02  6.1172E+00  0.0000E+00  0.0000E+00  0.0000E+00  0.0000E+00  0.0000E+00
  2.0565E-01  6.8600E-01  1.0134E+02  6.8829E+00  0.0000E+00  0.0000E+00  0.0000E+00  0.0000E+00  0.0000E+00
  2.0595E-01  6.8700E-01  1.0134E+02  7.6504E+00  0.0000E+00  0.0000E+00  0.0000E+00  0.0000E+00  0.0000E+00
  2.0625E-01  6.8800E-01  1.0134E+02  8.4229E+00  0.0000E+00  0.0000E+00  0.0000E+00  0.0000E+00  0.0000E+00
  2.0655E-01  6.8900E-01  1.0134E+02  9.1985E+00  0.0000E+00  0.0000E+00  0.0000E+00  0.0000E+00  0.0000E+00
  2.0685E-01  6.9000E-01  1.0135E+02  9.9646E+00  0.0000E+00  0.0000E+00  0.0000E+00  0.0000E+00  0.0000E+00
  2.0715E-01  6.9100E-01  1.0135E+02  1.0725E+01  0.0000E+00  0.0000E+00  0.0000E+00  0.0000E+00  0.0000E+00
  2.0745E-01  6.9200E-01  1.0135E+02  1.1476E+01  0.0000E+00  0.0000E+00  0.0000E+00  0.0000E+00  0.0000E+00
  2.0775E-01  6.9300E-01  1.0136E+02  1.2217E+01  0.0000E+00  0.0000E+00  0.0000E+00  0.0000E+00  0.0000E+00
  2.0805E-01  6.9400E-01  1.0136E+02  1.2934E+01  0.0000E+00  0.0000E+00  0.0000E+00  0.0000E+00  0.0000E+00
  2.0835E-01  6.9500E-01  1.0137E+02  1.3637E+01  0.0000E+00  0.0000E+00  0.0000E+00  0.0000E+00  0.0000E+00
  2.0865E-01  6.9600E-01  1.0137E+02  1.4323E+01  0.0000E+00  0.0000E+00  0.0000E+00  0.0000E+00  0.0000E+00
  2.0895E-01  6.9700E-01  1.0137E+02  1.4986E+01  0.0000E+00  0.0000E+00  0.0000E+00  0.0000E+00  0.0000E+00
  2.0925E-01  6.9800E-01  1.0138E+02  1.5631E+01  0.0000E+00  0.0000E+00  0.0000E+00  0.0000E+00  0.0000E+00
  2.0955E-01  6.9900E-01  1.0138E+02  1.6229E+01  0.0000E+00  0.0000E+00  0.0000E+00  0.0000E+00  0.0000E+00
  2.0985E-01  7.0000E-01  1.0139E+02  1.6806E+01  0.0000E+00  0.0000E+00  0.0000E+00  0.0000E+00  0.0000E+00
  2.1015E-01  7.0100E-01  1.0139E+02  1.7349E+01  0.0000E+00  0.0000E+00  0.0000E+00  0.0000E+00  0.0000E+00
  2.1045E-01  7.0200E-01  1.0140E+02  1.7860E+01  0.0000E+00  0.0000E+00  0.0000E+00  0.0000E+00  0.0000E+00
  2.1075E-01  7.0300E-01  1.0140E+02  1.8335E+01  0.0000E+00  0.0000E+00  0.0000E+00  0.0000E+00  0.0000E+00
  2.1105E-01  7.0400E-01  1.0141E+02  1.8775E+01  0.0000E+00  0.0000E+00  0.0000E+00  0.0000E+00  0.0000E+00
  2.1135E-01  7.0500E-01  1.0142E+02  1.9188E+01  0.0000E+00  0.0000E+00  0.0000E+00  0.0000E+00  0.0000E+00
  2.1165E-01  7.0600E-01  1.0142E+02  1.9551E+01  0.0000E+00  0.0000E+00  0.0000E+00  0.0000E+00  0.0000E+00
  2.1195E-01  7.0700E-01  1.0143E+02  1.9886E+01  0.0000E+00  0.0000E+00  0.0000E+00  0.0000E+00  0.0000E+00
  2.1225E-01  7.0800E-01  1.0143E+02  2.0180E+01  0.0000E+00  0.0000E+00  0.0000E+00  0.0000E+00  0.0000E+00
  2.1255E-01  7.0900E-01  1.0144E+02  2.0438E+01  0.0000E+00  0.0000E+00  0.0000E+00  0.0000E+00  0.0000E+00
  2.1285E-01  7.1000E-01  1.0145E+02  2.0656E+01  0.0000E+00  0.0000E+00  0.0000E+00  0.0000E+00  0.0000E+00
  2.1315E-01  7.1100E-01  1.0145E+02  2.0837E+01  0.0000E+00  0.0000E+00  0.0000E+00  0.0000E+00  0.0000E+00
  2.1345E-01  7.1200E-01  1.0146E+02  2.0987E+01  0.0000E+00  0.0000E+00  0.0000E+00  0.0000E+00  0.0000E+00
  2.1375E-01  7.1300E-01  1.0147E+02  2.1089E+01  0.0000E+00  0.0000E+00  0.0000E+00  0.0000E+00  0.0000E+00
  2.1405E-01  7.1400E-01  1.0147E+02  2.1164E+01  0.0000E+00  0.0000E+00  0.0000E+00  0.0000E+00  0.0000E+00
  2.1435E-01  7.1500E-01  1.0148E+02  2.1198E+01  0.0000E+00  0.0000E+00  0.0000E+00  0.0000E+00  0.0000E+00
  2.1465E-01  7.1600E-01  1.0148E+02  2.1198E+01  0.0000E+00  0.0000E+00  0.0000E+00  0.0000E+00  0.0000E+00
  2.1495E-01  7.1700E-01  1.0149E+02  2.1163E+01  0.0000E+00  0.0000E+00  0.0000E+00  0.0000E+00  0.0000E+00
  2.1525E-01  7.1800E-01  1.0150E+02  2.1094E+01  0.0000E+00  0.0000E+00  0.0000E+00  0.0000E+00  0.0000E+00
  2.1555E-01  7.1900E-01  1.0150E+02  2.0996E+01  0.0000E+00  0.0000E+00  0.0000E+00  0.0000E+00  0.0000E+00
  2.1585E-01  7.2000E-01  1.0151E+02  2.0858E+01  0.0000E+00  0.0000E+00  0.0000E+00  0.0000E+00  0.0000E+00
  2.1615E-01  7.2100E-01  1.0152E+02  2.0695E+01  0.0000E+00  0.0000E+00  0.0000E+00  0.0000E+00  0.0000E+00
  2.1645E-01  7.2200E-01  1.0152E+02  2.0500E+01  0.0000E+00  0.0000E+00  0.0000E+00  0.0000E+00  0.0000E+00
  2.1675E-01  7.2300E-01  1.0153E+02  2.0279E+01  0.0000E+00  0.0000E+00  0.0000E+00  0.0000E+00  0.0000E+00
  2.1705E-01  7.2400E-01  1.0153E+02  2.0030E+01  0.0000E+00  0.0000E+00  0.0000E+00  0.0000E+00  0.0000E+00
  2.1735E-01  7.2500E-01  1.0154E+02  1.9748E+01  0.0000E+00  0.0000E+00  0.0000E+00  0.0000E+00  0.0000E+00
  2.1765E-01  7.2600E-01  1.0155E+02  1.9444E+01  0.0000E+00  0.0000E+00  0.0000E+00  0.0000E+00  0.0000E+00
  2.1795E-01  7.2700E-01  1.0155E+02  1.9111E+01  0.0000E+00  0.0000E+00  0.0000E+00  0.0000E+00  0.0000E+00
  2.1825E-01  7.2800E-01  1.0156E+02  1.8759E+01  0.0000E+00  0.0000E+00  0.0000E+00  0.0000E+00  0.0000E+00
  2.1855E-01  7.2900E-01  1.0156E+02  1.8381E+01  0.0000E+00  0.0000E+00  0.0000E+00  0.0000E+00  0.0000E+00
  2.1885E-01  7.3000E-01  1.0157E+02  1.7983E+01  0.0000E+00  0.0000E+00  0.0000E+00  0.0000E+00  0.0000E+00
  2.1915E-01  7.3100E-01  1.0157E+02  1.7561E+01  0.0000E+00  0.0000E+00  0.0000E+00  0.0000E+00  0.0000E+00
  2.1945E-01  7.3200E-01  1.0158E+02  1.7120E+01  0.0000E+00  0.0000E+00  0.0000E+00  0.0000E+00  0.0000E+00
  2.1975E-01  7.3300E-01  1.0158E+02  1.6663E+01  0.0000E+00  0.0000E+00  0.0000E+00  0.0000E+00  0.0000E+00
  2.2004E-01  7.3400E-01  1.0159E+02  1.6185E+01  0.0000E+00  0.0000E+00  0.0000E+00  0.0000E+00  0.0000E+00
  2.2034E-01  7.3500E-01  1.0159E+02  1.5694E+01  0.0000E+00  0.0000E+00  0.0000E+00  0.0000E+00  0.0000E+00
  2.2064E-01  7.3600E-01  1.0160E+02  1.5184E+01  0.0000E+00  0.0000E+00  0.0000E+00  0.0000E+00  0.0000E+00
  2.2094E-01  7.3700E-01  1.0160E+02  1.4663E+01  0.0000E+00  0.0000E+00  0.0000E+00  0.0000E+00  0.0000E+00
  2.2124E-01  7.3800E-01  1.0161E+02  1.4128E+01  0.0000E+00  0.0000E+00  0.0000E+00  0.0000E+00  0.0000E+00
  2.2154E-01  7.3900E-01  1.0161E+02  1.3581E+01  0.0000E+00  0.0000E+00  0.0000E+00  0.0000E+00  0.0000E+00
  2.2184E-01  7.4000E-01  1.0161E+02  1.3025E+01  0.0000E+00  0.0000E+00  0.0000E+00  0.0000E+00  0.0000E+00
  2.2214E-01  7.4100E-01  1.0162E+02  1.2458E+01  0.0000E+00  0.0000E+00  0.0000E+00  0.0000E+00  0.0000E+00
  2.2244E-01  7.4200E-01  1.0162E+02  1.1884E+01  0.0000E+00  0.0000E+00  0.0000E+00  0.0000E+00  0.0000E+00
  2.2274E-01  7.4300E-01  1.0162E+02  1.1300E+01  0.0000E+00  0.0000E+00  0.0000E+00  0.0000E+00  0.0000E+00
  2.2304E-01  7.4400E-01  1.0163E+02  1.0711E+01  0.0000E+00  0.0000E+00  0.0000E+00  0.0000E+00  0.0000E+00
  2.2334E-01  7.4500E-01  1.0163E+02  1.0117E+01  0.0000E+00  0.0000E+00  0.0000E+00  0.0000E+00  0.0000E+00
  2.2364E-01  7.4600E-01  1.0163E+02  9.5178E+00  0.0000E+00  0.0000E+00  0.0000E+00  0.0000E+00  0.0000E+00
  2.2394E-01  7.4700E-01  1.0164E+02  8.9156E+00  0.0000E+00  0.0000E+00  0.0000E+00  0.0000E+00  0.0000E+00
  2.2424E-01  7.4800E-01  1.0164E+02  8.3137E+00  0.0000E+00  0.0000E+00  0.0000E+00  0.0000E+00  0.0000E+00
  2.2454E-01  7.4900E-01  1.0164E+02  7.7124E+00  0.0000E+00  0.0000E+00  0.0000E+00  0.0000E+00  0.0000E+00
  2.2484E-01  7.5000E-01  1.0164E+02  7.1114E+00  0.0000E+00  0.0000E+00  0.0000E+00  0.0000E+00  0.0000E+00
  2.2514E-01  7.5100E-01  1.0165E+02  6.5111E+00  0.0000E+00  0.0000E+00  0.0000E+00  0.0000E+00  0.0000E+00
  2.2544E-01  7.5200E-01  1.0165E+02  5.9119E+00  0.0000E+00  0.0000E+00  0.0000E+00  0.0000E+00  0.0000E+00
  2.2574E-01  7.5300E-01  1.0165E+02  5.3193E+00  0.0000E+00  0.0000E+00  0.0000E+00  0.0000E+00  0.0000E+00
  2.2604E-01  7.5400E-01  1.0165E+02  4.7330E+00  0.0000E+00  0.0000E+00  0.0000E+00  0.0000E+00  0.0000E+00
  2.2634E-01  7.5500E-01  1.0165E+02  4.1508E+00  0.0000E+00  0.0000E+00  0.0000E+00  0.0000E+00  0.0000E+00
  2.2664E-01  7.5600E-01  1.0165E+02  3.5765E+00  0.0000E+00  0.0000E+00  0.0000E+00  0.0000E+00  0.0000E+00
  2.2694E-01  7.5700E-01  1.0165E+02  3.0161E+00  0.0000E+00  0.0000E+00  0.0000E+00  0.0000E+00  0.0000E+00
  2.2724E-01  7.5800E-01  1.0165E+02  2.4641E+00  0.0000E+00  0.0000E+00  0.0000E+00  0.0000E+00  0.0000E+00
  2.2754E-01  7.5900E-01  1.0165E+02  1.9216E+00  0.0000E+00  0.0000E+00  0.0000E+00  0.0000E+00  0.0000E+00
  2.2784E-01  7.6000E-01  1.0166E+02  1.3966E+00  0.0000E+00  0.0000E+00  0.0000E+00  0.0000E+00  0.0000E+00
  2.2814E-01  7.6100E-01  1.0166E+02  8.8672E-01  0.0000E+00  0.0000E+00  0.0000E+00  0.0000E+00  0.0000E+00
  2.2844E-01  7.6200E-01  1.0166E+02  3.9034E-01  0.0000E+00  0.0000E+00  0.0000E+00  0.0000E+00  0.0000E+00
  2.2874E-01  7.6300E-01  1.0166E+02 -9.0045E-02  0.0000E+00  0.0000E+00  0.0000E+00  0.0000E+00  0.0000E+00
  2.2904E-01  7.6400E-01  1.0166E+02 -5.4426E-01  0.0000E+00  0.0000E+00  0.0000E+00  0.0000E+00  0.0000E+00
  2.2934E-01  7.6500E-01  1.0166E+02 -9.8126E-01  0.0000E+00  0.0000E+00  0.0000E+00  0.0000E+00  0.0000E+00
  2.2964E-01  7.6600E-01  1.0165E+02 -1.3998E+00  0.0000E+00  0.0000E+00  0.0000E+00  0.0000E+00  0.0000E+00
  2.2994E-01  7.6700E-01  1.0165E+02 -1.7891E+00  0.0000E+00  0.0000E+00  0.0000E+00  0.0000E+00  0.0000E+00
  2.3024E-01  7.6800E-01  1.0165E+02 -2.1531E+00  0.0000E+00  0.0000E+00  0.0000E+00  0.0000E+00  0.0000E+00
  2.3054E-01  7.6900E-01  1.0165E+02 -2.4858E+00  0.0000E+00  0.0000E+00  0.0000E+00  0.0000E+00  0.0000E+00
  2.3084E-01  7.7000E-01  1.0165E+02 -2.7964E+00  0.0000E+00  0.0000E+00  0.0000E+00  0.0000E+00  0.0000E+00
  2.3114E-01  7.7100E-01  1.0165E+02 -3.0810E+00  0.0000E+00  0.0000E+00  0.0000E+00  0.0000E+00  0.0000E+00
  2.3144E-01  7.7200E-01  1.0165E+02 -3.3327E+00  0.0000E+00  0.0000E+00  0.0000E+00  0.0000E+00  0.0000E+00
  2.3174E-01  7.7300E-01  1.0165E+02 -3.5469E+00  0.0000E+00  0.0000E+00  0.0000E+00  0.0000E+00  0.0000E+00
  2.3204E-01  7.7400E-01  1.0165E+02 -3.7321E+00  0.0000E+00  0.0000E+00  0.0000E+00  0.0000E+00  0.0000E+00
  2.3234E-01  7.7500E-01  1.0165E+02 -3.8899E+00  0.0000E+00  0.0000E+00  0.0000E+00  0.0000E+00  0.0000E+00
  2.3264E-01  7.7600E-01  1.0165E+02 -3.9965E+00  0.0000E+00  0.0000E+00  0.0000E+00  0.0000E+00  0.0000E+00
  2.3294E-01  7.7700E-01  1.0164E+02 -4.0726E+00  0.0000E+00  0.0000E+00  0.0000E+00  0.0000E+00  0.0000E+00
  2.3324E-01  7.7800E-01  1.0164E+02 -4.1146E+00  0.0000E+00  0.0000E+00  0.0000E+00  0.0000E+00  0.0000E+00
  2.3354E-01  7.7900E-01  1.0164E+02 -4.1154E+00  0.0000E+00  0.0000E+00  0.0000E+00  0.0000E+00  0.0000E+00
  2.3384E-01  7.8000E-01  1.0164E+02 -4.0696E+00  0.0000E+00  0.0000E+00  0.0000E+00  0.0000E+00  0.0000E+00
  2.3413E-01  7.8100E-01  1.0164E+02 -3.9890E+00  0.0000E+00  0.0000E+00  0.0000E+00  0.0000E+00  0.0000E+00
  2.3443E-01  7.8200E-01  1.0164E+02 -3.8762E+00  0.0000E+00  0.0000E+00  0.0000E+00  0.0000E+00  0.0000E+00
  2.3473E-01  7.8300E-01  1.0164E+02 -3.7035E+00  0.0000E+00  0.0000E+00  0.0000E+00  0.0000E+00  0.0000E+00
  2.3503E-01  7.8400E-01  1.0164E+02 -3.4970E+00  0.0000E+00  0.0000E+00  0.0000E+00  0.0000E+00  0.0000E+00
  2.3533E-01  7.8500E-01  1.0164E+02 -3.2540E+00  0.0000E+00  0.0000E+00  0.0000E+00  0.0000E+00  0.0000E+00
  2.3563E-01  7.8600E-01  1.0163E+02 -2.9668E+00  0.0000E+00  0.0000E+00  0.0000E+00  0.0000E+00  0.0000E+00
  2.3593E-01  7.8700E-01  1.0163E+02 -2.6299E+00  0.0000E+00  0.0000E+00  0.0000E+00  0.0000E+00  0.0000E+00
  2.3623E-01  7.8800E-01  1.0163E+02 -2.2596E+00  0.0000E+00  0.0000E+00  0.0000E+00  0.0000E+00  0.0000E+00
  2.3653E-01  7.8900E-01  1.0163E+02 -1.8588E+00  0.0000E+00  0.0000E+00  0.0000E+00  0.0000E+00  0.0000E+00
  2.3683E-01  7.9000E-01  1.0163E+02 -1.4003E+00  0.0000E+00  0.0000E+00  0.0000E+00  0.0000E+00  0.0000E+00
  2.3713E-01  7.9100E-01  1.0163E+02 -9.1139E-01  0.0000E+00  0.0000E+00  0.0000E+00  0.0000E+00  0.0000E+00
  2.3743E-01  7.9200E-01  1.0163E+02 -3.9308E-01  0.0000E+00  0.0000E+00  0.0000E+00  0.0000E+00  0.0000E+00
  2.3773E-01  7.9300E-01  1.0163E+02  1.6273E-01  0.0000E+00  0.0000E+00  0.0000E+00  0.0000E+00  0.0000E+00
  2.3803E-01  7.9400E-01  1.0163E+02  7.6090E-01  0.0000E+00  0.0000E+00  0.0000E+00  0.0000E+00  0.0000E+00
  2.3833E-01  7.9500E-01  1.0163E+02  1.3906E+00  0.0000E+00  0.0000E+00  0.0000E+00  0.0000E+00  0.0000E+00
  2.3863E-01  7.9600E-01  1.0163E+02  2.0443E+00  0.0000E+00  0.0000E+00  0.0000E+00  0.0000E+00  0.0000E+00
  2.3893E-01  7.9700E-01  1.0163E+02  2.7152E+00  0.0000E+00  0.0000E+00  0.0000E+00  0.0000E+00  0.0000E+00
  2.3923E-01  7.9800E-01  1.0163E+02  3.4072E+00  0.0000E+00  0.0000E+00  0.0000E+00  0.0000E+00  0.0000E+00
  2.3953E-01  7.9900E-01  1.0164E+02  4.1327E+00  0.0000E+00  0.0000E+00  0.0000E+00  0.0000E+00  0.0000E+00
  2.3983E-01  8.0000E-01  1.0164E+02  4.8661E+00  0.0000E+00  0.0000E+00  0.0000E+00  0.0000E+00  0.0000E+00
  2.4013E-01  8.0100E-01  1.0164E+02  5.6042E+00  0.0000E+00  0.0000E+00  0.0000E+00  0.0000E+00  0.0000E+00
  2.4043E-01  8.0200E-01  1.0164E+02  6.3645E+00  0.0000E+00  0.0000E+00  0.0000E+00  0.0000E+00  0.0000E+00
  2.4073E-01  8.0300E-01  1.0164E+02  7.1390E+00  0.0000E+00  0.0000E+00  0.0000E+00  0.0000E+00  0.0000E+00
  2.4103E-01  8.0400E-01  1.0165E+02  7.9051E+00  0.0000E+00  0.0000E+00  0.0000E+00  0.0000E+00  0.0000E+00
  2.4133E-01  8.0500E-01  1.0165E+02  8.6756E+00  0.0000E+00  0.0000E+00  0.0000E+00  0.0000E+00  0.0000E+00
  2.4163E-01  8.0600E-01  1.0165E+02  9.4531E+00  0.0000E+00  0.0000E+00  0.0000E+00  0.0000E+00  0.0000E+00
  2.4193E-01  8.0700E-01  1.0165E+02  1.0221E+01  0.0000E+00  0.0000E+00  0.0000E+00  0.0000E+00  0.0000E+00
  2.4223E-01  8.0800E-01  1.0166E+02  1.0974E+01  0.0000E+00  0.0000E+00  0.0000E+00  0.0000E+00  0.0000E+00
  2.4253E-01  8.0900E-01  1.0166E+02  1.1722E+01  0.0000E+00  0.0000E+00  0.0000E+00  0.0000E+00  0.0000E+00
  2.4283E-01  8.1000E-01  1.0166E+02  1.2463E+01  0.0000E+00  0.0000E+00  0.0000E+00  0.0000E+00  0.0000E+00
  2.4313E-01  8.1100E-01  1.0167E+02  1.3172E+01  0.0000E+00  0.0000E+00  0.0000E+00  0.0000E+00  0.0000E+00
  2.4343E-01  8.1200E-01  1.0167E+02  1.3869E+01  0.0000E+00  0.0000E+00  0.0000E+00  0.0000E+00  0.0000E+00
  2.4373E-01  8.1300E-01  1.0168E+02  1.4547E+01  0.0000E+00  0.0000E+00  0.0000E+00  0.0000E+00  0.0000E+00
  2.4403E-01  8.1400E-01  1.0168E+02  1.5203E+01  0.0000E+00  0.0000E+00  0.0000E+00  0.0000E+00  0.0000E+00
  2.4433E-01  8.1500E-01  1.0169E+02  1.5832E+01  0.0000E+00  0.0000E+00  0.0000E+00  0.0000E+00  0.0000E+00
  2.4463E-01  8.1600E-01  1.0169E+02  1.6423E+01  0.0000E+00  0.0000E+00  0.0000E+00  0.0000E+00  0.0000E+00
  2.4493E-01  8.1700E-01  1.0170E+02  1.6989E+01  0.0000E+00  0.0000E+00  0.0000E+00  0.0000E+00  0.0000E+00
  2.4523E-01  8.1800E-01  1.0170E+02  1.7521E+01  0.0000E+00  0.0000E+00  0.0000E+00  0.0000E+00  0.0000E+00
  2.4553E-01  8.1900E-01  1.0171E+02  1.8026E+01  0.0000E+00  0.0000E+00  0.0000E+00  0.0000E+00  0.0000E+00
  2.4583E-01  8.2000E-01  1.0171E+02  1.8485E+01  0.0000E+00  0.0000E+00  0.0000E+00  0.0000E+00  0.0000E+00
  2.4613E-01  8.2100E-01  1.0172E+02  1.8916E+01  0.0000E+00  0.0000E+00  0.0000E+00  0.0000E+00  0.0000E+00
  2.4643E-01  8.2200E-01  1.0172E+02  1.9314E+01  0.0000E+00  0.0000E+00  0.0000E+00  0.0000E+00  0.0000E+00
  2.4673E-01  8.2300E-01  1.0173E+02  1.9669E+01  0.0000E+00  0.0000E+00  0.0000E+00  0.0000E+00  0.0000E+00
  2.4703E-01  8.2400E-01  1.0174E+02  1.9991E+01  0.0000E+00  0.0000E+00  0.0000E+00  0.0000E+00  0.0000E+00
  2.4733E-01  8.2500E-01  1.0174E+02  2.0271E+01  0.0000E+00  0.0000E+00  0.0000E+00  0.0000E+00  0.0000E+00
  2.4763E-01  8.2600E-01  1.0175E+02  2.0520E+01  0.0000E+00  0.0000E+00  0.0000E+00  0.0000E+00  0.0000E+00
  2.4793E-01  8.2700E-01  1.0175E+02  2.0723E+01  0.0000E+00  0.0000E+00  0.0000E+00  0.0000E+00  0.0000E+00
  2.4822E-01  8.2800E-01  1.0176E+02  2.0894E+01  0.0000E+00  0.0000E+00  0.0000E+00  0.0000E+00  0.0000E+00
  2.4852E-01  8.2900E-01  1.0177E+02  2.1029E+01  0.0000E+00  0.0000E+00  0.0000E+00  0.0000E+00  0.0000E+00
  2.4882E-01  8.3000E-01  1.0177E+02  2.1122E+01  0.0000E+00  0.0000E+00  0.0000E+00  0.0000E+00  0.0000E+00
  2.4912E-01  8.3100E-01  1.0178E+02  2.1185E+01  0.0000E+00  0.0000E+00  0.0000E+00  0.0000E+00  0.0000E+00
  2.4942E-01  8.3200E-01  1.0179E+02  2.1206E+01  0.0000E+00  0.0000E+00  0.0000E+00  0.0000E+00  0.0000E+00
  2.4972E-01  8.3300E-01  1.0179E+02  2.1198E+01  0.0000E+00  0.0000E+00  0.0000E+00  0.0000E+00  0.0000E+00
  2.5002E-01  8.3400E-01  1.0180E+02  2.1150E+01  0.0000E+00  0.0000E+00  0.0000E+00  0.0000E+00  0.0000E+00
  2.5032E-01  8.3500E-01  1.0180E+02  2.1072E+01  0.0000E+00  0.0000E+00  0.0000E+00  0.0000E+00  0.0000E+00
  2.5062E-01  8.3600E-01  1.0181E+02  2.0960E+01  0.0000E+00  0.0000E+00  0.0000E+00  0.0000E+00  0.0000E+00
  2.5092E-01  8.3700E-01  1.0182E+02  2.0815E+01  0.0000E+00  0.0000E+00  0.0000E+00  0.0000E+00  0.0000E+00
  2.5122E-01  8.3800E-01  1.0182E+02  2.0643E+01  0.0000E+00  0.0000E+00  0.0000E+00  0.0000E+00  0.0000E+00
  2.5152E-01  8.3900E-01  1.0183E+02  2.0436E+01  0.0000E+00  0.0000E+00  0.0000E+00  0.0000E+00  0.0000E+00
  2.5182E-01  8.4000E-01  1.0184E+02  2.0205E+01  0.0000E+00  0.0000E+00  0.0000E+00  0.0000E+00  0.0000E+00
  2.5212E-01  8.4100E-01  1.0184E+02  1.9942E+01  0.0000E+00  0.0000E+00  0.0000E+00  0.0000E+00  0.0000E+00
  2.5242E-01  8.4200E-01  1.0185E+02  1.9654E+01  0.0000E+00  0.0000E+00  0.0000E+00  0.0000E+00  0.0000E+00
  2.5272E-01  8.4300E-01  1.0185E+02  1.9340E+01  0.0000E+00  0.0000E+00  0.0000E+00  0.0000E+00  0.0000E+00
  2.5302E-01  8.4400E-01  1.0186E+02  1.9000E+01  0.0000E+00  0.0000E+00  0.0000E+00  0.0000E+00  0.0000E+00
  2.5332E-01  8.4500E-01  1.0186E+02  1.8640E+01  0.0000E+00  0.0000E+00  0.0000E+00  0.0000E+00  0.0000E+00
  2.5362E-01  8.4600E-01  1.0187E+02  1.8252E+01  0.0000E+00  0.0000E+00  0.0000E+00  0.0000E+00  0.0000E+00
  2.5392E-01  8.4700E-01  1.0188E+02  1.7846E+01  0.0000E+00  0.0000E+00  0.0000E+00  0.0000E+00  0.0000E+00
  2.5422E-01  8.4800E-01  1.0188E+02  1.7418E+01  0.0000E+00  0.0000E+00  0.0000E+00  0.0000E+00  0.0000E+00
  2.5452E-01  8.4900E-01  1.0189E+02  1.6972E+01  0.0000E+00  0.0000E+00  0.0000E+00  0.0000E+00  0.0000E+00
  2.5482E-01  8.5000E-01  1.0189E+02  1.6508E+01  0.0000E+00  0.0000E+00  0.0000E+00  0.0000E+00  0.0000E+00
  2.5512E-01  8.5100E-01  1.0190E+02  1.6026E+01  0.0000E+00  0.0000E+00  0.0000E+00  0.0000E+00  0.0000E+00
  2.5542E-01  8.5200E-01  1.0190E+02  1.5530E+01  0.0000E+00  0.0000E+00  0.0000E+00  0.0000E+00  0.0000E+00
  2.5572E-01  8.5300E-01  1.0190E+02  1.5016E+01  0.0000E+00  0.0000E+00  0.0000E+00  0.0000E+00  0.0000E+00
  2.5602E-01  8.5400E-01  1.0191E+02  1.4492E+01  0.0000E+00  0.0000E+00  0.0000E+00  0.0000E+00  0.0000E+00
  2.5632E-01  8.5500E-01  1.0191E+02  1.3953E+01  0.0000E+00  0.0000E+00  0.0000E+00  0.0000E+00  0.0000E+00
  2.5662E-01  8.5600E-01  1.0192E+02  1.3403E+01  0.0000E+00  0.0000E+00  0.0000E+00  0.0000E+00  0.0000E+00
  2.5692E-01  8.5700E-01  1.0192E+02  1.2842E+01  0.0000E+00  0.0000E+00  0.0000E+00  0.0000E+00  0.0000E+00
  2.5722E-01  8.5800E-01  1.0192E+02  1.2272E+01  0.0000E+00  0.0000E+00  0.0000E+00  0.0000E+00  0.0000E+00
  2.5752E-01  8.5900E-01  1.0193E+02  1.1695E+01  0.0000E+00  0.0000E+00  0.0000E+00  0.0000E+00  0.0000E+00
  2.5782E-01  8.6000E-01  1.0193E+02  1.1110E+01  0.0000E+00  0.0000E+00  0.0000E+00  0.0000E+00  0.0000E+00
  2.5812E-01  8.6100E-01  1.0193E+02  1.0520E+01  0.0000E+00  0.0000E+00  0.0000E+00  0.0000E+00  0.0000E+00
  2.5842E-01  8.6200E-01  1.0194E+02  9.9246E+00  0.0000E+00  0.0000E+00  0.0000E+00  0.0000E+00  0.0000E+00
  2.5872E-01  8.6300E-01  1.0194E+02  9.3256E+00  0.0000E+00  0.0000E+00  0.0000E+00  0.0000E+00  0.0000E+00
  2.5902E-01  8.6400E-01  1.0194E+02  8.7238E+00  0.0000E+00  0.0000E+00  0.0000E+00  0.0000E+00  0.0000E+00
  2.5932E-01  8.6500E-01  1.0195E+02  8.1205E+00  0.0000E+00  0.0000E+00  0.0000E+00  0.0000E+00  0.0000E+00
  2.5962E-01  8.6600E-01  1.0195E+02  7.5174E+00  0.0000E+00  0.0000E+00  0.0000E+00  0.0000E+00  0.0000E+00
  2.5992E-01  8.6700E-01  1.0195E+02  6.9152E+00  0.0000E+00  0.0000E+00  0.0000E+00  0.0000E+00  0.0000E+00
  2.6022E-01  8.6800E-01  1.0195E+02  6.3156E+00  0.0000E+00  0.0000E+00  0.0000E+00  0.0000E+00  0.0000E+00
  2.6052E-01  8.6900E-01  1.0195E+02  5.7194E+00  0.0000E+00  0.0000E+00  0.0000E+00  0.0000E+00  0.0000E+00
  2.6082E-01  8.7000E-01  1.0196E+02  5.1280E+00  0.0000E+00  0.0000E+00  0.0000E+00  0.0000E+00  0.0000E+00
  2.6112E-01  8.7100E-01  1.0196E+02  4.5426E+00  0.0000E+00  0.0000E+00  0.0000E+00  0.0000E+00  0.0000E+00
  2.6142E-01  8.7200E-01  1.0196E+02  3.9647E+00  0.0000E+00  0.0000E+00  0.0000E+00  0.0000E+00  0.0000E+00
  2.6172E-01  8.7300E-01  1.0196E+02  3.3947E+00  0.0000E+00  0.0000E+00  0.0000E+00  0.0000E+00  0.0000E+00
  2.6202E-01  8.7400E-01  1.0196E+02  2.8361E+00  0.0000E+00  0.0000E+00  0.0000E+00  0.0000E+00  0.0000E+00
  2.6232E-01  8.7500E-01  1.0196E+02  2.2876E+00  0.0000E+00  0.0000E+00  0.0000E+00  0.0000E+00  0.0000E+00
  2.6261E-01  8.7600E-01  1.0196E+02  1.7524E+00  0.0000E+00  0.0000E+00  0.0000E+00  0.0000E+00  0.0000E+00
  2.6291E-01  8.7700E-01  1.0196E+02  1.2305E+00  0.0000E+00  0.0000E+00  0.0000E+00  0.0000E+00  0.0000E+00
  2.6321E-01  8.7800E-01  1.0196E+02  7.2378E-01  0.0000E+00  0.0000E+00  0.0000E+00  0.0000E+00  0.0000E+00
  2.6351E-01  8.7900E-01  1.0196E+02  2.3559E-01  0.0000E+00  0.0000E+00  0.0000E+00  0.0000E+00  0.0000E+00
  2.6381E-01  8.8000E-01  1.0196E+02 -2.3580E-01  0.0000E+00  0.0000E+00  0.0000E+00  0.0000E+00  0.0000E+00
  2.6411E-01  8.8100E-01  1.0196E+02 -6.8489E-01  0.0000E+00  0.0000E+00  0.0000E+00  0.0000E+00  0.0000E+00
  2.6441E-01  8.8200E-01  1.0196E+02 -1.1159E+00  0.0000E+00  0.0000E+00  0.0000E+00  0.0000E+00  0.0000E+00
  2.6471E-01  8.8300E-01  1.0196E+02 -1.5228E+00  0.0000E+00  0.0000E+00  0.0000E+00  0.0000E+00  0.0000E+00
  2.6501E-01  8.8400E-01  1.0196E+02 -1.9063E+00  0.0000E+00  0.0000E+00  0.0000E+00  0.0000E+00  0.0000E+00
  2.6531E-01  8.8500E-01  1.0196E+02 -2.2637E+00  0.0000E+00  0.0000E+00  0.0000E+00  0.0000E+00  0.0000E+00
  2.6561E-01  8.8600E-01  1.0196E+02 -2.5929E+00  0.0000E+00  0.0000E+00  0.0000E+00  0.0000E+00  0.0000E+00
  2.6591E-01  8.8700E-01  1.0196E+02 -2.8970E+00  0.0000E+00  0.0000E+00  0.0000E+00  0.0000E+00  0.0000E+00
  2.6621E-01  8.8800E-01  1.0196E+02 -3.1662E+00  0.0000E+00  0.0000E+00  0.0000E+00  0.0000E+00  0.0000E+00
  2.6651E-01  8.8900E-01  1.0196E+02 -3.4088E+00  0.0000E+00  0.0000E+00  0.0000E+00  0.0000E+00  0.0000E+00
  2.6681E-01  8.9000E-01  1.0195E+02 -3.6149E+00  0.0000E+00  0.0000E+00  0.0000E+00  0.0000E+00  0.0000E+00
  2.6711E-01  8.9100E-01  1.0195E+02 -3.7887E+00  0.0000E+00  0.0000E+00  0.0000E+00  0.0000E+00  0.0000E+00
  2.6741E-01  8.9200E-01  1.0195E+02 -3.9269E+00  0.0000E+00  0.0000E+00  0.0000E+00  0.0000E+00  0.0000E+00
  2.6771E-01  8.9300E-01  1.0195E+02 -4.0274E+00  0.0000E+00  0.0000E+00  0.0000E+00  0.0000E+00  0.0000E+00
  2.6801E-01  8.9400E-01  1.0195E+02 -4.0955E+00  0.0000E+00  0.0000E+00  0.0000E+00  0.0000E+00  0.0000E+00
  2.6831E-01  8.9500E-01  1.0195E+02 -4.1177E+00  0.0000E+00  0.0000E+00  0.0000E+00  0.0000E+00  0.0000E+00
  2.6861E-01  8.9600E-01  1.0195E+02 -4.1066E+00  0.0000E+00  0.0000E+00  0.0000E+00  0.0000E+00  0.0000E+00
  2.6891E-01  8.9700E-01  1.0195E+02 -4.0493E+00  0.0000E+00  0.0000E+00  0.0000E+00  0.0000E+00  0.0000E+00
  2.6921E-01  8.9800E-01  1.0194E+02 -3.9547E+00  0.0000E+00  0.0000E+00  0.0000E+00  0.0000E+00  0.0000E+00
  2.6951E-01  8.9900E-01  1.0194E+02 -3.8197E+00  0.0000E+00  0.0000E+00  0.0000E+00  0.0000E+00  0.0000E+00
  2.6981E-01  9.0000E-01  1.0194E+02 -3.6397E+00  0.0000E+00  0.0000E+00  0.0000E+00  0.0000E+00  0.0000E+00
  2.7011E-01  9.0100E-01  1.0194E+02 -3.4225E+00  0.0000E+00  0.0000E+00  0.0000E+00  0.0000E+00  0.0000E+00
  2.7041E-01  9.0200E-01  1.0194E+02 -3.1574E+00  0.0000E+00  0.0000E+00  0.0000E+00  0.0000E+00  0.0000E+00
  2.7071E-01  9.0300E-01  1.0194E+02 -2.8584E+00  0.0000E+00  0.0000E+00  0.0000E+00  0.0000E+00  0.0000E+00
  2.7101E-01  9.0400E-01  1.0194E+02 -2.5138E+00  0.0000E+00  0.0000E+00  0.0000E+00  0.0000E+00  0.0000E+00
  2.7131E-01  9.0500E-01  1.0194E+02 -2.1302E+00  0.0000E+00  0.0000E+00  0.0000E+00  0.0000E+00  0.0000E+00
  2.7161E-01  9.0600E-01  1.0194E+02 -1.7049E+00  0.0000E+00  0.0000E+00  0.0000E+00  0.0000E+00  0.0000E+00
  2.7191E-01  9.0700E-01  1.0194E+02 -1.2409E+00  0.0000E+00  0.0000E+00  0.0000E+00  0.0000E+00  0.0000E+00
  2.7221E-01  9.0800E-01  1.0194E+02 -7.4483E-01  0.0000E+00  0.0000E+00  0.0000E+00  0.0000E+00  0.0000E+00
  2.7251E-01  9.0900E-01  1.0194E+02 -2.0527E-01  0.0000E+00  0.0000E+00  0.0000E+00  0.0000E+00  0.0000E+00
  2.7281E-01  9.1000E-01  1.0194E+02  3.6245E-01  0.0000E+00  0.0000E+00  0.0000E+00  0.0000E+00  0.0000E+00
  2.7311E-01  9.1100E-01  1.0194E+02  9.6454E-01  0.0000E+00  0.0000E+00  0.0000E+00  0.0000E+00  0.0000E+00
  2.7341E-01  9.1200E-01  1.0194E+02  1.5939E+00  0.0000E+00  0.0000E+00  0.0000E+00  0.0000E+00  0.0000E+00
  2.7371E-01  9.1300E-01  1.0194E+02  2.2513E+00  0.0000E+00  0.0000E+00  0.0000E+00  0.0000E+00  0.0000E+00
  2.7401E-01  9.1400E-01  1.0194E+02  2.9354E+00  0.0000E+00  0.0000E+00  0.0000E+00  0.0000E+00  0.0000E+00
  2.7431E-01  9.1500E-01  1.0194E+02  3.6406E+00  0.0000E+00  0.0000E+00  0.0000E+00  0.0000E+00  0.0000E+00
  2.7461E-01  9.1600E-01  1.0194E+02  4.3658E+00  0.0000E+00  0.0000E+00  0.0000E+00  0.0000E+00  0.0000E+00
  2.7491E-01  9.1700E-01  1.0194E+02  5.1040E+00  0.0000E+00  0.0000E+00  0.0000E+00  0.0000E+00  0.0000E+00
  2.7521E-01  9.1800E-01  1.0195E+02  5.8533E+00  0.0000E+00  0.0000E+00  0.0000E+00  0.0000E+00  0.0000E+00
  2.7551E-01  9.1900E-01  1.0195E+02  6.6140E+00  0.0000E+00  0.0000E+00  0.0000E+00  0.0000E+00  0.0000E+00
  2.7581E-01  9.2000E-01  1.0195E+02  7.3853E+00  0.0000E+00  0.0000E+00  0.0000E+00  0.0000E+00  0.0000E+00
  2.7611E-01  9.2100E-01  1.0195E+02  8.1585E+00  0.0000E+00  0.0000E+00  0.0000E+00  0.0000E+00  0.0000E+00
  2.7641E-01  9.2200E-01  1.0195E+02  8.9336E+00  0.0000E+00  0.0000E+00  0.0000E+00  0.0000E+00  0.0000E+00
  2.7670E-01  9.2300E-01  1.0196E+02  9.7025E+00  0.0000E+00  0.0000E+00  0.0000E+00  0.0000E+00  0.0000E+00
  2.7700E-01  9.2400E-01  1.0196E+02  1.0469E+01  0.0000E+00  0.0000E+00  0.0000E+00  0.0000E+00  0.0000E+00
  2.7730E-01  9.2500E-01  1.0196E+02  1.1225E+01  0.0000E+00  0.0000E+00  0.0000E+00  0.0000E+00  0.0000E+00
  2.7760E-01  9.2600E-01  1.0197E+02  1.1969E+01  0.0000E+00  0.0000E+00  0.0000E+00  0.0000E+00  0.0000E+00
  2.7790E-01  9.2700E-01  1.0197E+02  1.2698E+01  0.0000E+00  0.0000E+00  0.0000E+00  0.0000E+00  0.0000E+00
  2.7820E-01  9.2800E-01  1.0198E+02  1.3408E+01  0.0000E+00  0.0000E+00  0.0000E+00  0.0000E+00  0.0000E+00
  2.7850E-01  9.2900E-01  1.0198E+02  1.4103E+01  0.0000E+00  0.0000E+00  0.0000E+00  0.0000E+00  0.0000E+00
  2.7880E-01  9.3000E-01  1.0198E+02  1.4766E+01  0.0000E+00  0.0000E+00  0.0000E+00  0.0000E+00  0.0000E+00
  2.7910E-01  9.3100E-01  1.0199E+02  1.5411E+01  0.0000E+00  0.0000E+00  0.0000E+00  0.0000E+00  0.0000E+00
  2.7940E-01  9.3200E-01  1.0199E+02  1.6024E+01  0.0000E+00  0.0000E+00  0.0000E+00  0.0000E+00  0.0000E+00
  2.7970E-01  9.3300E-01  1.0200E+02  1.6611E+01  0.0000E+00  0.0000E+00  0.0000E+00  0.0000E+00  0.0000E+00
  2.8000E-01  9.3400E-01  1.0200E+02  1.7167E+01  0.0000E+00  0.0000E+00  0.0000E+00  0.0000E+00  0.0000E+00
  2.8030E-01  9.3500E-01  1.0201E+02  1.7688E+01  0.0000E+00  0.0000E+00  0.0000E+00  0.0000E+00  0.0000E+00
  2.8060E-01  9.3600E-01  1.0201E+02  1.8181E+01  0.0000E+00  0.0000E+00  0.0000E+00  0.0000E+00  0.0000E+00
  2.8090E-01  9.3700E-01  1.0202E+02  1.8630E+01  0.0000E+00  0.0000E+00  0.0000E+00  0.0000E+00  0.0000E+00
  2.8120E-01  9.3800E-01  1.0203E+02  1.9053E+01  0.0000E+00  0.0000E+00  0.0000E+00  0.0000E+00  0.0000E+00
  2.8150E-01  9.3900E-01  1.0203E+02  1.9433E+01  0.0000E+00  0.0000E+00  0.0000E+00  0.0000E+00  0.0000E+00
  2.8180E-01  9.4000E-01  1.0204E+02  1.9780E+01  0.0000E+00  0.0000E+00  0.0000E+00  0.0000E+00  0.0000E+00
  2.8210E-01  9.4100E-01  1.0204E+02  2.0089E+01  0.0000E+00  0.0000E+00  0.0000E+00  0.0000E+00  0.0000E+00
  2.8240E-01  9.4200E-01  1.0205E+02  2.0357E+01  0.0000E+00  0.0000E+00  0.0000E+00  0.0000E+00  0.0000E+00
  2.8270E-01  9.4300E-01  1.0206E+02  2.0594E+01  0.0000E+00  0.0000E+00  0.0000E+00  0.0000E+00  0.0000E+00
  2.8300E-01  9.4400E-01  1.0206E+02  2.0785E+01  0.0000E+00  0.0000E+00  0.0000E+00  0.0000E+00  0.0000E+00
  2.8330E-01  9.4500E-01  1.0207E+02  2.0946E+01  0.0000E+00  0.0000E+00  0.0000E+00  0.0000E+00  0.0000E+00
  2.8360E-01  9.4600E-01  1.0207E+02  2.1063E+01  0.0000E+00  0.0000E+00  0.0000E+00  0.0000E+00  0.0000E+00
  2.8390E-01  9.4700E-01  1.0208E+02  2.1148E+01  0.0000E+00  0.0000E+00  0.0000E+00  0.0000E+00  0.0000E+00
  2.8420E-01  9.4800E-01  1.0209E+02  2.1198E+01  0.0000E+00  0.0000E+00  0.0000E+00  0.0000E+00  0.0000E+00
  2.8450E-01  9.4900E-01  1.0209E+02  2.1208E+01  0.0000E+00  0.0000E+00  0.0000E+00  0.0000E+00  0.0000E+00
  2.8480E-01  9.5000E-01  1.0210E+02  2.1189E+01  0.0000E+00  0.0000E+00  0.0000E+00  0.0000E+00  0.0000E+00
  2.8510E-01  9.5100E-01  1.0211E+02  2.1129E+01  0.0000E+00  0.0000E+00  0.0000E+00  0.0000E+00  0.0000E+00
  2.8540E-01  9.5200E-01  1.0211E+02  2.1042E+01  0.0000E+00  0.0000E+00  0.0000E+00  0.0000E+00  0.0000E+00
  2.8570E-01  9.5300E-01  1.0212E+02  2.0917E+01  0.0000E+00  0.0000E+00  0.0000E+00  0.0000E+00  0.0000E+00
  2.8600E-01  9.5400E-01  1.0213E+02  2.0763E+01  0.0000E+00  0.0000E+00  0.0000E+00  0.0000E+00  0.0000E+00
  2.8630E-01  9.5500E-01  1.0213E+02  2.0580E+01  0.0000E+00  0.0000E+00  0.0000E+00  0.0000E+00  0.0000E+00
  2.8660E-01  9.5600E-01  1.0214E+02  2.0364E+01  0.0000E+00  0.0000E+00  0.0000E+00  0.0000E+00  0.0000E+00
  2.8690E-01  9.5700E-01  1.0214E+02  2.0123E+01  0.0000E+00  0.0000E+00  0.0000E+00  0.0000E+00  0.0000E+00
  2.8720E-01  9.5800E-01  1.0215E+02  1.9850E+01  0.0000E+00  0.0000E+00  0.0000E+00  0.0000E+00  0.0000E+00
  2.8750E-01  9.5900E-01  1.0216E+02  1.9556E+01  0.0000E+00  0.0000E+00  0.0000E+00  0.0000E+00  0.0000E+00
  2.8780E-01  9.6000E-01  1.0216E+02  1.9231E+01  0.0000E+00  0.0000E+00  0.0000E+00  0.0000E+00  0.0000E+00
  2.8810E-01  9.6100E-01  1.0217E+02  1.8885E+01  0.0000E+00  0.0000E+00  0.0000E+00  0.0000E+00  0.0000E+00
  2.8840E-01  9.6200E-01  1.0217E+02  1.8515E+01  0.0000E+00  0.0000E+00  0.0000E+00  0.0000E+00  0.0000E+00
  2.8870E-01  9.6300E-01  1.0218E+02  1.8122E+01  0.0000E+00  0.0000E+00  0.0000E+00  0.0000E+00  0.0000E+00
  2.8900E-01  9.6400E-01  1.0218E+02  1.7710E+01  0.0000E+00  0.0000E+00  0.0000E+00  0.0000E+00  0.0000E+00
  2.8930E-01  9.6500E-01  1.0219E+02  1.7274E+01  0.0000E+00  0.0000E+00  0.0000E+00  0.0000E+00  0.0000E+00
  2.8960E-01  9.6600E-01  1.0219E+02  1.6823E+01  0.0000E+00  0.0000E+00  0.0000E+00  0.0000E+00  0.0000E+00
  2.8990E-01  9.6700E-01  1.0220E+02  1.6352E+01  0.0000E+00  0.0000E+00  0.0000E+00  0.0000E+00  0.0000E+00
  2.9020E-01  9.6800E-01  1.0220E+02  1.5866E+01  0.0000E+00  0.0000E+00  0.0000E+00  0.0000E+00  0.0000E+00
  2.9050E-01  9.6900E-01  1.0221E+02  1.5364E+01  0.0000E+00  0.0000E+00  0.0000E+00  0.0000E+00  0.0000E+00
  2.9079E-01  9.7000E-01  1.0221E+02  1.4847E+01  0.0000E+00  0.0000E+00  0.0000E+00  0.0000E+00  0.0000E+00
  2.9109E-01  9.7100E-01  1.0222E+02  1.4318E+01  0.0000E+00  0.0000E+00  0.0000E+00  0.0000E+00  0.0000E+00
  2.9139E-01  9.7200E-01  1.0222E+02  1.3774E+01  0.0000E+00  0.0000E+00  0.0000E+00  0.0000E+00  0.0000E+00
  2.9169E-01  9.7300E-01  1.0222E+02  1.3222E+01  0.0000E+00  0.0000E+00  0.0000E+00  0.0000E+00  0.0000E+00
  2.9199E-01  9.7400E-01  1.0223E+02  1.2658E+01  0.0000E+00  0.0000E+00  0.0000E+00  0.0000E+00  0.0000E+00
  2.9229E-01  9.7500E-01  1.0223E+02  1.2086E+01  0.0000E+00  0.0000E+00  0.0000E+00  0.0000E+00  0.0000E+00
  2.9259E-01  9.7600E-01  1.0224E+02  1.1506E+01  0.0000E+00  0.0000E+00  0.0000E+00  0.0000E+00  0.0000E+00
  2.9289E-01  9.7700E-01  1.0224E+02  1.0919E+01  0.0000E+00  0.0000E+00  0.0000E+00  0.0000E+00  0.0000E+00
  2.9319E-01  9.7800E-01  1.0224E+02  1.0328E+01  0.0000E+00  0.0000E+00  0.0000E+00  0.0000E+00  0.0000E+00
  2.9349E-01  9.7900E-01  1.0224E+02  9.7300E+00  0.0000E+00  0.0000E+00  0.0000E+00  0.0000E+00  0.0000E+00
  2.9379E-01  9.8000E-01  1.0225E+02  9.1301E+00  0.0000E+00  0.0000E+00  0.0000E+00  0.0000E+00  0.0000E+00
  2.9409E-01  9.8100E-01  1.0225E+02  8.5278E+00  0.0000E+00  0.0000E+00  0.0000E+00  0.0000E+00  0.0000E+00
  2.9439E-01  9.8200E-01  1.0225E+02  7.9252E+00  0.0000E+00  0.0000E+00  0.0000E+00  0.0000E+00  0.0000E+00
  2.9469E-01  9.8300E-01  1.0225E+02  7.3231E+00  0.0000E+00  0.0000E+00  0.0000E+00  0.0000E+00  0.0000E+00
  2.9499E-01  9.8400E-01  1.0226E+02  6.7220E+00  0.0000E+00  0.0000E+00  0.0000E+00  0.0000E+00  0.0000E+00
  2.9529E-01  9.8500E-01  1.0226E+02  6.1232E+00  0.0000E+00  0.0000E+00  0.0000E+00  0.0000E+00  0.0000E+00
  2.9559E-01  9.8600E-01  1.0226E+02  5.5292E+00  0.0000E+00  0.0000E+00  0.0000E+00  0.0000E+00  0.0000E+00
  2.9589E-01  9.8700E-01  1.0226E+02  4.9399E+00  0.0000E+00  0.0000E+00  0.0000E+00  0.0000E+00  0.0000E+00
  2.9619E-01  9.8800E-01  1.0226E+02  4.3567E+00  0.0000E+00  0.0000E+00  0.0000E+00  0.0000E+00  0.0000E+00
  2.9649E-01  9.8900E-01  1.0226E+02  3.7813E+00  0.0000E+00  0.0000E+00  0.0000E+00  0.0000E+00  0.0000E+00
  2.9679E-01  9.9000E-01  1.0226E+02  3.2154E+00  0.0000E+00  0.0000E+00  0.0000E+00  0.0000E+00  0.0000E+00
  2.9709E-01  9.9100E-01  1.0227E+02  2.6603E+00  0.0000E+00  0.0000E+00  0.0000E+00  0.0000E+00  0.0000E+00
  2.9739E-01  9.9200E-01  1.0227E+02  2.1157E+00  0.0000E+00  0.0000E+00  0.0000E+00  0.0000E+00  0.0000E+00
  2.9769E-01  9.9300E-01  1.0227E+02  1.5859E+00  0.0000E+00  0.0000E+00  0.0000E+00  0.0000E+00  0.0000E+00
  2.9799E-01  9.9400E-01  1.0227E+02  1.0688E+00  0.0000E+00  0.0000E+00  0.0000E+00  0.0000E+00  0.0000E+00
  2.9829E-01  9.9500E-01  1.0227E+02  5.6828E-01  0.0000E+00  0.0000E+00  0.0000E+00  0.0000E+00  0.0000E+00
  2.9859E-01  9.9600E-01  1.0227E+02  8.5081E-02  0.0000E+00  0.0000E+00  0.0000E+00  0.0000E+00  0.0000E+00
  2.9889E-01  9.9700E-01  1.0227E+02 -3.7847E-01  0.0000E+00  0.0000E+00  0.0000E+00  0.0000E+00  0.0000E+00
  2.9919E-01  9.9800E-01  1.0227E+02 -8.2187E-01  0.0000E+00  0.0000E+00  0.0000E+00  0.0000E+00  0.0000E+00
  2.9949E-01  9.9900E-01  1.0227E+02 -1.2466E+00  0.0000E+00  0.0000E+00  0.0000E+00  0.0000E+00  0.0000E+00
  2.9979E-01  1.0000E+00  1.0227E+02 -1.6433E+00  0.0000E+00  0.0000E+00  0.0000E+00  0.0000E+00  0.0000E+00
  3.0009E-01  1.0010E+00  1.0227E+02 -2.0181E+00  0.0000E+00  0.0000E+00  0.0000E+00  0.0000E+00  0.0000E+00
  3.0039E-01  1.0020E+00  1.0226E+02 -2.3626E+00  0.0000E+00  0.0000E+00  0.0000E+00  0.0000E+00  0.0000E+00
  3.0069E-01  1.0030E+00  1.0226E+02 -2.6823E+00  0.0000E+00  0.0000E+00  0.0000E+00  0.0000E+00  0.0000E+00
  3.0099E-01  1.0040E+00  1.0226E+02 -2.9751E+00  0.0000E+00  0.0000E+00  0.0000E+00  0.0000E+00  0.0000E+00
  3.0129E-01  1.0050E+00  1.0226E+02 -3.2346E+00  0.0000E+00  0.0000E+00  0.0000E+00  0.0000E+00  0.0000E+00
  3.0159E-01  1.0060E+00  1.0226E+02 -3.4655E+00  0.0000E+00  0.0000E+00  0.0000E+00  0.0000E+00  0.0000E+00
  3.0189E-01  1.0070E+00  1.0226E+02 -3.6595E+00  0.0000E+00  0.0000E+00  0.0000E+00  0.0000E+00  0.0000E+00
  3.0219E-01  1.0080E+00  1.0226E+02 -3.8243E+00  0.0000E+00  0.0000E+00  0.0000E+00  0.0000E+00  0.0000E+00
  3.0249E-01  1.0090E+00  1.0226E+02 -3.9473E+00  0.0000E+00  0.0000E+00  0.0000E+00  0.0000E+00  0.0000E+00
  3.0279E-01  1.0100E+00  1.0226E+02 -4.0368E+00  0.0000E+00  0.0000E+00  0.0000E+00  0.0000E+00  0.0000E+00
  3.0309E-01  1.0110E+00  1.0225E+02 -4.0900E+00  0.0000E+00  0.0000E+00  0.0000E+00  0.0000E+00  0.0000E+00
  3.0339E-01  1.0120E+00  1.0225E+02 -4.1005E+00  0.0000E+00  0.0000E+00  0.0000E+00  0.0000E+00  0.0000E+00
  3.0369E-01  1.0130E+00  1.0225E+02 -4.0754E+00  0.0000E+00  0.0000E+00  0.0000E+00  0.0000E+00  0.0000E+00
  3.0399E-01  1.0140E+00  1.0225E+02 -4.0053E+00  0.0000E+00  0.0000E+00  0.0000E+00  0.0000E+00  0.0000E+00
  3.0429E-01  1.0150E+00  1.0225E+02 -3.9010E+00  0.0000E+00  0.0000E+00  0.0000E+00  0.0000E+00  0.0000E+00
  3.0459E-01  1.0160E+00  1.0225E+02 -3.7471E+00  0.0000E+00  0.0000E+00  0.0000E+00  0.0000E+00  0.0000E+00
  3.0489E-01  1.0170E+00  1.0225E+02 -3.5562E+00  0.0000E+00  0.0000E+00  0.0000E+00  0.0000E+00  0.0000E+00
  3.0518E-01  1.0180E+00  1.0225E+02 -3.3253E+00  0.0000E+00  0.0000E+00  0.0000E+00  0.0000E+00  0.0000E+00
  3.0548E-01  1.0190E+00  1.0225E+02 -3.0484E+00  0.0000E+00  0.0000E+00  0.0000E+00  0.0000E+00  0.0000E+00
  3.0578E-01  1.0200E+00  1.0225E+02 -2.7335E+00  0.0000E+00  0.0000E+00  0.0000E+00  0.0000E+00  0.0000E+00
  3.0608E-01  1.0210E+00  1.0224E+02 -2.3742E+00  0.0000E+00  0.0000E+00  0.0000E+00  0.0000E+00  0.0000E+00
  3.0638E-01  1.0220E+00  1.0224E+02 -1.9808E+00  0.0000E+00  0.0000E+00  0.0000E+00  0.0000E+00  0.0000E+00
  3.0668E-01  1.0230E+00  1.0224E+02 -1.5403E+00  0.0000E+00  0.0000E+00  0.0000E+00  0.0000E+00  0.0000E+00
  3.0698E-01  1.0240E+00  1.0224E+02 -1.0667E+00  0.0000E+00  0.0000E+00  0.0000E+00  0.0000E+00  0.0000E+00
  3.0728E-01  1.0250E+00  1.0224E+02 -5.5836E-01  0.0000E+00  0.0000E+00  0.0000E+00  0.0000E+00  0.0000E+00
  3.0758E-01  1.0260E+00  1.0224E+02 -1.0181E-02  0.0000E+00  0.0000E+00  0.0000E+00  0.0000E+00  0.0000E+00
  3.0788E-01  1.0270E+00  1.0224E+02  5.6946E-01  0.0000E+00  0.0000E+00  0.0000E+00  0.0000E+00  0.0000E+00
  3.0818E-01  1.0280E+00  1.0224E+02  1.1907E+00  0.0000E+00  0.0000E+00  0.0000E+00  0.0000E+00  0.0000E+00
  3.0848E-01  1.0290E+00  1.0224E+02  1.8347E+00  0.0000E+00  0.0000E+00  0.0000E+00  0.0000E+00  0.0000E+00
  3.0878E-01  1.0300E+00  1.0224E+02  2.4995E+00  0.0000E+00  0.0000E+00  0.0000E+00  0.0000E+00  0.0000E+00
  3.0908E-01  1.0310E+00  1.0225E+02  3.1882E+00  0.0000E+00  0.0000E+00  0.0000E+00  0.0000E+00  0.0000E+00
  3.0938E-01  1.0320E+00  1.0225E+02  3.9018E+00  0.0000E+00  0.0000E+00  0.0000E+00  0.0000E+00  0.0000E+00
  3.0968E-01  1.0330E+00  1.0225E+02  4.6280E+00  0.0000E+00  0.0000E+00  0.0000E+00  0.0000E+00  0.0000E+00
  3.0998E-01  1.0340E+00  1.0225E+02  5.3659E+00  0.0000E+00  0.0000E+00  0.0000E+00  0.0000E+00  0.0000E+00
  3.1028E-01  1.0350E+00  1.0225E+02  6.1229E+00  0.0000E+00  0.0000E+00  0.0000E+00  0.0000E+00  0.0000E+00
  3.1058E-01  1.0360E+00  1.0225E+02  6.8885E+00  0.0000E+00  0.0000E+00  0.0000E+00  0.0000E+00  0.0000E+00
  3.1088E-01  1.0370E+00  1.0226E+02  7.6560E+00  0.0000E+00  0.0000E+00  0.0000E+00  0.0000E+00  0.0000E+00
  3.1118E-01  1.0380E+00  1.0226E+02  8.4284E+00  0.0000E+00  0.0000E+00  0.0000E+00  0.0000E+00  0.0000E+00
  3.1148E-01  1.0390E+00  1.0226E+02  9.2040E+00  0.0000E+00  0.0000E+00  0.0000E+00  0.0000E+00  0.0000E+00
  3.1178E-01  1.0400E+00  1.0226E+02  9.9701E+00  0.0000E+00  0.0000E+00  0.0000E+00  0.0000E+00  0.0000E+00
  3.1208E-01  1.0410E+00  1.0227E+02  1.0730E+01  0.0000E+00  0.0000E+00  0.0000E+00  0.0000E+00  0.0000E+00
  3.1238E-01  1.0420E+00  1.0227E+02  1.1481E+01  0.0000E+00  0.0000E+00  0.0000E+00  0.0000E+00  0.0000E+00
  3.1268E-01  1.0430E+00  1.0227E+02  1.2222E+01  0.0000E+00  0.0000E+00  0.0000E+00  0.0000E+00  0.0000E+00
  3.1298E-01  1.0440E+00  1.0228E+02  1.2940E+01  0.0000E+00  0.0000E+00  0.0000E+00  0.0000E+00  0.0000E+00
  3.1328E-01  1.0450E+00  1.0228E+02  1.3643E+01  0.0000E+00  0.0000E+00  0.0000E+00  0.0000E+00  0.0000E+00
  3.1358E-01  1.0460E+00  1.0229E+02  1.4329E+01  0.0000E+00  0.0000E+00  0.0000E+00  0.0000E+00  0.0000E+00
  3.1388E-01  1.0470E+00  1.0229E+02  1.4992E+01  0.0000E+00  0.0000E+00  0.0000E+00  0.0000E+00  0.0000E+00
  3.1418E-01  1.0480E+00  1.0230E+02  1.5637E+01  0.0000E+00  0.0000E+00  0.0000E+00  0.0000E+00  0.0000E+00
  3.1448E-01  1.0490E+00  1.0230E+02  1.6235E+01  0.0000E+00  0.0000E+00  0.0000E+00  0.0000E+00  0.0000E+00
  3.1478E-01  1.0500E+00  1.0231E+02  1.6812E+01  0.0000E+00  0.0000E+00  0.0000E+00  0.0000E+00  0.0000E+00
  3.1508E-01  1.0510E+00  1.0231E+02  1.7355E+01  0.0000E+00  0.0000E+00  0.0000E+00  0.0000E+00  0.0000E+00
  3.1538E-01  1.0520E+00  1.0232E+02  1.7867E+01  0.0000E+00  0.0000E+00  0.0000E+00  0.0000E+00  0.0000E+00
  3.1568E-01  1.0530E+00  1.0232E+02  1.8342E+01  0.0000E+00  0.0000E+00  0.0000E+00  0.0000E+00  0.0000E+00
  3.1598E-01  1.0540E+00  1.0233E+02  1.8782E+01  0.0000E+00  0.0000E+00  0.0000E+00  0.0000E+00  0.0000E+00
  3.1628E-01  1.0550E+00  1.0233E+02  1.9194E+01  0.0000E+00  0.0000E+00  0.0000E+00  0.0000E+00  0.0000E+00
  3.1658E-01  1.0560E+00  1.0234E+02  1.9557E+01  0.0000E+00  0.0000E+00  0.0000E+00  0.0000E+00  0.0000E+00
  3.1688E-01  1.0570E+00  1.0235E+02  1.9893E+01  0.0000E+00  0.0000E+00  0.0000E+00  0.0000E+00  0.0000E+00
  3.1718E-01  1.0580E+00  1.0235E+02  2.0187E+01  0.0000E+00  0.0000E+00  0.0000E+00  0.0000E+00  0.0000E+00
  3.1748E-01  1.0590E+00  1.0236E+02  2.0445E+01  0.0000E+00  0.0000E+00  0.0000E+00  0.0000E+00  0.0000E+00
  3.1778E-01  1.0600E+00  1.0236E+02  2.0664E+01  0.0000E+00  0.0000E+00  0.0000E+00  0.0000E+00  0.0000E+00
  3.1808E-01  1.0610E+00  1.0237E+02  2.0845E+01  0.0000E+00  0.0000E+00  0.0000E+00  0.0000E+00  0.0000E+00
  3.1838E-01  1.0620E+00  1.0238E+02  2.0995E+01  0.0000E+00  0.0000E+00  0.0000E+00  0.0000E+00  0.0000E+00
  3.1868E-01  1.0630E+00  1.0238E+02  2.1098E+01  0.0000E+00  0.0000E+00  0.0000E+00  0.0000E+00  0.0000E+00
  3.1898E-01  1.0640E+00  1.0239E+02  2.1172E+01  0.0000E+00  0.0000E+00  0.0000E+00  0.0000E+00  0.0000E+00
  3.1927E-01  1.0650E+00  1.0240E+02  2.1206E+01  0.0000E+00  0.0000E+00  0.0000E+00  0.0000E+00  0.0000E+00
  3.1957E-01  1.0660E+00  1.0240E+02  2.1207E+01  0.0000E+00  0.0000E+00  0.0000E+00  0.0000E+00  0.0000E+00
  3.1987E-01  1.0670E+00  1.0241E+02  2.1172E+01  0.0000E+00  0.0000E+00  0.0000E+00  0.0000E+00  0.0000E+00
  3.2017E-01  1.0680E+00  1.0241E+02  2.1103E+01  0.0000E+00  0.0000E+00  0.0000E+00  0.0000E+00  0.0000E+00
  3.2047E-01  1.0690E+00  1.0242E+02  2.1005E+01  0.0000E+00  0.0000E+00  0.0000E+00  0.0000E+00  0.0000E+00
  3.2077E-01  1.0700E+00  1.0243E+02  2.0867E+01  0.0000E+00  0.0000E+00  0.0000E+00  0.0000E+00  0.0000E+00
  3.2107E-01  1.0710E+00  1.0243E+02  2.0705E+01  0.0000E+00  0.0000E+00  0.0000E+00  0.0000E+00  0.0000E+00
  3.2137E-01  1.0720E+00  1.0244E+02  2.0510E+01  0.0000E+00  0.0000E+00  0.0000E+00  0.0000E+00  0.0000E+00
  3.2167E-01  1.0730E+00  1.0245E+02  2.0289E+01  0.0000E+00  0.0000E+00  0.0000E+00  0.0000E+00  0.0000E+00
  3.2197E-01  1.0740E+00  1.0245E+02  2.0040E+01  0.0000E+00  0.0000E+00  0.0000E+00  0.0000E+00  0.0000E+00
  3.2227E-01  1.0750E+00  1.0246E+02  1.9759E+01  0.0000E+00  0.0000E+00  0.0000E+00  0.0000E+00  0.0000E+00
  3.2257E-01  1.0760E+00  1.0246E+02  1.9454E+01  0.0000E+00  0.0000E+00  0.0000E+00  0.0000E+00  0.0000E+00
  3.2287E-01  1.0770E+00  1.0247E+02  1.9121E+01  0.0000E+00  0.0000E+00  0.0000E+00  0.0000E+00  0.0000E+00
  3.2317E-01  1.0780E+00  1.0247E+02  1.8769E+01  0.0000E+00  0.0000E+00  0.0000E+00  0.0000E+00  0.0000E+00
  3.2347E-01  1.0790E+00  1.0248E+02  1.8392E+01  0.0000E+00  0.0000E+00  0.0000E+00  0.0000E+00  0.0000E+00
  3.2377E-01  1.0800E+00  1.0249E+02  1.7993E+01  0.0000E+00  0.0000E+00  0.0000E+00  0.0000E+00  0.0000E+00
  3.2407E-01  1.0810E+00  1.0249E+02  1.7572E+01  0.0000E+00  0.0000E+00  0.0000E+00  0.0000E+00  0.0000E+00
  3.2437E-01  1.0820E+00  1.0250E+02  1.7131E+01  0.0000E+00  0.0000E+00  0.0000E+00  0.0000E+00  0.0000E+00
  3.2467E-01  1.0830E+00  1.0250E+02  1.6675E+01  0.0000E+00  0.0000E+00  0.0000E+00  0.0000E+00  0.0000E+00
  3.2497E-01  1.0840E+00  1.0251E+02  1.6197E+01  0.0000E+00  0.0000E+00  0.0000E+00  0.0000E+00  0.0000E+00
  3.2527E-01  1.0850E+00  1.0251E+02  1.5705E+01  0.0000E+00  0.0000E+00  0.0000E+00  0.0000E+00  0.0000E+00
  3.2557E-01  1.0860E+00  1.0251E+02  1.5196E+01  0.0000E+00  0.0000E+00  0.0000E+00  0.0000E+00  0.0000E+00
  3.2587E-01  1.0870E+00  1.0252E+02  1.4674E+01  0.0000E+00  0.0000E+00  0.0000E+00  0.0000E+00  0.0000E+00
  3.2617E-01  1.0880E+00  1.0252E+02  1.4140E+01  0.0000E+00  0.0000E+00  0.0000E+00  0.0000E+00  0.0000E+00
  3.2647E-01  1.0890E+00  1.0253E+02  1.3593E+01  0.0000E+00  0.0000E+00  0.0000E+00  0.0000E+00  0.0000E+00
  3.2677E-01  1.0900E+00  1.0253E+02  1.3037E+01  0.0000E+00  0.0000E+00  0.0000E+00  0.0000E+00  0.0000E+00
  3.2707E-01  1.0910E+00  1.0254E+02  1.2470E+01  0.0000E+00  0.0000E+00  0.0000E+00  0.0000E+00  0.0000E+00
  3.2737E-01  1.0920E+00  1.0254E+02  1.1896E+01  0.0000E+00  0.0000E+00  0.0000E+00  0.0000E+00  0.0000E+00
  3.2767E-01  1.0930E+00  1.0254E+02  1.1312E+01  0.0000E+00  0.0000E+00  0.0000E+00  0.0000E+00  0.0000E+00
  3.2797E-01  1.0940E+00  1.0255E+02  1.0723E+01  0.0000E+00  0.0000E+00  0.0000E+00  0.0000E+00  0.0000E+00
  3.2827E-01  1.0950E+00  1.0255E+02  1.0129E+01  0.0000E+00  0.0000E+00  0.0000E+00  0.0000E+00  0.0000E+00
  3.2857E-01  1.0960E+00  1.0255E+02  9.5299E+00  0.0000E+00  0.0000E+00  0.0000E+00  0.0000E+00  0.0000E+00
  3.2887E-01  1.0970E+00  1.0255E+02  8.9278E+00  0.0000E+00  0.0000E+00  0.0000E+00  0.0000E+00  0.0000E+00
  3.2917E-01  1.0980E+00  1.0256E+02  8.3259E+00  0.0000E+00  0.0000E+00  0.0000E+00  0.0000E+00  0.0000E+00
  3.2947E-01  1.0990E+00  1.0256E+02  7.7246E+00  0.0000E+00  0.0000E+00  0.0000E+00  0.0000E+00  0.0000E+00
  3.2977E-01  1.1000E+00  1.0256E+02  7.1237E+00  0.0000E+00  0.0000E+00  0.0000E+00  0.0000E+00  0.0000E+00
  3.3007E-01  1.1010E+00  1.0256E+02  6.5233E+00  0.0000E+00  0.0000E+00  0.0000E+00  0.0000E+00  0.0000E+00
  3.3037E-01  1.1020E+00  1.0256E+02  5.9241E+00  0.0000E+00  0.0000E+00  0.0000E+00  0.0000E+00  0.0000E+00
  3.3067E-01  1.1030E+00  1.0257E+02  5.3315E+00  0.0000E+00  0.0000E+00  0.0000E+00  0.0000E+00  0.0000E+00
  3.3097E-01  1.1040E+00  1.0257E+02  4.7452E+00  0.0000E+00  0.0000E+00  0.0000E+00  0.0000E+00  0.0000E+00
  3.3127E-01  1.1050E+00  1.0257E+02  4.1630E+00  0.0000E+00  0.0000E+00  0.0000E+00  0.0000E+00  0.0000E+00
  3.3157E-01  1.1060E+00  1.0257E+02  3.5886E+00  0.0000E+00  0.0000E+00  0.0000E+00  0.0000E+00  0.0000E+00
  3.3187E-01  1.1070E+00  1.0257E+02  3.0281E+00  0.0000E+00  0.0000E+00  0.0000E+00  0.0000E+00  0.0000E+00
  3.3217E-01  1.1080E+00  1.0257E+02  2.4761E+00  0.0000E+00  0.0000E+00  0.0000E+00  0.0000E+00  0.0000E+00
  3.3247E-01  1.1090E+00  1.0257E+02  1.9335E+00  0.0000E+00  0.0000E+00  0.0000E+00  0.0000E+00  0.0000E+00
  3.3277E-01  1.1100E+00  1.0257E+02  1.4084E+00  0.0000E+00  0.0000E+00  0.0000E+00  0.0000E+00  0.0000E+00
  3.3307E-01  1.1110E+00  1.0257E+02  8.9848E-01  0.0000E+00  0.0000E+00  0.0000E+00  0.0000E+00  0.0000E+00
  3.3336E-01  1.1120E+00  1.0257E+02  4.0201E-01  0.0000E+00  0.0000E+00  0.0000E+00  0.0000E+00  0.0000E+00
  3.3366E-01  1.1130E+00  1.0257E+02 -7.8474E-02  0.0000E+00  0.0000E+00  0.0000E+00  0.0000E+00  0.0000E+00
  3.3396E-01  1.1140E+00  1.0257E+02 -5.3280E-01  0.0000E+00  0.0000E+00  0.0000E+00  0.0000E+00  0.0000E+00
  3.3426E-01  1.1150E+00  1.0257E+02 -9.6991E-01  0.0000E+00  0.0000E+00  0.0000E+00  0.0000E+00  0.0000E+00
  3.3456E-01  1.1160E+00  1.0257E+02 -1.3885E+00  0.0000E+00  0.0000E+00  0.0000E+00  0.0000E+00  0.0000E+00
  3.3486E-01  1.1170E+00  1.0257E+02 -1.7780E+00  0.0000E+00  0.0000E+00  0.0000E+00  0.0000E+00  0.0000E+00
  3.3516E-01  1.1180E+00  1.0257E+02 -2.1422E+00  0.0000E+00  0.0000E+00  0.0000E+00  0.0000E+00  0.0000E+00
  3.3546E-01  1.1190E+00  1.0257E+02 -2.4750E+00  0.0000E+00  0.0000E+00  0.0000E+00  0.0000E+00  0.0000E+00
  3.3576E-01  1.1200E+00  1.0257E+02 -2.7857E+00  0.0000E+00  0.0000E+00  0.0000E+00  0.0000E+00  0.0000E+00
  3.3606E-01  1.1210E+00  1.0257E+02 -3.0705E+00  0.0000E+00  0.0000E+00  0.0000E+00  0.0000E+00  0.0000E+00
  3.3636E-01  1.1220E+00  1.0257E+02 -3.3223E+00  0.0000E+00  0.0000E+00  0.0000E+00  0.0000E+00  0.0000E+00
  3.3666E-01  1.1230E+00  1.0257E+02 -3.5366E+00  0.0000E+00  0.0000E+00  0.0000E+00  0.0000E+00  0.0000E+00
  3.3696E-01  1.1240E+00  1.0257E+02 -3.7220E+00  0.0000E+00  0.0000E+00  0.0000E+00  0.0000E+00  0.0000E+00
  3.3726E-01  1.1250E+00  1.0256E+02 -3.8801E+00  0.0000E+00  0.0000E+00  0.0000E+00  0.0000E+00  0.0000E+00
  3.3756E-01  1.1260E+00  1.0256E+02 -3.9868E+00  0.0000E+00  0.0000E+00  0.0000E+00  0.0000E+00  0.0000E+00
  3.3786E-01  1.1270E+00  1.0256E+02 -4.0631E+00  0.0000E+00  0.0000E+00  0.0000E+00  0.0000E+00  0.0000E+00
  3.3816E-01  1.1280E+00  1.0256E+02 -4.1052E+00  0.0000E+00  0.0000E+00  0.0000E+00  0.0000E+00  0.0000E+00
  3.3846E-01  1.1290E+00  1.0256E+02 -4.1063E+00  0.0000E+00  0.0000E+00  0.0000E+00  0.0000E+00  0.0000E+00
  3.3876E-01  1.1300E+00  1.0256E+02 -4.0607E+00  0.0000E+00  0.0000E+00  0.0000E+00  0.0000E+00  0.0000E+00
  3.3906E-01  1.1310E+00  1.0256E+02 -3.9802E+00  0.0000E+00  0.0000E+00  0.0000E+00  0.0000E+00  0.0000E+00
  3.3936E-01  1.1320E+00  1.0256E+02 -3.8676E+00  0.0000E+00  0.0000E+00  0.0000E+00  0.0000E+00  0.0000E+00
  3.3966E-01  1.1330E+00  1.0255E+02 -3.6951E+00  0.0000E+00  0.0000E+00  0.0000E+00  0.0000E+00  0.0000E+00
  3.3996E-01  1.1340E+00  1.0255E+02 -3.4888E+00  0.0000E+00  0.0000E+00  0.0000E+00  0.0000E+00  0.0000E+00
  3.4026E-01  1.1350E+00  1.0255E+02 -3.2460E+00  0.0000E+00  0.0000E+00  0.0000E+00  0.0000E+00  0.0000E+00
  3.4056E-01  1.1360E+00  1.0255E+02 -2.9590E+00  0.0000E+00  0.0000E+00  0.0000E+00  0.0000E+00  0.0000E+00
  3.4086E-01  1.1370E+00  1.0255E+02 -2.6222E+00  0.0000E+00  0.0000E+00  0.0000E+00  0.0000E+00  0.0000E+00
  3.4116E-01  1.1380E+00  1.0255E+02 -2.2522E+00  0.0000E+00  0.0000E+00  0.0000E+00  0.0000E+00  0.0000E+00
  3.4146E-01  1.1390E+00  1.0255E+02 -1.8515E+00  0.0000E+00  0.0000E+00  0.0000E+00  0.0000E+00  0.0000E+00
  3.4176E-01  1.1400E+00  1.0255E+02 -1.3932E+00  0.0000E+00  0.0000E+00  0.0000E+00  0.0000E+00  0.0000E+00
  3.4206E-01  1.1410E+00  1.0255E+02 -9.0446E-01  0.0000E+00  0.0000E+00  0.0000E+00  0.0000E+00  0.0000E+00
  3.4236E-01  1.1420E+00  1.0255E+02 -3.8631E-01  0.0000E+00  0.0000E+00  0.0000E+00  0.0000E+00  0.0000E+00
  3.4266E-01  1.1430E+00  1.0255E+02  1.6935E-01  0.0000E+00  0.0000E+00  0.0000E+00  0.0000E+00  0.0000E+00
  3.4296E-01  1.1440E+00  1.0255E+02  7.6737E-01  0.0000E+00  0.0000E+00  0.0000E+00  0.0000E+00  0.0000E+00
  3.4326E-01  1.1450E+00  1.0255E+02  1.3969E+00  0.0000E+00  0.0000E+00  0.0000E+00  0.0000E+00  0.0000E+00
  3.4356E-01  1.1460E+00  1.0255E+02  2.0505E+00  0.0000E+00  0.0000E+00  0.0000E+00  0.0000E+00  0.0000E+00
  3.4386E-01  1.1470E+00  1.0255E+02  2.7213E+00  0.0000E+00  0.0000E+00  0.0000E+00  0.0000E+00  0.0000E+00
  3.4416E-01  1.1480E+00  1.0255E+02  3.4132E+00  0.0000E+00  0.0000E+00  0.0000E+00  0.0000E+00  0.0000E+00
  3.4446E-01  1.1490E+00  1.0255E+02  4.1386E+00  0.0000E+00  0.0000E+00  0.0000E+00  0.0000E+00  0.0000E+00
  3.4476E-01  1.1500E+00  1.0255E+02  4.8719E+00  0.0000E+00  0.0000E+00  0.0000E+00  0.0000E+00  0.0000E+00
  3.4506E-01  1.1510E+00  1.0256E+02  5.6100E+00  0.0000E+00  0.0000E+00  0.0000E+00  0.0000E+00  0.0000E+00
  3.4536E-01  1.1520E+00  1.0256E+02  6.3702E+00  0.0000E+00  0.0000E+00  0.0000E+00  0.0000E+00  0.0000E+00
  3.4566E-01  1.1530E+00  1.0256E+02  7.1446E+00  0.0000E+00  0.0000E+00  0.0000E+00  0.0000E+00  0.0000E+00
  3.4596E-01  1.1540E+00  1.0256E+02  7.9107E+00  0.0000E+00  0.0000E+00  0.0000E+00  0.0000E+00  0.0000E+00
  3.4626E-01  1.1550E+00  1.0257E+02  8.6812E+00  0.0000E+00  0.0000E+00  0.0000E+00  0.0000E+00  0.0000E+00
  3.4656E-01  1.1560E+00  1.0257E+02  9.4586E+00  0.0000E+00  0.0000E+00  0.0000E+00  0.0000E+00  0.0000E+00
  3.4686E-01  1.1570E+00  1.0257E+02  1.0226E+01  0.0000E+00  0.0000E+00  0.0000E+00  0.0000E+00  0.0000E+00
  3.4716E-01  1.1580E+00  1.0257E+02  1.0979E+01  0.0000E+00  0.0000E+00  0.0000E+00  0.0000E+00  0.0000E+00
  3.4746E-01  1.1590E+00  1.0258E+02  1.1728E+01  0.0000E+00  0.0000E+00  0.0000E+00  0.0000E+00  0.0000E+00
  3.4775E-01  1.1600E+00  1.0258E+02  1.2469E+01  0.0000E+00  0.0000E+00  0.0000E+00  0.0000E+00  0.0000E+00
  3.4805E-01  1.1610E+00  1.0259E+02  1.3178E+01  0.0000E+00  0.0000E+00  0.0000E+00  0.0000E+00  0.0000E+00
  3.4835E-01  1.1620E+00  1.0259E+02  1.3875E+01  0.0000E+00  0.0000E+00  0.0000E+00  0.0000E+00  0.0000E+00
  3.4865E-01  1.1630E+00  1.0259E+02  1.4553E+01  0.0000E+00  0.0000E+00  0.0000E+00  0.0000E+00  0.0000E+00
  3.4895E-01  1.1640E+00  1.0260E+02  1.5209E+01  0.0000E+00  0.0000E+00  0.0000E+00  0.0000E+00  0.0000E+00
  3.4925E-01  1.1650E+00  1.0260E+02  1.5838E+01  0.0000E+00  0.0000E+00  0.0000E+00  0.0000E+00  0.0000E+00
  3.4955E-01  1.1660E+00  1.0261E+02  1.6429E+01  0.0000E+00  0.0000E+00  0.0000E+00  0.0000E+00  0.0000E+00
  3.4985E-01  1.1670E+00  1.0261E+02  1.6995E+01  0.0000E+00  0.0000E+00  0.0000E+00  0.0000E+00  0.0000E+00
  3.5015E-01  1.1680E+00  1.0262E+02  1.7527E+01  0.0000E+00  0.0000E+00  0.0000E+00  0.0000E+00  0.0000E+00
  3.5045E-01  1.1690E+00  1.0262E+02  1.8033E+01  0.0000E+00  0.0000E+00  0.0000E+00  0.0000E+00  0.0000E+00
  3.5075E-01  1.1700E+00  1.0263E+02  1.8492E+01  0.0000E+00  0.0000E+00  0.0000E+00  0.0000E+00  0.0000E+00
  3.5105E-01  1.1710E+00  1.0264E+02  1.8923E+01  0.0000E+00  0.0000E+00  0.0000E+00  0.0000E+00  0.0000E+00
  3.5135E-01  1.1720E+00  1.0264E+02  1.9321E+01  0.0000E+00  0.0000E+00  0.0000E+00  0.0000E+00  0.0000E+00
  3.5165E-01  1.1730E+00  1.0265E+02  1.9676E+01  0.0000E+00  0.0000E+00  0.0000E+00  0.0000E+00  0.0000E+00
  3.5195E-01  1.1740E+00  1.0265E+02  1.9998E+01  0.0000E+00  0.0000E+00  0.0000E+00  0.0000E+00  0.0000E+00
  3.5225E-01  1.1750E+00  1.0266E+02  2.0278E+01  0.0000E+00  0.0000E+00  0.0000E+00  0.0000E+00  0.0000E+00
  3.5255E-01  1.1760E+00  1.0267E+02  2.0528E+01  0.0000E+00  0.0000E+00  0.0000E+00  0.0000E+00  0.0000E+00
  3.5285E-01  1.1770E+00  1.0267E+02  2.0731E+01  0.0000E+00  0.0000E+00  0.0000E+00  0.0000E+00  0.0000E+00
  3.5315E-01  1.1780E+00  1.0268E+02  2.0902E+01  0.0000E+00  0.0000E+00  0.0000E+00  0.0000E+00  0.0000E+00
  3.5345E-01  1.1790E+00  1.0268E+02  2.1037E+01  0.0000E+00  0.0000E+00  0.0000E+00  0.0000E+00  0.0000E+00
  3.5375E-01  1.1800E+00  1.0269E+02  2.1131E+01  0.0000E+00  0.0000E+00  0.0000E+00  0.0000E+00  0.0000E+00
  3.5405E-01  1.1810E+00  1.0270E+02  2.1193E+01  0.0000E+00  0.0000E+00  0.0000E+00  0.0000E+00  0.0000E+00
  3.5435E-01  1.1820E+00  1.0270E+02  2.1214E+01  0.0000E+00  0.0000E+00  0.0000E+00  0.0000E+00  0.0000E+00
  3.5465E-01  1.1830E+00  1.0271E+02  2.1207E+01  0.0000E+00  0.0000E+00  0.0000E+00  0.0000E+00  0.0000E+00
  3.5495E-01  1.1840E+00  1.0272E+02  2.1158E+01  0.0000E+00  0.0000E+00  0.0000E+00  0.0000E+00  0.0000E+00
  3.5525E-01  1.1850E+00  1.0272E+02  2.1081E+01  0.0000E+00  0.0000E+00  0.0000E+00  0.0000E+00  0.0000E+00
  3.5555E-01  1.1860E+00  1.0273E+02  2.0969E+01  0.0000E+00  0.0000E+00  0.0000E+00  0.0000E+00  0.0000E+00
  3.5585E-01  1.1870E+00  1.0273E+02  2.0824E+01  0.0000E+00  0.0000E+00  0.0000E+00  0.0000E+00  0.0000E+00
  3.5615E-01  1.1880E+00  1.0274E+02  2.0652E+01  0.0000E+00  0.0000E+00  0.0000E+00  0.0000E+00  0.0000E+00
  3.5645E-01  1.1890E+00  1.0275E+02  2.0445E+01  0.0000E+00  0.0000E+00  0.0000E+00  0.0000E+00  0.0000E+00
  3.5675E-01  1.1900E+00  1.0275E+02  2.0214E+01  0.0000E+00  0.0000E+00  0.0000E+00  0.0000E+00  0.0000E+00
  3.5705E-01  1.1910E+00  1.0276E+02  1.9952E+01  0.0000E+00  0.0000E+00  0.0000E+00  0.0000E+00  0.0000E+00
  3.5735E-01  1.1920E+00  1.0277E+02  1.9664E+01  0.0000E+00  0.0000E+00  0.0000E+00  0.0000E+00  0.0000E+00
  3.5765E-01  1.1930E+00  1.0277E+02  1.9350E+01  0.0000E+00  0.0000E+00  0.0000E+00  0.0000E+00  0.0000E+00
  3.5795E-01  1.1940E+00  1.0278E+02  1.9010E+01  0.0000E+00  0.0000E+00  0.0000E+00  0.0000E+00  0.0000E+00
  3.5825E-01  1.1950E+00  1.0278E+02  1.8650E+01  0.0000E+00  0.0000E+00  0.0000E+00  0.0000E+00  0.0000E+00
  3.5855E-01  1.1960E+00  1.0279E+02  1.8263E+01  0.0000E+00  0.0000E+00  0.0000E+00  0.0000E+00  0.0000E+00
  3.5885E-01  1.1970E+00  1.0279E+02  1.7857E+01  0.0000E+00  0.0000E+00  0.0000E+00  0.0000E+00  0.0000E+00
  3.5915E-01  1.1980E+00  1.0280E+02  1.7429E+01  0.0000E+00  0.0000E+00  0.0000E+00  0.0000E+00  0.0000E+00
  3.5945E-01  1.1990E+00  1.0280E+02  1.6983E+01  0.0000E+00  0.0000E+00  0.0000E+00  0.0000E+00  0.0000E+00
  3.5975E-01  1.2000E+00  1.0281E+02  1.6519E+01  0.0000E+00  0.0000E+00  0.0000E+00  0.0000E+00  0.0000E+00
  3.6005E-01  1.2010E+00  1.0281E+02  1.6037E+01  0.0000E+00  0.0000E+00  0.0000E+00  0.0000E+00  0.0000E+00
  3.6035E-01  1.2020E+00  1.0282E+02  1.5541E+01  0.0000E+00  0.0000E+00  0.0000E+00  0.0000E+00  0.0000E+00
  3.6065E-01  1.2030E+00  1.0282E+02  1.5028E+01  0.0000E+00  0.0000E+00  0.0000E+00  0.0000E+00  0.0000E+00
  3.6095E-01  1.2040E+00  1.0283E+02  1.4503E+01  0.0000E+00  0.0000E+00  0.0000E+00  0.0000E+00  0.0000E+00
  3.6125E-01  1.2050E+00  1.0283E+02  1.3964E+01  0.0000E+00  0.0000E+00  0.0000E+00  0.0000E+00  0.0000E+00
  3.6155E-01  1.2060E+00  1.0283E+02  1.3415E+01  0.0000E+00  0.0000E+00  0.0000E+00  0.0000E+00  0.0000E+00
  3.6184E-01  1.2070E+00  1.0284E+02  1.2854E+01  0.0000E+00  0.0000E+00  0.0000E+00  0.0000E+00  0.0000E+00
  3.6214E-01  1.2080E+00  1.0284E+02  1.2284E+01  0.0000E+00  0.0000E+00  0.0000E+00  0.0000E+00  0.0000E+00
  3.6244E-01  1.2090E+00  1.0285E+02  1.1707E+01  0.0000E+00  0.0000E+00  0.0000E+00  0.0000E+00  0.0000E+00
  3.6274E-01  1.2100E+00  1.0285E+02  1.1122E+01  0.0000E+00  0.0000E+00  0.0000E+00  0.0000E+00  0.0000E+00
  3.6304E-01  1.2110E+00  1.0285E+02  1.0533E+01  0.0000E+00  0.0000E+00  0.0000E+00  0.0000E+00  0.0000E+00
  3.6334E-01  1.2120E+00  1.0286E+02  9.9368E+00  0.0000E+00  0.0000E+00  0.0000E+00  0.0000E+00  0.0000E+00
  3.6364E-01  1.2130E+00  1.0286E+02  9.3378E+00  0.0000E+00  0.0000E+00  0.0000E+00  0.0000E+00  0.0000E+00
  3.6394E-01  1.2140E+00  1.0286E+02  8.7360E+00  0.0000E+00  0.0000E+00  0.0000E+00  0.0000E+00  0.0000E+00
  3.6424E-01  1.2150E+00  1.0286E+02  8.1328E+00  0.0000E+00  0.0000E+00  0.0000E+00  0.0000E+00  0.0000E+00
  3.6454E-01  1.2160E+00  1.0287E+02  7.5296E+00  0.0000E+00  0.0000E+00  0.0000E+00  0.0000E+00  0.0000E+00
  3.6484E-01  1.2170E+00  1.0287E+02  6.9275E+00  0.0000E+00  0.0000E+00  0.0000E+00  0.0000E+00  0.0000E+00
  3.6514E-01  1.2180E+00  1.0287E+02  6.3278E+00  0.0000E+00  0.0000E+00  0.0000E+00  0.0000E+00  0.0000E+00
  3.6544E-01  1.2190E+00  1.0287E+02  5.7316E+00  0.0000E+00  0.0000E+00  0.0000E+00  0.0000E+00  0.0000E+00
  3.6574E-01  1.2200E+00  1.0287E+02  5.1402E+00  0.0000E+00  0.0000E+00  0.0000E+00  0.0000E+00  0.0000E+00
  3.6604E-01  1.2210E+00  1.0287E+02  4.5548E+00  0.0000E+00  0.0000E+00  0.0000E+00  0.0000E+00  0.0000E+00
  3.6634E-01  1.2220E+00  1.0288E+02  3.9769E+00  0.0000E+00  0.0000E+00  0.0000E+00  0.0000E+00  0.0000E+00
  3.6664E-01  1.2230E+00  1.0288E+02  3.4068E+00  0.0000E+00  0.0000E+00  0.0000E+00  0.0000E+00  0.0000E+00
  3.6694E-01  1.2240E+00  1.0288E+02  2.8481E+00  0.0000E+00  0.0000E+00  0.0000E+00  0.0000E+00  0.0000E+00
  3.6724E-01  1.2250E+00  1.0288E+02  2.2995E+00  0.0000E+00  0.0000E+00  0.0000E+00  0.0000E+00  0.0000E+00
  3.6754E-01  1.2260E+00  1.0288E+02  1.7643E+00  0.0000E+00  0.0000E+00  0.0000E+00  0.0000E+00  0.0000E+00
  3.6784E-01  1.2270E+00  1.0288E+02  1.2423E+00  0.0000E+00  0.0000E+00  0.0000E+00  0.0000E+00  0.0000E+00
  3.6814E-01  1.2280E+00  1.0288E+02  7.3551E-01  0.0000E+00  0.0000E+00  0.0000E+00  0.0000E+00  0.0000E+00
  3.6844E-01  1.2290E+00  1.0288E+02  2.4723E-01  0.0000E+00  0.0000E+00  0.0000E+00  0.0000E+00  0.0000E+00
  3.6874E-01  1.2300E+00  1.0288E+02 -2.2425E-01  0.0000E+00  0.0000E+00  0.0000E+00  0.0000E+00  0.0000E+00
  3.6904E-01  1.2310E+00  1.0288E+02 -6.7345E-01  0.0000E+00  0.0000E+00  0.0000E+00  0.0000E+00  0.0000E+00
  3.6934E-01  1.2320E+00  1.0288E+02 -1.1046E+00  0.0000E+00  0.0000E+00  0.0000E+00  0.0000E+00  0.0000E+00
  3.6964E-01  1.2330E+00  1.0288E+02 -1.5116E+00  0.0000E+00  0.0000E+00  0.0000E+00  0.0000E+00  0.0000E+00
  3.6994E-01  1.2340E+00  1.0288E+02 -1.8953E+00  0.0000E+00  0.0000E+00  0.0000E+00  0.0000E+00  0.0000E+00
  3.7024E-01  1.2350E+00  1.0288E+02 -2.2528E+00  0.0000E+00  0.0000E+00  0.0000E+00  0.0000E+00  0.0000E+00
  3.7054E-01  1.2360E+00  1.0288E+02 -2.5821E+00  0.0000E+00  0.0000E+00  0.0000E+00  0.0000E+00  0.0000E+00
  3.7084E-01  1.2370E+00  1.0287E+02 -2.8864E+00  0.0000E+00  0.0000E+00  0.0000E+00  0.0000E+00  0.0000E+00
  3.7114E-01  1.2380E+00  1.0287E+02 -3.1557E+00  0.0000E+00  0.0000E+00  0.0000E+00  0.0000E+00  0.0000E+00
  3.7144E-01  1.2390E+00  1.0287E+02 -3.3984E+00  0.0000E+00  0.0000E+00  0.0000E+00  0.0000E+00  0.0000E+00
  3.7174E-01  1.2400E+00  1.0287E+02 -3.6047E+00  0.0000E+00  0.0000E+00  0.0000E+00  0.0000E+00  0.0000E+00
  3.7204E-01  1.2410E+00  1.0287E+02 -3.7787E+00  0.0000E+00  0.0000E+00  0.0000E+00  0.0000E+00  0.0000E+00
  3.7234E-01  1.2420E+00  1.0287E+02 -3.9171E+00  0.0000E+00  0.0000E+00  0.0000E+00  0.0000E+00  0.0000E+00
  3.7264E-01  1.2430E+00  1.0287E+02 -4.0177E+00  0.0000E+00  0.0000E+00  0.0000E+00  0.0000E+00  0.0000E+00
  3.7294E-01  1.2440E+00  1.0287E+02 -4.0860E+00  0.0000E+00  0.0000E+00  0.0000E+00  0.0000E+00  0.0000E+00
  3.7324E-01  1.2450E+00  1.0287E+02 -4.1084E+00  0.0000E+00  0.0000E+00  0.0000E+00  0.0000E+00  0.0000E+00
  3.7354E-01  1.2460E+00  1.0286E+02 -4.0975E+00  0.0000E+00  0.0000E+00  0.0000E+00  0.0000E+00  0.0000E+00
  3.7384E-01  1.2470E+00  1.0286E+02 -4.0404E+00  0.0000E+00  0.0000E+00  0.0000E+00  0.0000E+00  0.0000E+00
  3.7414E-01  1.2480E+00  1.0286E+02 -3.9460E+00  0.0000E+00  0.0000E+00  0.0000E+00  0.0000E+00  0.0000E+00
  3.7444E-01  1.2490E+00  1.0286E+02 -3.8112E+00  0.0000E+00  0.0000E+00  0.0000E+00  0.0000E+00  0.0000E+00
  3.7474E-01  1.2500E+00  1.0286E+02 -3.6313E+00  0.0000E+00  0.0000E+00  0.0000E+00  0.0000E+00  0.0000E+00
  3.7504E-01  1.2510E+00  1.0286E+02 -3.4144E+00  0.0000E+00  0.0000E+00  0.0000E+00  0.0000E+00  0.0000E+00
  3.7534E-01  1.2520E+00  1.0286E+02 -3.1494E+00  0.0000E+00  0.0000E+00  0.0000E+00  0.0000E+00  0.0000E+00
  3.7564E-01  1.2530E+00  1.0286E+02 -2.8506E+00  0.0000E+00  0.0000E+00  0.0000E+00  0.0000E+00  0.0000E+00
  3.7593E-01  1.2540E+00  1.0286E+02 -2.5062E+00  0.0000E+00  0.0000E+00  0.0000E+00  0.0000E+00  0.0000E+00
  3.7623E-01  1.2550E+00  1.0286E+02 -2.1228E+00  0.0000E+00  0.0000E+00  0.0000E+00  0.0000E+00  0.0000E+00
  3.7653E-01  1.2560E+00  1.0286E+02 -1.6977E+00  0.0000E+00  0.0000E+00  0.0000E+00  0.0000E+00  0.0000E+00
  3.7683E-01  1.2570E+00  1.0286E+02 -1.2338E+00  0.0000E+00  0.0000E+00  0.0000E+00  0.0000E+00  0.0000E+00
  3.7713E-01  1.2580E+00  1.0285E+02 -7.3793E-01  0.0000E+00  0.0000E+00  0.0000E+00  0.0000E+00  0.0000E+00
  3.7743E-01  1.2590E+00  1.0285E+02 -1.9852E-01  0.0000E+00  0.0000E+00  0.0000E+00  0.0000E+00  0.0000E+00
  3.7773E-01  1.2600E+00  1.0285E+02  3.6905E-01  0.0000E+00  0.0000E+00  0.0000E+00  0.0000E+00  0.0000E+00
  3.7803E-01  1.2610E+00  1.0286E+02  9.7099E-01  0.0000E+00  0.0000E+00  0.0000E+00  0.0000E+00  0.0000E+00
  3.7833E-01  1.2620E+00  1.0286E+02  1.6002E+00  0.0000E+00  0.0000E+00  0.0000E+00  0.0000E+00  0.0000E+00
  3.7863E-01  1.2630E+00  1.0286E+02  2.2575E+00  0.0000E+00  0.0000E+00  0.0000E+00  0.0000E+00  0.0000E+00
  3.7893E-01  1.2640E+00  1.0286E+02  2.9415E+00  0.0000E+00  0.0000E+00  0.0000E+00  0.0000E+00  0.0000E+00
  3.7923E-01  1.2650E+00  1.0286E+02  3.6466E+00  0.0000E+00  0.0000E+00  0.0000E+00  0.0000E+00  0.0000E+00
  3.7953E-01  1.2660E+00  1.0286E+02  4.3717E+00  0.0000E+00  0.0000E+00  0.0000E+00  0.0000E+00  0.0000E+00
  3.7983E-01  1.2670E+00  1.0286E+02  5.1098E+00  0.0000E+00  0.0000E+00  0.0000E+00  0.0000E+00  0.0000E+00
  3.8013E-01  1.2680E+00  1.0286E+02  5.8590E+00  0.0000E+00  0.0000E+00  0.0000E+00  0.0000E+00  0.0000E+00
  3.8043E-01  1.2690E+00  1.0286E+02  6.6197E+00  0.0000E+00  0.0000E+00  0.0000E+00  0.0000E+00  0.0000E+00
  3.8073E-01  1.2700E+00  1.0287E+02  7.3909E+00  0.0000E+00  0.0000E+00  0.0000E+00  0.0000E+00  0.0000E+00
  3.8103E-01  1.2710E+00  1.0287E+02  8.1641E+00  0.0000E+00  0.0000E+00  0.0000E+00  0.0000E+00  0.0000E+00
  3.8133E-01  1.2720E+00  1.0287E+02  8.9392E+00  0.0000E+00  0.0000E+00  0.0000E+00  0.0000E+00  0.0000E+00
  3.8163E-01  1.2730E+00  1.0288E+02  9.7081E+00  0.0000E+00  0.0000E+00  0.0000E+00  0.0000E+00  0.0000E+00
  3.8193E-01  1.2740E+00  1.0288E+02  1.0474E+01  0.0000E+00  0.0000E+00  0.0000E+00  0.0000E+00  0.0000E+00
  3.8223E-01  1.2750E+00  1.0288E+02  1.1230E+01  0.0000E+00  0.0000E+00  0.0000E+00  0.0000E+00  0.0000E+00
  3.8253E-01  1.2760E+00  1.0289E+02  1.1975E+01  0.0000E+00  0.0000E+00  0.0000E+00  0.0000E+00  0.0000E+00
  3.8283E-01  1.2770E+00  1.0289E+02  1.2703E+01  0.0000E+00  0.0000E+00  0.0000E+00  0.0000E+00  0.0000E+00
  3.8313E-01  1.2780E+00  1.0289E+02  1.3413E+01  0.0000E+00  0.0000E+00  0.0000E+00  0.0000E+00  0.0000E+00
  3.8343E-01  1.2790E+00  1.0290E+02  1.4108E+01  0.0000E+00  0.0000E+00  0.0000E+00  0.0000E+00  0.0000E+00
  3.8373E-01  1.2800E+00  1.0290E+02  1.4772E+01  0.0000E+00  0.0000E+00  0.0000E+00  0.0000E+00  0.0000E+00
  3.8403E-01  1.2810E+00  1.0291E+02  1.5417E+01  0.0000E+00  0.0000E+00  0.0000E+00  0.0000E+00  0.0000E+00
  3.8433E-01  1.2820E+00  1.0291E+02  1.6030E+01  0.0000E+00  0.0000E+00  0.0000E+00  0.0000E+00  0.0000E+00
  3.8463E-01  1.2830E+00  1.0292E+02  1.6617E+01  0.0000E+00  0.0000E+00  0.0000E+00  0.0000E+00  0.0000E+00
  3.8493E-01  1.2840E+00  1.0292E+02  1.7174E+01  0.0000E+00  0.0000E+00  0.0000E+00  0.0000E+00  0.0000E+00
  3.8523E-01  1.2850E+00  1.0293E+02  1.7695E+01  0.0000E+00  0.0000E+00  0.0000E+00  0.0000E+00  0.0000E+00
  3.8553E-01  1.2860E+00  1.0293E+02  1.8188E+01  0.0000E+00  0.0000E+00  0.0000E+00  0.0000E+00  0.0000E+00
  3.8583E-01  1.2870E+00  1.0294E+02  1.8637E+01  0.0000E+00  0.0000E+00  0.0000E+00  0.0000E+00  0.0000E+00
  3.8613E-01  1.2880E+00  1.0294E+02  1.9060E+01  0.0000E+00  0.0000E+00  0.0000E+00  0.0000E+00  0.0000E+00
  3.8643E-01  1.2890E+00  1.0295E+02  1.9440E+01  0.0000E+00  0.0000E+00  0.0000E+00  0.0000E+00  0.0000E+00
  3.8673E-01  1.2900E+00  1.0296E+02  1.9787E+01  0.0000E+00  0.0000E+00  0.0000E+00  0.0000E+00  0.0000E+00
  3.8703E-01  1.2910E+00  1.0296E+02  2.0096E+01  0.0000E+00  0.0000E+00  0.0000E+00  0.0000E+00  0.0000E+00
  3.8733E-01  1.2920E+00  1.0297E+02  2.0364E+01  0.0000E+00  0.0000E+00  0.0000E+00  0.0000E+00  0.0000E+00
  3.8763E-01  1.2930E+00  1.0297E+02  2.0601E+01  0.0000E+00  0.0000E+00  0.0000E+00  0.0000E+00  0.0000E+00
  3.8793E-01  1.2940E+00  1.0298E+02  2.0792E+01  0.0000E+00  0.0000E+00  0.0000E+00  0.0000E+00  0.0000E+00
  3.8823E-01  1.2950E+00  1.0299E+02  2.0954E+01  0.0000E+00  0.0000E+00  0.0000E+00  0.0000E+00  0.0000E+00
  3.8853E-01  1.2960E+00  1.0299E+02  2.1071E+01  0.0000E+00  0.0000E+00  0.0000E+00  0.0000E+00  0.0000E+00
  3.8883E-01  1.2970E+00  1.0300E+02  2.1157E+01  0.0000E+00  0.0000E+00  0.0000E+00  0.0000E+00  0.0000E+00
  3.8913E-01  1.2980E+00  1.0300E+02  2.1206E+01  0.0000E+00  0.0000E+00  0.0000E+00  0.0000E+00  0.0000E+00
  3.8943E-01  1.2990E+00  1.0301E+02  2.1217E+01  0.0000E+00  0.0000E+00  0.0000E+00  0.0000E+00  0.0000E+00
  3.8973E-01  1.3000E+00  1.0302E+02  2.1197E+01  0.0000E+00  0.0000E+00  0.0000E+00  0.0000E+00  0.0000E+00
  3.9003E-01  1.3010E+00  1.0302E+02  2.1138E+01  0.0000E+00  0.0000E+00  0.0000E+00  0.0000E+00  0.0000E+00
  3.9032E-01  1.3020E+00  1.0303E+02  2.1051E+01  0.0000E+00  0.0000E+00  0.0000E+00  0.0000E+00  0.0000E+00
  3.9062E-01  1.3030E+00  1.0304E+02  2.0926E+01  0.0000E+00  0.0000E+00  0.0000E+00  0.0000E+00  0.0000E+00
  3.9092E-01  1.3040E+00  1.0304E+02  2.0773E+01  0.0000E+00  0.0000E+00  0.0000E+00  0.0000E+00  0.0000E+00
  3.9122E-01  1.3050E+00  1.0305E+02  2.0590E+01  0.0000E+00  0.0000E+00  0.0000E+00  0.0000E+00  0.0000E+00
  3.9152E-01  1.3060E+00  1.0306E+02  2.0374E+01  0.0000E+00  0.0000E+00  0.0000E+00  0.0000E+00  0.0000E+00
  3.9182E-01  1.3070E+00  1.0306E+02  2.0133E+01  0.0000E+00  0.0000E+00  0.0000E+00  0.0000E+00  0.0000E+00
  3.9212E-01  1.3080E+00  1.0307E+02  1.9860E+01  0.0000E+00  0.0000E+00  0.0000E+00  0.0000E+00  0.0000E+00
  3.9242E-01  1.3090E+00  1.0307E+02  1.9566E+01  0.0000E+00  0.0000E+00  0.0000E+00  0.0000E+00  0.0000E+00
  3.9272E-01  1.3100E+00  1.0308E+02  1.9242E+01  0.0000E+00  0.0000E+00  0.0000E+00  0.0000E+00  0.0000E+00
  3.9302E-01  1.3110E+00  1.0308E+02  1.8895E+01  0.0000E+00  0.0000E+00  0.0000E+00  0.0000E+00  0.0000E+00
  3.9332E-01  1.3120E+00  1.0309E+02  1.8526E+01  0.0000E+00  0.0000E+00  0.0000E+00  0.0000E+00  0.0000E+00
  3.9362E-01  1.3130E+00  1.0310E+02  1.8133E+01  0.0000E+00  0.0000E+00  0.0000E+00  0.0000E+00  0.0000E+00
  3.9392E-01  1.3140E+00  1.0310E+02  1.7721E+01  0.0000E+00  0.0000E+00  0.0000E+00  0.0000E+00  0.0000E+00
  3.9422E-01  1.3150E+00  1.0311E+02  1.7285E+01  0.0000E+00  0.0000E+00  0.0000E+00  0.0000E+00  0.0000E+00
  3.9452E-01  1.3160E+00  1.0311E+02  1.6834E+01  0.0000E+00  0.0000E+00  0.0000E+00  0.0000E+00  0.0000E+00
  3.9482E-01  1.3170E+00  1.0312E+02  1.6364E+01  0.0000E+00  0.0000E+00  0.0000E+00  0.0000E+00  0.0000E+00
  3.9512E-01  1.3180E+00  1.0312E+02  1.5878E+01  0.0000E+00  0.0000E+00  0.0000E+00  0.0000E+00  0.0000E+00
  3.9542E-01  1.3190E+00  1.0313E+02  1.5375E+01  0.0000E+00  0.0000E+00  0.0000E+00  0.0000E+00  0.0000E+00
  3.9572E-01  1.3200E+00  1.0313E+02  1.4858E+01  0.0000E+00  0.0000E+00  0.0000E+00  0.0000E+00  0.0000E+00
  3.9602E-01  1.3210E+00  1.0313E+02  1.4330E+01  0.0000E+00  0.0000E+00  0.0000E+00  0.0000E+00  0.0000E+00
  3.9632E-01  1.3220E+00  1.0314E+02  1.3786E+01  0.0000E+00  0.0000E+00  0.0000E+00  0.0000E+00  0.0000E+00
  3.9662E-01  1.3230E+00  1.0314E+02  1.3233E+01  0.0000E+00  0.0000E+00  0.0000E+00  0.0000E+00  0.0000E+00
  3.9692E-01  1.3240E+00  1.0315E+02  1.2670E+01  0.0000E+00  0.0000E+00  0.0000E+00  0.0000E+00  0.0000E+00
  3.9722E-01  1.3250E+00  1.0315E+02  1.2098E+01  0.0000E+00  0.0000E+00  0.0000E+00  0.0000E+00  0.0000E+00
  3.9752E-01  1.3260E+00  1.0315E+02  1.1518E+01  0.0000E+00  0.0000E+00  0.0000E+00  0.0000E+00  0.0000E+00
  3.9782E-01  1.3270E+00  1.0316E+02  1.0931E+01  0.0000E+00  0.0000E+00  0.0000E+00  0.0000E+00  0.0000E+00
  3.9812E-01  1.3280E+00  1.0316E+02  1.0340E+01  0.0000E+00  0.0000E+00  0.0000E+00  0.0000E+00  0.0000E+00
  3.9842E-01  1.3290E+00  1.0316E+02  9.7422E+00  0.0000E+00  0.0000E+00  0.0000E+00  0.0000E+00  0.0000E+00
  3.9872E-01  1.3300E+00  1.0316E+02  9.1423E+00  0.0000E+00  0.0000E+00  0.0000E+00  0.0000E+00  0.0000E+00
  3.9902E-01  1.3310E+00  1.0317E+02  8.5400E+00  0.0000E+00  0.0000E+00  0.0000E+00  0.0000E+00  0.0000E+00
  3.9932E-01  1.3320E+00  1.0317E+02  7.9374E+00  0.0000E+00  0.0000E+00  0.0000E+00  0.0000E+00  0.0000E+00
  3.9962E-01  1.3330E+00  1.0317E+02  7.3354E+00  0.0000E+00  0.0000E+00  0.0000E+00  0.0000E+00  0.0000E+00
  3.9992E-01  1.3340E+00  1.0317E+02  6.7342E+00  0.0000E+00  0.0000E+00  0.0000E+00  0.0000E+00  0.0000E+00
  4.0000E-01  1.3343E+00  1.0317E+02  6.3525E+00  0.0000E+00  0.0000E+00  0.0000E+00  0.0000E+00  0.0000E+00
