  2.9979E-04  1.0000E-03  1.0005E+03  0.0000E+00  0.0000E+00  7.4994E-01  7.4993E-01  0.0000E+00  0.0000E+00
  5.9958E-04  2.0000E-03  1.0005E+03  0.0000E+00  0.0000E+00  7.4994E-01  7.4993E-01  0.0000E+00  0.0000E+00
  8.9938E-04  3.0000E-03  1.0005E+03  0.0000E+00  0.0000E+00  7.4994E-01  7.4993E-01  0.0000E+00  0.0000E+00
  1.1992E-03  4.0000E-03  1.0005E+03  0.0000E+00  0.0000E+00  7.4994E-01  7.4993E-01  0.0000E+00  0.0000E+00
  1.4990E-03  5.0000E-03  1.0005E+03  0.0000E+00  0.0000E+00  7.4994E-01  7.4993E-01  0.0000E+00  0.0000E+00
  1.7988E-03  6.0000E-03  1.0005E+03  0.0000E+00  0.0000E+00  7.4994E-01  7.4993E-01  0.0000E+00  0.0000E+00
  2.0985E-03  7.0000E-03  1.0005E+03  0.0000E+00  0.0000E+00  7.4994E-01  7.4993E-01  0.0000E+00  0.0000E+00
  2.3983E-03  8.0000E-03  1.0005E+03  0.0000E+00  0.0000E+00  7.4994E-01  7.4993E-01  0.0000E+00  0.0000E+00
  2.6981E-03  9.0000E-03  1.0005E+03  0.0000E+00  0.0000E+00  7.4994E-01  7.4993E-01  0.0000E+00  0.0000E+00
  2.9979E-03  1.0000E-02  1.0005E+03  0.0000E+00  0.0000E+00  7.4994E-01  7.4993E-01  0.0000E+00  0.0000E+00
  3.2977E-03  1.1000E-02  1.0005E+03  0.0000E+00  0.0000E+00  7.4994E-01  7.4993E-01  0.0000E+00  0.0000E+00
  3.5975E-03  1.2000E-02  1.0005E+03  0.0000E+00  0.0000E+00  7.4994E-01  7.4993E-01  0.0000E+00  0.0000E+00
  3.8973E-03  1.3000E-02  1.0005E+03  0.0000E+00  0.0000E+00  7.4994E-01  7.4993E-01  0.0000E+00  0.0000E+00
  4.1971E-03  1.4000E-02  1.0005E+03  0.0000E+00  0.0000E+00  7.4994E-01  7.4993E-01  0.0000E+00  0.0000E+00
  4.4969E-03  1.5000E-02  1.0005E+03  0.0000E+00  0.0000E+00  7.4994E-01  7.4993E-01  0.0000E+00  0.0000E+00
  4.7967E-03  1.6000E-02  1.0005E+03  0.0000E+00  0.0000E+00  7.4994E-01  7.4993E-01  0.0000E+00  0.0000E+00
  5.0965E-03  1.7000E-02  1.0005E+03  0.0000E+00  0.0000E+00  7.4994E-01  7.4993E-01  0.0000E+00  0.0000E+00
  5.3963E-03  1.8000E-02  1.0005E+03  0.0000E+00  0.0000E+00  7.4994E-01  7.4993E-01  0.0000E+00  0.0000E+00
  5.6961E-03  1.9000E-02  1.0005E+03  0.0000E+00  0.0000E+00  7.4994E-01  7.4993E-01  0.0000E+00  0.0000E+00
  5.9958E-03  2.0000E-02  1.0005E+03  0.0000E+00  0.0000E+00  7.4994E-01  7.4993E-01  0.0000E+00  0.0000E+00
  6.2956E-03  2.1000E-02  1.0005E+03  0.0000E+00  0.0000E+00  7.4994E-01  7.4993E-01  0.0000E+00  0.0000E+00
  6.5954E-03  2.2000E-02  1.0005E+03  0.0000E+00  0.0000E+00  7.4994E-01  7.4993E-01  0.0000E+00  0.0000E+00
  6.8952E-03  2.3000E-02  1.0005E+03  0.0000E+00  0.0000E+00  7.4994E-01  7.4993E-01  0.0000E+00  0.0000E+00
  7.1950E-03  2.4000E-02  1.0005E+03  0.0000E+00  0.0000E+00  7.4994E-01  7.4993E-01  0.0000E+00  0.0000E+00
  7.4948E-03  2.5000E-02  1.0005E+03  0.0000E+00  0.0000E+00  7.4994E-01  7.4993E-01  0.0000E+00  0.0000E+00
  7.7946E-03  2.6000E-02  1.0005E+03  0.0000E+00  0.0000E+00  7.4994E-01  7.4993E-01  0.0000E+00  0.0000E+00
  8.0944E-03  2.7000E-02  1.0005E+03  0.0000E+00  0.0000E+00  7.4994E-01  7.4993E-01  0.0000E+00  0.0000E+00
  8.3942E-03  2.8000E-02  1.0005E+03  0.0000E+00  0.0000E+00  7.4994E-01  7.4993E-01  0.0000E+00  0.0000E+00
  8.6940E-03  2.9000E-02  1.0005E+03  0.0000E+00  0.0000E+00  7.4994E-01  7.4993E-01  0.0000E+00  0.0000E+00
  8.9938E-03  3.0000E-02  1.0005E+03  0.0000E+00  0.0000E+00  7.4994E-01  7.4993E-01  0.0000E+00  0.0000E+00
  9.2936E-03  3.1000E-02  1.0005E+03  0.0000E+00  0.0000E+00  7.4994E-01  7.4993E-01  0.0000E+00  0.0000E+00
  9.5934E-03  3.2000E-02  1.0005E+03  0.0000E+00  0.0000E+00  7.4994E-01  7.4993E-01  0.0000E+00  0.0000E+00
  9.8931E-03  3.3000E-02  1.0005E+03  0.0000E+00  0.0000E+00  7.4994E-01  7.4993E-01  0.0000E+00  0.0000E+00
  1.0193E-02  3.4000E-02  1.0005E+03  0.0000E+00  0.0000E+00  7.4994E-01  7.4993E-01  0.0000E+00  0.0000E+00
  1.0493E-02  3.5000E-02  1.0005E+03  0.0000E+00  0.0000E+00  7.4994E-01  7.4993E-01  0.0000E+00  0.0000E+00
  1.0793E-02  3.6000E-02  1.0005E+03  0.0000E+00  0.0000E+00  7.4994E-01  7.4993E-01  0.0000E+00  0.0000E+00
  1.1092E-02  3.7000E-02  1.0005E+03  0.0000E+00  0.0000E+00  7.4994E-01  7.4993E-01  0.0000E+00  0.0000E+00
  1.1392E-02  3.8000E-02  1.0005E+03  0.0000E+00  0.0000E+00  7.4994E-01  7.4993E-01  0.0000E+00  0.0000E+00
  1.1692E-02  3.9000E-02  1.0005E+03  0.0000E+00  0.0000E+00  7.4994E-01  7.4993E-01  0.0000E+00  0.0000E+00
  1.1992E-02  4.0000E-02  1.0005E+03  0.0000E+00  0.0000E+00  7.4994E-01  7.4993E-01  0.0000E+00  0.0000E+00
  1.2291E-02  4.1000E-02  1.0005E+03  0.0000E+00  0.0000E+00  7.4994E-01  7.4993E-01  0.0000E+00  0.0000E+00
  1.2591E-02  4.2000E-02  1.0005E+03  0.0000E+00  0.0000E+00  7.4994E-01  7.4993E-01  0.0000E+00  0.0000E+00
  1.2891E-02  4.3000E-02  1.0005E+03  0.0000E+00  0.0000E+00  7.4994E-01  7.4993E-01  0.0000E+00  0.0000E+00
  1.3191E-02  4.4000E-02  1.0005E+03  0.0000E+00  0.0000E+00  7.4994E-01  7.4993E-01  0.0000E+00  0.0000E+00
  1.3491E-02  4.5000E-02  1.0005E+03  0.0000E+00  0.0000E+00  7.4994E-01  7.4993E-01  0.0000E+00  0.0000E+00
  1.3790E-02  4.6000E-02  1.0005E+03  0.0000E+00  0.0000E+00  7.4994E-01  7.4993E-01  0.0000E+00  0.0000E+00
  1.4090E-02  4.7000E-02  1.0005E+03  0.0000E+00  0.0000E+00  7.4994E-01  7.4993E-01  0.0000E+00  0.0000E+00
  1.4390E-02  4.8000E-02  1.0005E+03  0.0000E+00  0.0000E+00  7.4994E-01  7.4993E-01  0.0000E+00  0.0000E+00
  1.4690E-02  4.9000E-02  1.0005E+03  0.0000E+00  0.0000E+00  7.4994E-01  7.4993E-01  0.0000E+00  0.0000E+00
  1.4990E-02  5.0000E-02  1.0005E+03  0.0000E+00  0.0000E+00  7.4994E-01  7.4993E-01  0.0000E+00  0.0000E+00
  1.5289E-02  5.1000E-02  1.0005E+03  0.0000E+00  0.0000E+00  7.4994E-01  7.4993E-01  0.0000E+00  0.0000E+00
  1.5589E-02  5.2000E-02  1.0005E+03  0.0000E+00  0.0000E+00  7.4994E-01  7.4993E-01  0.0000E+00  0.0000E+00
  1.5889E-02  5.3000E-02  1.0005E+03  0.0000E+00  0.0000E+00  7.4994E-01  7.4993E-01  0.0000E+00  0.0000E+00
  1.6189E-02  5.4000E-02  1.0005E+03  0.0000E+00  0.0000E+00  7.4994E-01  7.4993E-01  0.0000E+00  0.0000E+00
  1.6489E-02  5.5000E-02  1.0005E+03  0.0000E+00  0.0000E+00  7.4994E-01  7.4993E-01  0.0000E+00  0.0000E+00
  1.6788E-02  5.6000E-02  1.0005E+03  0.0000E+00  0.0000E+00  7.4994E-01  7.4993E-01  0.0000E+00  0.0000E+00
  1.7088E-02  5.7000E-02  1.0005E+03  0.0000E+00  0.0000E+00  7.4994E-01  7.4993E-01  0.0000E+00  0.0000E+00
  1.7388E-02  5.8000E-02  1.0005E+03  0.0000E+00  0.0000E+00  7.4994E-01  7.4993E-01  0.0000E+00  0.0000E+00
  1.7688E-02  5.9000E-02  1.0005E+03  0.0000E+00  0.0000E+00  7.4994E-01  7.4993E-01  0.0000E+00  0.0000E+00
  1.7988E-02  6.0000E-02  1.0005E+03  0.0000E+00  0.0000E+00  7.4994E-01  7.4993E-01  0.0000E+00  0.0000E+00
  1.8287E-02  6.1000E-02  1.0005E+03  0.0000E+00  0.0000E+00  7.4994E-01  7.4993E-01  0.0000E+00  0.0000E+00
  1.8587E-02  6.2000E-02  1.0005E+03  0.0000E+00  0.0000E+00  7.4994E-01  7.4993E-01  0.0000E+00  0.0000E+00
  1.8887E-02  6.3000E-02  1.0005E+03  0.0000E+00  0.0000E+00  7.4994E-01  7.4993E-01  0.0000E+00  0.0000E+00
  1.9187E-02  6.4000E-02  1.0005E+03  0.0000E+00  0.0000E+00  7.4994E-01  7.4993E-01  0.0000E+00  0.0000E+00
  1.9487E-02  6.5000E-02  1.0005E+03  0.0000E+00  0.0000E+00  7.4994E-01  7.4993E-01  0.0000E+00  0.0000E+00
  1.9786E-02  6.6000E-02  1.0005E+03  0.0000E+00  0.0000E+00  7.4994E-01  7.4993E-01  0.0000E+00  0.0000E+00
  2.0086E-02  6.7000E-02  1.0005E+03  0.0000E+00  0.0000E+00  7.4994E-01  7.4993E-01  0.0000E+00  0.0000E+00
  2.0386E-02  6.8000E-02  1.0005E+03  0.0000E+00  0.0000E+00  7.4994E-01  7.4993E-01  0.0000E+00  0.0000E+00
  2.0686E-02  6.9000E-02  1.0005E+03  0.0000E+00  0.0000E+00  7.4994E-01  7.4993E-01  0.0000E+00  0.0000E+00
  2.0985E-02  7.0000E-02  1.0005E+03  0.0000E+00  0.0000E+00  7.4994E-01  7.4993E-01  0.0000E+00  0.0000E+00
  2.1285E-02  7.1000E-02  1.0005E+03  0.0000E+00  0.0000E+00  7.4994E-01  7.4993E-01  0.0000E+00  0.0000E+00
  2.1585E-02  7.2000E-02  1.0005E+03  0.0000E+00  0.0000E+00  7.4994E-01  7.4993E-01  0.0000E+00  0.0000E+00
  2.1885E-02  7.3000E-02  1.0005E+03  0.0000E+00  0.0000E+00  7.4994E-01  7.4993E-01  0.0000E+00  0.0000E+00
  2.2185E-02  7.4000E-02  1.0005E+03  0.0000E+00  0.0000E+00  7.4994E-01  7.4993E-01  0.0000E+00  0.0000E+00
  2.2484E-02  7.5000E-02  1.0005E+03  0.0000E+00  0.0000E+00  7.4994E-01  7.4993E-01  0.0000E+00  0.0000E+00
  2.2784E-02  7.6000E-02  1.0005E+03  0.0000E+00  0.0000E+00  7.4994E-01  7.4993E-01  0.0000E+00  0.0000E+00
  2.3084E-02  7.7000E-02  1.0005E+03  0.0000E+00  0.0000E+00  7.4994E-01  7.4993E-01  0.0000E+00  0.0000E+00
  2.3384E-02  7.8000E-02  1.0005E+03  0.0000E+00  0.0000E+00  7.4994E-01  7.4993E-01  0.0000E+00  0.0000E+00
  2.3684E-02  7.9000E-02  1.0005E+03  0.0000E+00  0.0000E+00  7.4994E-01  7.4993E-01  0.0000E+00  0.0000E+00
  2.3983E-02  8.0000E-02  1.0005E+03  0.0000E+00  0.0000E+00  7.4994E-01  7.4993E-01  0.0000E+00  0.0000E+00
  2.4283E-02  8.1000E-02  1.0005E+03  0.0000E+00  0.0000E+00  7.4994E-01  7.4993E-01  0.0000E+00  0.0000E+00
  2.4583E-02  8.2000E-02  1.0005E+03  0.0000E+00  0.0000E+00  7.4994E-01  7.4993E-01  0.0000E+00  0.0000E+00
  2.4883E-02  8.3000E-02  1.0005E+03  0.0000E+00  0.0000E+00  7.4994E-01  7.4993E-01  0.0000E+00  0.0000E+00
  2.5183E-02  8.4000E-02  1.0005E+03  0.0000E+00  0.0000E+00  7.4994E-01  7.4993E-01  0.0000E+00  0.0000E+00
  2.5482E-02  8.5000E-02  1.0005E+03  0.0000E+00  0.0000E+00  7.4994E-01  7.4993E-01  0.0000E+00  0.0000E+00
  2.5782E-02  8.6000E-02  1.0005E+03  0.0000E+00  0.0000E+00  7.4994E-01  7.4993E-01  0.0000E+00  0.0000E+00
  2.6082E-02  8.7000E-02  1.0005E+03  0.0000E+00  0.0000E+00  7.4994E-01  7.4993E-01  0.0000E+00  0.0000E+00
  2.6382E-02  8.8000E-02  1.0005E+03  0.0000E+00  0.0000E+00  7.4994E-01  7.4993E-01  0.0000E+00  0.0000E+00
  2.6682E-02  8.9000E-02  1.0005E+03  0.0000E+00  0.0000E+00  7.4994E-01  7.4993E-01  0.0000E+00  0.0000E+00
  2.6981E-02  9.0000E-02  1.0005E+03  0.0000E+00  0.0000E+00  7.4994E-01  7.4993E-01  0.0000E+00  0.0000E+00
  2.7281E-02  9.1000E-02  1.0005E+03  0.0000E+00  0.0000E+00  7.4994E-01  7.4993E-01  0.0000E+00  0.0000E+00
  2.7581E-02  9.2000E-02  1.0005E+03  0.0000E+00  0.0000E+00  7.4994E-01  7.4993E-01  0.0000E+00  0.0000E+00
  2.7881E-02  9.3000E-02  1.0005E+03  0.0000E+00  0.0000E+00  7.4994E-01  7.4993E-01  0.0000E+00  0.0000E+00
  2.8180E-02  9.4000E-02  1.0005E+03  0.0000E+00  0.0000E+00  7.4994E-01  7.4993E-01  0.0000E+00  0.0000E+00
  2.8480E-02  9.5000E-02  1.0005E+03  0.0000E+00  0.0000E+00  7.4994E-01  7.4993E-01  0.0000E+00  0.0000E+00
  2.8780E-02  9.6000E-02  1.0005E+03  0.0000E+00  0.0000E+00  7.4994E-01  7.4993E-01  0.0000E+00  0.0000E+00
  2.9080E-02  9.7000E-02  1.0005E+03  0.0000E+00  0.0000E+00  7.4994E-01  7.4993E-01  0.0000E+00  0.0000E+00
  2.9380E-02  9.8000E-02  1.0005E+03  0.0000E+00  0.0000E+00  7.4994E-01  7.4993E-01  0.0000E+00  0.0000E+00
  2.9679E-02  9.9000E-02  1.0005E+03  0.0000E+00  0.0000E+00  7.4994E-01  7.4993E-01  0.0000E+00  0.0000E+00
  2.9979E-02  1.0000E-01  1.0005E+03  0.0000E+00  0.0000E+00  7.4994E-01  7.4993E-01  0.0000E+00  0.0000E+00
  3.0279E-02  1.0100E-01  1.0005E+03  0.0000E+00  0.0000E+00  7.4994E-01  7.4993E-01  0.0000E+00  0.0000E+00
  3.0579E-02  1.0200E-01  1.0005E+03  0.0000E+00  0.0000E+00  7.4994E-01  7.4993E-01  0.0000E+00  0.0000E+00
  3.0879E-02  1.0300E-01  1.0005E+03  0.0000E+00  0.0000E+00  7.4994E-01  7.4993E-01  0.0000E+00  0.0000E+00
  3.1178E-02  1.0400E-01  1.0005E+03  0.0000E+00  0.0000E+00  7.4994E-01  7.4993E-01  0.0000E+00  0.0000E+00
  3.1478E-02  1.0500E-01  1.0005E+03  0.0000E+00  0.0000E+00  7.4994E-01  7.4993E-01  0.0000E+00  0.0000E+00
  3.1778E-02  1.0600E-01  1.0005E+03  0.0000E+00  0.0000E+00  7.4994E-01  7.4993E-01  0.0000E+00  0.0000E+00
  3.2078E-02  1.0700E-01  1.0005E+03  0.0000E+00  0.0000E+00  7.4994E-01  7.4993E-01  0.0000E+00  0.0000E+00
  3.2378E-02  1.0800E-01  1.0005E+03  0.0000E+00  0.0000E+00  7.4994E-01  7.4993E-01  0.0000E+00  0.0000E+00
  3.2677E-02  1.0900E-01  1.0005E+03  0.0000E+00  0.0000E+00  7.4994E-01  7.4993E-01  0.0000E+00  0.0000E+00
  3.2977E-02  1.1000E-01  1.0005E+03  0.0000E+00  0.0000E+00  7.4994E-01  7.4993E-01  0.0000E+00  0.0000E+00
  3.3277E-02  1.1100E-01  1.0005E+03  0.0000E+00  0.0000E+00  7.4994E-01  7.4993E-01  0.0000E+00  0.0000E+00
  3.3577E-02  1.1200E-01  1.0005E+03  0.0000E+00  0.0000E+00  7.4994E-01  7.4993E-01  0.0000E+00  0.0000E+00
  3.3877E-02  1.1300E-01  1.0005E+03  0.0000E+00  0.0000E+00  7.4994E-01  7.4993E-01  0.0000E+00  0.0000E+00
  3.4176E-02  1.1400E-01  1.0005E+03  0.0000E+00  0.0000E+00  7.4994E-01  7.4993E-01  0.0000E+00  0.0000E+00
  3.4476E-02  1.1500E-01  1.0005E+03  0.0000E+00  0.0000E+00  7.4994E-01  7.4993E-01  0.0000E+00  0.0000E+00
  3.4776E-02  1.1600E-01  1.0005E+03  0.0000E+00  0.0000E+00  7.4994E-01  7.4993E-01  0.0000E+00  0.0000E+00
  3.5076E-02  1.1700E-01  1.0005E+03  0.0000E+00  0.0000E+00  7.4994E-01  7.4993E-01  0.0000E+00  0.0000E+00
  3.5376E-02  1.1800E-01  1.0005E+03  0.0000E+00  0.0000E+00  7.4994E-01  7.4993E-01  0.0000E+00  0.0000E+00
  3.5675E-02  1.1900E-01  1.0005E+03  0.0000E+00  0.0000E+00  7.4994E-01  7.4993E-01  0.0000E+00  0.0000E+00
  3.5975E-02  1.2000E-01  1.0005E+03  0.0000E+00  0.0000E+00  7.4994E-01  7.4993E-01  0.0000E+00  0.0000E+00
  3.6275E-02  1.2100E-01  1.0005E+03  0.0000E+00  0.0000E+00  7.4994E-01  7.4993E-01  0.0000E+00  0.0000E+00
  3.6575E-02  1.2200E-01  1.0005E+03  0.0000E+00  0.0000E+00  7.4994E-01  7.4993E-01  0.0000E+00  0.0000E+00
  3.6874E-02  1.2300E-01  1.0005E+03  0.0000E+00  0.0000E+00  7.4994E-01  7.4993E-01  0.0000E+00  0.0000E+00
  3.7174E-02  1.2400E-01  1.0005E+03  0.0000E+00  0.0000E+00  7.4994E-01  7.4993E-01  0.0000E+00  0.0000E+00
  3.7474E-02  1.2500E-01  1.0005E+03  0.0000E+00  0.0000E+00  7.4994E-01  7.4993E-01  0.0000E+00  0.0000E+00
  3.7774E-02  1.2600E-01  1.0005E+03  0.0000E+00  0.0000E+00  7.4994E-01  7.4993E-01  0.0000E+00  0.0000E+00
  3.8074E-02  1.2700E-01  1.0005E+03  0.0000E+00  0.0000E+00  7.4994E-01  7.4993E-01  0.0000E+00  0.0000E+00
  3.8373E-02  1.2800E-01  1.0005E+03  0.0000E+00  0.0000E+00  7.4994E-01  7.4993E-01  0.0000E+00  0.0000E+00
  3.8673E-02  1.2900E-01  1.0005E+03  0.0000E+00  0.0000E+00  7.4994E-01  7.4993E-01  0.0000E+00  0.0000E+00
  3.8973E-02  1.3000E-01  1.0005E+03  0.0000E+00  0.0000E+00  7.4994E-01  7.4993E-01  0.0000E+00  0.0000E+00
  3.9273E-02  1.3100E-01  1.0005E+03  0.0000E+00  0.0000E+00  7.4994E-01  7.4993E-01  0.0000E+00  0.0000E+00
  3.9573E-02  1.3200E-01  1.0005E+03  0.0000E+00  0.0000E+00  7.4994E-01  7.4993E-01  0.0000E+00  0.0000E+00
  3.9872E-02  1.3300E-01  1.0005E+03  0.0000E+00  0.0000E+00  7.4994E-01  7.4993E-01  0.0000E+00  0.0000E+00
  4.0172E-02  1.3400E-01  1.0005E+03  0.0000E+00  0.0000E+00  7.4994E-01  7.4993E-01  0.0000E+00  0.0000E+00
  4.0472E-02  1.3500E-01  1.0005E+03  0.0000E+00  0.0000E+00  7.4994E-01  7.4993E-01  0.0000E+00  0.0000E+00
  4.0772E-02  1.3600E-01  1.0005E+03  0.0000E+00  0.0000E+00  7.4994E-01  7.4993E-01  0.0000E+00  0.0000E+00
  4.1072E-02  1.3700E-01  1.0005E+03  0.0000E+00  0.0000E+00  7.4994E-01  7.4993E-01  0.0000E+00  0.0000E+00
  4.1371E-02  1.3800E-01  1.0005E+03  0.0000E+00  0.0000E+00  7.4994E-01  7.4993E-01  0.0000E+00  0.0000E+00
  4.1671E-02  1.3900E-01  1.0005E+03  0.0000E+00  0.0000E+00  7.4994E-01  7.4993E-01  0.0000E+00  0.0000E+00
  4.1971E-02  1.4000E-01  1.0005E+03  0.0000E+00  0.0000E+00  7.4994E-01  7.4993E-01  0.0000E+00  0.0000E+00
  4.2271E-02  1.4100E-01  1.0005E+03  0.0000E+00  0.0000E+00  7.4994E-01  7.4993E-01  0.0000E+00  0.0000E+00
  4.2571E-02  1.4200E-01  1.0005E+03  0.0000E+00  0.0000E+00  7.4994E-01  7.4993E-01  0.0000E+00  0.0000E+00
  4.2870E-02  1.4300E-01  1.0005E+03  0.0000E+00  0.0000E+00  7.4994E-01  7.4993E-01  0.0000E+00  0.0000E+00
  4.3170E-02  1.4400E-01  1.0005E+03  0.0000E+00  0.0000E+00  7.4994E-01  7.4993E-01  0.0000E+00  0.0000E+00
  4.3470E-02  1.4500E-01  1.0005E+03  0.0000E+00  0.0000E+00  7.4994E-01  7.4993E-01  0.0000E+00  0.0000E+00
  4.3770E-02  1.4600E-01  1.0005E+03  0.0000E+00  0.0000E+00  7.4994E-01  7.4993E-01  0.0000E+00  0.0000E+00
  4.4069E-02  1.4700E-01  1.0005E+03  0.0000E+00  0.0000E+00  7.4994E-01  7.4993E-01  0.0000E+00  0.0000E+00
  4.4369E-02  1.4800E-01  1.0005E+03  0.0000E+00  0.0000E+00  7.4994E-01  7.4993E-01  0.0000E+00  0.0000E+00
  4.4669E-02  1.4900E-01  1.0005E+03  0.0000E+00  0.0000E+00  7.4994E-01  7.4993E-01  0.0000E+00  0.0000E+00
  4.4969E-02  1.5000E-01  1.0005E+03  0.0000E+00  0.0000E+00  7.4994E-01  7.4993E-01  0.0000E+00  0.0000E+00
  4.5269E-02  1.5100E-01  1.0005E+03  0.0000E+00  0.0000E+00  7.4994E-01  7.4993E-01  0.0000E+00  0.0000E+00
  4.5568E-02  1.5200E-01  1.0005E+03  0.0000E+00  0.0000E+00  7.4994E-01  7.4993E-01  0.0000E+00  0.0000E+00
  4.5868E-02  1.5300E-01  1.0005E+03  0.0000E+00  0.0000E+00  7.4994E-01  7.4993E-01  0.0000E+00  0.0000E+00
  4.6168E-02  1.5400E-01  1.0005E+03  0.0000E+00  0.0000E+00  7.4994E-01  7.4993E-01  0.0000E+00  0.0000E+00
  4.6468E-02  1.5500E-01  1.0005E+03  0.0000E+00  0.0000E+00  7.4994E-01  7.4993E-01  0.0000E+00  0.0000E+00
  4.6768E-02  1.5600E-01  1.0005E+03  0.0000E+00  0.0000E+00  7.4994E-01  7.4993E-01  0.0000E+00  0.0000E+00
  4.7067E-02  1.5700E-01  1.0005E+03  0.0000E+00  0.0000E+00  7.4994E-01  7.4993E-01  0.0000E+00  0.0000E+00
  4.7367E-02  1.5800E-01  1.0005E+03  0.0000E+00  0.0000E+00  7.4994E-01  7.4993E-01  0.0000E+00  0.0000E+00
  4.7667E-02  1.5900E-01  1.0005E+03  0.0000E+00  0.0000E+00  7.4994E-01  7.4993E-01  0.0000E+00  0.0000E+00
  4.7967E-02  1.6000E-01  1.0005E+03  0.0000E+00  0.0000E+00  7.4994E-01  7.4993E-01  0.0000E+00  0.0000E+00
  4.8267E-02  1.6100E-01  1.0005E+03  0.0000E+00  0.0000E+00  7.4994E-01  7.4993E-01  0.0000E+00  0.0000E+00
  4.8566E-02  1.6200E-01  1.0005E+03  0.0000E+00  0.0000E+00  7.4994E-01  7.4993E-01  0.0000E+00  0.0000E+00
  4.8866E-02  1.6300E-01  1.0005E+03  0.0000E+00  0.0000E+00  7.4994E-01  7.4993E-01  0.0000E+00  0.0000E+00
  4.9166E-02  1.6400E-01  1.0005E+03  0.0000E+00  0.0000E+00  7.4994E-01  7.4993E-01  0.0000E+00  0.0000E+00
  4.9466E-02  1.6500E-01  1.0005E+03  0.0000E+00  0.0000E+00  7.4994E-01  7.4993E-01  0.0000E+00  0.0000E+00
  4.9766E-02  1.6600E-01  1.0005E+03  0.0000E+00  0.0000E+00  7.4994E-01  7.4993E-01  0.0000E+00  0.0000E+00
  5.0065E-02  1.6700E-01  1.0005E+03  0.0000E+00  0.0000E+00  7.4994E-01  7.4993E-01  0.0000E+00  0.0000E+00
  5.0365E-02  1.6800E-01  1.0005E+03  0.0000E+00  0.0000E+00  7.4994E-01  7.4993E-01  0.0000E+00  0.0000E+00
  5.0665E-02  1.6900E-01  1.0005E+03  0.0000E+00  0.0000E+00  7.4994E-01  7.4993E-01  0.0000E+00  0.0000E+00
  5.0965E-02  1.7000E-01  1.0005E+03  0.0000E+00  0.0000E+00  7.4994E-01  7.4993E-01  0.0000E+00  0.0000E+00
  5.1265E-02  1.7100E-01  1.0005E+03  0.0000E+00  0.0000E+00  7.4994E-01  7.4993E-01  0.0000E+00  0.0000E+00
  5.1564E-02  1.7200E-01  1.0005E+03  0.0000E+00  0.0000E+00  7.4994E-01  7.4993E-01  0.0000E+00  0.0000E+00
  5.1864E-02  1.7300E-01  1.0005E+03  0.0000E+00  0.0000E+00  7.4994E-01  7.4993E-01  0.0000E+00  0.0000E+00
  5.2164E-02  1.7400E-01  1.0005E+03  0.0000E+00  0.0000E+00  7.4994E-01  7.4993E-01  0.0000E+00  0.0000E+00
  5.2464E-02  1.7500E-01  1.0005E+03  0.0000E+00  0.0000E+00  7.4994E-01  7.4993E-01  0.0000E+00  0.0000E+00
  5.2763E-02  1.7600E-01  1.0005E+03  0.0000E+00  0.0000E+00  7.4994E-01  7.4993E-01  0.0000E+00  0.0000E+00
  5.3063E-02  1.7700E-01  1.0005E+03  0.0000E+00  0.0000E+00  7.4994E-01  7.4993E-01  0.0000E+00  0.0000E+00
  5.3363E-02  1.7800E-01  1.0005E+03  0.0000E+00  0.0000E+00  7.4994E-01  7.4993E-01  0.0000E+00  0.0000E+00
  5.3663E-02  1.7900E-01  1.0005E+03  0.0000E+00  0.0000E+00  7.4994E-01  7.4993E-01  0.0000E+00  0.0000E+00
  5.3963E-02  1.8000E-01  1.0005E+03  0.0000E+00  0.0000E+00  7.4994E-01  7.4993E-01  0.0000E+00  0.0000E+00
  5.4262E-02  1.8100E-01  1.0005E+03  0.0000E+00  0.0000E+00  7.4994E-01  7.4993E-01  0.0000E+00  0.0000E+00
  5.4562E-02  1.8200E-01  1.0005E+03  0.0000E+00  0.0000E+00  7.4994E-01  7.4993E-01  0.0000E+00  0.0000E+00
  5.4862E-02  1.8300E-01  1.0005E+03  0.0000E+00  0.0000E+00  7.4994E-01  7.4993E-01  0.0000E+00  0.0000E+00
  5.5162E-02  1.8400E-01  1.0005E+03  0.0000E+00  0.0000E+00  7.4994E-01  7.4993E-01  0.0000E+00  0.0000E+00
  5.5462E-02  1.8500E-01  1.0005E+03  0.0000E+00  0.0000E+00  7.4994E-01  7.4993E-01  0.0000E+00  0.0000E+00
  5.5761E-02  1.8600E-01  1.0005E+03  0.0000E+00  0.0000E+00  7.4994E-01  7.4993E-01  0.0000E+00  0.0000E+00
  5.6061E-02  1.8700E-01  1.0005E+03  0.0000E+00  0.0000E+00  7.4994E-01  7.4993E-01  0.0000E+00  0.0000E+00
  5.6361E-02  1.8800E-01  1.0005E+03  0.0000E+00  0.0000E+00  7.4994E-01  7.4993E-01  0.0000E+00  0.0000E+00
  5.6661E-02  1.8900E-01  1.0005E+03  0.0000E+00  0.0000E+00  7.4994E-01  7.4993E-01  0.0000E+00  0.0000E+00
  5.6961E-02  1.9000E-01  1.0005E+03  0.0000E+00  0.0000E+00  7.4994E-01  7.4993E-01  0.0000E+00  0.0000E+00
  5.7260E-02  1.9100E-01  1.0005E+03  0.0000E+00  0.0000E+00  7.4994E-01  7.4993E-01  0.0000E+00  0.0000E+00
  5.7560E-02  1.9200E-01  1.0005E+03  0.0000E+00  0.0000E+00  7.4994E-01  7.4993E-01  0.0000E+00  0.0000E+00
  5.7860E-02  1.9300E-01  1.0005E+03  0.0000E+00  0.0000E+00  7.4994E-01  7.4993E-01  0.0000E+00  0.0000E+00
  5.8160E-02  1.9400E-01  1.0005E+03  0.0000E+00  0.0000E+00  7.4994E-01  7.4993E-01  0.0000E+00  0.0000E+00
  5.8460E-02  1.9500E-01  1.0005E+03  0.0000E+00  0.0000E+00  7.4994E-01  7.4993E-01  0.0000E+00  0.0000E+00
  5.8759E-02  1.9600E-01  1.0005E+03  0.0000E+00  0.0000E+00  7.4994E-01  7.4993E-01  0.0000E+00  0.0000E+00
  5.9059E-02  1.9700E-01  1.0005E+03  0.0000E+00  0.0000E+00  7.4994E-01  7.4993E-01  0.0000E+00  0.0000E+00
  5.9359E-02  1.9800E-01  1.0005E+03  0.0000E+00  0.0000E+00  7.4994E-01  7.4993E-01  0.0000E+00  0.0000E+00
  5.9659E-02  1.9900E-01  1.0005E+03  0.0000E+00  0.0000E+00  7.4994E-01  7.4993E-01  0.0000E+00  0.0000E+00
  5.9958E-02  2.0000E-01  1.0005E+03  0.0000E+00  0.0000E+00  7.4994E-01  7.4993E-01  0.0000E+00  0.0000E+00
  6.0258E-02  2.0100E-01  1.0005E+03  0.0000E+00  0.0000E+00  7.4994E-01  7.4993E-01  0.0000E+00  0.0000E+00
  6.0558E-02  2.0200E-01  1.0005E+03  0.0000E+00  0.0000E+00  7.4994E-01  7.4993E-01  0.0000E+00  0.0000E+00
  6.0858E-02  2.0300E-01  1.0005E+03  0.0000E+00  0.0000E+00  7.4994E-01  7.4993E-01  0.0000E+00  0.0000E+00
  6.1158E-02  2.0400E-01  1.0005E+03  0.0000E+00  0.0000E+00  7.4994E-01  7.4993E-01  0.0000E+00  0.0000E+00
  6.1457E-02  2.0500E-01  1.0005E+03  0.0000E+00  0.0000E+00  7.4994E-01  7.4993E-01  0.0000E+00  0.0000E+00
  6.1757E-02  2.0600E-01  1.0005E+03  0.0000E+00  0.0000E+00  7.4994E-01  7.4993E-01  0.0000E+00  0.0000E+00
  6.2057E-02  2.0700E-01  1.0005E+03  0.0000E+00  0.0000E+00  7.4994E-01  7.4993E-01  0.0000E+00  0.0000E+00
  6.2357E-02  2.0800E-01  1.0005E+03  0.0000E+00  0.0000E+00  7.4994E-01  7.4993E-01  0.0000E+00  0.0000E+00
  6.2657E-02  2.0900E-01  1.0005E+03  0.0000E+00  0.0000E+00  7.4994E-01  7.4993E-01  0.0000E+00  0.0000E+00
  6.2956E-02  2.1000E-01  1.0005E+03  0.0000E+00  0.0000E+00  7.4994E-01  7.4993E-01  0.0000E+00  0.0000E+00
  6.3256E-02  2.1100E-01  1.0005E+03  0.0000E+00  0.0000E+00  7.4994E-01  7.4993E-01  0.0000E+00  0.0000E+00
  6.3556E-02  2.1200E-01  1.0005E+03  0.0000E+00  0.0000E+00  7.4994E-01  7.4993E-01  0.0000E+00  0.0000E+00
  6.3856E-02  2.1300E-01  1.0005E+03  0.0000E+00  0.0000E+00  7.4994E-01  7.4993E-01  0.0000E+00  0.0000E+00
  6.4156E-02  2.1400E-01  1.0005E+03  0.0000E+00  0.0000E+00  7.4994E-01  7.4993E-01  0.0000E+00  0.0000E+00
  6.4455E-02  2.1500E-01  1.0005E+03  0.0000E+00  0.0000E+00  7.4994E-01  7.4993E-01  0.0000E+00  0.0000E+00
  6.4755E-02  2.1600E-01  1.0005E+03  0.0000E+00  0.0000E+00  7.4994E-01  7.4993E-01  0.0000E+00  0.0000E+00
  6.5055E-02  2.1700E-01  1.0005E+03  0.0000E+00  0.0000E+00  7.4994E-01  7.4993E-01  0.0000E+00  0.0000E+00
  6.5355E-02  2.1800E-01  1.0005E+03  0.0000E+00  0.0000E+00  7.4994E-01  7.4993E-01  0.0000E+00  0.0000E+00
  6.5655E-02  2.1900E-01  1.0005E+03  0.0000E+00  0.0000E+00  7.4994E-01  7.4993E-01  0.0000E+00  0.0000E+00
  6.5954E-02  2.2000E-01  1.0005E+03  0.0000E+00  0.0000E+00  7.4994E-01  7.4993E-01  0.0000E+00  0.0000E+00
  6.6254E-02  2.2100E-01  1.0005E+03  0.0000E+00  0.0000E+00  7.4994E-01  7.4993E-01  0.0000E+00  0.0000E+00
  6.6554E-02  2.2200E-01  1.0005E+03  0.0000E+00  0.0000E+00  7.4994E-01  7.4993E-01  0.0000E+00  0.0000E+00
  6.6854E-02  2.2300E-01  1.0005E+03  0.0000E+00  0.0000E+00  7.4994E-01  7.4993E-01  0.0000E+00  0.0000E+00
  6.7154E-02  2.2400E-01  1.0005E+03  0.0000E+00  0.0000E+00  7.4994E-01  7.4993E-01  0.0000E+00  0.0000E+00
  6.7453E-02  2.2500E-01  1.0005E+03  0.0000E+00  0.0000E+00  7.4994E-01  7.4993E-01  0.0000E+00  0.0000E+00
  6.7753E-02  2.2600E-01  1.0005E+03  0.0000E+00  0.0000E+00  7.4994E-01  7.4993E-01  0.0000E+00  0.0000E+00
  6.8053E-02  2.2700E-01  1.0005E+03  0.0000E+00  0.0000E+00  7.4994E-01  7.4993E-01  0.0000E+00  0.0000E+00
  6.8353E-02  2.2800E-01  1.0005E+03  0.0000E+00  0.0000E+00  7.4994E-01  7.4993E-01  0.0000E+00  0.0000E+00
  6.8652E-02  2.2900E-01  1.0005E+03  0.0000E+00  0.0000E+00  7.4994E-01  7.4993E-01  0.0000E+00  0.0000E+00
  6.8952E-02  2.3000E-01  1.0005E+03  0.0000E+00  0.0000E+00  7.4994E-01  7.4993E-01  0.0000E+00  0.0000E+00
  6.9252E-02  2.3100E-01  1.0005E+03  0.0000E+00  0.0000E+00  7.4994E-01  7.4993E-01  0.0000E+00  0.0000E+00
  6.9552E-02  2.3200E-01  1.0005E+03  0.0000E+00  0.0000E+00  7.4994E-01  7.4993E-01  0.0000E+00  0.0000E+00
  6.9852E-02  2.3300E-01  1.0005E+03  0.0000E+00  0.0000E+00  7.4994E-01  7.4993E-01  0.0000E+00  0.0000E+00
  7.0151E-02  2.3400E-01  1.0005E+03  0.0000E+00  0.0000E+00  7.4994E-01  7.4993E-01  0.0000E+00  0.0000E+00
  7.0451E-02  2.3500E-01  1.0005E+03  0.0000E+00  0.0000E+00  7.4994E-01  7.4993E-01  0.0000E+00  0.0000E+00
  7.0751E-02  2.3600E-01  1.0005E+03  0.0000E+00  0.0000E+00  7.4994E-01  7.4993E-01  0.0000E+00  0.0000E+00
  7.1051E-02  2.3700E-01  1.0005E+03  0.0000E+00  0.0000E+00  7.4994E-01  7.4993E-01  0.0000E+00  0.0000E+00
  7.1351E-02  2.3800E-01  1.0005E+03  0.0000E+00  0.0000E+00  7.4994E-01  7.4993E-01  0.0000E+00  0.0000E+00
  7.1650E-02  2.3900E-01  1.0005E+03  0.0000E+00  0.0000E+00  7.4994E-01  7.4993E-01  0.0000E+00  0.0000E+00
  7.1950E-02  2.4000E-01  1.0005E+03  0.0000E+00  0.0000E+00  7.4994E-01  7.4993E-01  0.0000E+00  0.0000E+00
  7.2250E-02  2.4100E-01  1.0005E+03  0.0000E+00  0.0000E+00  7.4994E-01  7.4993E-01  0.0000E+00  0.0000E+00
  7.2550E-02  2.4200E-01  1.0005E+03  0.0000E+00  0.0000E+00  7.4994E-01  7.4993E-01  0.0000E+00  0.0000E+00
  7.2850E-02  2.4300E-01  1.0005E+03  0.0000E+00  0.0000E+00  7.4994E-01  7.4993E-01  0.0000E+00  0.0000E+00
  7.3149E-02  2.4400E-01  1.0005E+03  0.0000E+00  0.0000E+00  7.4994E-01  7.4993E-01  0.0000E+00  0.0000E+00
  7.3449E-02  2.4500E-01  1.0005E+03  0.0000E+00  0.0000E+00  7.4994E-01  7.4993E-01  0.0000E+00  0.0000E+00
  7.3749E-02  2.4600E-01  1.0005E+03  0.0000E+00  0.0000E+00  7.4994E-01  7.4993E-01  0.0000E+00  0.0000E+00
  7.4049E-02  2.4700E-01  1.0005E+03  0.0000E+00  0.0000E+00  7.4994E-01  7.4993E-01  0.0000E+00  0.0000E+00
  7.4349E-02  2.4800E-01  1.0005E+03  0.0000E+00  0.0000E+00  7.4994E-01  7.4993E-01  0.0000E+00  0.0000E+00
  7.4648E-02  2.4900E-01  1.0005E+03  0.0000E+00  0.0000E+00  7.4994E-01  7.4993E-01  0.0000E+00  0.0000E+00
  7.4948E-02  2.5000E-01  1.0005E+03  0.0000E+00  0.0000E+00  7.4994E-01  7.4993E-01  0.0000E+00  0.0000E+00
  7.5248E-02  2.5100E-01  1.0005E+03  0.0000E+00  0.0000E+00  7.4994E-01  7.4993E-01  0.0000E+00  0.0000E+00
  7.5548E-02  2.5200E-01  1.0005E+03  0.0000E+00  0.0000E+00  7.4994E-01  7.4993E-01  0.0000E+00  0.0000E+00
  7.5847E-02  2.5300E-01  1.0005E+03  0.0000E+00  0.0000E+00  7.4994E-01  7.4993E-01  0.0000E+00  0.0000E+00
  7.6147E-02  2.5400E-01  1.0005E+03  0.0000E+00  0.0000E+00  7.4994E-01  7.4993E-01  0.0000E+00  0.0000E+00
  7.6447E-02  2.5500E-01  1.0005E+03  0.0000E+00  0.0000E+00  7.4994E-01  7.4993E-01  0.0000E+00  0.0000E+00
  7.6747E-02  2.5600E-01  1.0005E+03  0.0000E+00  0.0000E+00  7.4994E-01  7.4993E-01  0.0000E+00  0.0000E+00
  7.7047E-02  2.5700E-01  1.0005E+03  0.0000E+00  0.0000E+00  7.4994E-01  7.4993E-01  0.0000E+00  0.0000E+00
  7.7346E-02  2.5800E-01  1.0005E+03  0.0000E+00  0.0000E+00  7.4994E-01  7.4993E-01  0.0000E+00  0.0000E+00
  7.7646E-02  2.5900E-01  1.0005E+03  0.0000E+00  0.0000E+00  7.4994E-01  7.4993E-01  0.0000E+00  0.0000E+00
  7.7946E-02  2.6000E-01  1.0005E+03  0.0000E+00  0.0000E+00  7.4994E-01  7.4993E-01  0.0000E+00  0.0000E+00
  7.8246E-02  2.6100E-01  1.0005E+03  0.0000E+00  0.0000E+00  7.4994E-01  7.4993E-01  0.0000E+00  0.0000E+00
  7.8546E-02  2.6200E-01  1.0005E+03  0.0000E+00  0.0000E+00  7.4994E-01  7.4993E-01  0.0000E+00  0.0000E+00
  7.8845E-02  2.6300E-01  1.0005E+03  0.0000E+00  0.0000E+00  7.4994E-01  7.4993E-01  0.0000E+00  0.0000E+00
  7.9145E-02  2.6400E-01  1.0005E+03  0.0000E+00  0.0000E+00  7.4994E-01  7.4993E-01  0.0000E+00  0.0000E+00
  7.9445E-02  2.6500E-01  1.0005E+03  0.0000E+00  0.0000E+00  7.4994E-01  7.4993E-01  0.0000E+00  0.0000E+00
  7.9745E-02  2.6600E-01  1.0005E+03  0.0000E+00  0.0000E+00  7.4994E-01  7.4993E-01  0.0000E+00  0.0000E+00
  8.0045E-02  2.6700E-01  1.0005E+03  0.0000E+00  0.0000E+00  7.4994E-01  7.4993E-01  0.0000E+00  0.0000E+00
  8.0344E-02  2.6800E-01  1.0005E+03  0.0000E+00  0.0000E+00  7.4994E-01  7.4993E-01  0.0000E+00  0.0000E+00
  8.0644E-02  2.6900E-01  1.0005E+03  0.0000E+00  0.0000E+00  7.4994E-01  7.4993E-01  0.0000E+00  0.0000E+00
  8.0944E-02  2.7000E-01  1.0005E+03  0.0000E+00  0.0000E+00  7.4994E-01  7.4993E-01  0.0000E+00  0.0000E+00
  8.1244E-02  2.7100E-01  1.0005E+03  0.0000E+00  0.0000E+00  7.4994E-01  7.4993E-01  0.0000E+00  0.0000E+00
  8.1544E-02  2.7200E-01  1.0005E+03  0.0000E+00  0.0000E+00  7.4994E-01  7.4993E-01  0.0000E+00  0.0000E+00
  8.1843E-02  2.7300E-01  1.0005E+03  0.0000E+00  0.0000E+00  7.4994E-01  7.4993E-01  0.0000E+00  0.0000E+00
  8.2143E-02  2.7400E-01  1.0005E+03  0.0000E+00  0.0000E+00  7.4994E-01  7.4993E-01  0.0000E+00  0.0000E+00
  8.2443E-02  2.7500E-01  1.0005E+03  0.0000E+00  0.0000E+00  7.4994E-01  7.4993E-01  0.0000E+00  0.0000E+00
  8.2743E-02  2.7600E-01  1.0005E+03  0.0000E+00  0.0000E+00  7.4994E-01  7.4993E-01  0.0000E+00  0.0000E+00
  8.3043E-02  2.7700E-01  1.0005E+03  0.0000E+00  0.0000E+00  7.4994E-01  7.4993E-01  0.0000E+00  0.0000E+00
  8.3342E-02  2.7800E-01  1.0005E+03  0.0000E+00  0.0000E+00  7.4994E-01  7.4993E-01  0.0000E+00  0.0000E+00
  8.3642E-02  2.7900E-01  1.0005E+03  0.0000E+00  0.0000E+00  7.4994E-01  7.4993E-01  0.0000E+00  0.0000E+00
  8.3942E-02  2.8000E-01  1.0005E+03  0.0000E+00  0.0000E+00  7.4994E-01  7.4993E-01  0.0000E+00  0.0000E+00
  8.4242E-02  2.8100E-01  1.0005E+03  0.0000E+00  0.0000E+00  7.4994E-01  7.4993E-01  0.0000E+00  0.0000E+00
  8.4541E-02  2.8200E-01  1.0005E+03  0.0000E+00  0.0000E+00  7.4994E-01  7.4993E-01  0.0000E+00  0.0000E+00
  8.4841E-02  2.8300E-01  1.0005E+03  0.0000E+00  0.0000E+00  7.4994E-01  7.4993E-01  0.0000E+00  0.0000E+00
  8.5141E-02  2.8400E-01  1.0005E+03  0.0000E+00  0.0000E+00  7.4994E-01  7.4993E-01  0.0000E+00  0.0000E+00
  8.5441E-02  2.8500E-01  1.0005E+03  0.0000E+00  0.0000E+00  7.4994E-01  7.4993E-01  0.0000E+00  0.0000E+00
  8.5741E-02  2.8600E-01  1.0005E+03  0.0000E+00  0.0000E+00  7.4994E-01  7.4993E-01  0.0000E+00  0.0000E+00
  8.6040E-02  2.8700E-01  1.0005E+03  0.0000E+00  0.0000E+00  7.4994E-01  7.4993E-01  0.0000E+00  0.0000E+00
  8.6340E-02  2.8800E-01  1.0005E+03  0.0000E+00  0.0000E+00  7.4994E-01  7.4993E-01  0.0000E+00  0.0000E+00
  8.6640E-02  2.8900E-01  1.0005E+03  0.0000E+00  0.0000E+00  7.4994E-01  7.4993E-01  0.0000E+00  0.0000E+00
  8.6940E-02  2.9000E-01  1.0005E+03  0.0000E+00  0.0000E+00  7.4994E-01  7.4993E-01  0.0000E+00  0.0000E+00
  8.7240E-02  2.9100E-01  1.0005E+03  0.0000E+00  0.0000E+00  7.4994E-01  7.4993E-01  0.0000E+00  0.0000E+00
  8.7539E-02  2.9200E-01  1.0005E+03  0.0000E+00  0.0000E+00  7.4994E-01  7.4993E-01  0.0000E+00  0.0000E+00
  8.7839E-02  2.9300E-01  1.0005E+03  0.0000E+00  0.0000E+00  7.4994E-01  7.4993E-01  0.0000E+00  0.0000E+00
  8.8139E-02  2.9400E-01  1.0005E+03  0.0000E+00  0.0000E+00  7.4994E-01  7.4993E-01  0.0000E+00  0.0000E+00
  8.8439E-02  2.9500E-01  1.0005E+03  0.0000E+00  0.0000E+00  7.4994E-01  7.4993E-01  0.0000E+00  0.0000E+00
  8.8739E-02  2.9600E-01  1.0005E+03  0.0000E+00  0.0000E+00  7.4994E-01  7.4993E-01  0.0000E+00  0.0000E+00
  8.9038E-02  2.9700E-01  1.0005E+03  0.0000E+00  0.0000E+00  7.4994E-01  7.4993E-01  0.0000E+00  0.0000E+00
  8.9338E-02  2.9800E-01  1.0005E+03  0.0000E+00  0.0000E+00  7.4994E-01  7.4993E-01  0.0000E+00  0.0000E+00
  8.9638E-02  2.9900E-01  1.0005E+03  0.0000E+00  0.0000E+00  7.4994E-01  7.4993E-01  0.0000E+00  0.0000E+00
  8.9938E-02  3.0000E-01  1.0005E+03  0.0000E+00  0.0000E+00  7.4994E-01  7.4993E-01  0.0000E+00  0.0000E+00
  9.0238E-02  3.0100E-01  1.0005E+03  0.0000E+00  0.0000E+00  7.4994E-01  7.4993E-01  0.0000E+00  0.0000E+00
  9.0537E-02  3.0200E-01  1.0005E+03  0.0000E+00  0.0000E+00  7.4994E-01  7.4993E-01  0.0000E+00  0.0000E+00
  9.0837E-02  3.0300E-01  1.0005E+03  0.0000E+00  0.0000E+00  7.4994E-01  7.4993E-01  0.0000E+00  0.0000E+00
  9.1137E-02  3.0400E-01  1.0005E+03  0.0000E+00  0.0000E+00  7.4994E-01  7.4993E-01  0.0000E+00  0.0000E+00
  9.1437E-02  3.0500E-01  1.0005E+03  0.0000E+00  0.0000E+00  7.4994E-01  7.4993E-01  0.0000E+00  0.0000E+00
  9.1736E-02  3.0600E-01  1.0005E+03  0.0000E+00  0.0000E+00  7.4994E-01  7.4993E-01  0.0000E+00  0.0000E+00
  9.2036E-02  3.0700E-01  1.0005E+03  0.0000E+00  0.0000E+00  7.4994E-01  7.4993E-01  0.0000E+00  0.0000E+00
  9.2336E-02  3.0800E-01  1.0005E+03  0.0000E+00  0.0000E+00  7.4994E-01  7.4993E-01  0.0000E+00  0.0000E+00
  9.2636E-02  3.0900E-01  1.0005E+03  0.0000E+00  0.0000E+00  7.4994E-01  7.4993E-01  0.0000E+00  0.0000E+00
  9.2936E-02  3.1000E-01  1.0005E+03  0.0000E+00  0.0000E+00  7.4994E-01  7.4993E-01  0.0000E+00  0.0000E+00
  9.3235E-02  3.1100E-01  1.0005E+03  0.0000E+00  0.0000E+00  7.4994E-01  7.4993E-01  0.0000E+00  0.0000E+00
  9.3535E-02  3.1200E-01  1.0005E+03  0.0000E+00  0.0000E+00  7.4994E-01  7.4993E-01  0.0000E+00  0.0000E+00
  9.3835E-02  3.1300E-01  1.0005E+03  0.0000E+00  0.0000E+00  7.4994E-01  7.4993E-01  0.0000E+00  0.0000E+00
  9.4135E-02  3.1400E-01  1.0005E+03  0.0000E+00  0.0000E+00  7.4994E-01  7.4993E-01  0.0000E+00  0.0000E+00
  9.4435E-02  3.1500E-01  1.0005E+03  0.0000E+00  0.0000E+00  7.4994E-01  7.4993E-01  0.0000E+00  0.0000E+00
  9.4734E-02  3.1600E-01  1.0005E+03  0.0000E+00  0.0000E+00  7.4994E-01  7.4993E-01  0.0000E+00  0.0000E+00
  9.5034E-02  3.1700E-01  1.0005E+03  0.0000E+00  0.0000E+00  7.4994E-01  7.4993E-01  0.0000E+00  0.0000E+00
  9.5334E-02  3.1800E-01  1.0005E+03  0.0000E+00  0.0000E+00  7.4994E-01  7.4993E-01  0.0000E+00  0.0000E+00
  9.5634E-02  3.1900E-01  1.0005E+03  0.0000E+00  0.0000E+00  7.4994E-01  7.4993E-01  0.0000E+00  0.0000E+00
  9.5934E-02  3.2000E-01  1.0005E+03  0.0000E+00  0.0000E+00  7.4994E-01  7.4993E-01  0.0000E+00  0.0000E+00
  9.6233E-02  3.2100E-01  1.0005E+03  0.0000E+00  0.0000E+00  7.4994E-01  7.4993E-01  0.0000E+00  0.0000E+00
  9.6533E-02  3.2200E-01  1.0005E+03  0.0000E+00  0.0000E+00  7.4994E-01  7.4993E-01  0.0000E+00  0.0000E+00
  9.6833E-02  3.2300E-01  1.0005E+03  0.0000E+00  0.0000E+00  7.4994E-01  7.4993E-01  0.0000E+00  0.0000E+00
  9.7133E-02  3.2400E-01  1.0005E+03  0.0000E+00  0.0000E+00  7.4994E-01  7.4993E-01  0.0000E+00  0.0000E+00
  9.7433E-02  3.2500E-01  1.0005E+03  0.0000E+00  0.0000E+00  7.4994E-01  7.4993E-01  0.0000E+00  0.0000E+00
  9.7732E-02  3.2600E-01  1.0005E+03  0.0000E+00  0.0000E+00  7.4994E-01  7.4993E-01  0.0000E+00  0.0000E+00
  9.8032E-02  3.2700E-01  1.0005E+03  0.0000E+00  0.0000E+00  7.4994E-01  7.4993E-01  0.0000E+00  0.0000E+00
  9.8332E-02  3.2800E-01  1.0005E+03  0.0000E+00  0.0000E+00  7.4994E-01  7.4993E-01  0.0000E+00  0.0000E+00
  9.8632E-02  3.2900E-01  1.0005E+03  0.0000E+00  0.0000E+00  7.4994E-01  7.4993E-01  0.0000E+00  0.0000E+00
  9.8931E-02  3.3000E-01  1.0005E+03  0.0000E+00  0.0000E+00  7.4994E-01  7.4993E-01  0.0000E+00  0.0000E+00
  9.9231E-02  3.3100E-01  1.0005E+03  0.0000E+00  0.0000E+00  7.4994E-01  7.4993E-01  0.0000E+00  0.0000E+00
  9.9531E-02  3.3200E-01  1.0005E+03  0.0000E+00  0.0000E+00  7.4994E-01  7.4993E-01  0.0000E+00  0.0000E+00
  9.9831E-02  3.3300E-01  1.0005E+03  0.0000E+00  0.0000E+00  7.4994E-01  7.4993E-01  0.0000E+00  0.0000E+00
  1.0013E-01  3.3400E-01  1.0005E+03  0.0000E+00  0.0000E+00  7.4994E-01  7.4993E-01  0.0000E+00  0.0000E+00
  1.0043E-01  3.3500E-01  1.0005E+03  0.0000E+00  0.0000E+00  7.4994E-01  7.4993E-01  0.0000E+00  0.0000E+00
  1.0073E-01  3.3600E-01  1.0005E+03  0.0000E+00  0.0000E+00  7.4994E-01  7.4993E-01  0.0000E+00  0.0000E+00
  1.0103E-01  3.3700E-01  1.0005E+03  0.0000E+00  0.0000E+00  7.4994E-01  7.4993E-01  0.0000E+00  0.0000E+00
  1.0133E-01  3.3800E-01  1.0005E+03  0.0000E+00  0.0000E+00  7.4994E-01  7.4993E-01  0.0000E+00  0.0000E+00
  1.0163E-01  3.3900E-01  1.0005E+03  0.0000E+00  0.0000E+00  7.4994E-01  7.4993E-01  0.0000E+00  0.0000E+00
  1.0193E-01  3.4000E-01  1.0005E+03  0.0000E+00  0.0000E+00  7.4994E-01  7.4993E-01  0.0000E+00  0.0000E+00
  1.0223E-01  3.4100E-01  1.0005E+03  0.0000E+00  0.0000E+00  7.4994E-01  7.4993E-01  0.0000E+00  0.0000E+00
  1.0253E-01  3.4200E-01  1.0005E+03  0.0000E+00  0.0000E+00  7.4994E-01  7.4993E-01  0.0000E+00  0.0000E+00
  1.0283E-01  3.4300E-01  1.0005E+03  0.0000E+00  0.0000E+00  7.4994E-01  7.4993E-01  0.0000E+00  0.0000E+00
  1.0313E-01  3.4400E-01  1.0005E+03  0.0000E+00  0.0000E+00  7.4994E-01  7.4993E-01  0.0000E+00  0.0000E+00
  1.0343E-01  3.4500E-01  1.0005E+03  0.0000E+00  0.0000E+00  7.4994E-01  7.4993E-01  0.0000E+00  0.0000E+00
  1.0373E-01  3.4600E-01  1.0005E+03  0.0000E+00  0.0000E+00  7.4994E-01  7.4993E-01  0.0000E+00  0.0000E+00
  1.0403E-01  3.4700E-01  1.0005E+03  0.0000E+00  0.0000E+00  7.4994E-01  7.4993E-01  0.0000E+00  0.0000E+00
  1.0433E-01  3.4800E-01  1.0005E+03  0.0000E+00  0.0000E+00  7.4994E-01  7.4993E-01  0.0000E+00  0.0000E+00
  1.0463E-01  3.4900E-01  1.0005E+03  0.0000E+00  0.0000E+00  7.4994E-01  7.4993E-01  0.0000E+00  0.0000E+00
  1.0493E-01  3.5000E-01  1.0005E+03  0.0000E+00  0.0000E+00  7.4994E-01  7.4993E-01  0.0000E+00  0.0000E+00
  1.0523E-01  3.5100E-01  1.0005E+03  0.0000E+00  0.0000E+00  7.4994E-01  7.4993E-01  0.0000E+00  0.0000E+00
  1.0553E-01  3.5200E-01  1.0005E+03  0.0000E+00  0.0000E+00  7.4994E-01  7.4993E-01  0.0000E+00  0.0000E+00
  1.0583E-01  3.5300E-01  1.0005E+03  0.0000E+00  0.0000E+00  7.4994E-01  7.4993E-01  0.0000E+00  0.0000E+00
  1.0613E-01  3.5400E-01  1.0005E+03  0.0000E+00  0.0000E+00  7.4994E-01  7.4993E-01  0.0000E+00  0.0000E+00
  1.0643E-01  3.5500E-01  1.0005E+03  0.0000E+00  0.0000E+00  7.4994E-01  7.4993E-01  0.0000E+00  0.0000E+00
  1.0673E-01  3.5600E-01  1.0005E+03  0.0000E+00  0.0000E+00  7.4994E-01  7.4993E-01  0.0000E+00  0.0000E+00
  1.0703E-01  3.5700E-01  1.0005E+03  0.0000E+00  0.0000E+00  7.4994E-01  7.4993E-01  0.0000E+00  0.0000E+00
  1.0733E-01  3.5800E-01  1.0005E+03  0.0000E+00  0.0000E+00  7.4994E-01  7.4993E-01  0.0000E+00  0.0000E+00
  1.0763E-01  3.5900E-01  1.0005E+03  0.0000E+00  0.0000E+00  7.4994E-01  7.4993E-01  0.0000E+00  0.0000E+00
  1.0793E-01  3.6000E-01  1.0005E+03  0.0000E+00  0.0000E+00  7.4994E-01  7.4993E-01  0.0000E+00  0.0000E+00
  1.0823E-01  3.6100E-01  1.0005E+03  0.0000E+00  0.0000E+00  7.4994E-01  7.4993E-01  0.0000E+00  0.0000E+00
  1.0852E-01  3.6200E-01  1.0005E+03  0.0000E+00  0.0000E+00  7.4994E-01  7.4993E-01  0.0000E+00  0.0000E+00
  1.0882E-01  3.6300E-01  1.0005E+03  0.0000E+00  0.0000E+00  7.4994E-01  7.4993E-01  0.0000E+00  0.0000E+00
  1.0912E-01  3.6400E-01  1.0005E+03  0.0000E+00  0.0000E+00  7.4994E-01  7.4993E-01  0.0000E+00  0.0000E+00
  1.0942E-01  3.6500E-01  1.0005E+03  0.0000E+00  0.0000E+00  7.4994E-01  7.4993E-01  0.0000E+00  0.0000E+00
  1.0972E-01  3.6600E-01  1.0005E+03  0.0000E+00  0.0000E+00  7.4994E-01  7.4993E-01  0.0000E+00  0.0000E+00
  1.1002E-01  3.6700E-01  1.0005E+03  0.0000E+00  0.0000E+00  7.4994E-01  7.4993E-01  0.0000E+00  0.0000E+00
  1.1032E-01  3.6800E-01  1.0005E+03  0.0000E+00  0.0000E+00  7.4994E-01  7.4993E-01  0.0000E+00  0.0000E+00
  1.1062E-01  3.6900E-01  1.0005E+03  0.0000E+00  0.0000E+00  7.4994E-01  7.4993E-01  0.0000E+00  0.0000E+00
  1.1092E-01  3.7000E-01  1.0005E+03  0.0000E+00  0.0000E+00  7.4994E-01  7.4993E-01  0.0000E+00  0.0000E+00
  1.1122E-01  3.7100E-01  1.0005E+03  0.0000E+00  0.0000E+00  7.4994E-01  7.4993E-01  0.0000E+00  0.0000E+00
  1.1152E-01  3.7200E-01  1.0005E+03  0.0000E+00  0.0000E+00  7.4994E-01  7.4993E-01  0.0000E+00  0.0000E+00
  1.1182E-01  3.7300E-01  1.0005E+03  0.0000E+00  0.0000E+00  7.4994E-01  7.4993E-01  0.0000E+00  0.0000E+00
  1.1212E-01  3.7400E-01  1.0005E+03  0.0000E+00  0.0000E+00  7.4994E-01  7.4993E-01  0.0000E+00  0.0000E+00
  1.1242E-01  3.7500E-01  1.0005E+03  0.0000E+00  0.0000E+00  7.4994E-01  7.4993E-01  0.0000E+00  0.0000E+00
  1.1272E-01  3.7600E-01  1.0005E+03  0.0000E+00  0.0000E+00  7.4994E-01  7.4993E-01  0.0000E+00  0.0000E+00
  1.1302E-01  3.7700E-01  1.0005E+03  0.0000E+00  0.0000E+00  7.4994E-01  7.4993E-01  0.0000E+00  0.0000E+00
  1.1332E-01  3.7800E-01  1.0005E+03  0.0000E+00  0.0000E+00  7.4994E-01  7.4993E-01  0.0000E+00  0.0000E+00
  1.1362E-01  3.7900E-01  1.0005E+03  0.0000E+00  0.0000E+00  7.4994E-01  7.4993E-01  0.0000E+00  0.0000E+00
  1.1392E-01  3.8000E-01  1.0005E+03  0.0000E+00  0.0000E+00  7.4994E-01  7.4993E-01  0.0000E+00  0.0000E+00
  1.1422E-01  3.8100E-01  1.0005E+03  0.0000E+00  0.0000E+00  7.4994E-01  7.4993E-01  0.0000E+00  0.0000E+00
  1.1452E-01  3.8200E-01  1.0005E+03  0.0000E+00  0.0000E+00  7.4994E-01  7.4993E-01  0.0000E+00  0.0000E+00
  1.1482E-01  3.8300E-01  1.0005E+03  0.0000E+00  0.0000E+00  7.4994E-01  7.4993E-01  0.0000E+00  0.0000E+00
  1.1512E-01  3.8400E-01  1.0005E+03  0.0000E+00  0.0000E+00  7.4994E-01  7.4993E-01  0.0000E+00  0.0000E+00
  1.1542E-01  3.8500E-01  1.0005E+03  0.0000E+00  0.0000E+00  7.4994E-01  7.4993E-01  0.0000E+00  0.0000E+00
  1.1572E-01  3.8600E-01  1.0005E+03  0.0000E+00  0.0000E+00  7.4994E-01  7.4993E-01  0.0000E+00  0.0000E+00
  1.1602E-01  3.8700E-01  1.0005E+03  0.0000E+00  0.0000E+00  7.4994E-01  7.4993E-01  0.0000E+00  0.0000E+00
  1.1632E-01  3.8800E-01  1.0005E+03  0.0000E+00  0.0000E+00  7.4994E-01  7.4993E-01  0.0000E+00  0.0000E+00
  1.1662E-01  3.8900E-01  1.0005E+03  0.0000E+00  0.0000E+00  7.4994E-01  7.4993E-01  0.0000E+00  0.0000E+00
  1.1692E-01  3.9000E-01  1.0005E+03  0.0000E+00  0.0000E+00  7.4994E-01  7.4993E-01  0.0000E+00  0.0000E+00
  1.1722E-01  3.9100E-01  1.0005E+03  0.0000E+00  0.0000E+00  7.4994E-01  7.4993E-01  0.0000E+00  0.0000E+00
  1.1752E-01  3.9200E-01  1.0005E+03  0.0000E+00  0.0000E+00  7.4994E-01  7.4993E-01  0.0000E+00  0.0000E+00
  1.1782E-01  3.9300E-01  1.0005E+03  0.0000E+00  0.0000E+00  7.4994E-01  7.4993E-01  0.0000E+00  0.0000E+00
  1.1812E-01  3.9400E-01  1.0005E+03  0.0000E+00  0.0000E+00  7.4994E-01  7.4993E-01  0.0000E+00  0.0000E+00
  1.1842E-01  3.9500E-01  1.0005E+03  0.0000E+00  0.0000E+00  7.4994E-01  7.4993E-01  0.0000E+00  0.0000E+00
  1.1872E-01  3.9600E-01  1.0005E+03  0.0000E+00  0.0000E+00  7.4994E-01  7.4993E-01  0.0000E+00  0.0000E+00
  1.1902E-01  3.9700E-01  1.0005E+03  0.0000E+00  0.0000E+00  7.4994E-01  7.4993E-01  0.0000E+00  0.0000E+00
  1.1932E-01  3.9800E-01  1.0005E+03  0.0000E+00  0.0000E+00  7.4994E-01  7.4993E-01  0.0000E+00  0.0000E+00
  1.1962E-01  3.9900E-01  1.0005E+03  0.0000E+00  0.0000E+00  7.4994E-01  7.4993E-01  0.0000E+00  0.0000E+00
  1.1992E-01  4.0000E-01  1.0005E+03  0.0000E+00  0.0000E+00  7.4994E-01  7.4993E-01  0.0000E+00  0.0000E+00
  1.2022E-01  4.0100E-01  1.0005E+03  0.0000E+00  0.0000E+00  7.4994E-01  7.4993E-01  0.0000E+00  0.0000E+00
  1.2052E-01  4.0200E-01  1.0005E+03  0.0000E+00  0.0000E+00  7.4994E-01  7.4993E-01  0.0000E+00  0.0000E+00
  1.2082E-01  4.0300E-01  1.0005E+03  0.0000E+00  0.0000E+00  7.4994E-01  7.4993E-01  0.0000E+00  0.0000E+00
  1.2112E-01  4.0400E-01  1.0005E+03  0.0000E+00  0.0000E+00  7.4994E-01  7.4993E-01  0.0000E+00  0.0000E+00
  1.2142E-01  4.0500E-01  1.0005E+03  0.0000E+00  0.0000E+00  7.4994E-01  7.4993E-01  0.0000E+00  0.0000E+00
  1.2172E-01  4.0600E-01  1.0005E+03  0.0000E+00  0.0000E+00  7.4994E-01  7.4993E-01  0.0000E+00  0.0000E+00
  1.2202E-01  4.0700E-01  1.0005E+03  0.0000E+00  0.0000E+00  7.4994E-01  7.4993E-01  0.0000E+00  0.0000E+00
  1.2232E-01  4.0800E-01  1.0005E+03  0.0000E+00  0.0000E+00  7.4994E-01  7.4993E-01  0.0000E+00  0.0000E+00
  1.2262E-01  4.0900E-01  1.0005E+03  0.0000E+00  0.0000E+00  7.4994E-01  7.4993E-01  0.0000E+00  0.0000E+00
  1.2291E-01  4.1000E-01  1.0005E+03  0.0000E+00  0.0000E+00  7.4994E-01  7.4993E-01  0.0000E+00  0.0000E+00
  1.2321E-01  4.1100E-01  1.0005E+03  0.0000E+00  0.0000E+00  7.4994E-01  7.4993E-01  0.0000E+00  0.0000E+00
  1.2351E-01  4.1200E-01  1.0005E+03  0.0000E+00  0.0000E+00  7.4994E-01  7.4993E-01  0.0000E+00  0.0000E+00
  1.2381E-01  4.1300E-01  1.0005E+03  0.0000E+00  0.0000E+00  7.4994E-01  7.4993E-01  0.0000E+00  0.0000E+00
  1.2411E-01  4.1400E-01  1.0005E+03  0.0000E+00  0.0000E+00  7.4994E-01  7.4993E-01  0.0000E+00  0.0000E+00
  1.2441E-01  4.1500E-01  1.0005E+03  0.0000E+00  0.0000E+00  7.4994E-01  7.4993E-01  0.0000E+00  0.0000E+00
  1.2471E-01  4.1600E-01  1.0005E+03  0.0000E+00  0.0000E+00  7.4994E-01  7.4993E-01  0.0000E+00  0.0000E+00
  1.2501E-01  4.1700E-01  1.0005E+03  0.0000E+00  0.0000E+00  7.4994E-01  7.4993E-01  0.0000E+00  0.0000E+00
  1.2531E-01  4.1800E-01  1.0005E+03  0.0000E+00  0.0000E+00  7.4994E-01  7.4993E-01  0.0000E+00  0.0000E+00
  1.2561E-01  4.1900E-01  1.0005E+03  0.0000E+00  0.0000E+00  7.4994E-01  7.4993E-01  0.0000E+00  0.0000E+00
  1.2591E-01  4.2000E-01  1.0005E+03  0.0000E+00  0.0000E+00  7.4994E-01  7.4993E-01  0.0000E+00  0.0000E+00
  1.2621E-01  4.2100E-01  1.0005E+03  0.0000E+00  0.0000E+00  7.4994E-01  7.4993E-01  0.0000E+00  0.0000E+00
  1.2651E-01  4.2200E-01  1.0005E+03  0.0000E+00  0.0000E+00  7.4994E-01  7.4993E-01  0.0000E+00  0.0000E+00
  1.2681E-01  4.2300E-01  1.0005E+03  0.0000E+00  0.0000E+00  7.4994E-01  7.4993E-01  0.0000E+00  0.0000E+00
  1.2711E-01  4.2400E-01  1.0005E+03  0.0000E+00  0.0000E+00  7.4994E-01  7.4993E-01  0.0000E+00  0.0000E+00
  1.2741E-01  4.2500E-01  1.0005E+03  0.0000E+00  0.0000E+00  7.4994E-01  7.4993E-01  0.0000E+00  0.0000E+00
  1.2771E-01  4.2600E-01  1.0005E+03  0.0000E+00  0.0000E+00  7.4994E-01  7.4993E-01  0.0000E+00  0.0000E+00
  1.2801E-01  4.2700E-01  1.0005E+03  0.0000E+00  0.0000E+00  7.4994E-01  7.4993E-01  0.0000E+00  0.0000E+00
  1.2831E-01  4.2800E-01  1.0005E+03  0.0000E+00  0.0000E+00  7.4994E-01  7.4993E-01  0.0000E+00  0.0000E+00
  1.2861E-01  4.2900E-01  1.0005E+03  0.0000E+00  0.0000E+00  7.4994E-01  7.4993E-01  0.0000E+00  0.0000E+00
  1.2891E-01  4.3000E-01  1.0005E+03  0.0000E+00  0.0000E+00  7.4994E-01  7.4993E-01  0.0000E+00  0.0000E+00
  1.2921E-01  4.3100E-01  1.0005E+03  0.0000E+00  0.0000E+00  7.4994E-01  7.4993E-01  0.0000E+00  0.0000E+00
  1.2951E-01  4.3200E-01  1.0005E+03  0.0000E+00  0.0000E+00  7.4994E-01  7.4993E-01  0.0000E+00  0.0000E+00
  1.2981E-01  4.3300E-01  1.0005E+03  0.0000E+00  0.0000E+00  7.4994E-01  7.4993E-01  0.0000E+00  0.0000E+00
  1.3011E-01  4.3400E-01  1.0005E+03  0.0000E+00  0.0000E+00  7.4994E-01  7.4993E-01  0.0000E+00  0.0000E+00
  1.3041E-01  4.3500E-01  1.0005E+03  0.0000E+00  0.0000E+00  7.4994E-01  7.4993E-01  0.0000E+00  0.0000E+00
  1.3071E-01  4.3600E-01  1.0005E+03  0.0000E+00  0.0000E+00  7.4994E-01  7.4993E-01  0.0000E+00  0.0000E+00
  1.3101E-01  4.3700E-01  1.0005E+03  0.0000E+00  0.0000E+00  7.4994E-01  7.4993E-01  0.0000E+00  0.0000E+00
  1.3131E-01  4.3800E-01  1.0005E+03  0.0000E+00  0.0000E+00  7.4994E-01  7.4993E-01  0.0000E+00  0.0000E+00
  1.3161E-01  4.3900E-01  1.0005E+03  0.0000E+00  0.0000E+00  7.4994E-01  7.4993E-01  0.0000E+00  0.0000E+00
  1.3191E-01  4.4000E-01  1.0005E+03  0.0000E+00  0.0000E+00  7.4994E-01  7.4993E-01  0.0000E+00  0.0000E+00
  1.3221E-01  4.4100E-01  1.0005E+03  0.0000E+00  0.0000E+00  7.4994E-01  7.4993E-01  0.0000E+00  0.0000E+00
  1.3251E-01  4.4200E-01  1.0005E+03  0.0000E+00  0.0000E+00  7.4994E-01  7.4993E-01  0.0000E+00  0.0000E+00
  1.3281E-01  4.4300E-01  1.0005E+03  0.0000E+00  0.0000E+00  7.4994E-01  7.4993E-01  0.0000E+00  0.0000E+00
  1.3311E-01  4.4400E-01  1.0005E+03  0.0000E+00  0.0000E+00  7.4994E-01  7.4993E-01  0.0000E+00  0.0000E+00
  1.3341E-01  4.4500E-01  1.0005E+03  0.0000E+00  0.0000E+00  7.4994E-01  7.4993E-01  0.0000E+00  0.0000E+00
  1.3371E-01  4.4600E-01  1.0005E+03  0.0000E+00  0.0000E+00  7.4994E-01  7.4993E-01  0.0000E+00  0.0000E+00
  1.3401E-01  4.4700E-01  1.0005E+03  0.0000E+00  0.0000E+00  7.4994E-01  7.4993E-01  0.0000E+00  0.0000E+00
  1.3431E-01  4.4800E-01  1.0005E+03  0.0000E+00  0.0000E+00  7.4994E-01  7.4993E-01  0.0000E+00  0.0000E+00
  1.3461E-01  4.4900E-01  1.0005E+03  0.0000E+00  0.0000E+00  7.4994E-01  7.4993E-01  0.0000E+00  0.0000E+00
  1.3491E-01  4.5000E-01  1.0005E+03  0.0000E+00  0.0000E+00  7.4994E-01  7.4993E-01  0.0000E+00  0.0000E+00
  1.3521E-01  4.5100E-01  1.0005E+03  0.0000E+00  0.0000E+00  7.4994E-01  7.4993E-01  0.0000E+00  0.0000E+00
  1.3551E-01  4.5200E-01  1.0005E+03  0.0000E+00  0.0000E+00  7.4994E-01  7.4993E-01  0.0000E+00  0.0000E+00
  1.3581E-01  4.5300E-01  1.0005E+03  0.0000E+00  0.0000E+00  7.4994E-01  7.4993E-01  0.0000E+00  0.0000E+00
  1.3611E-01  4.5400E-01  1.0005E+03  0.0000E+00  0.0000E+00  7.4994E-01  7.4993E-01  0.0000E+00  0.0000E+00
  1.3641E-01  4.5500E-01  1.0005E+03  0.0000E+00  0.0000E+00  7.4994E-01  7.4993E-01  0.0000E+00  0.0000E+00
  1.3671E-01  4.5600E-01  1.0005E+03  0.0000E+00  0.0000E+00  7.4994E-01  7.4993E-01  0.0000E+00  0.0000E+00
  1.3701E-01  4.5700E-01  1.0005E+03  0.0000E+00  0.0000E+00  7.4994E-01  7.4993E-01  0.0000E+00  0.0000E+00
  1.3730E-01  4.5800E-01  1.0005E+03  0.0000E+00  0.0000E+00  7.4994E-01  7.4993E-01  0.0000E+00  0.0000E+00
  1.3760E-01  4.5900E-01  1.0005E+03  0.0000E+00  0.0000E+00  7.4994E-01  7.4993E-01  0.0000E+00  0.0000E+00
  1.3790E-01  4.6000E-01  1.0005E+03  0.0000E+00  0.0000E+00  7.4994E-01  7.4993E-01  0.0000E+00  0.0000E+00
  1.3820E-01  4.6100E-01  1.0005E+03  0.0000E+00  0.0000E+00  7.4994E-01  7.4993E-01  0.0000E+00  0.0000E+00
  1.3850E-01  4.6200E-01  1.0005E+03  0.0000E+00  0.0000E+00  7.4994E-01  7.4993E-01  0.0000E+00  0.0000E+00
  1.3880E-01  4.6300E-01  1.0005E+03  0.0000E+00  0.0000E+00  7.4994E-01  7.4993E-01  0.0000E+00  0.0000E+00
  1.3910E-01  4.6400E-01  1.0005E+03  0.0000E+00  0.0000E+00  7.4994E-01  7.4993E-01  0.0000E+00  0.0000E+00
  1.3940E-01  4.6500E-01  1.0005E+03  0.0000E+00  0.0000E+00  7.4994E-01  7.4993E-01  0.0000E+00  0.0000E+00
  1.3970E-01  4.6600E-01  1.0005E+03  0.0000E+00  0.0000E+00  7.4994E-01  7.4993E-01  0.0000E+00  0.0000E+00
  1.4000E-01  4.6700E-01  1.0005E+03  0.0000E+00  0.0000E+00  7.4994E-01  7.4993E-01  0.0000E+00  0.0000E+00
  1.4030E-01  4.6800E-01  1.0005E+03  0.0000E+00  0.0000E+00  7.4994E-01  7.4993E-01  0.0000E+00  0.0000E+00
  1.4060E-01  4.6900E-01  1.0005E+03  0.0000E+00  0.0000E+00  7.4994E-01  7.4993E-01  0.0000E+00  0.0000E+00
  1.4090E-01  4.7000E-01  1.0005E+03  0.0000E+00  0.0000E+00  7.4994E-01  7.4993E-01  0.0000E+00  0.0000E+00
  1.4120E-01  4.7100E-01  1.0005E+03  0.0000E+00  0.0000E+00  7.4994E-01  7.4993E-01  0.0000E+00  0.0000E+00
  1.4150E-01  4.7200E-01  1.0005E+03  0.0000E+00  0.0000E+00  7.4994E-01  7.4993E-01  0.0000E+00  0.0000E+00
  1.4180E-01  4.7300E-01  1.0005E+03  0.0000E+00  0.0000E+00  7.4994E-01  7.4993E-01  0.0000E+00  0.0000E+00
  1.4210E-01  4.7400E-01  1.0005E+03  0.0000E+00  0.0000E+00  7.4994E-01  7.4993E-01  0.0000E+00  0.0000E+00
  1.4240E-01  4.7500E-01  1.0005E+03  0.0000E+00  0.0000E+00  7.4994E-01  7.4993E-01  0.0000E+00  0.0000E+00
  1.4270E-01  4.7600E-01  1.0005E+03  0.0000E+00  0.0000E+00  7.4994E-01  7.4993E-01  0.0000E+00  0.0000E+00
  1.4300E-01  4.7700E-01  1.0005E+03  0.0000E+00  0.0000E+00  7.4994E-01  7.4993E-01  0.0000E+00  0.0000E+00
  1.4330E-01  4.7800E-01  1.0005E+03  0.0000E+00  0.0000E+00  7.4994E-01  7.4993E-01  0.0000E+00  0.0000E+00
  1.4360E-01  4.7900E-01  1.0005E+03  0.0000E+00  0.0000E+00  7.4994E-01  7.4993E-01  0.0000E+00  0.0000E+00
  1.4390E-01  4.8000E-01  1.0005E+03  0.0000E+00  0.0000E+00  7.4994E-01  7.4993E-01  0.0000E+00  0.0000E+00
  1.4420E-01  4.8100E-01  1.0005E+03  0.0000E+00  0.0000E+00  7.4994E-01  7.4993E-01  0.0000E+00  0.0000E+00
  1.4450E-01  4.8200E-01  1.0005E+03  0.0000E+00  0.0000E+00  7.4994E-01  7.4993E-01  0.0000E+00  0.0000E+00
  1.4480E-01  4.8300E-01  1.0005E+03  0.0000E+00  0.0000E+00  7.4994E-01  7.4993E-01  0.0000E+00  0.0000E+00
  1.4510E-01  4.8400E-01  1.0005E+03  0.0000E+00  0.0000E+00  7.4994E-01  7.4993E-01  0.0000E+00  0.0000E+00
  1.4540E-01  4.8500E-01  1.0005E+03  0.0000E+00  0.0000E+00  7.4994E-01  7.4993E-01  0.0000E+00  0.0000E+00
  1.4570E-01  4.8600E-01  1.0005E+03  0.0000E+00  0.0000E+00  7.4994E-01  7.4993E-01  0.0000E+00  0.0000E+00
  1.4600E-01  4.8700E-01  1.0005E+03  0.0000E+00  0.0000E+00  7.4994E-01  7.4993E-01  0.0000E+00  0.0000E+00
  1.4630E-01  4.8800E-01  1.0005E+03  0.0000E+00  0.0000E+00  7.4994E-01  7.4993E-01  0.0000E+00  0.0000E+00
  1.4660E-01  4.8900E-01  1.0005E+03  0.0000E+00  0.0000E+00  7.4994E-01  7.4993E-01  0.0000E+00  0.0000E+00
  1.4690E-01  4.9000E-01  1.0005E+03  0.0000E+00  0.0000E+00  7.4994E-01  7.4993E-01  0.0000E+00  0.0000E+00
  1.4720E-01  4.9100E-01  1.0005E+03  0.0000E+00  0.0000E+00  7.4994E-01  7.4993E-01  0.0000E+00  0.0000E+00
  1.4750E-01  4.9200E-01  1.0005E+03  0.0000E+00  0.0000E+00  7.4994E-01  7.4993E-01  0.0000E+00  0.0000E+00
  1.4780E-01  4.9300E-01  1.0005E+03  0.0000E+00  0.0000E+00  7.4994E-01  7.4993E-01  0.0000E+00  0.0000E+00
  1.4810E-01  4.9400E-01  1.0005E+03  0.0000E+00  0.0000E+00  7.4994E-01  7.4993E-01  0.0000E+00  0.0000E+00
  1.4840E-01  4.9500E-01  1.0005E+03  0.0000E+00  0.0000E+00  7.4994E-01  7.4993E-01  0.0000E+00  0.0000E+00
  1.4870E-01  4.9600E-01  1.0005E+03  0.0000E+00  0.0000E+00  7.4994E-01  7.4993E-01  0.0000E+00  0.0000E+00
  1.4900E-01  4.9700E-01  1.0005E+03  0.0000E+00  0.0000E+00  7.4994E-01  7.4993E-01  0.0000E+00  0.0000E+00
  1.4930E-01  4.9800E-01  1.0005E+03  0.0000E+00  0.0000E+00  7.4994E-01  7.4993E-01  0.0000E+00  0.0000E+00
  1.4960E-01  4.9900E-01  1.0005E+03  0.0000E+00  0.0000E+00  7.4994E-01  7.4993E-01  0.0000E+00  0.0000E+00
  1.4990E-01  5.0000E-01  1.0005E+03  0.0000E+00  0.0000E+00  7.4994E-01  7.4993E-01  0.0000E+00  0.0000E+00
  1.5020E-01  5.0100E-01  1.0005E+03  0.0000E+00  0.0000E+00  7.4994E-01  7.4993E-01  0.0000E+00  0.0000E+00
  1.5050E-01  5.0200E-01  1.0005E+03  0.0000E+00  0.0000E+00  7.4994E-01  7.4993E-01  0.0000E+00  0.0000E+00
  1.5080E-01  5.0300E-01  1.0005E+03  0.0000E+00  0.0000E+00  7.4994E-01  7.4993E-01  0.0000E+00  0.0000E+00
  1.5110E-01  5.0400E-01  1.0005E+03  0.0000E+00  0.0000E+00  7.4994E-01  7.4993E-01  0.0000E+00  0.0000E+00
  1.5140E-01  5.0500E-01  1.0005E+03  0.0000E+00  0.0000E+00  7.4994E-01  7.4993E-01  0.0000E+00  0.0000E+00
  1.5169E-01  5.0600E-01  1.0005E+03  0.0000E+00  0.0000E+00  7.4994E-01  7.4993E-01  0.0000E+00  0.0000E+00
  1.5199E-01  5.0700E-01  1.0005E+03  0.0000E+00  0.0000E+00  7.4994E-01  7.4993E-01  0.0000E+00  0.0000E+00
  1.5229E-01  5.0800E-01  1.0005E+03  0.0000E+00  0.0000E+00  7.4994E-01  7.4993E-01  0.0000E+00  0.0000E+00
  1.5259E-01  5.0900E-01  1.0005E+03  0.0000E+00  0.0000E+00  7.4994E-01  7.4993E-01  0.0000E+00  0.0000E+00
  1.5289E-01  5.1000E-01  1.0005E+03  0.0000E+00  0.0000E+00  7.4994E-01  7.4993E-01  0.0000E+00  0.0000E+00
  1.5319E-01  5.1100E-01  1.0005E+03  0.0000E+00  0.0000E+00  7.4994E-01  7.4993E-01  0.0000E+00  0.0000E+00
  1.5349E-01  5.1200E-01  1.0005E+03  0.0000E+00  0.0000E+00  7.4994E-01  7.4993E-01  0.0000E+00  0.0000E+00
  1.5379E-01  5.1300E-01  1.0005E+03  0.0000E+00  0.0000E+00  7.4994E-01  7.4993E-01  0.0000E+00  0.0000E+00
  1.5409E-01  5.1400E-01  1.0005E+03  0.0000E+00  0.0000E+00  7.4994E-01  7.4993E-01  0.0000E+00  0.0000E+00
  1.5439E-01  5.1500E-01  1.0005E+03  0.0000E+00  0.0000E+00  7.4994E-01  7.4993E-01  0.0000E+00  0.0000E+00
  1.5469E-01  5.1600E-01  1.0005E+03  0.0000E+00  0.0000E+00  7.4994E-01  7.4993E-01  0.0000E+00  0.0000E+00
  1.5499E-01  5.1700E-01  1.0005E+03  0.0000E+00  0.0000E+00  7.4994E-01  7.4993E-01  0.0000E+00  0.0000E+00
  1.5529E-01  5.1800E-01  1.0005E+03  0.0000E+00  0.0000E+00  7.4994E-01  7.4993E-01  0.0000E+00  0.0000E+00
  1.5559E-01  5.1900E-01  1.0005E+03  0.0000E+00  0.0000E+00  7.4994E-01  7.4993E-01  0.0000E+00  0.0000E+00
  1.5589E-01  5.2000E-01  1.0005E+03  0.0000E+00  0.0000E+00  7.4994E-01  7.4993E-01  0.0000E+00  0.0000E+00
  1.5619E-01  5.2100E-01  1.0005E+03  0.0000E+00  0.0000E+00  7.4994E-01  7.4993E-01  0.0000E+00  0.0000E+00
  1.5649E-01  5.2200E-01  1.0005E+03  0.0000E+00  0.0000E+00  7.4994E-01  7.4993E-01  0.0000E+00  0.0000E+00
  1.5679E-01  5.2300E-01  1.0005E+03  0.0000E+00  0.0000E+00  7.4994E-01  7.4993E-01  0.0000E+00  0.0000E+00
  1.5709E-01  5.2400E-01  1.0005E+03  0.0000E+00  0.0000E+00  7.4994E-01  7.4993E-01  0.0000E+00  0.0000E+00
  1.5739E-01  5.2500E-01  1.0005E+03  0.0000E+00  0.0000E+00  7.4994E-01  7.4993E-01  0.0000E+00  0.0000E+00
  1.5769E-01  5.2600E-01  1.0005E+03  0.0000E+00  0.0000E+00  7.4994E-01  7.4993E-01  0.0000E+00  0.0000E+00
  1.5799E-01  5.2700E-01  1.0005E+03  0.0000E+00  0.0000E+00  7.4994E-01  7.4993E-01  0.0000E+00  0.0000E+00
  1.5829E-01  5.2800E-01  1.0005E+03  0.0000E+00  0.0000E+00  7.4994E-01  7.4993E-01  0.0000E+00  0.0000E+00
  1.5859E-01  5.2900E-01  1.0005E+03  0.0000E+00  0.0000E+00  7.4994E-01  7.4993E-01  0.0000E+00  0.0000E+00
  1.5889E-01  5.3000E-01  1.0005E+03  0.0000E+00  0.0000E+00  7.4994E-01  7.4993E-01  0.0000E+00  0.0000E+00
  1.5919E-01  5.3100E-01  1.0005E+03  0.0000E+00  0.0000E+00  7.4994E-01  7.4993E-01  0.0000E+00  0.0000E+00
  1.5949E-01  5.3200E-01  1.0005E+03  0.0000E+00  0.0000E+00  7.4994E-01  7.4993E-01  0.0000E+00  0.0000E+00
  1.5979E-01  5.3300E-01  1.0005E+03  0.0000E+00  0.0000E+00  7.4994E-01  7.4993E-01  0.0000E+00  0.0000E+00
  1.6009E-01  5.3400E-01  1.0005E+03  0.0000E+00  0.0000E+00  7.4994E-01  7.4993E-01  0.0000E+00  0.0000E+00
  1.6039E-01  5.3500E-01  1.0005E+03  0.0000E+00  0.0000E+00  7.4994E-01  7.4993E-01  0.0000E+00  0.0000E+00
  1.6069E-01  5.3600E-01  1.0005E+03  0.0000E+00  0.0000E+00  7.4994E-01  7.4993E-01  0.0000E+00  0.0000E+00
  1.6099E-01  5.3700E-01  1.0005E+03  0.0000E+00  0.0000E+00  7.4994E-01  7.4993E-01  0.0000E+00  0.0000E+00
  1.6129E-01  5.3800E-01  1.0005E+03  0.0000E+00  0.0000E+00  7.4994E-01  7.4993E-01  0.0000E+00  0.0000E+00
  1.6159E-01  5.3900E-01  1.0005E+03  0.0000E+00  0.0000E+00  7.4994E-01  7.4993E-01  0.0000E+00  0.0000E+00
  1.6189E-01  5.4000E-01  1.0005E+03  0.0000E+00  0.0000E+00  7.4994E-01  7.4993E-01  0.0000E+00  0.0000E+00
  1.6219E-01  5.4100E-01  1.0005E+03  0.0000E+00  0.0000E+00  7.4994E-01  7.4993E-01  0.0000E+00  0.0000E+00
  1.6249E-01  5.4200E-01  1.0005E+03  0.0000E+00  0.0000E+00  7.4994E-01  7.4993E-01  0.0000E+00  0.0000E+00
  1.6279E-01  5.4300E-01  1.0005E+03  0.0000E+00  0.0000E+00  7.4994E-01  7.4993E-01  0.0000E+00  0.0000E+00
  1.6309E-01  5.4400E-01  1.0005E+03  0.0000E+00  0.0000E+00  7.4994E-01  7.4993E-01  0.0000E+00  0.0000E+00
  1.6339E-01  5.4500E-01  1.0005E+03  0.0000E+00  0.0000E+00  7.4994E-01  7.4993E-01  0.0000E+00  0.0000E+00
  1.6369E-01  5.4600E-01  1.0005E+03  0.0000E+00  0.0000E+00  7.4994E-01  7.4993E-01  0.0000E+00  0.0000E+00
  1.6399E-01  5.4700E-01  1.0005E+03  0.0000E+00  0.0000E+00  7.4994E-01  7.4993E-01  0.0000E+00  0.0000E+00
  1.6429E-01  5.4800E-01  1.0005E+03  0.0000E+00  0.0000E+00  7.4994E-01  7.4993E-01  0.0000E+00  0.0000E+00
  1.6459E-01  5.4900E-01  1.0005E+03  0.0000E+00  0.0000E+00  7.4994E-01  7.4993E-01  0.0000E+00  0.0000E+00
  1.6489E-01  5.5000E-01  1.0005E+03  0.0000E+00  0.0000E+00  7.4994E-01  7.4993E-01  0.0000E+00  0.0000E+00
  1.6519E-01  5.5100E-01  1.0005E+03  0.0000E+00  0.0000E+00  7.4994E-01  7.4993E-01  0.0000E+00  0.0000E+00
  1.6549E-01  5.5200E-01  1.0005E+03  0.0000E+00  0.0000E+00  7.4994E-01  7.4993E-01  0.0000E+00  0.0000E+00
  1.6579E-01  5.5300E-01  1.0005E+03  0.0000E+00  0.0000E+00  7.4994E-01  7.4993E-01  0.0000E+00  0.0000E+00
  1.6609E-01  5.5400E-01  1.0005E+03  0.0000E+00  0.0000E+00  7.4994E-01  7.4993E-01  0.0000E+00  0.0000E+00
  1.6638E-01  5.5500E-01  1.0005E+03  0.0000E+00  0.0000E+00  7.4994E-01  7.4993E-01  0.0000E+00  0.0000E+00
  1.6668E-01  5.5600E-01  1.0005E+03  0.0000E+00  0.0000E+00  7.4994E-01  7.4993E-01  0.0000E+00  0.0000E+00
  1.6698E-01  5.5700E-01  1.0005E+03  0.0000E+00  0.0000E+00  7.4994E-01  7.4993E-01  0.0000E+00  0.0000E+00
  1.6728E-01  5.5800E-01  1.0005E+03  0.0000E+00  0.0000E+00  7.4994E-01  7.4993E-01  0.0000E+00  0.0000E+00
  1.6758E-01  5.5900E-01  1.0005E+03  0.0000E+00  0.0000E+00  7.4994E-01  7.4993E-01  0.0000E+00  0.0000E+00
  1.6788E-01  5.6000E-01  1.0005E+03  0.0000E+00  0.0000E+00  7.4994E-01  7.4993E-01  0.0000E+00  0.0000E+00
  1.6818E-01  5.6100E-01  1.0005E+03  0.0000E+00  0.0000E+00  7.4994E-01  7.4993E-01  0.0000E+00  0.0000E+00
  1.6848E-01  5.6200E-01  1.0005E+03  0.0000E+00  0.0000E+00  7.4994E-01  7.4993E-01  0.0000E+00  0.0000E+00
  1.6878E-01  5.6300E-01  1.0005E+03  0.0000E+00  0.0000E+00  7.4994E-01  7.4993E-01  0.0000E+00  0.0000E+00
  1.6908E-01  5.6400E-01  1.0005E+03  0.0000E+00  0.0000E+00  7.4994E-01  7.4993E-01  0.0000E+00  0.0000E+00
  1.6938E-01  5.6500E-01  1.0005E+03  0.0000E+00  0.0000E+00  7.4994E-01  7.4993E-01  0.0000E+00  0.0000E+00
  1.6968E-01  5.6600E-01  1.0005E+03  0.0000E+00  0.0000E+00  7.4994E-01  7.4993E-01  0.0000E+00  0.0000E+00
  1.6998E-01  5.6700E-01  1.0005E+03  0.0000E+00  0.0000E+00  7.4994E-01  7.4993E-01  0.0000E+00  0.0000E+00
  1.7028E-01  5.6800E-01  1.0005E+03  0.0000E+00  0.0000E+00  7.4994E-01  7.4993E-01  0.0000E+00  0.0000E+00
  1.7058E-01  5.6900E-01  1.0005E+03  0.0000E+00  0.0000E+00  7.4994E-01  7.4993E-01  0.0000E+00  0.0000E+00
  1.7088E-01  5.7000E-01  1.0005E+03  0.0000E+00  0.0000E+00  7.4994E-01  7.4993E-01  0.0000E+00  0.0000E+00
  1.7118E-01  5.7100E-01  1.0005E+03  0.0000E+00  0.0000E+00  7.4994E-01  7.4993E-01  0.0000E+00  0.0000E+00
  1.7148E-01  5.7200E-01  1.0005E+03  0.0000E+00  0.0000E+00  7.4994E-01  7.4993E-01  0.0000E+00  0.0000E+00
  1.7178E-01  5.7300E-01  1.0005E+03  0.0000E+00  0.0000E+00  7.4994E-01  7.4993E-01  0.0000E+00  0.0000E+00
  1.7208E-01  5.7400E-01  1.0005E+03  0.0000E+00  0.0000E+00  7.4994E-01  7.4993E-01  0.0000E+00  0.0000E+00
  1.7238E-01  5.7500E-01  1.0005E+03  0.0000E+00  0.0000E+00  7.4994E-01  7.4993E-01  0.0000E+00  0.0000E+00
  1.7268E-01  5.7600E-01  1.0005E+03  0.0000E+00  0.0000E+00  7.4994E-01  7.4993E-01  0.0000E+00  0.0000E+00
  1.7298E-01  5.7700E-01  1.0005E+03  0.0000E+00  0.0000E+00  7.4994E-01  7.4993E-01  0.0000E+00  0.0000E+00
  1.7328E-01  5.7800E-01  1.0005E+03  0.0000E+00  0.0000E+00  7.4994E-01  7.4993E-01  0.0000E+00  0.0000E+00
  1.7358E-01  5.7900E-01  1.0005E+03  0.0000E+00  0.0000E+00  7.4994E-01  7.4993E-01  0.0000E+00  0.0000E+00
  1.7388E-01  5.8000E-01  1.0005E+03  0.0000E+00  0.0000E+00  7.4994E-01  7.4993E-01  0.0000E+00  0.0000E+00
  1.7418E-01  5.8100E-01  1.0005E+03  0.0000E+00  0.0000E+00  7.4994E-01  7.4993E-01  0.0000E+00  0.0000E+00
  1.7448E-01  5.8200E-01  1.0005E+03  0.0000E+00  0.0000E+00  7.4994E-01  7.4993E-01  0.0000E+00  0.0000E+00
  1.7478E-01  5.8300E-01  1.0005E+03  0.0000E+00  0.0000E+00  7.4994E-01  7.4993E-01  0.0000E+00  0.0000E+00
  1.7508E-01  5.8400E-01  1.0005E+03  0.0000E+00  0.0000E+00  7.4994E-01  7.4993E-01  0.0000E+00  0.0000E+00
  1.7538E-01  5.8500E-01  1.0005E+03  0.0000E+00  0.0000E+00  7.4994E-01  7.4993E-01  0.0000E+00  0.0000E+00
  1.7568E-01  5.8600E-01  1.0005E+03  0.0000E+00  0.0000E+00  7.4994E-01  7.4993E-01  0.0000E+00  0.0000E+00
  1.7598E-01  5.8700E-01  1.0005E+03  0.0000E+00  0.0000E+00  7.4994E-01  7.4993E-01  0.0000E+00  0.0000E+00
  1.7628E-01  5.8800E-01  1.0005E+03  0.0000E+00  0.0000E+00  7.4994E-01  7.4993E-01  0.0000E+00  0.0000E+00
  1.7658E-01  5.8900E-01  1.0005E+03  0.0000E+00  0.0000E+00  7.4994E-01  7.4993E-01  0.0000E+00  0.0000E+00
  1.7688E-01  5.9000E-01  1.0005E+03  0.0000E+00  0.0000E+00  7.4994E-01  7.4993E-01  0.0000E+00  0.0000E+00
  1.7718E-01  5.9100E-01  1.0005E+03  0.0000E+00  0.0000E+00  7.4994E-01  7.4993E-01  0.0000E+00  0.0000E+00
  1.7748E-01  5.9200E-01  1.0005E+03  0.0000E+00  0.0000E+00  7.4994E-01  7.4993E-01  0.0000E+00  0.0000E+00
  1.7778E-01  5.9300E-01  1.0005E+03  0.0000E+00  0.0000E+00  7.4994E-01  7.4993E-01  0.0000E+00  0.0000E+00
  1.7808E-01  5.9400E-01  1.0005E+03  0.0000E+00  0.0000E+00  7.4994E-01  7.4993E-01  0.0000E+00  0.0000E+00
  1.7838E-01  5.9500E-01  1.0005E+03  0.0000E+00  0.0000E+00  7.4994E-01  7.4993E-01  0.0000E+00  0.0000E+00
  1.7868E-01  5.9600E-01  1.0005E+03  0.0000E+00  0.0000E+00  7.4994E-01  7.4993E-01  0.0000E+00  0.0000E+00
  1.7898E-01  5.9700E-01  1.0005E+03  0.0000E+00  0.0000E+00  7.4994E-01  7.4993E-01  0.0000E+00  0.0000E+00
  1.7928E-01  5.9800E-01  1.0005E+03  0.0000E+00  0.0000E+00  7.4994E-01  7.4993E-01  0.0000E+00  0.0000E+00
  1.7958E-01  5.9900E-01  1.0005E+03  0.0000E+00  0.0000E+00  7.4994E-01  7.4993E-01  0.0000E+00  0.0000E+00
  1.7988E-01  6.0000E-01  1.0005E+03  0.0000E+00  0.0000E+00  7.4994E-01  7.4993E-01  0.0000E+00  0.0000E+00
  1.8018E-01  6.0100E-01  1.0005E+03  0.0000E+00  0.0000E+00  7.4994E-01  7.4993E-01  0.0000E+00  0.0000E+00
  1.8048E-01  6.0200E-01  1.0005E+03  0.0000E+00  0.0000E+00  7.4994E-01  7.4993E-01  0.0000E+00  0.0000E+00
  1.8077E-01  6.0300E-01  1.0005E+03  0.0000E+00  0.0000E+00  7.4994E-01  7.4993E-01  0.0000E+00  0.0000E+00
  1.8107E-01  6.0400E-01  1.0005E+03  0.0000E+00  0.0000E+00  7.4994E-01  7.4993E-01  0.0000E+00  0.0000E+00
  1.8137E-01  6.0500E-01  1.0005E+03  0.0000E+00  0.0000E+00  7.4994E-01  7.4993E-01  0.0000E+00  0.0000E+00
  1.8167E-01  6.0600E-01  1.0005E+03  0.0000E+00  0.0000E+00  7.4994E-01  7.4993E-01  0.0000E+00  0.0000E+00
  1.8197E-01  6.0700E-01  1.0005E+03  0.0000E+00  0.0000E+00  7.4994E-01  7.4993E-01  0.0000E+00  0.0000E+00
  1.8227E-01  6.0800E-01  1.0005E+03  0.0000E+00  0.0000E+00  7.4994E-01  7.4993E-01  0.0000E+00  0.0000E+00
  1.8257E-01  6.0900E-01  1.0005E+03  0.0000E+00  0.0000E+00  7.4994E-01  7.4993E-01  0.0000E+00  0.0000E+00
  1.8287E-01  6.1000E-01  1.0005E+03  0.0000E+00  0.0000E+00  7.4994E-01  7.4993E-01  0.0000E+00  0.0000E+00
  1.8317E-01  6.1100E-01  1.0005E+03  0.0000E+00  0.0000E+00  7.4994E-01  7.4993E-01  0.0000E+00  0.0000E+00
  1.8347E-01  6.1200E-01  1.0005E+03  0.0000E+00  0.0000E+00  7.4994E-01  7.4993E-01  0.0000E+00  0.0000E+00
  1.8377E-01  6.1300E-01  1.0005E+03  0.0000E+00  0.0000E+00  7.4994E-01  7.4993E-01  0.0000E+00  0.0000E+00
  1.8407E-01  6.1400E-01  1.0005E+03  0.0000E+00  0.0000E+00  7.4994E-01  7.4993E-01  0.0000E+00  0.0000E+00
  1.8437E-01  6.1500E-01  1.0005E+03  0.0000E+00  0.0000E+00  7.4994E-01  7.4993E-01  0.0000E+00  0.0000E+00
  1.8467E-01  6.1600E-01  1.0005E+03  0.0000E+00  0.0000E+00  7.4994E-01  7.4993E-01  0.0000E+00  0.0000E+00
  1.8497E-01  6.1700E-01  1.0005E+03  0.0000E+00  0.0000E+00  7.4994E-01  7.4993E-01  0.0000E+00  0.0000E+00
  1.8527E-01  6.1800E-01  1.0005E+03  0.0000E+00  0.0000E+00  7.4994E-01  7.4993E-01  0.0000E+00  0.0000E+00
  1.8557E-01  6.1900E-01  1.0005E+03  0.0000E+00  0.0000E+00  7.4994E-01  7.4993E-01  0.0000E+00  0.0000E+00
  1.8587E-01  6.2000E-01  1.0005E+03  0.0000E+00  0.0000E+00  7.4994E-01  7.4993E-01  0.0000E+00  0.0000E+00
  1.8617E-01  6.2100E-01  1.0005E+03  0.0000E+00  0.0000E+00  7.4994E-01  7.4993E-01  0.0000E+00  0.0000E+00
  1.8647E-01  6.2200E-01  1.0005E+03  0.0000E+00  0.0000E+00  7.4994E-01  7.4993E-01  0.0000E+00  0.0000E+00
  1.8677E-01  6.2300E-01  1.0005E+03  0.0000E+00  0.0000E+00  7.4994E-01  7.4993E-01  0.0000E+00  0.0000E+00
  1.8707E-01  6.2400E-01  1.0005E+03  0.0000E+00  0.0000E+00  7.4994E-01  7.4993E-01  0.0000E+00  0.0000E+00
  1.8737E-01  6.2500E-01  1.0005E+03  0.0000E+00  0.0000E+00  7.4994E-01  7.4993E-01  0.0000E+00  0.0000E+00
  1.8767E-01  6.2600E-01  1.0005E+03  0.0000E+00  0.0000E+00  7.4994E-01  7.4993E-01  0.0000E+00  0.0000E+00
  1.8797E-01  6.2700E-01  1.0005E+03  0.0000E+00  0.0000E+00  7.4994E-01  7.4993E-01  0.0000E+00  0.0000E+00
  1.8827E-01  6.2800E-01  1.0005E+03  0.0000E+00  0.0000E+00  7.4994E-01  7.4993E-01  0.0000E+00  0.0000E+00
  1.8857E-01  6.2900E-01  1.0005E+03  0.0000E+00  0.0000E+00  7.4994E-01  7.4993E-01  0.0000E+00  0.0000E+00
  1.8887E-01  6.3000E-01  1.0005E+03  0.0000E+00  0.0000E+00  7.4994E-01  7.4993E-01  0.0000E+00  0.0000E+00
  1.8917E-01  6.3100E-01  1.0005E+03  0.0000E+00  0.0000E+00  7.4994E-01  7.4993E-01  0.0000E+00  0.0000E+00
  1.8947E-01  6.3200E-01  1.0005E+03  0.0000E+00  0.0000E+00  7.4994E-01  7.4993E-01  0.0000E+00  0.0000E+00
  1.8977E-01  6.3300E-01  1.0005E+03  0.0000E+00  0.0000E+00  7.4994E-01  7.4993E-01  0.0000E+00  0.0000E+00
  1.9007E-01  6.3400E-01  1.0005E+03  0.0000E+00  0.0000E+00  7.4994E-01  7.4993E-01  0.0000E+00  0.0000E+00
  1.9037E-01  6.3500E-01  1.0005E+03  0.0000E+00  0.0000E+00  7.4994E-01  7.4993E-01  0.0000E+00  0.0000E+00
  1.9067E-01  6.3600E-01  1.0005E+03  0.0000E+00  0.0000E+00  7.4994E-01  7.4993E-01  0.0000E+00  0.0000E+00
  1.9097E-01  6.3700E-01  1.0005E+03  0.0000E+00  0.0000E+00  7.4994E-01  7.4993E-01  0.0000E+00  0.0000E+00
  1.9127E-01  6.3800E-01  1.0005E+03  0.0000E+00  0.0000E+00  7.4994E-01  7.4993E-01  0.0000E+00  0.0000E+00
  1.9157E-01  6.3900E-01  1.0005E+03  0.0000E+00  0.0000E+00  7.4994E-01  7.4993E-01  0.0000E+00  0.0000E+00
  1.9187E-01  6.4000E-01  1.0005E+03  0.0000E+00  0.0000E+00  7.4994E-01  7.4993E-01  0.0000E+00  0.0000E+00
  1.9217E-01  6.4100E-01  1.0005E+03  0.0000E+00  0.0000E+00  7.4994E-01  7.4993E-01  0.0000E+00  0.0000E+00
  1.9247E-01  6.4200E-01  1.0005E+03  0.0000E+00  0.0000E+00  7.4994E-01  7.4993E-01  0.0000E+00  0.0000E+00
  1.9277E-01  6.4300E-01  1.0005E+03  0.0000E+00  0.0000E+00  7.4994E-01  7.4993E-01  0.0000E+00  0.0000E+00
  1.9307E-01  6.4400E-01  1.0005E+03  0.0000E+00  0.0000E+00  7.4994E-01  7.4993E-01  0.0000E+00  0.0000E+00
  1.9337E-01  6.4500E-01  1.0005E+03  0.0000E+00  0.0000E+00  7.4994E-01  7.4993E-01  0.0000E+00  0.0000E+00
  1.9367E-01  6.4600E-01  1.0005E+03  0.0000E+00  0.0000E+00  7.4994E-01  7.4993E-01  0.0000E+00  0.0000E+00
  1.9397E-01  6.4700E-01  1.0005E+03  0.0000E+00  0.0000E+00  7.4994E-01  7.4993E-01  0.0000E+00  0.0000E+00
  1.9427E-01  6.4800E-01  1.0005E+03  0.0000E+00  0.0000E+00  7.4994E-01  7.4993E-01  0.0000E+00  0.0000E+00
  1.9457E-01  6.4900E-01  1.0005E+03  0.0000E+00  0.0000E+00  7.4994E-01  7.4993E-01  0.0000E+00  0.0000E+00
  1.9487E-01  6.5000E-01  1.0005E+03  0.0000E+00  0.0000E+00  7.4994E-01  7.4993E-01  0.0000E+00  0.0000E+00
  1.9516E-01  6.5100E-01  1.0005E+03  0.0000E+00  0.0000E+00  7.4994E-01  7.4993E-01  0.0000E+00  0.0000E+00
  1.9546E-01  6.5200E-01  1.0005E+03  0.0000E+00  0.0000E+00  7.4994E-01  7.4993E-01  0.0000E+00  0.0000E+00
  1.9576E-01  6.5300E-01  1.0005E+03  0.0000E+00  0.0000E+00  7.4994E-01  7.4993E-01  0.0000E+00  0.0000E+00
  1.9606E-01  6.5400E-01  1.0005E+03  0.0000E+00  0.0000E+00  7.4994E-01  7.4993E-01  0.0000E+00  0.0000E+00
  1.9636E-01  6.5500E-01  1.0005E+03  0.0000E+00  0.0000E+00  7.4994E-01  7.4993E-01  0.0000E+00  0.0000E+00
  1.9666E-01  6.5600E-01  1.0005E+03  0.0000E+00  0.0000E+00  7.4994E-01  7.4993E-01  0.0000E+00  0.0000E+00
  1.9696E-01  6.5700E-01  1.0005E+03  0.0000E+00  0.0000E+00  7.4994E-01  7.4993E-01  0.0000E+00  0.0000E+00
  1.9726E-01  6.5800E-01  1.0005E+03  0.0000E+00  0.0000E+00  7.4994E-01  7.4993E-01  0.0000E+00  0.0000E+00
  1.9756E-01  6.5900E-01  1.0005E+03  0.0000E+00  0.0000E+00  7.4994E-01  7.4993E-01  0.0000E+00  0.0000E+00
  1.9786E-01  6.6000E-01  1.0005E+03  0.0000E+00  0.0000E+00  7.4994E-01  7.4993E-01  0.0000E+00  0.0000E+00
  1.9816E-01  6.6100E-01  1.0005E+03  0.0000E+00  0.0000E+00  7.4994E-01  7.4993E-01  0.0000E+00  0.0000E+00
  1.9846E-01  6.6200E-01  1.0005E+03  0.0000E+00  0.0000E+00  7.4994E-01  7.4993E-01  0.0000E+00  0.0000E+00
  1.9876E-01  6.6300E-01  1.0005E+03  0.0000E+00  0.0000E+00  7.4994E-01  7.4993E-01  0.0000E+00  0.0000E+00
  1.9906E-01  6.6400E-01  1.0005E+03  0.0000E+00  0.0000E+00  7.4994E-01  7.4993E-01  0.0000E+00  0.0000E+00
  1.9936E-01  6.6500E-01  1.0005E+03  0.0000E+00  0.0000E+00  7.4994E-01  7.4993E-01  0.0000E+00  0.0000E+00
  1.9966E-01  6.6600E-01  1.0005E+03  0.0000E+00  0.0000E+00  7.4994E-01  7.4993E-01  0.0000E+00  0.0000E+00
  1.9996E-01  6.6700E-01  1.0005E+03  0.0000E+00  0.0000E+00  7.4994E-01  7.4993E-01  0.0000E+00  0.0000E+00
  2.0026E-01  6.6800E-01  1.0005E+03  0.0000E+00  0.0000E+00  7.4994E-01  7.4993E-01  0.0000E+00  0.0000E+00
  2.0056E-01  6.6900E-01  1.0005E+03  0.0000E+00  0.0000E+00  7.4994E-01  7.4993E-01  0.0000E+00  0.0000E+00
  2.0086E-01  6.7000E-01  1.0005E+03  0.0000E+00  0.0000E+00  7.4994E-01  7.4993E-01  0.0000E+00  0.0000E+00
  2.0116E-01  6.7100E-01  1.0005E+03  0.0000E+00  0.0000E+00  7.4994E-01  7.4993E-01  0.0000E+00  0.0000E+00
  2.0146E-01  6.7200E-01  1.0005E+03  0.0000E+00  0.0000E+00  7.4994E-01  7.4993E-01  0.0000E+00  0.0000E+00
  2.0176E-01  6.7300E-01  1.0005E+03  0.0000E+00  0.0000E+00  7.4994E-01  7.4993E-01  0.0000E+00  0.0000E+00
  2.0206E-01  6.7400E-01  1.0005E+03  0.0000E+00  0.0000E+00  7.4994E-01  7.4993E-01  0.0000E+00  0.0000E+00
  2.0236E-01  6.7500E-01  1.0005E+03  0.0000E+00  0.0000E+00  7.4994E-01  7.4993E-01  0.0000E+00  0.0000E+00
  2.0266E-01  6.7600E-01  1.0005E+03  0.0000E+00  0.0000E+00  7.4994E-01  7.4993E-01  0.0000E+00  0.0000E+00
  2.0296E-01  6.7700E-01  1.0005E+03  0.0000E+00  0.0000E+00  7.4994E-01  7.4993E-01  0.0000E+00  0.0000E+00
  2.0326E-01  6.7800E-01  1.0005E+03  0.0000E+00  0.0000E+00  7.4994E-01  7.4993E-01  0.0000E+00  0.0000E+00
  2.0356E-01  6.7900E-01  1.0005E+03  0.0000E+00  0.0000E+00  7.4994E-01  7.4993E-01  0.0000E+00  0.0000E+00
  2.0386E-01  6.8000E-01  1.0005E+03  0.0000E+00  0.0000E+00  7.4994E-01  7.4993E-01  0.0000E+00  0.0000E+00
  2.0416E-01  6.8100E-01  1.0005E+03  0.0000E+00  0.0000E+00  7.4994E-01  7.4993E-01  0.0000E+00  0.0000E+00
  2.0446E-01  6.8200E-01  1.0005E+03  0.0000E+00  0.0000E+00  7.4994E-01  7.4993E-01  0.0000E+00  0.0000E+00
  2.0476E-01  6.8300E-01  1.0005E+03  0.0000E+00  0.0000E+00  7.4994E-01  7.4993E-01  0.0000E+00  0.0000E+00
  2.0506E-01  6.8400E-01  1.0005E+03  0.0000E+00  0.0000E+00  7.4994E-01  7.4993E-01  0.0000E+00  0.0000E+00
  2.0536E-01  6.8500E-01  1.0005E+03  0.0000E+00  0.0000E+00  7.4994E-01  7.4993E-01  0.0000E+00  0.0000E+00
  2.0566E-01  6.8600E-01  1.0005E+03  0.0000E+00  0.0000E+00  7.4994E-01  7.4993E-01  0.0000E+00  0.0000E+00
  2.0596E-01  6.8700E-01  1.0005E+03  0.0000E+00  0.0000E+00  7.4994E-01  7.4993E-01  0.0000E+00  0.0000E+00
  2.0626E-01  6.8800E-01  1.0005E+03  0.0000E+00  0.0000E+00  7.4994E-01  7.4993E-01  0.0000E+00  0.0000E+00
  2.0656E-01  6.8900E-01  1.0005E+03  0.0000E+00  0.0000E+00  7.4994E-01  7.4993E-01  0.0000E+00  0.0000E+00
  2.0686E-01  6.9000E-01  1.0005E+03  0.0000E+00  0.0000E+00  7.4994E-01  7.4993E-01  0.0000E+00  0.0000E+00
  2.0716E-01  6.9100E-01  1.0005E+03  0.0000E+00  0.0000E+00  7.4994E-01  7.4993E-01  0.0000E+00  0.0000E+00
  2.0746E-01  6.9200E-01  1.0005E+03  0.0000E+00  0.0000E+00  7.4994E-01  7.4993E-01  0.0000E+00  0.0000E+00
  2.0776E-01  6.9300E-01  1.0005E+03  0.0000E+00  0.0000E+00  7.4994E-01  7.4993E-01  0.0000E+00  0.0000E+00
  2.0806E-01  6.9400E-01  1.0005E+03  0.0000E+00  0.0000E+00  7.4994E-01  7.4993E-01  0.0000E+00  0.0000E+00
  2.0836E-01  6.9500E-01  1.0005E+03  0.0000E+00  0.0000E+00  7.4994E-01  7.4993E-01  0.0000E+00  0.0000E+00
  2.0866E-01  6.9600E-01  1.0005E+03  0.0000E+00  0.0000E+00  7.4994E-01  7.4993E-01  0.0000E+00  0.0000E+00
  2.0896E-01  6.9700E-01  1.0005E+03  0.0000E+00  0.0000E+00  7.4994E-01  7.4993E-01  0.0000E+00  0.0000E+00
  2.0926E-01  6.9800E-01  1.0005E+03  0.0000E+00  0.0000E+00  7.4994E-01  7.4993E-01  0.0000E+00  0.0000E+00
  2.0955E-01  6.9900E-01  1.0005E+03  0.0000E+00  0.0000E+00  7.4994E-01  7.4993E-01  0.0000E+00  0.0000E+00
  2.0985E-01  7.0000E-01  1.0005E+03  0.0000E+00  0.0000E+00  7.4994E-01  7.4993E-01  0.0000E+00  0.0000E+00
  2.1015E-01  7.0100E-01  1.0005E+03  0.0000E+00  0.0000E+00  7.4994E-01  7.4993E-01  0.0000E+00  0.0000E+00
  2.1045E-01  7.0200E-01  1.0005E+03  0.0000E+00  0.0000E+00  7.4994E-01  7.4993E-01  0.0000E+00  0.0000E+00
  2.1075E-01  7.0300E-01  1.0005E+03  0.0000E+00  0.0000E+00  7.4994E-01  7.4993E-01  0.0000E+00  0.0000E+00
  2.1105E-01  7.0400E-01  1.0005E+03  0.0000E+00  0.0000E+00  7.4994E-01  7.4993E-01  0.0000E+00  0.0000E+00
  2.1135E-01  7.0500E-01  1.0005E+03  0.0000E+00  0.0000E+00  7.4994E-01  7.4993E-01  0.0000E+00  0.0000E+00
  2.1165E-01  7.0600E-01  1.0005E+03  0.0000E+00  0.0000E+00  7.4994E-01  7.4993E-01  0.0000E+00  0.0000E+00
  2.1195E-01  7.0700E-01  1.0005E+03  0.0000E+00  0.0000E+00  7.4994E-01  7.4993E-01  0.0000E+00  0.0000E+00
  2.1225E-01  7.0800E-01  1.0005E+03  0.0000E+00  0.0000E+00  7.4994E-01  7.4993E-01  0.0000E+00  0.0000E+00
  2.1255E-01  7.0900E-01  1.0005E+03  0.0000E+00  0.0000E+00  7.4994E-01  7.4993E-01  0.0000E+00  0.0000E+00
  2.1285E-01  7.1000E-01  1.0005E+03  0.0000E+00  0.0000E+00  7.4994E-01  7.4993E-01  0.0000E+00  0.0000E+00
  2.1315E-01  7.1100E-01  1.0005E+03  0.0000E+00  0.0000E+00  7.4994E-01  7.4993E-01  0.0000E+00  0.0000E+00
  2.1345E-01  7.1200E-01  1.0005E+03  0.0000E+00  0.0000E+00  7.4994E-01  7.4993E-01  0.0000E+00  0.0000E+00
  2.1375E-01  7.1300E-01  1.0005E+03  0.0000E+00  0.0000E+00  7.4994E-01  7.4993E-01  0.0000E+00  0.0000E+00
  2.1405E-01  7.1400E-01  1.0005E+03  0.0000E+00  0.0000E+00  7.4994E-01  7.4993E-01  0.0000E+00  0.0000E+00
  2.1435E-01  7.1500E-01  1.0005E+03  0.0000E+00  0.0000E+00  7.4994E-01  7.4993E-01  0.0000E+00  0.0000E+00
  2.1465E-01  7.1600E-01  1.0005E+03  0.0000E+00  0.0000E+00  7.4994E-01  7.4993E-01  0.0000E+00  0.0000E+00
  2.1495E-01  7.1700E-01  1.0005E+03  0.0000E+00  0.0000E+00  7.4994E-01  7.4993E-01  0.0000E+00  0.0000E+00
  2.1525E-01  7.1800E-01  1.0005E+03  0.0000E+00  0.0000E+00  7.4994E-01  7.4993E-01  0.0000E+00  0.0000E+00
  2.1555E-01  7.1900E-01  1.0005E+03  0.0000E+00  0.0000E+00  7.4994E-01  7.4993E-01  0.0000E+00  0.0000E+00
  2.1585E-01  7.2000E-01  1.0005E+03  0.0000E+00  0.0000E+00  7.4994E-01  7.4993E-01  0.0000E+00  0.0000E+00
  2.1615E-01  7.2100E-01  1.0005E+03  0.0000E+00  0.0000E+00  7.4994E-01  7.4993E-01  0.0000E+00  0.0000E+00
  2.1645E-01  7.2200E-01  1.0005E+03  0.0000E+00  0.0000E+00  7.4994E-01  7.4993E-01  0.0000E+00  0.0000E+00
  2.1675E-01  7.2300E-01  1.0005E+03  0.0000E+00  0.0000E+00  7.4994E-01  7.4993E-01  0.0000E+00  0.0000E+00
  2.1705E-01  7.2400E-01  1.0005E+03  0.0000E+00  0.0000E+00  7.4994E-01  7.4993E-01  0.0000E+00  0.0000E+00
  2.1735E-01  7.2500E-01  1.0005E+03  0.0000E+00  0.0000E+00  7.4994E-01  7.4993E-01  0.0000E+00  0.0000E+00
  2.1765E-01  7.2600E-01  1.0005E+03  0.0000E+00  0.0000E+00  7.4994E-01  7.4993E-01  0.0000E+00  0.0000E+00
  2.1795E-01  7.2700E-01  1.0005E+03  0.0000E+00  0.0000E+00  7.4994E-01  7.4993E-01  0.0000E+00  0.0000E+00
  2.1825E-01  7.2800E-01  1.0005E+03  0.0000E+00  0.0000E+00  7.4994E-01  7.4993E-01  0.0000E+00  0.0000E+00
  2.1855E-01  7.2900E-01  1.0005E+03  0.0000E+00  0.0000E+00  7.4994E-01  7.4993E-01  0.0000E+00  0.0000E+00
  2.1885E-01  7.3000E-01  1.0005E+03  0.0000E+00  0.0000E+00  7.4994E-01  7.4993E-01  0.0000E+00  0.0000E+00
  2.1915E-01  7.3100E-01  1.0005E+03  0.0000E+00  0.0000E+00  7.4994E-01  7.4993E-01  0.0000E+00  0.0000E+00
  2.1945E-01  7.3200E-01  1.0005E+03  0.0000E+00  0.0000E+00  7.4994E-01  7.4993E-01  0.0000E+00  0.0000E+00
  2.1975E-01  7.3300E-01  1.0005E+03  0.0000E+00  0.0000E+00  7.4994E-01  7.4993E-01  0.0000E+00  0.0000E+00
  2.2005E-01  7.3400E-01  1.0005E+03  0.0000E+00  0.0000E+00  7.4994E-01  7.4993E-01  0.0000E+00  0.0000E+00
  2.2035E-01  7.3500E-01  1.0005E+03  0.0000E+00  0.0000E+00  7.4994E-01  7.4993E-01  0.0000E+00  0.0000E+00
  2.2065E-01  7.3600E-01  1.0005E+03  0.0000E+00  0.0000E+00  7.4994E-01  7.4993E-01  0.0000E+00  0.0000E+00
  2.2095E-01  7.3700E-01  1.0005E+03  0.0000E+00  0.0000E+00  7.4994E-01  7.4993E-01  0.0000E+00  0.0000E+00
  2.2125E-01  7.3800E-01  1.0005E+03  0.0000E+00  0.0000E+00  7.4994E-01  7.4993E-01  0.0000E+00  0.0000E+00
  2.2155E-01  7.3900E-01  1.0005E+03  0.0000E+00  0.0000E+00  7.4994E-01  7.4993E-01  0.0000E+00  0.0000E+00
  2.2185E-01  7.4000E-01  1.0005E+03  0.0000E+00  0.0000E+00  7.4994E-01  7.4993E-01  0.0000E+00  0.0000E+00
  2.2215E-01  7.4100E-01  1.0005E+03  0.0000E+00  0.0000E+00  7.4994E-01  7.4993E-01  0.0000E+00  0.0000E+00
  2.2245E-01  7.4200E-01  1.0005E+03  0.0000E+00  0.0000E+00  7.4994E-01  7.4993E-01  0.0000E+00  0.0000E+00
  2.2275E-01  7.4300E-01  1.0005E+03  0.0000E+00  0.0000E+00  7.4994E-01  7.4993E-01  0.0000E+00  0.0000E+00
  2.2305E-01  7.4400E-01  1.0005E+03  0.0000E+00  0.0000E+00  7.4994E-01  7.4993E-01  0.0000E+00  0.0000E+00
  2.2335E-01  7.4500E-01  1.0005E+03  0.0000E+00  0.0000E+00  7.4994E-01  7.4993E-01  0.0000E+00  0.0000E+00
  2.2365E-01  7.4600E-01  1.0005E+03  0.0000E+00  0.0000E+00  7.4994E-01  7.4993E-01  0.0000E+00  0.0000E+00
  2.2394E-01  7.4700E-01  1.0005E+03  0.0000E+00  0.0000E+00  7.4994E-01  7.4993E-01  0.0000E+00  0.0000E+00
  2.2424E-01  7.4800E-01  1.0005E+03  0.0000E+00  0.0000E+00  7.4994E-01  7.4993E-01  0.0000E+00  0.0000E+00
  2.2454E-01  7.4900E-01  1.0005E+03  0.0000E+00  0.0000E+00  7.4994E-01  7.4993E-01  0.0000E+00  0.0000E+00
  2.2484E-01  7.5000E-01  1.0005E+03  0.0000E+00  0.0000E+00  7.4994E-01  7.4993E-01  0.0000E+00  0.0000E+00
  2.2514E-01  7.5100E-01  1.0005E+03  0.0000E+00  0.0000E+00  7.4994E-01  7.4993E-01  0.0000E+00  0.0000E+00
  2.2544E-01  7.5200E-01  1.0005E+03  0.0000E+00  0.0000E+00  7.4994E-01  7.4993E-01  0.0000E+00  0.0000E+00
  2.2574E-01  7.5300E-01  1.0005E+03  0.0000E+00  0.0000E+00  7.4994E-01  7.4993E-01  0.0000E+00  0.0000E+00
  2.2604E-01  7.5400E-01  1.0005E+03  0.0000E+00  0.0000E+00  7.4994E-01  7.4993E-01  0.0000E+00  0.0000E+00
  2.2634E-01  7.5500E-01  1.0005E+03  0.0000E+00  0.0000E+00  7.4994E-01  7.4993E-01  0.0000E+00  0.0000E+00
  2.2664E-01  7.5600E-01  1.0005E+03  0.0000E+00  0.0000E+00  7.4994E-01  7.4993E-01  0.0000E+00  0.0000E+00
  2.2694E-01  7.5700E-01  1.0005E+03  0.0000E+00  0.0000E+00  7.4994E-01  7.4993E-01  0.0000E+00  0.0000E+00
  2.2724E-01  7.5800E-01  1.0005E+03  0.0000E+00  0.0000E+00  7.4994E-01  7.4993E-01  0.0000E+00  0.0000E+00
  2.2754E-01  7.5900E-01  1.0005E+03  0.0000E+00  0.0000E+00  7.4994E-01  7.4993E-01  0.0000E+00  0.0000E+00
  2.2784E-01  7.6000E-01  1.0005E+03  0.0000E+00  0.0000E+00  7.4994E-01  7.4993E-01  0.0000E+00  0.0000E+00
  2.2814E-01  7.6100E-01  1.0005E+03  0.0000E+00  0.0000E+00  7.4994E-01  7.4993E-01  0.0000E+00  0.0000E+00
  2.2844E-01  7.6200E-01  1.0005E+03  0.0000E+00  0.0000E+00  7.4994E-01  7.4993E-01  0.0000E+00  0.0000E+00
  2.2874E-01  7.6300E-01  1.0005E+03  0.0000E+00  0.0000E+00  7.4994E-01  7.4993E-01  0.0000E+00  0.0000E+00
  2.2904E-01  7.6400E-01  1.0005E+03  0.0000E+00  0.0000E+00  7.4994E-01  7.4993E-01  0.0000E+00  0.0000E+00
  2.2934E-01  7.6500E-01  1.0005E+03  0.0000E+00  0.0000E+00  7.4994E-01  7.4993E-01  0.0000E+00  0.0000E+00
  2.2964E-01  7.6600E-01  1.0005E+03  0.0000E+00  0.0000E+00  7.4994E-01  7.4993E-01  0.0000E+00  0.0000E+00
  2.2994E-01  7.6700E-01  1.0005E+03  0.0000E+00  0.0000E+00  7.4994E-01  7.4993E-01  0.0000E+00  0.0000E+00
  2.3024E-01  7.6800E-01  1.0005E+03  0.0000E+00  0.0000E+00  7.4994E-01  7.4993E-01  0.0000E+00  0.0000E+00
  2.3054E-01  7.6900E-01  1.0005E+03  0.0000E+00  0.0000E+00  7.4994E-01  7.4993E-01  0.0000E+00  0.0000E+00
  2.3084E-01  7.7000E-01  1.0005E+03  0.0000E+00  0.0000E+00  7.4994E-01  7.4993E-01  0.0000E+00  0.0000E+00
  2.3114E-01  7.7100E-01  1.0005E+03  0.0000E+00  0.0000E+00  7.4994E-01  7.4993E-01  0.0000E+00  0.0000E+00
  2.3144E-01  7.7200E-01  1.0005E+03  0.0000E+00  0.0000E+00  7.4994E-01  7.4993E-01  0.0000E+00  0.0000E+00
  2.3174E-01  7.7300E-01  1.0005E+03  0.0000E+00  0.0000E+00  7.4994E-01  7.4993E-01  0.0000E+00  0.0000E+00
  2.3204E-01  7.7400E-01  1.0005E+03  0.0000E+00  0.0000E+00  7.4994E-01  7.4993E-01  0.0000E+00  0.0000E+00
  2.3234E-01  7.7500E-01  1.0005E+03  0.0000E+00  0.0000E+00  7.4994E-01  7.4993E-01  0.0000E+00  0.0000E+00
  2.3264E-01  7.7600E-01  1.0005E+03  0.0000E+00  0.0000E+00  7.4994E-01  7.4993E-01  0.0000E+00  0.0000E+00
  2.3294E-01  7.7700E-01  1.0005E+03  0.0000E+00  0.0000E+00  7.4994E-01  7.4993E-01  0.0000E+00  0.0000E+00
  2.3324E-01  7.7800E-01  1.0005E+03  0.0000E+00  0.0000E+00  7.4994E-01  7.4993E-01  0.0000E+00  0.0000E+00
  2.3354E-01  7.7900E-01  1.0005E+03  0.0000E+00  0.0000E+00  7.4994E-01  7.4993E-01  0.0000E+00  0.0000E+00
  2.3384E-01  7.8000E-01  1.0005E+03  0.0000E+00  0.0000E+00  7.4994E-01  7.4993E-01  0.0000E+00  0.0000E+00
  2.3414E-01  7.8100E-01  1.0005E+03  0.0000E+00  0.0000E+00  7.4994E-01  7.4993E-01  0.0000E+00  0.0000E+00
  2.3444E-01  7.8200E-01  1.0005E+03  0.0000E+00  0.0000E+00  7.4994E-01  7.4993E-01  0.0000E+00  0.0000E+00
  2.3474E-01  7.8300E-01  1.0005E+03  0.0000E+00  0.0000E+00  7.4994E-01  7.4993E-01  0.0000E+00  0.0000E+00
  2.3504E-01  7.8400E-01  1.0005E+03  0.0000E+00  0.0000E+00  7.4994E-01  7.4993E-01  0.0000E+00  0.0000E+00
  2.3534E-01  7.8500E-01  1.0005E+03  0.0000E+00  0.0000E+00  7.4994E-01  7.4993E-01  0.0000E+00  0.0000E+00
  2.3564E-01  7.8600E-01  1.0005E+03  0.0000E+00  0.0000E+00  7.4994E-01  7.4993E-01  0.0000E+00  0.0000E+00
  2.3594E-01  7.8700E-01  1.0005E+03  0.0000E+00  0.0000E+00  7.4994E-01  7.4993E-01  0.0000E+00  0.0000E+00
  2.3624E-01  7.8800E-01  1.0005E+03  0.0000E+00  0.0000E+00  7.4994E-01  7.4993E-01  0.0000E+00  0.0000E+00
  2.3654E-01  7.8900E-01  1.0005E+03  0.0000E+00  0.0000E+00  7.4994E-01  7.4993E-01  0.0000E+00  0.0000E+00
  2.3684E-01  7.9000E-01  1.0005E+03  0.0000E+00  0.0000E+00  7.4994E-01  7.4993E-01  0.0000E+00  0.0000E+00
  2.3714E-01  7.9100E-01  1.0005E+03  0.0000E+00  0.0000E+00  7.4994E-01  7.4993E-01  0.0000E+00  0.0000E+00
  2.3744E-01  7.9200E-01  1.0005E+03  0.0000E+00  0.0000E+00  7.4994E-01  7.4993E-01  0.0000E+00  0.0000E+00
  2.3774E-01  7.9300E-01  1.0005E+03  0.0000E+00  0.0000E+00  7.4994E-01  7.4993E-01  0.0000E+00  0.0000E+00
  2.3804E-01  7.9400E-01  1.0005E+03  0.0000E+00  0.0000E+00  7.4994E-01  7.4993E-01  0.0000E+00  0.0000E+00
  2.3833E-01  7.9500E-01  1.0005E+03  0.0000E+00  0.0000E+00  7.4994E-01  7.4993E-01  0.0000E+00  0.0000E+00
  2.3863E-01  7.9600E-01  1.0005E+03  0.0000E+00  0.0000E+00  7.4994E-01  7.4993E-01  0.0000E+00  0.0000E+00
  2.3893E-01  7.9700E-01  1.0005E+03  0.0000E+00  0.0000E+00  7.4994E-01  7.4993E-01  0.0000E+00  0.0000E+00
  2.3923E-01  7.9800E-01  1.0005E+03  0.0000E+00  0.0000E+00  7.4994E-01  7.4993E-01  0.0000E+00  0.0000E+00
  2.3953E-01  7.9900E-01  1.0005E+03  0.0000E+00  0.0000E+00  7.4994E-01  7.4993E-01  0.0000E+00  0.0000E+00
  2.3983E-01  8.0000E-01  1.0005E+03  0.0000E+00  0.0000E+00  7.4994E-01  7.4993E-01  0.0000E+00  0.0000E+00
  2.4013E-01  8.0100E-01  1.0005E+03  0.0000E+00  0.0000E+00  7.4994E-01  7.4993E-01  0.0000E+00  0.0000E+00
  2.4043E-01  8.0200E-01  1.0005E+03  0.0000E+00  0.0000E+00  7.4994E-01  7.4993E-01  0.0000E+00  0.0000E+00
  2.4073E-01  8.0300E-01  1.0005E+03  0.0000E+00  0.0000E+00  7.4994E-01  7.4993E-01  0.0000E+00  0.0000E+00
  2.4103E-01  8.0400E-01  1.0005E+03  0.0000E+00  0.0000E+00  7.4994E-01  7.4993E-01  0.0000E+00  0.0000E+00
  2.4133E-01  8.0500E-01  1.0005E+03  0.0000E+00  0.0000E+00  7.4994E-01  7.4993E-01  0.0000E+00  0.0000E+00
  2.4163E-01  8.0600E-01  1.0005E+03  0.0000E+00  0.0000E+00  7.4994E-01  7.4993E-01  0.0000E+00  0.0000E+00
  2.4193E-01  8.0700E-01  1.0005E+03  0.0000E+00  0.0000E+00  7.4994E-01  7.4993E-01  0.0000E+00  0.0000E+00
  2.4223E-01  8.0800E-01  1.0005E+03  0.0000E+00  0.0000E+00  7.4994E-01  7.4993E-01  0.0000E+00  0.0000E+00
  2.4253E-01  8.0900E-01  1.0005E+03  0.0000E+00  0.0000E+00  7.4994E-01  7.4993E-01  0.0000E+00  0.0000E+00
  2.4283E-01  8.1000E-01  1.0005E+03  0.0000E+00  0.0000E+00  7.4994E-01  7.4993E-01  0.0000E+00  0.0000E+00
  2.4313E-01  8.1100E-01  1.0005E+03  0.0000E+00  0.0000E+00  7.4994E-01  7.4993E-01  0.0000E+00  0.0000E+00
  2.4343E-01  8.1200E-01  1.0005E+03  0.0000E+00  0.0000E+00  7.4994E-01  7.4993E-01  0.0000E+00  0.0000E+00
  2.4373E-01  8.1300E-01  1.0005E+03  0.0000E+00  0.0000E+00  7.4994E-01  7.4993E-01  0.0000E+00  0.0000E+00
  2.4403E-01  8.1400E-01  1.0005E+03  0.0000E+00  0.0000E+00  7.4994E-01  7.4993E-01  0.0000E+00  0.0000E+00
  2.4433E-01  8.1500E-01  1.0005E+03  0.0000E+00  0.0000E+00  7.4994E-01  7.4993E-01  0.0000E+00  0.0000E+00
  2.4463E-01  8.1600E-01  1.0005E+03  0.0000E+00  0.0000E+00  7.4994E-01  7.4993E-01  0.0000E+00  0.0000E+00
  2.4493E-01  8.1700E-01  1.0005E+03  0.0000E+00  0.0000E+00  7.4994E-01  7.4993E-01  0.0000E+00  0.0000E+00
  2.4523E-01  8.1800E-01  1.0005E+03  0.0000E+00  0.0000E+00  7.4994E-01  7.4993E-01  0.0000E+00  0.0000E+00
  2.4553E-01  8.1900E-01  1.0005E+03  0.0000E+00  0.0000E+00  7.4994E-01  7.4993E-01  0.0000E+00  0.0000E+00
  2.4583E-01  8.2000E-01  1.0005E+03  0.0000E+00  0.0000E+00  7.4994E-01  7.4993E-01  0.0000E+00  0.0000E+00
  2.4613E-01  8.2100E-01  1.0005E+03  0.0000E+00  0.0000E+00  7.4994E-01  7.4993E-01  0.0000E+00  0.0000E+00
  2.4643E-01  8.2200E-01  1.0005E+03  0.0000E+00  0.0000E+00  7.4994E-01  7.4993E-01  0.0000E+00  0.0000E+00
  2.4673E-01  8.2300E-01  1.0005E+03  0.0000E+00  0.0000E+00  7.4994E-01  7.4993E-01  0.0000E+00  0.0000E+00
  2.4703E-01  8.2400E-01  1.0005E+03  0.0000E+00  0.0000E+00  7.4994E-01  7.4993E-01  0.0000E+00  0.0000E+00
  2.4733E-01  8.2500E-01  1.0005E+03  0.0000E+00  0.0000E+00  7.4994E-01  7.4993E-01  0.0000E+00  0.0000E+00
  2.4763E-01  8.2600E-01  1.0005E+03  0.0000E+00  0.0000E+00  7.4994E-01  7.4993E-01  0.0000E+00  0.0000E+00
  2.4793E-01  8.2700E-01  1.0005E+03  0.0000E+00  0.0000E+00  7.4994E-01  7.4993E-01  0.0000E+00  0.0000E+00
  2.4823E-01  8.2800E-01  1.0005E+03  0.0000E+00  0.0000E+00  7.4994E-01  7.4993E-01  0.0000E+00  0.0000E+00
  2.4853E-01  8.2900E-01  1.0005E+03  0.0000E+00  0.0000E+00  7.4994E-01  7.4993E-01  0.0000E+00  0.0000E+00
  2.4883E-01  8.3000E-01  1.0005E+03  0.0000E+00  0.0000E+00  7.4994E-01  7.4993E-01  0.0000E+00  0.0000E+00
  2.4913E-01  8.3100E-01  1.0005E+03  0.0000E+00  0.0000E+00  7.4994E-01  7.4993E-01  0.0000E+00  0.0000E+00
  2.4943E-01  8.3200E-01  1.0005E+03  0.0000E+00  0.0000E+00  7.4994E-01  7.4993E-01  0.0000E+00  0.0000E+00
  2.4973E-01  8.3300E-01  1.0005E+03  0.0000E+00  0.0000E+00  7.4994E-01  7.4993E-01  0.0000E+00  0.0000E+00
  2.5003E-01  8.3400E-01  1.0005E+03  0.0000E+00  0.0000E+00  7.4994E-01  7.4993E-01  0.0000E+00  0.0000E+00
  2.5033E-01  8.3500E-01  1.0005E+03  0.0000E+00  0.0000E+00  7.4994E-01  7.4993E-01  0.0000E+00  0.0000E+00
  2.5063E-01  8.3600E-01  1.0005E+03  0.0000E+00  0.0000E+00  7.4994E-01  7.4993E-01  0.0000E+00  0.0000E+00
  2.5093E-01  8.3700E-01  1.0005E+03  0.0000E+00  0.0000E+00  7.4994E-01  7.4993E-01  0.0000E+00  0.0000E+00
  2.5123E-01  8.3800E-01  1.0005E+03  0.0000E+00  0.0000E+00  7.4994E-01  7.4993E-01  0.0000E+00  0.0000E+00
  2.5153E-01  8.3900E-01  1.0005E+03  0.0000E+00  0.0000E+00  7.4994E-01  7.4993E-01  0.0000E+00  0.0000E+00
  2.5183E-01  8.4000E-01  1.0005E+03  0.0000E+00  0.0000E+00  7.4994E-01  7.4993E-01  0.0000E+00  0.0000E+00
  2.5213E-01  8.4100E-01  1.0005E+03  0.0000E+00  0.0000E+00  7.4994E-01  7.4993E-01  0.0000E+00  0.0000E+00
  2.5243E-01  8.4200E-01  1.0005E+03  0.0000E+00  0.0000E+00  7.4994E-01  7.4993E-01  0.0000E+00  0.0000E+00
  2.5273E-01  8.4300E-01  1.0005E+03  0.0000E+00  0.0000E+00  7.4994E-01  7.4993E-01  0.0000E+00  0.0000E+00
  2.5302E-01  8.4400E-01  1.0005E+03  0.0000E+00  0.0000E+00  7.4994E-01  7.4993E-01  0.0000E+00  0.0000E+00
  2.5332E-01  8.4500E-01  1.0005E+03  0.0000E+00  0.0000E+00  7.4994E-01  7.4993E-01  0.0000E+00  0.0000E+00
  2.5362E-01  8.4600E-01  1.0005E+03  0.0000E+00  0.0000E+00  7.4994E-01  7.4993E-01  0.0000E+00  0.0000E+00
  2.5392E-01  8.4700E-01  1.0005E+03  0.0000E+00  0.0000E+00  7.4994E-01  7.4993E-01  0.0000E+00  0.0000E+00
  2.5422E-01  8.4800E-01  1.0005E+03  0.0000E+00  0.0000E+00  7.4994E-01  7.4993E-01  0.0000E+00  0.0000E+00
  2.5452E-01  8.4900E-01  1.0005E+03  0.0000E+00  0.0000E+00  7.4994E-01  7.4993E-01  0.0000E+00  0.0000E+00
  2.5482E-01  8.5000E-01  1.0005E+03  0.0000E+00  0.0000E+00  7.4994E-01  7.4993E-01  0.0000E+00  0.0000E+00
  2.5512E-01  8.5100E-01  1.0005E+03  0.0000E+00  0.0000E+00  7.4994E-01  7.4993E-01  0.0000E+00  0.0000E+00
  2.5542E-01  8.5200E-01  1.0005E+03  0.0000E+00  0.0000E+00  7.4994E-01  7.4993E-01  0.0000E+00  0.0000E+00
  2.5572E-01  8.5300E-01  1.0005E+03  0.0000E+00  0.0000E+00  7.4994E-01  7.4993E-01  0.0000E+00  0.0000E+00
  2.5602E-01  8.5400E-01  1.0005E+03  0.0000E+00  0.0000E+00  7.4994E-01  7.4993E-01  0.0000E+00  0.0000E+00
  2.5632E-01  8.5500E-01  1.0005E+03  0.0000E+00  0.0000E+00  7.4994E-01  7.4993E-01  0.0000E+00  0.0000E+00
  2.5662E-01  8.5600E-01  1.0005E+03  0.0000E+00  0.0000E+00  7.4994E-01  7.4993E-01  0.0000E+00  0.0000E+00
  2.5692E-01  8.5700E-01  1.0005E+03  0.0000E+00  0.0000E+00  7.4994E-01  7.4993E-01  0.0000E+00  0.0000E+00
  2.5722E-01  8.5800E-01  1.0005E+03  0.0000E+00  0.0000E+00  7.4994E-01  7.4993E-01  0.0000E+00  0.0000E+00
  2.5752E-01  8.5900E-01  1.0005E+03  0.0000E+00  0.0000E+00  7.4994E-01  7.4993E-01  0.0000E+00  0.0000E+00
  2.5782E-01  8.6000E-01  1.0005E+03  0.0000E+00  0.0000E+00  7.4994E-01  7.4993E-01  0.0000E+00  0.0000E+00
  2.5812E-01  8.6100E-01  1.0005E+03  0.0000E+00  0.0000E+00  7.4994E-01  7.4993E-01  0.0000E+00  0.0000E+00
  2.5842E-01  8.6200E-01  1.0005E+03  0.0000E+00  0.0000E+00  7.4994E-01  7.4993E-01  0.0000E+00  0.0000E+00
  2.5872E-01  8.6300E-01  1.0005E+03  0.0000E+00  0.0000E+00  7.4994E-01  7.4993E-01  0.0000E+00  0.0000E+00
  2.5902E-01  8.6400E-01  1.0005E+03  0.0000E+00  0.0000E+00  7.4994E-01  7.4993E-01  0.0000E+00  0.0000E+00
  2.5932E-01  8.6500E-01  1.0005E+03  0.0000E+00  0.0000E+00  7.4994E-01  7.4993E-01  0.0000E+00  0.0000E+00
  2.5962E-01  8.6600E-01  1.0005E+03  0.0000E+00  0.0000E+00  7.4994E-01  7.4993E-01  0.0000E+00  0.0000E+00
  2.5992E-01  8.6700E-01  1.0005E+03  0.0000E+00  0.0000E+00  7.4994E-01  7.4993E-01  0.0000E+00  0.0000E+00
  2.6022E-01  8.6800E-01  1.0005E+03  0.0000E+00  0.0000E+00  7.4994E-01  7.4993E-01  0.0000E+00  0.0000E+00
  2.6052E-01  8.6900E-01  1.0005E+03  0.0000E+00  0.0000E+00  7.4994E-01  7.4993E-01  0.0000E+00  0.0000E+00
  2.6082E-01  8.7000E-01  1.0005E+03  0.0000E+00  0.0000E+00  7.4994E-01  7.4993E-01  0.0000E+00  0.0000E+00
  2.6112E-01  8.7100E-01  1.0005E+03  0.0000E+00  0.0000E+00  7.4994E-01  7.4993E-01  0.0000E+00  0.0000E+00
  2.6142E-01  8.7200E-01  1.0005E+03  0.0000E+00  0.0000E+00  7.4994E-01  7.4993E-01  0.0000E+00  0.0000E+00
  2.6172E-01  8.7300E-01  1.0005E+03  0.0000E+00  0.0000E+00  7.4994E-01  7.4993E-01  0.0000E+00  0.0000E+00
  2.6202E-01  8.7400E-01  1.0005E+03  0.0000E+00  0.0000E+00  7.4994E-01  7.4993E-01  0.0000E+00  0.0000E+00
  2.6232E-01  8.7500E-01  1.0005E+03  0.0000E+00  0.0000E+00  7.4994E-01  7.4993E-01  0.0000E+00  0.0000E+00
  2.6262E-01  8.7600E-01  1.0005E+03  0.0000E+00  0.0000E+00  7.4994E-01  7.4993E-01  0.0000E+00  0.0000E+00
  2.6292E-01  8.7700E-01  1.0005E+03  0.0000E+00  0.0000E+00  7.4994E-01  7.4993E-01  0.0000E+00  0.0000E+00
  2.6322E-01  8.7800E-01  1.0005E+03  0.0000E+00  0.0000E+00  7.4994E-01  7.4993E-01  0.0000E+00  0.0000E+00
  2.6352E-01  8.7900E-01  1.0005E+03  0.0000E+00  0.0000E+00  7.4994E-01  7.4993E-01  0.0000E+00  0.0000E+00
  2.6382E-01  8.8000E-01  1.0005E+03  0.0000E+00  0.0000E+00  7.4994E-01  7.4993E-01  0.0000E+00  0.0000E+00
  2.6412E-01  8.8100E-01  1.0005E+03  0.0000E+00  0.0000E+00  7.4994E-01  7.4993E-01  0.0000E+00  0.0000E+00
  2.6442E-01  8.8200E-01  1.0005E+03  0.0000E+00  0.0000E+00  7.4994E-01  7.4993E-01  0.0000E+00  0.0000E+00
  2.6472E-01  8.8300E-01  1.0005E+03  0.0000E+00  0.0000E+00  7.4994E-01  7.4993E-01  0.0000E+00  0.0000E+00
  2.6502E-01  8.8400E-01  1.0005E+03  0.0000E+00  0.0000E+00  7.4994E-01  7.4993E-01  0.0000E+00  0.0000E+00
  2.6532E-01  8.8500E-01  1.0005E+03  0.0000E+00  0.0000E+00  7.4994E-01  7.4993E-01  0.0000E+00  0.0000E+00
  2.6562E-01  8.8600E-01  1.0005E+03  0.0000E+00  0.0000E+00  7.4994E-01  7.4993E-01  0.0000E+00  0.0000E+00
  2.6592E-01  8.8700E-01  1.0005E+03  0.0000E+00  0.0000E+00  7.4994E-01  7.4993E-01  0.0000E+00  0.0000E+00
  2.6622E-01  8.8800E-01  1.0005E+03  0.0000E+00  0.0000E+00  7.4994E-01  7.4993E-01  0.0000E+00  0.0000E+00
  2.6652E-01  8.8900E-01  1.0005E+03  0.0000E+00  0.0000E+00  7.4994E-01  7.4993E-01  0.0000E+00  0.0000E+00
  2.6682E-01  8.9000E-01  1.0005E+03  0.0000E+00  0.0000E+00  7.4994E-01  7.4993E-01  0.0000E+00  0.0000E+00
  2.6712E-01  8.9100E-01  1.0005E+03  0.0000E+00  0.0000E+00  7.4994E-01  7.4993E-01  0.0000E+00  0.0000E+00
  2.6741E-01  8.9200E-01  1.0005E+03  0.0000E+00  0.0000E+00  7.4994E-01  7.4993E-01  0.0000E+00  0.0000E+00
  2.6771E-01  8.9300E-01  1.0005E+03  0.0000E+00  0.0000E+00  7.4994E-01  7.4993E-01  0.0000E+00  0.0000E+00
  2.6801E-01  8.9400E-01  1.0005E+03  0.0000E+00  0.0000E+00  7.4994E-01  7.4993E-01  0.0000E+00  0.0000E+00
  2.6831E-01  8.9500E-01  1.0005E+03  0.0000E+00  0.0000E+00  7.4994E-01  7.4993E-01  0.0000E+00  0.0000E+00
  2.6861E-01  8.9600E-01  1.0005E+03  0.0000E+00  0.0000E+00  7.4994E-01  7.4993E-01  0.0000E+00  0.0000E+00
  2.6891E-01  8.9700E-01  1.0005E+03  0.0000E+00  0.0000E+00  7.4994E-01  7.4993E-01  0.0000E+00  0.0000E+00
  2.6921E-01  8.9800E-01  1.0005E+03  0.0000E+00  0.0000E+00  7.4994E-01  7.4993E-01  0.0000E+00  0.0000E+00
  2.6951E-01  8.9900E-01  1.0005E+03  0.0000E+00  0.0000E+00  7.4994E-01  7.4993E-01  0.0000E+00  0.0000E+00
  2.6981E-01  9.0000E-01  1.0005E+03  0.0000E+00  0.0000E+00  7.4994E-01  7.4993E-01  0.0000E+00  0.0000E+00
  2.7011E-01  9.0100E-01  1.0005E+03  0.0000E+00  0.0000E+00  7.4994E-01  7.4993E-01  0.0000E+00  0.0000E+00
  2.7041E-01  9.0200E-01  1.0005E+03  0.0000E+00  0.0000E+00  7.4994E-01  7.4993E-01  0.0000E+00  0.0000E+00
  2.7071E-01  9.0300E-01  1.0005E+03  0.0000E+00  0.0000E+00  7.4994E-01  7.4993E-01  0.0000E+00  0.0000E+00
  2.7101E-01  9.0400E-01  1.0005E+03  0.0000E+00  0.0000E+00  7.4994E-01  7.4993E-01  0.0000E+00  0.0000E+00
  2.7131E-01  9.0500E-01  1.0005E+03  0.0000E+00  0.0000E+00  7.4994E-01  7.4993E-01  0.0000E+00  0.0000E+00
  2.7161E-01  9.0600E-01  1.0005E+03  0.0000E+00  0.0000E+00  7.4994E-01  7.4993E-01  0.0000E+00  0.0000E+00
  2.7191E-01  9.0700E-01  1.0005E+03  0.0000E+00  0.0000E+00  7.4994E-01  7.4993E-01  0.0000E+00  0.0000E+00
  2.7221E-01  9.0800E-01  1.0005E+03  0.0000E+00  0.0000E+00  7.4994E-01  7.4993E-01  0.0000E+00  0.0000E+00
  2.7251E-01  9.0900E-01  1.0005E+03  0.0000E+00  0.0000E+00  7.4994E-01  7.4993E-01  0.0000E+00  0.0000E+00
  2.7281E-01  9.1000E-01  1.0005E+03  0.0000E+00  0.0000E+00  7.4994E-01  7.4993E-01  0.0000E+00  0.0000E+00
  2.7311E-01  9.1100E-01  1.0005E+03  0.0000E+00  0.0000E+00  7.4994E-01  7.4993E-01  0.0000E+00  0.0000E+00
  2.7341E-01  9.1200E-01  1.0005E+03  0.0000E+00  0.0000E+00  7.4994E-01  7.4993E-01  0.0000E+00  0.0000E+00
  2.7371E-01  9.1300E-01  1.0005E+03  0.0000E+00  0.0000E+00  7.4994E-01  7.4993E-01  0.0000E+00  0.0000E+00
  2.7401E-01  9.1400E-01  1.0005E+03  0.0000E+00  0.0000E+00  7.4994E-01  7.4993E-01  0.0000E+00  0.0000E+00
  2.7431E-01  9.1500E-01  1.0005E+03  0.0000E+00  0.0000E+00  7.4994E-01  7.4993E-01  0.0000E+00  0.0000E+00
  2.7461E-01  9.1600E-01  1.0005E+03  0.0000E+00  0.0000E+00  7.4994E-01  7.4993E-01  0.0000E+00  0.0000E+00
  2.7491E-01  9.1700E-01  1.0005E+03  0.0000E+00  0.0000E+00  7.4994E-01  7.4993E-01  0.0000E+00  0.0000E+00
  2.7521E-01  9.1800E-01  1.0005E+03  0.0000E+00  0.0000E+00  7.4994E-01  7.4993E-01  0.0000E+00  0.0000E+00
  2.7551E-01  9.1900E-01  1.0005E+03  0.0000E+00  0.0000E+00  7.4994E-01  7.4993E-01  0.0000E+00  0.0000E+00
  2.7581E-01  9.2000E-01  1.0005E+03  0.0000E+00  0.0000E+00  7.4994E-01  7.4993E-01  0.0000E+00  0.0000E+00
  2.7611E-01  9.2100E-01  1.0005E+03  0.0000E+00  0.0000E+00  7.4994E-01  7.4993E-01  0.0000E+00  0.0000E+00
  2.7641E-01  9.2200E-01  1.0005E+03  0.0000E+00  0.0000E+00  7.4994E-01  7.4993E-01  0.0000E+00  0.0000E+00
  2.7671E-01  9.2300E-01  1.0005E+03  0.0000E+00  0.0000E+00  7.4994E-01  7.4993E-01  0.0000E+00  0.0000E+00
  2.7701E-01  9.2400E-01  1.0005E+03  0.0000E+00  0.0000E+00  7.4994E-01  7.4993E-01  0.0000E+00  0.0000E+00
  2.7731E-01  9.2500E-01  1.0005E+03  0.0000E+00  0.0000E+00  7.4994E-01  7.4993E-01  0.0000E+00  0.0000E+00
  2.7761E-01  9.2600E-01  1.0005E+03  0.0000E+00  0.0000E+00  7.4994E-01  7.4993E-01  0.0000E+00  0.0000E+00
  2.7791E-01  9.2700E-01  1.0005E+03  0.0000E+00  0.0000E+00  7.4994E-01  7.4993E-01  0.0000E+00  0.0000E+00
  2.7821E-01  9.2800E-01  1.0005E+03  0.0000E+00  0.0000E+00  7.4994E-01  7.4993E-01  0.0000E+00  0.0000E+00
  2.7851E-01  9.2900E-01  1.0005E+03  0.0000E+00  0.0000E+00  7.4994E-01  7.4993E-01  0.0000E+00  0.0000E+00
  2.7881E-01  9.3000E-01  1.0005E+03  0.0000E+00  0.0000E+00  7.4994E-01  7.4993E-01  0.0000E+00  0.0000E+00
  2.7911E-01  9.3100E-01  1.0005E+03  0.0000E+00  0.0000E+00  7.4994E-01  7.4993E-01  0.0000E+00  0.0000E+00
  2.7941E-01  9.3200E-01  1.0005E+03  0.0000E+00  0.0000E+00  7.4994E-01  7.4993E-01  0.0000E+00  0.0000E+00
  2.7971E-01  9.3300E-01  1.0005E+03  0.0000E+00  0.0000E+00  7.4994E-01  7.4993E-01  0.0000E+00  0.0000E+00
  2.8001E-01  9.3400E-01  1.0005E+03  0.0000E+00  0.0000E+00  7.4994E-01  7.4993E-01  0.0000E+00  0.0000E+00
  2.8031E-01  9.3500E-01  1.0005E+03  0.0000E+00  0.0000E+00  7.4994E-01  7.4993E-01  0.0000E+00  0.0000E+00
  2.8061E-01  9.3600E-01  1.0005E+03  0.0000E+00  0.0000E+00  7.4994E-01  7.4993E-01  0.0000E+00  0.0000E+00
  2.8091E-01  9.3700E-01  1.0005E+03  0.0000E+00  0.0000E+00  7.4994E-01  7.4993E-01  0.0000E+00  0.0000E+00
  2.8121E-01  9.3800E-01  1.0005E+03  0.0000E+00  0.0000E+00  7.4994E-01  7.4993E-01  0.0000E+00  0.0000E+00
  2.8151E-01  9.3900E-01  1.0005E+03  0.0000E+00  0.0000E+00  7.4994E-01  7.4993E-01  0.0000E+00  0.0000E+00
  2.8180E-01  9.4000E-01  1.0005E+03  0.0000E+00  0.0000E+00  7.4994E-01  7.4993E-01  0.0000E+00  0.0000E+00
  2.8210E-01  9.4100E-01  1.0005E+03  0.0000E+00  0.0000E+00  7.4994E-01  7.4993E-01  0.0000E+00  0.0000E+00
  2.8240E-01  9.4200E-01  1.0005E+03  0.0000E+00  0.0000E+00  7.4994E-01  7.4993E-01  0.0000E+00  0.0000E+00
  2.8270E-01  9.4300E-01  1.0005E+03  0.0000E+00  0.0000E+00  7.4994E-01  7.4993E-01  0.0000E+00  0.0000E+00
  2.8300E-01  9.4400E-01  1.0005E+03  0.0000E+00  0.0000E+00  7.4994E-01  7.4993E-01  0.0000E+00  0.0000E+00
  2.8330E-01  9.4500E-01  1.0005E+03  0.0000E+00  0.0000E+00  7.4994E-01  7.4993E-01  0.0000E+00  0.0000E+00
  2.8360E-01  9.4600E-01  1.0005E+03  0.0000E+00  0.0000E+00  7.4994E-01  7.4993E-01  0.0000E+00  0.0000E+00
  2.8390E-01  9.4700E-01  1.0005E+03  0.0000E+00  0.0000E+00  7.4994E-01  7.4993E-01  0.0000E+00  0.0000E+00
  2.8420E-01  9.4800E-01  1.0005E+03  0.0000E+00  0.0000E+00  7.4994E-01  7.4993E-01  0.0000E+00  0.0000E+00
  2.8450E-01  9.4900E-01  1.0005E+03  0.0000E+00  0.0000E+00  7.4994E-01  7.4993E-01  0.0000E+00  0.0000E+00
  2.8480E-01  9.5000E-01  1.0005E+03  0.0000E+00  0.0000E+00  7.4994E-01  7.4993E-01  0.0000E+00  0.0000E+00
  2.8510E-01  9.5100E-01  1.0005E+03  0.0000E+00  0.0000E+00  7.4994E-01  7.4993E-01  0.0000E+00  0.0000E+00
  2.8540E-01  9.5200E-01  1.0005E+03  0.0000E+00  0.0000E+00  7.4994E-01  7.4993E-01  0.0000E+00  0.0000E+00
  2.8570E-01  9.5300E-01  1.0005E+03  0.0000E+00  0.0000E+00  7.4994E-01  7.4993E-01  0.0000E+00  0.0000E+00
  2.8600E-01  9.5400E-01  1.0005E+03  0.0000E+00  0.0000E+00  7.4994E-01  7.4993E-01  0.0000E+00  0.0000E+00
  2.8630E-01  9.5500E-01  1.0005E+03  0.0000E+00  0.0000E+00  7.4994E-01  7.4993E-01  0.0000E+00  0.0000E+00
  2.8660E-01  9.5600E-01  1.0005E+03  0.0000E+00  0.0000E+00  7.4994E-01  7.4993E-01  0.0000E+00  0.0000E+00
  2.8690E-01  9.5700E-01  1.0005E+03  0.0000E+00  0.0000E+00  7.4994E-01  7.4993E-01  0.0000E+00  0.0000E+00
  2.8720E-01  9.5800E-01  1.0005E+03  0.0000E+00  0.0000E+00  7.4994E-01  7.4993E-01  0.0000E+00  0.0000E+00
  2.8750E-01  9.5900E-01  1.0005E+03  0.0000E+00  0.0000E+00  7.4994E-01  7.4993E-01  0.0000E+00  0.0000E+00
  2.8780E-01  9.6000E-01  1.0005E+03  0.0000E+00  0.0000E+00  7.4994E-01  7.4993E-01  0.0000E+00  0.0000E+00
  2.8810E-01  9.6100E-01  1.0005E+03  0.0000E+00  0.0000E+00  7.4994E-01  7.4993E-01  0.0000E+00  0.0000E+00
  2.8840E-01  9.6200E-01  1.0005E+03  0.0000E+00  0.0000E+00  7.4994E-01  7.4993E-01  0.0000E+00  0.0000E+00
  2.8870E-01  9.6300E-01  1.0005E+03  0.0000E+00  0.0000E+00  7.4994E-01  7.4993E-01  0.0000E+00  0.0000E+00
  2.8900E-01  9.6400E-01  1.0005E+03  0.0000E+00  0.0000E+00  7.4994E-01  7.4993E-01  0.0000E+00  0.0000E+00
  2.8930E-01  9.6500E-01  1.0005E+03  0.0000E+00  0.0000E+00  7.4994E-01  7.4993E-01  0.0000E+00  0.0000E+00
  2.8960E-01  9.6600E-01  1.0005E+03  0.0000E+00  0.0000E+00  7.4994E-01  7.4993E-01  0.0000E+00  0.0000E+00
  2.8990E-01  9.6700E-01  1.0005E+03  0.0000E+00  0.0000E+00  7.4994E-01  7.4993E-01  0.0000E+00  0.0000E+00
  2.9020E-01  9.6800E-01  1.0005E+03  0.0000E+00  0.0000E+00  7.4994E-01  7.4993E-01  0.0000E+00  0.0000E+00
  2.9050E-01  9.6900E-01  1.0005E+03  0.0000E+00  0.0000E+00  7.4994E-01  7.4993E-01  0.0000E+00  0.0000E+00
  2.9080E-01  9.7000E-01  1.0005E+03  0.0000E+00  0.0000E+00  7.4994E-01  7.4993E-01  0.0000E+00  0.0000E+00
  2.9110E-01  9.7100E-01  1.0005E+03  0.0000E+00  0.0000E+00  7.4994E-01  7.4993E-01  0.0000E+00  0.0000E+00
  2.9140E-01  9.7200E-01  1.0005E+03  0.0000E+00  0.0000E+00  7.4994E-01  7.4993E-01  0.0000E+00  0.0000E+00
  2.9170E-01  9.7300E-01  1.0005E+03  0.0000E+00  0.0000E+00  7.4994E-01  7.4993E-01  0.0000E+00  0.0000E+00
  2.9200E-01  9.7400E-01  1.0005E+03  0.0000E+00  0.0000E+00  7.4994E-01  7.4993E-01  0.0000E+00  0.0000E+00
  2.9230E-01  9.7500E-01  1.0005E+03  0.0000E+00  0.0000E+00  7.4994E-01  7.4993E-01  0.0000E+00  0.0000E+00
  2.9260E-01  9.7600E-01  1.0005E+03  0.0000E+00  0.0000E+00  7.4994E-01  7.4993E-01  0.0000E+00  0.0000E+00
  2.9290E-01  9.7700E-01  1.0005E+03  0.0000E+00  0.0000E+00  7.4994E-01  7.4993E-01  0.0000E+00  0.0000E+00
  2.9320E-01  9.7800E-01  1.0005E+03  0.0000E+00  0.0000E+00  7.4994E-01  7.4993E-01  0.0000E+00  0.0000E+00
  2.9350E-01  9.7900E-01  1.0005E+03  0.0000E+00  0.0000E+00  7.4994E-01  7.4993E-01  0.0000E+00  0.0000E+00
  2.9380E-01  9.8000E-01  1.0005E+03  0.0000E+00  0.0000E+00  7.4994E-01  7.4993E-01  0.0000E+00  0.0000E+00
  2.9410E-01  9.8100E-01  1.0005E+03  0.0000E+00  0.0000E+00  7.4994E-01  7.4993E-01  0.0000E+00  0.0000E+00
  2.9440E-01  9.8200E-01  1.0005E+03  0.0000E+00  0.0000E+00  7.4994E-01  7.4993E-01  0.0000E+00  0.0000E+00
  2.9470E-01  9.8300E-01  1.0005E+03  0.0000E+00  0.0000E+00  7.4994E-01  7.4993E-01  0.0000E+00  0.0000E+00
  2.9500E-01  9.8400E-01  1.0005E+03  0.0000E+00  0.0000E+00  7.4994E-01  7.4993E-01  0.0000E+00  0.0000E+00
  2.9530E-01  9.8500E-01  1.0005E+03  0.0000E+00  0.0000E+00  7.4994E-01  7.4993E-01  0.0000E+00  0.0000E+00
  2.9560E-01  9.8600E-01  1.0005E+03  0.0000E+00  0.0000E+00  7.4994E-01  7.4993E-01  0.0000E+00  0.0000E+00
  2.9590E-01  9.8700E-01  1.0005E+03  0.0000E+00  0.0000E+00  7.4994E-01  7.4993E-01  0.0000E+00  0.0000E+00
  2.9619E-01  9.8800E-01  1.0005E+03  0.0000E+00  0.0000E+00  7.4994E-01  7.4993E-01  0.0000E+00  0.0000E+00
  2.9649E-01  9.8900E-01  1.0005E+03  0.0000E+00  0.0000E+00  7.4994E-01  7.4993E-01  0.0000E+00  0.0000E+00
  2.9679E-01  9.9000E-01  1.0005E+03  0.0000E+00  0.0000E+00  7.4994E-01  7.4993E-01  0.0000E+00  0.0000E+00
  2.9709E-01  9.9100E-01  1.0005E+03  0.0000E+00  0.0000E+00  7.4994E-01  7.4993E-01  0.0000E+00  0.0000E+00
  2.9739E-01  9.9200E-01  1.0005E+03  0.0000E+00  0.0000E+00  7.4994E-01  7.4993E-01  0.0000E+00  0.0000E+00
  2.9769E-01  9.9300E-01  1.0005E+03  0.0000E+00  0.0000E+00  7.4994E-01  7.4993E-01  0.0000E+00  0.0000E+00
  2.9799E-01  9.9400E-01  1.0005E+03  0.0000E+00  0.0000E+00  7.4994E-01  7.4993E-01  0.0000E+00  0.0000E+00
  2.9829E-01  9.9500E-01  1.0005E+03  0.0000E+00  0.0000E+00  7.4994E-01  7.4993E-01  0.0000E+00  0.0000E+00
  2.9859E-01  9.9600E-01  1.0005E+03  0.0000E+00  0.0000E+00  7.4994E-01  7.4993E-01  0.0000E+00  0.0000E+00
  2.9889E-01  9.9700E-01  1.0005E+03  0.0000E+00  0.0000E+00  7.4994E-01  7.4993E-01  0.0000E+00  0.0000E+00
  2.9919E-01  9.9800E-01  1.0005E+03  0.0000E+00  0.0000E+00  7.4994E-01  7.4993E-01  0.0000E+00  0.0000E+00
  2.9949E-01  9.9900E-01  1.0005E+03  0.0000E+00  0.0000E+00  7.4994E-01  7.4993E-01  0.0000E+00  0.0000E+00
  2.9979E-01  1.0000E+00  1.0005E+03  0.0000E+00  0.0000E+00  7.4994E-01  7.4993E-01  0.0000E+00  0.0000E+00
  3.0009E-01  1.0010E+00  1.0005E+03  0.0000E+00  0.0000E+00  7.4994E-01  7.4993E-01  0.0000E+00  0.0000E+00
  3.0039E-01  1.0020E+00  1.0005E+03  0.0000E+00  0.0000E+00  7.4994E-01  7.4993E-01  0.0000E+00  0.0000E+00
  3.0069E-01  1.0030E+00  1.0005E+03  0.0000E+00  0.0000E+00  7.4994E-01  7.4993E-01  0.0000E+00  0.0000E+00
  3.0099E-01  1.0040E+00  1.0005E+03  0.0000E+00  0.0000E+00  7.4994E-01  7.4993E-01  0.0000E+00  0.0000E+00
  3.0129E-01  1.0050E+00  1.0005E+03  0.0000E+00  0.0000E+00  7.4994E-01  7.4993E-01  0.0000E+00  0.0000E+00
  3.0159E-01  1.0060E+00  1.0005E+03  0.0000E+00  0.0000E+00  7.4994E-01  7.4993E-01  0.0000E+00  0.0000E+00
  3.0189E-01  1.0070E+00  1.0005E+03  0.0000E+00  0.0000E+00  7.4994E-01  7.4993E-01  0.0000E+00  0.0000E+00
  3.0219E-01  1.0080E+00  1.0005E+03  0.0000E+00  0.0000E+00  7.4994E-01  7.4993E-01  0.0000E+00  0.0000E+00
  3.0249E-01  1.0090E+00  1.0005E+03  0.0000E+00  0.0000E+00  7.4994E-01  7.4993E-01  0.0000E+00  0.0000E+00
  3.0279E-01  1.0100E+00  1.0005E+03  0.0000E+00  0.0000E+00  7.4994E-01  7.4993E-01  0.0000E+00  0.0000E+00
  3.0309E-01  1.0110E+00  1.0005E+03  0.0000E+00  0.0000E+00  7.4994E-01  7.4993E-01  0.0000E+00  0.0000E+00
  3.0339E-01  1.0120E+00  1.0005E+03  0.0000E+00  0.0000E+00  7.4994E-01  7.4993E-01  0.0000E+00  0.0000E+00
  3.0369E-01  1.0130E+00  1.0005E+03  0.0000E+00  0.0000E+00  7.4994E-01  7.4993E-01  0.0000E+00  0.0000E+00
  3.0399E-01  1.0140E+00  1.0005E+03  0.0000E+00  0.0000E+00  7.4994E-01  7.4993E-01  0.0000E+00  0.0000E+00
  3.0429E-01  1.0150E+00  1.0005E+03  0.0000E+00  0.0000E+00  7.4994E-01  7.4993E-01  0.0000E+00  0.0000E+00
  3.0459E-01  1.0160E+00  1.0005E+03  0.0000E+00  0.0000E+00  7.4994E-01  7.4993E-01  0.0000E+00  0.0000E+00
  3.0489E-01  1.0170E+00  1.0005E+03  0.0000E+00  0.0000E+00  7.4994E-01  7.4993E-01  0.0000E+00  0.0000E+00
  3.0519E-01  1.0180E+00  1.0005E+03  0.0000E+00  0.0000E+00  7.4994E-01  7.4993E-01  0.0000E+00  0.0000E+00
  3.0549E-01  1.0190E+00  1.0005E+03  0.0000E+00  0.0000E+00  7.4994E-01  7.4993E-01  0.0000E+00  0.0000E+00
  3.0579E-01  1.0200E+00  1.0005E+03  0.0000E+00  0.0000E+00  7.4994E-01  7.4993E-01  0.0000E+00  0.0000E+00
  3.0609E-01  1.0210E+00  1.0005E+03  0.0000E+00  0.0000E+00  7.4994E-01  7.4993E-01  0.0000E+00  0.0000E+00
  3.0639E-01  1.0220E+00  1.0005E+03  0.0000E+00  0.0000E+00  7.4994E-01  7.4993E-01  0.0000E+00  0.0000E+00
  3.0669E-01  1.0230E+00  1.0005E+03  0.0000E+00  0.0000E+00  7.4994E-01  7.4993E-01  0.0000E+00  0.0000E+00
  3.0699E-01  1.0240E+00  1.0005E+03  0.0000E+00  0.0000E+00  7.4994E-01  7.4993E-01  0.0000E+00  0.0000E+00
  3.0729E-01  1.0250E+00  1.0005E+03  0.0000E+00  0.0000E+00  7.4994E-01  7.4993E-01  0.0000E+00  0.0000E+00
  3.0759E-01  1.0260E+00  1.0005E+03  0.0000E+00  0.0000E+00  7.4994E-01  7.4993E-01  0.0000E+00  0.0000E+00
  3.0789E-01  1.0270E+00  1.0005E+03  0.0000E+00  0.0000E+00  7.4994E-01  7.4993E-01  0.0000E+00  0.0000E+00
  3.0819E-01  1.0280E+00  1.0005E+03  0.0000E+00  0.0000E+00  7.4994E-01  7.4993E-01  0.0000E+00  0.0000E+00
  3.0849E-01  1.0290E+00  1.0005E+03  0.0000E+00  0.0000E+00  7.4994E-01  7.4993E-01  0.0000E+00  0.0000E+00
  3.0879E-01  1.0300E+00  1.0005E+03  0.0000E+00  0.0000E+00  7.4994E-01  7.4993E-01  0.0000E+00  0.0000E+00
  3.0909E-01  1.0310E+00  1.0005E+03  0.0000E+00  0.0000E+00  7.4994E-01  7.4993E-01  0.0000E+00  0.0000E+00
  3.0939E-01  1.0320E+00  1.0005E+03  0.0000E+00  0.0000E+00  7.4994E-01  7.4993E-01  0.0000E+00  0.0000E+00
  3.0969E-01  1.0330E+00  1.0005E+03  0.0000E+00  0.0000E+00  7.4994E-01  7.4993E-01  0.0000E+00  0.0000E+00
  3.0999E-01  1.0340E+00  1.0005E+03  0.0000E+00  0.0000E+00  7.4994E-01  7.4993E-01  0.0000E+00  0.0000E+00
  3.1029E-01  1.0350E+00  1.0005E+03  0.0000E+00  0.0000E+00  7.4994E-01  7.4993E-01  0.0000E+00  0.0000E+00
  3.1058E-01  1.0360E+00  1.0005E+03  0.0000E+00  0.0000E+00  7.4994E-01  7.4993E-01  0.0000E+00  0.0000E+00
  3.1088E-01  1.0370E+00  1.0005E+03  0.0000E+00  0.0000E+00  7.4994E-01  7.4993E-01  0.0000E+00  0.0000E+00
  3.1118E-01  1.0380E+00  1.0005E+03  0.0000E+00  0.0000E+00  7.4994E-01  7.4993E-01  0.0000E+00  0.0000E+00
  3.1148E-01  1.0390E+00  1.0005E+03  0.0000E+00  0.0000E+00  7.4994E-01  7.4993E-01  0.0000E+00  0.0000E+00
  3.1178E-01  1.0400E+00  1.0005E+03  0.0000E+00  0.0000E+00  7.4994E-01  7.4993E-01  0.0000E+00  0.0000E+00
  3.1208E-01  1.0410E+00  1.0005E+03  0.0000E+00  0.0000E+00  7.4994E-01  7.4993E-01  0.0000E+00  0.0000E+00
  3.1238E-01  1.0420E+00  1.0005E+03  0.0000E+00  0.0000E+00  7.4994E-01  7.4993E-01  0.0000E+00  0.0000E+00
  3.1268E-01  1.0430E+00  1.0005E+03  0.0000E+00  0.0000E+00  7.4994E-01  7.4993E-01  0.0000E+00  0.0000E+00
  3.1298E-01  1.0440E+00  1.0005E+03  0.0000E+00  0.0000E+00  7.4994E-01  7.4993E-01  0.0000E+00  0.0000E+00
  3.1328E-01  1.0450E+00  1.0005E+03  0.0000E+00  0.0000E+00  7.4994E-01  7.4993E-01  0.0000E+00  0.0000E+00
  3.1358E-01  1.0460E+00  1.0005E+03  0.0000E+00  0.0000E+00  7.4994E-01  7.4993E-01  0.0000E+00  0.0000E+00
  3.1388E-01  1.0470E+00  1.0005E+03  0.0000E+00  0.0000E+00  7.4994E-01  7.4993E-01  0.0000E+00  0.0000E+00
  3.1418E-01  1.0480E+00  1.0005E+03  0.0000E+00  0.0000E+00  7.4994E-01  7.4993E-01  0.0000E+00  0.0000E+00
  3.1448E-01  1.0490E+00  1.0005E+03  0.0000E+00  0.0000E+00  7.4994E-01  7.4993E-01  0.0000E+00  0.0000E+00
  3.1478E-01  1.0500E+00  1.0005E+03  0.0000E+00  0.0000E+00  7.4994E-01  7.4993E-01  0.0000E+00  0.0000E+00
  3.1508E-01  1.0510E+00  1.0005E+03  0.0000E+00  0.0000E+00  7.4994E-01  7.4993E-01  0.0000E+00  0.0000E+00
  3.1538E-01  1.0520E+00  1.0005E+03  0.0000E+00  0.0000E+00  7.4994E-01  7.4993E-01  0.0000E+00  0.0000E+00
  3.1568E-01  1.0530E+00  1.0005E+03  0.0000E+00  0.0000E+00  7.4994E-01  7.4993E-01  0.0000E+00  0.0000E+00
  3.1598E-01  1.0540E+00  1.0005E+03  0.0000E+00  0.0000E+00  7.4994E-01  7.4993E-01  0.0000E+00  0.0000E+00
  3.1628E-01  1.0550E+00  1.0005E+03  0.0000E+00  0.0000E+00  7.4994E-01  7.4993E-01  0.0000E+00  0.0000E+00
  3.1658E-01  1.0560E+00  1.0005E+03  0.0000E+00  0.0000E+00  7.4994E-01  7.4993E-01  0.0000E+00  0.0000E+00
  3.1688E-01  1.0570E+00  1.0005E+03  0.0000E+00  0.0000E+00  7.4994E-01  7.4993E-01  0.0000E+00  0.0000E+00
  3.1718E-01  1.0580E+00  1.0005E+03  0.0000E+00  0.0000E+00  7.4994E-01  7.4993E-01  0.0000E+00  0.0000E+00
  3.1748E-01  1.0590E+00  1.0005E+03  0.0000E+00  0.0000E+00  7.4994E-01  7.4993E-01  0.0000E+00  0.0000E+00
  3.1778E-01  1.0600E+00  1.0005E+03  0.0000E+00  0.0000E+00  7.4994E-01  7.4993E-01  0.0000E+00  0.0000E+00
  3.1808E-01  1.0610E+00  1.0005E+03  0.0000E+00  0.0000E+00  7.4994E-01  7.4993E-01  0.0000E+00  0.0000E+00
  3.1838E-01  1.0620E+00  1.0005E+03  0.0000E+00  0.0000E+00  7.4994E-01  7.4993E-01  0.0000E+00  0.0000E+00
  3.1868E-01  1.0630E+00  1.0005E+03  0.0000E+00  0.0000E+00  7.4994E-01  7.4993E-01  0.0000E+00  0.0000E+00
  3.1898E-01  1.0640E+00  1.0005E+03  0.0000E+00  0.0000E+00  7.4994E-01  7.4993E-01  0.0000E+00  0.0000E+00
  3.1928E-01  1.0650E+00  1.0005E+03  0.0000E+00  0.0000E+00  7.4994E-01  7.4993E-01  0.0000E+00  0.0000E+00
  3.1958E-01  1.0660E+00  1.0005E+03  0.0000E+00  0.0000E+00  7.4994E-01  7.4993E-01  0.0000E+00  0.0000E+00
  3.1988E-01  1.0670E+00  1.0005E+03  0.0000E+00  0.0000E+00  7.4994E-01  7.4993E-01  0.0000E+00  0.0000E+00
  3.2018E-01  1.0680E+00  1.0005E+03  0.0000E+00  0.0000E+00  7.4994E-01  7.4993E-01  0.0000E+00  0.0000E+00
  3.2048E-01  1.0690E+00  1.0005E+03  0.0000E+00  0.0000E+00  7.4994E-01  7.4993E-01  0.0000E+00  0.0000E+00
  3.2078E-01  1.0700E+00  1.0005E+03  0.0000E+00  0.0000E+00  7.4994E-01  7.4993E-01  0.0000E+00  0.0000E+00
  3.2108E-01  1.0710E+00  1.0005E+03  0.0000E+00  0.0000E+00  7.4994E-01  7.4993E-01  0.0000E+00  0.0000E+00
  3.2138E-01  1.0720E+00  1.0005E+03  0.0000E+00  0.0000E+00  7.4994E-01  7.4993E-01  0.0000E+00  0.0000E+00
  3.2168E-01  1.0730E+00  1.0005E+03  0.0000E+00  0.0000E+00  7.4994E-01  7.4993E-01  0.0000E+00  0.0000E+00
  3.2198E-01  1.0740E+00  1.0005E+03  0.0000E+00  0.0000E+00  7.4994E-01  7.4993E-01  0.0000E+00  0.0000E+00
  3.2228E-01  1.0750E+00  1.0005E+03  0.0000E+00  0.0000E+00  7.4994E-01  7.4993E-01  0.0000E+00  0.0000E+00
  3.2258E-01  1.0760E+00  1.0005E+03  0.0000E+00  0.0000E+00  7.4994E-01  7.4993E-01  0.0000E+00  0.0000E+00
  3.2288E-01  1.0770E+00  1.0005E+03  0.0000E+00  0.0000E+00  7.4994E-01  7.4993E-01  0.0000E+00  0.0000E+00
  3.2318E-01  1.0780E+00  1.0005E+03  0.0000E+00  0.0000E+00  7.4994E-01  7.4993E-01  0.0000E+00  0.0000E+00
  3.2348E-01  1.0790E+00  1.0005E+03  0.0000E+00  0.0000E+00  7.4994E-01  7.4993E-01  0.0000E+00  0.0000E+00
  3.2378E-01  1.0800E+00  1.0005E+03  0.0000E+00  0.0000E+00  7.4994E-01  7.4993E-01  0.0000E+00  0.0000E+00
  3.2408E-01  1.0810E+00  1.0005E+03  0.0000E+00  0.0000E+00  7.4994E-01  7.4993E-01  0.0000E+00  0.0000E+00
  3.2438E-01  1.0820E+00  1.0005E+03  0.0000E+00  0.0000E+00  7.4994E-01  7.4993E-01  0.0000E+00  0.0000E+00
  3.2468E-01  1.0830E+00  1.0005E+03  0.0000E+00  0.0000E+00  7.4994E-01  7.4993E-01  0.0000E+00  0.0000E+00
  3.2497E-01  1.0840E+00  1.0005E+03  0.0000E+00  0.0000E+00  7.4994E-01  7.4993E-01  0.0000E+00  0.0000E+00
  3.2527E-01  1.0850E+00  1.0005E+03  0.0000E+00  0.0000E+00  7.4994E-01  7.4993E-01  0.0000E+00  0.0000E+00
  3.2557E-01  1.0860E+00  1.0005E+03  0.0000E+00  0.0000E+00  7.4994E-01  7.4993E-01  0.0000E+00  0.0000E+00
  3.2587E-01  1.0870E+00  1.0005E+03  0.0000E+00  0.0000E+00  7.4994E-01  7.4993E-01  0.0000E+00  0.0000E+00
  3.2617E-01  1.0880E+00  1.0005E+03  0.0000E+00  0.0000E+00  7.4994E-01  7.4993E-01  0.0000E+00  0.0000E+00
  3.2647E-01  1.0890E+00  1.0005E+03  0.0000E+00  0.0000E+00  7.4994E-01  7.4993E-01  0.0000E+00  0.0000E+00
  3.2677E-01  1.0900E+00  1.0005E+03  0.0000E+00  0.0000E+00  7.4994E-01  7.4993E-01  0.0000E+00  0.0000E+00
  3.2707E-01  1.0910E+00  1.0005E+03  0.0000E+00  0.0000E+00  7.4994E-01  7.4993E-01  0.0000E+00  0.0000E+00
  3.2737E-01  1.0920E+00  1.0005E+03  0.0000E+00  0.0000E+00  7.4994E-01  7.4993E-01  0.0000E+00  0.0000E+00
  3.2767E-01  1.0930E+00  1.0005E+03  0.0000E+00  0.0000E+00  7.4994E-01  7.4993E-01  0.0000E+00  0.0000E+00
  3.2797E-01  1.0940E+00  1.0005E+03  0.0000E+00  0.0000E+00  7.4994E-01  7.4993E-01  0.0000E+00  0.0000E+00
  3.2827E-01  1.0950E+00  1.0005E+03  0.0000E+00  0.0000E+00  7.4994E-01  7.4993E-01  0.0000E+00  0.0000E+00
  3.2857E-01  1.0960E+00  1.0005E+03  0.0000E+00  0.0000E+00  7.4994E-01  7.4993E-01  0.0000E+00  0.0000E+00
  3.2887E-01  1.0970E+00  1.0005E+03  0.0000E+00  0.0000E+00  7.4994E-01  7.4993E-01  0.0000E+00  0.0000E+00
  3.2917E-01  1.0980E+00  1.0005E+03  0.0000E+00  0.0000E+00  7.4994E-01  7.4993E-01  0.0000E+00  0.0000E+00
  3.2947E-01  1.0990E+00  1.0005E+03  0.0000E+00  0.0000E+00  7.4994E-01  7.4993E-01  0.0000E+00  0.0000E+00
  3.2977E-01  1.1000E+00  1.0005E+03  0.0000E+00  0.0000E+00  7.4994E-01  7.4993E-01  0.0000E+00  0.0000E+00
  3.3007E-01  1.1010E+00  1.0005E+03  0.0000E+00  0.0000E+00  7.4994E-01  7.4993E-01  0.0000E+00  0.0000E+00
  3.3037E-01  1.1020E+00  1.0005E+03  0.0000E+00  0.0000E+00  7.4994E-01  7.4993E-01  0.0000E+00  0.0000E+00
  3.3067E-01  1.1030E+00  1.0005E+03  0.0000E+00  0.0000E+00  7.4994E-01  7.4993E-01  0.0000E+00  0.0000E+00
  3.3097E-01  1.1040E+00  1.0005E+03  0.0000E+00  0.0000E+00  7.4994E-01  7.4993E-01  0.0000E+00  0.0000E+00
  3.3127E-01  1.1050E+00  1.0005E+03  0.0000E+00  0.0000E+00  7.4994E-01  7.4993E-01  0.0000E+00  0.0000E+00
  3.3157E-01  1.1060E+00  1.0005E+03  0.0000E+00  0.0000E+00  7.4994E-01  7.4993E-01  0.0000E+00  0.0000E+00
  3.3187E-01  1.1070E+00  1.0005E+03  0.0000E+00  0.0000E+00  7.4994E-01  7.4993E-01  0.0000E+00  0.0000E+00
  3.3217E-01  1.1080E+00  1.0005E+03  0.0000E+00  0.0000E+00  7.4994E-01  7.4993E-01  0.0000E+00  0.0000E+00
  3.3247E-01  1.1090E+00  1.0005E+03  0.0000E+00  0.0000E+00  7.4994E-01  7.4993E-01  0.0000E+00  0.0000E+00
  3.3277E-01  1.1100E+00  1.0005E+03  0.0000E+00  0.0000E+00  7.4994E-01  7.4993E-01  0.0000E+00  0.0000E+00
  3.3307E-01  1.1110E+00  1.0005E+03  0.0000E+00  0.0000E+00  7.4994E-01  7.4993E-01  0.0000E+00  0.0000E+00
  3.3337E-01  1.1120E+00  1.0005E+03  0.0000E+00  0.0000E+00  7.4994E-01  7.4993E-01  0.0000E+00  0.0000E+00
  3.3367E-01  1.1130E+00  1.0005E+03  0.0000E+00  0.0000E+00  7.4994E-01  7.4993E-01  0.0000E+00  0.0000E+00
  3.3397E-01  1.1140E+00  1.0005E+03  0.0000E+00  0.0000E+00  7.4994E-01  7.4993E-01  0.0000E+00  0.0000E+00
  3.3427E-01  1.1150E+00  1.0005E+03  0.0000E+00  0.0000E+00  7.4994E-01  7.4993E-01  0.0000E+00  0.0000E+00
  3.3457E-01  1.1160E+00  1.0005E+03  0.0000E+00  0.0000E+00  7.4994E-01  7.4993E-01  0.0000E+00  0.0000E+00
  3.3487E-01  1.1170E+00  1.0005E+03  0.0000E+00  0.0000E+00  7.4994E-01  7.4993E-01  0.0000E+00  0.0000E+00
  3.3517E-01  1.1180E+00  1.0005E+03  0.0000E+00  0.0000E+00  7.4994E-01  7.4993E-01  0.0000E+00  0.0000E+00
  3.3547E-01  1.1190E+00  1.0005E+03  0.0000E+00  0.0000E+00  7.4994E-01  7.4993E-01  0.0000E+00  0.0000E+00
  3.3577E-01  1.1200E+00  1.0005E+03  0.0000E+00  0.0000E+00  7.4994E-01  7.4993E-01  0.0000E+00  0.0000E+00
  3.3607E-01  1.1210E+00  1.0005E+03  0.0000E+00  0.0000E+00  7.4994E-01  7.4993E-01  0.0000E+00  0.0000E+00
  3.3637E-01  1.1220E+00  1.0005E+03  0.0000E+00  0.0000E+00  7.4994E-01  7.4993E-01  0.0000E+00  0.0000E+00
  3.3667E-01  1.1230E+00  1.0005E+03  0.0000E+00  0.0000E+00  7.4994E-01  7.4993E-01  0.0000E+00  0.0000E+00
  3.3697E-01  1.1240E+00  1.0005E+03  0.0000E+00  0.0000E+00  7.4994E-01  7.4993E-01  0.0000E+00  0.0000E+00
  3.3727E-01  1.1250E+00  1.0005E+03  0.0000E+00  0.0000E+00  7.4994E-01  7.4993E-01  0.0000E+00  0.0000E+00
  3.3757E-01  1.1260E+00  1.0005E+03  0.0000E+00  0.0000E+00  7.4994E-01  7.4993E-01  0.0000E+00  0.0000E+00
  3.3787E-01  1.1270E+00  1.0005E+03  0.0000E+00  0.0000E+00  7.4994E-01  7.4993E-01  0.0000E+00  0.0000E+00
  3.3817E-01  1.1280E+00  1.0005E+03  0.0000E+00  0.0000E+00  7.4994E-01  7.4993E-01  0.0000E+00  0.0000E+00
  3.3847E-01  1.1290E+00  1.0005E+03  0.0000E+00  0.0000E+00  7.4994E-01  7.4993E-01  0.0000E+00  0.0000E+00
  3.3877E-01  1.1300E+00  1.0005E+03  0.0000E+00  0.0000E+00  7.4994E-01  7.4993E-01  0.0000E+00  0.0000E+00
  3.3907E-01  1.1310E+00  1.0005E+03  0.0000E+00  0.0000E+00  7.4994E-01  7.4993E-01  0.0000E+00  0.0000E+00
  3.3937E-01  1.1320E+00  1.0005E+03  0.0000E+00  0.0000E+00  7.4994E-01  7.4993E-01  0.0000E+00  0.0000E+00
  3.3966E-01  1.1330E+00  1.0005E+03  0.0000E+00  0.0000E+00  7.4994E-01  7.4993E-01  0.0000E+00  0.0000E+00
  3.3996E-01  1.1340E+00  1.0005E+03  0.0000E+00  0.0000E+00  7.4994E-01  7.4993E-01  0.0000E+00  0.0000E+00
  3.4026E-01  1.1350E+00  1.0005E+03  0.0000E+00  0.0000E+00  7.4994E-01  7.4993E-01  0.0000E+00  0.0000E+00
  3.4056E-01  1.1360E+00  1.0005E+03  0.0000E+00  0.0000E+00  7.4994E-01  7.4993E-01  0.0000E+00  0.0000E+00
  3.4086E-01  1.1370E+00  1.0005E+03  0.0000E+00  0.0000E+00  7.4994E-01  7.4993E-01  0.0000E+00  0.0000E+00
  3.4116E-01  1.1380E+00  1.0005E+03  0.0000E+00  0.0000E+00  7.4994E-01  7.4993E-01  0.0000E+00  0.0000E+00
  3.4146E-01  1.1390E+00  1.0005E+03  0.0000E+00  0.0000E+00  7.4994E-01  7.4993E-01  0.0000E+00  0.0000E+00
  3.4176E-01  1.1400E+00  1.0005E+03  0.0000E+00  0.0000E+00  7.4994E-01  7.4993E-01  0.0000E+00  0.0000E+00
  3.4206E-01  1.1410E+00  1.0005E+03  0.0000E+00  0.0000E+00  7.4994E-01  7.4993E-01  0.0000E+00  0.0000E+00
  3.4236E-01  1.1420E+00  1.0005E+03  0.0000E+00  0.0000E+00  7.4994E-01  7.4993E-01  0.0000E+00  0.0000E+00
  3.4266E-01  1.1430E+00  1.0005E+03  0.0000E+00  0.0000E+00  7.4994E-01  7.4993E-01  0.0000E+00  0.0000E+00
  3.4296E-01  1.1440E+00  1.0005E+03  0.0000E+00  0.0000E+00  7.4994E-01  7.4993E-01  0.0000E+00  0.0000E+00
  3.4326E-01  1.1450E+00  1.0005E+03  0.0000E+00  0.0000E+00  7.4994E-01  7.4993E-01  0.0000E+00  0.0000E+00
  3.4356E-01  1.1460E+00  1.0005E+03  0.0000E+00  0.0000E+00  7.4994E-01  7.4993E-01  0.0000E+00  0.0000E+00
  3.4386E-01  1.1470E+00  1.0005E+03  0.0000E+00  0.0000E+00  7.4994E-01  7.4993E-01  0.0000E+00  0.0000E+00
  3.4416E-01  1.1480E+00  1.0005E+03  0.0000E+00  0.0000E+00  7.4994E-01  7.4993E-01  0.0000E+00  0.0000E+00
  3.4446E-01  1.1490E+00  1.0005E+03  0.0000E+00  0.0000E+00  7.4994E-01  7.4993E-01  0.0000E+00  0.0000E+00
  3.4476E-01  1.1500E+00  1.0005E+03  0.0000E+00  0.0000E+00  7.4994E-01  7.4993E-01  0.0000E+00  0.0000E+00
  3.4506E-01  1.1510E+00  1.0005E+03  0.0000E+00  0.0000E+00  7.4994E-01  7.4993E-01  0.0000E+00  0.0000E+00
  3.4536E-01  1.1520E+00  1.0005E+03  0.0000E+00  0.0000E+00  7.4994E-01  7.4993E-01  0.0000E+00  0.0000E+00
  3.4566E-01  1.1530E+00  1.0005E+03  0.0000E+00  0.0000E+00  7.4994E-01  7.4993E-01  0.0000E+00  0.0000E+00
  3.4596E-01  1.1540E+00  1.0005E+03  0.0000E+00  0.0000E+00  7.4994E-01  7.4993E-01  0.0000E+00  0.0000E+00
  3.4626E-01  1.1550E+00  1.0005E+03  0.0000E+00  0.0000E+00  7.4994E-01  7.4993E-01  0.0000E+00  0.0000E+00
  3.4656E-01  1.1560E+00  1.0005E+03  0.0000E+00  0.0000E+00  7.4994E-01  7.4993E-01  0.0000E+00  0.0000E+00
  3.4686E-01  1.1570E+00  1.0005E+03  0.0000E+00  0.0000E+00  7.4994E-01  7.4993E-01  0.0000E+00  0.0000E+00
  3.4716E-01  1.1580E+00  1.0005E+03  0.0000E+00  0.0000E+00  7.4994E-01  7.4993E-01  0.0000E+00  0.0000E+00
  3.4746E-01  1.1590E+00  1.0005E+03  0.0000E+00  0.0000E+00  7.4994E-01  7.4993E-01  0.0000E+00  0.0000E+00
  3.4776E-01  1.1600E+00  1.0005E+03  0.0000E+00  0.0000E+00  7.4994E-01  7.4993E-01  0.0000E+00  0.0000E+00
  3.4806E-01  1.1610E+00  1.0005E+03  0.0000E+00  0.0000E+00  7.4994E-01  7.4993E-01  0.0000E+00  0.0000E+00
  3.4836E-01  1.1620E+00  1.0005E+03  0.0000E+00  0.0000E+00  7.4994E-01  7.4993E-01  0.0000E+00  0.0000E+00
  3.4866E-01  1.1630E+00  1.0005E+03  0.0000E+00  0.0000E+00  7.4994E-01  7.4993E-01  0.0000E+00  0.0000E+00
  3.4896E-01  1.1640E+00  1.0005E+03  0.0000E+00  0.0000E+00  7.4994E-01  7.4993E-01  0.0000E+00  0.0000E+00
  3.4926E-01  1.1650E+00  1.0005E+03  0.0000E+00  0.0000E+00  7.4994E-01  7.4993E-01  0.0000E+00  0.0000E+00
  3.4956E-01  1.1660E+00  1.0005E+03  0.0000E+00  0.0000E+00  7.4994E-01  7.4993E-01  0.0000E+00  0.0000E+00
  3.4986E-01  1.1670E+00  1.0005E+03  0.0000E+00  0.0000E+00  7.4994E-01  7.4993E-01  0.0000E+00  0.0000E+00
  3.5016E-01  1.1680E+00  1.0005E+03  0.0000E+00  0.0000E+00  7.4994E-01  7.4993E-01  0.0000E+00  0.0000E+00
  3.5046E-01  1.1690E+00  1.0005E+03  0.0000E+00  0.0000E+00  7.4994E-01  7.4993E-01  0.0000E+00  0.0000E+00
  3.5076E-01  1.1700E+00  1.0005E+03  0.0000E+00  0.0000E+00  7.4994E-01  7.4993E-01  0.0000E+00  0.0000E+00
  3.5106E-01  1.1710E+00  1.0005E+03  0.0000E+00  0.0000E+00  7.4994E-01  7.4993E-01  0.0000E+00  0.0000E+00
  3.5136E-01  1.1720E+00  1.0005E+03  0.0000E+00  0.0000E+00  7.4994E-01  7.4993E-01  0.0000E+00  0.0000E+00
  3.5166E-01  1.1730E+00  1.0005E+03  0.0000E+00  0.0000E+00  7.4994E-01  7.4993E-01  0.0000E+00  0.0000E+00
  3.5196E-01  1.1740E+00  1.0005E+03  0.0000E+00  0.0000E+00  7.4994E-01  7.4993E-01  0.0000E+00  0.0000E+00
  3.5226E-01  1.1750E+00  1.0005E+03  0.0000E+00  0.0000E+00  7.4994E-01  7.4993E-01  0.0000E+00  0.0000E+00
  3.5256E-01  1.1760E+00  1.0005E+03  0.0000E+00  0.0000E+00  7.4994E-01  7.4993E-01  0.0000E+00  0.0000E+00
  3.5286E-01  1.1770E+00  1.0005E+03  0.0000E+00  0.0000E+00  7.4994E-01  7.4993E-01  0.0000E+00  0.0000E+00
  3.5316E-01  1.1780E+00  1.0005E+03  0.0000E+00  0.0000E+00  7.4994E-01  7.4993E-01  0.0000E+00  0.0000E+00
  3.5346E-01  1.1790E+00  1.0005E+03  0.0000E+00  0.0000E+00  7.4994E-01  7.4993E-01  0.0000E+00  0.0000E+00
  3.5376E-01  1.1800E+00  1.0005E+03  0.0000E+00  0.0000E+00  7.4994E-01  7.4993E-01  0.0000E+00  0.0000E+00
  3.5405E-01  1.1810E+00  1.0005E+03  0.0000E+00  0.0000E+00  7.4994E-01  7.4993E-01  0.0000E+00  0.0000E+00
  3.5435E-01  1.1820E+00  1.0005E+03  0.0000E+00  0.0000E+00  7.4994E-01  7.4993E-01  0.0000E+00  0.0000E+00
  3.5465E-01  1.1830E+00  1.0005E+03  0.0000E+00  0.0000E+00  7.4994E-01  7.4993E-01  0.0000E+00  0.0000E+00
  3.5495E-01  1.1840E+00  1.0005E+03  0.0000E+00  0.0000E+00  7.4994E-01  7.4993E-01  0.0000E+00  0.0000E+00
  3.5525E-01  1.1850E+00  1.0005E+03  0.0000E+00  0.0000E+00  7.4994E-01  7.4993E-01  0.0000E+00  0.0000E+00
  3.5555E-01  1.1860E+00  1.0005E+03  0.0000E+00  0.0000E+00  7.4994E-01  7.4993E-01  0.0000E+00  0.0000E+00
  3.5585E-01  1.1870E+00  1.0005E+03  0.0000E+00  0.0000E+00  7.4994E-01  7.4993E-01  0.0000E+00  0.0000E+00
  3.5615E-01  1.1880E+00  1.0005E+03  0.0000E+00  0.0000E+00  7.4994E-01  7.4993E-01  0.0000E+00  0.0000E+00
  3.5645E-01  1.1890E+00  1.0005E+03  0.0000E+00  0.0000E+00  7.4994E-01  7.4993E-01  0.0000E+00  0.0000E+00
  3.5675E-01  1.1900E+00  1.0005E+03  0.0000E+00  0.0000E+00  7.4994E-01  7.4993E-01  0.0000E+00  0.0000E+00
  3.5705E-01  1.1910E+00  1.0005E+03  0.0000E+00  0.0000E+00  7.4994E-01  7.4993E-01  0.0000E+00  0.0000E+00
  3.5735E-01  1.1920E+00  1.0005E+03  0.0000E+00  0.0000E+00  7.4994E-01  7.4993E-01  0.0000E+00  0.0000E+00
  3.5765E-01  1.1930E+00  1.0005E+03  0.0000E+00  0.0000E+00  7.4994E-01  7.4993E-01  0.0000E+00  0.0000E+00
  3.5795E-01  1.1940E+00  1.0005E+03  0.0000E+00  0.0000E+00  7.4994E-01  7.4993E-01  0.0000E+00  0.0000E+00
  3.5825E-01  1.1950E+00  1.0005E+03  0.0000E+00  0.0000E+00  7.4994E-01  7.4993E-01  0.0000E+00  0.0000E+00
  3.5855E-01  1.1960E+00  1.0005E+03  0.0000E+00  0.0000E+00  7.4994E-01  7.4993E-01  0.0000E+00  0.0000E+00
  3.5885E-01  1.1970E+00  1.0005E+03  0.0000E+00  0.0000E+00  7.4994E-01  7.4993E-01  0.0000E+00  0.0000E+00
  3.5915E-01  1.1980E+00  1.0005E+03  0.0000E+00  0.0000E+00  7.4994E-01  7.4993E-01  0.0000E+00  0.0000E+00
  3.5945E-01  1.1990E+00  1.0005E+03  0.0000E+00  0.0000E+00  7.4994E-01  7.4993E-01  0.0000E+00  0.0000E+00
  3.5975E-01  1.2000E+00  1.0005E+03  0.0000E+00  0.0000E+00  7.4994E-01  7.4993E-01  0.0000E+00  0.0000E+00
  3.6005E-01  1.2010E+00  1.0005E+03  0.0000E+00  0.0000E+00  7.4994E-01  7.4993E-01  0.0000E+00  0.0000E+00
  3.6035E-01  1.2020E+00  1.0005E+03  0.0000E+00  0.0000E+00  7.4994E-01  7.4993E-01  0.0000E+00  0.0000E+00
  3.6065E-01  1.2030E+00  1.0005E+03  0.0000E+00  0.0000E+00  7.4994E-01  7.4993E-01  0.0000E+00  0.0000E+00
  3.6095E-01  1.2040E+00  1.0005E+03  0.0000E+00  0.0000E+00  7.4994E-01  7.4993E-01  0.0000E+00  0.0000E+00
  3.6125E-01  1.2050E+00  1.0005E+03  0.0000E+00  0.0000E+00  7.4994E-01  7.4993E-01  0.0000E+00  0.0000E+00
  3.6155E-01  1.2060E+00  1.0005E+03  0.0000E+00  0.0000E+00  7.4994E-01  7.4993E-01  0.0000E+00  0.0000E+00
  3.6185E-01  1.2070E+00  1.0005E+03  0.0000E+00  0.0000E+00  7.4994E-01  7.4993E-01  0.0000E+00  0.0000E+00
  3.6215E-01  1.2080E+00  1.0005E+03  0.0000E+00  0.0000E+00  7.4994E-01  7.4993E-01  0.0000E+00  0.0000E+00
  3.6245E-01  1.2090E+00  1.0005E+03  0.0000E+00  0.0000E+00  7.4994E-01  7.4993E-01  0.0000E+00  0.0000E+00
  3.6275E-01  1.2100E+00  1.0005E+03  0.0000E+00  0.0000E+00  7.4994E-01  7.4993E-01  0.0000E+00  0.0000E+00
  3.6305E-01  1.2110E+00  1.0005E+03  0.0000E+00  0.0000E+00  7.4994E-01  7.4993E-01  0.0000E+00  0.0000E+00
  3.6335E-01  1.2120E+00  1.0005E+03  0.0000E+00  0.0000E+00  7.4994E-01  7.4993E-01  0.0000E+00  0.0000E+00
  3.6365E-01  1.2130E+00  1.0005E+03  0.0000E+00  0.0000E+00  7.4994E-01  7.4993E-01  0.0000E+00  0.0000E+00
  3.6395E-01  1.2140E+00  1.0005E+03  0.0000E+00  0.0000E+00  7.4994E-01  7.4993E-01  0.0000E+00  0.0000E+00
  3.6425E-01  1.2150E+00  1.0005E+03  0.0000E+00  0.0000E+00  7.4994E-01  7.4993E-01  0.0000E+00  0.0000E+00
  3.6455E-01  1.2160E+00  1.0005E+03  0.0000E+00  0.0000E+00  7.4994E-01  7.4993E-01  0.0000E+00  0.0000E+00
  3.6485E-01  1.2170E+00  1.0005E+03  0.0000E+00  0.0000E+00  7.4994E-01  7.4993E-01  0.0000E+00  0.0000E+00
  3.6515E-01  1.2180E+00  1.0005E+03  0.0000E+00  0.0000E+00  7.4994E-01  7.4993E-01  0.0000E+00  0.0000E+00
  3.6545E-01  1.2190E+00  1.0005E+03  0.0000E+00  0.0000E+00  7.4994E-01  7.4993E-01  0.0000E+00  0.0000E+00
  3.6575E-01  1.2200E+00  1.0005E+03  0.0000E+00  0.0000E+00  7.4994E-01  7.4993E-01  0.0000E+00  0.0000E+00
  3.6605E-01  1.2210E+00  1.0005E+03  0.0000E+00  0.0000E+00  7.4994E-01  7.4993E-01  0.0000E+00  0.0000E+00
  3.6635E-01  1.2220E+00  1.0005E+03  0.0000E+00  0.0000E+00  7.4994E-01  7.4993E-01  0.0000E+00  0.0000E+00
  3.6665E-01  1.2230E+00  1.0005E+03  0.0000E+00  0.0000E+00  7.4994E-01  7.4993E-01  0.0000E+00  0.0000E+00
  3.6695E-01  1.2240E+00  1.0005E+03  0.0000E+00  0.0000E+00  7.4994E-01  7.4993E-01  0.0000E+00  0.0000E+00
  3.6725E-01  1.2250E+00  1.0005E+03  0.0000E+00  0.0000E+00  7.4994E-01  7.4993E-01  0.0000E+00  0.0000E+00
  3.6755E-01  1.2260E+00  1.0005E+03  0.0000E+00  0.0000E+00  7.4994E-01  7.4993E-01  0.0000E+00  0.0000E+00
  3.6785E-01  1.2270E+00  1.0005E+03  0.0000E+00  0.0000E+00  7.4994E-01  7.4993E-01  0.0000E+00  0.0000E+00
  3.6815E-01  1.2280E+00  1.0005E+03  0.0000E+00  0.0000E+00  7.4994E-01  7.4993E-01  0.0000E+00  0.0000E+00
  3.6844E-01  1.2290E+00  1.0005E+03  0.0000E+00  0.0000E+00  7.4994E-01  7.4993E-01  0.0000E+00  0.0000E+00
  3.6874E-01  1.2300E+00  1.0005E+03  0.0000E+00  0.0000E+00  7.4994E-01  7.4993E-01  0.0000E+00  0.0000E+00
  3.6904E-01  1.2310E+00  1.0005E+03  0.0000E+00  0.0000E+00  7.4994E-01  7.4993E-01  0.0000E+00  0.0000E+00
  3.6934E-01  1.2320E+00  1.0005E+03  0.0000E+00  0.0000E+00  7.4994E-01  7.4993E-01  0.0000E+00  0.0000E+00
  3.6964E-01  1.2330E+00  1.0005E+03  0.0000E+00  0.0000E+00  7.4994E-01  7.4993E-01  0.0000E+00  0.0000E+00
  3.6994E-01  1.2340E+00  1.0005E+03  0.0000E+00  0.0000E+00  7.4994E-01  7.4993E-01  0.0000E+00  0.0000E+00
  3.7024E-01  1.2350E+00  1.0005E+03  0.0000E+00  0.0000E+00  7.4994E-01  7.4993E-01  0.0000E+00  0.0000E+00
  3.7054E-01  1.2360E+00  1.0005E+03  0.0000E+00  0.0000E+00  7.4994E-01  7.4993E-01  0.0000E+00  0.0000E+00
  3.7084E-01  1.2370E+00  1.0005E+03  0.0000E+00  0.0000E+00  7.4994E-01  7.4993E-01  0.0000E+00  0.0000E+00
  3.7114E-01  1.2380E+00  1.0005E+03  0.0000E+00  0.0000E+00  7.4994E-01  7.4993E-01  0.0000E+00  0.0000E+00
  3.7144E-01  1.2390E+00  1.0005E+03  0.0000E+00  0.0000E+00  7.4994E-01  7.4993E-01  0.0000E+00  0.0000E+00
  3.7174E-01  1.2400E+00  1.0005E+03  0.0000E+00  0.0000E+00  7.4994E-01  7.4993E-01  0.0000E+00  0.0000E+00
  3.7204E-01  1.2410E+00  1.0005E+03  0.0000E+00  0.0000E+00  7.4994E-01  7.4993E-01  0.0000E+00  0.0000E+00
  3.7234E-01  1.2420E+00  1.0005E+03  0.0000E+00  0.0000E+00  7.4994E-01  7.4993E-01  0.0000E+00  0.0000E+00
  3.7264E-01  1.2430E+00  1.0005E+03  0.0000E+00  0.0000E+00  7.4994E-01  7.4993E-01  0.0000E+00  0.0000E+00
  3.7294E-01  1.2440E+00  1.0005E+03  0.0000E+00  0.0000E+00  7.4994E-01  7.4993E-01  0.0000E+00  0.0000E+00
  3.7324E-01  1.2450E+00  1.0005E+03  0.0000E+00  0.0000E+00  7.4994E-01  7.4993E-01  0.0000E+00  0.0000E+00
  3.7354E-01  1.2460E+00  1.0005E+03  0.0000E+00  0.0000E+00  7.4994E-01  7.4993E-01  0.0000E+00  0.0000E+00
  3.7384E-01  1.2470E+00  1.0005E+03  0.0000E+00  0.0000E+00  7.4994E-01  7.4993E-01  0.0000E+00  0.0000E+00
  3.7414E-01  1.2480E+00  1.0005E+03  0.0000E+00  0.0000E+00  7.4994E-01  7.4993E-01  0.0000E+00  0.0000E+00
  3.7444E-01  1.2490E+00  1.0005E+03  0.0000E+00  0.0000E+00  7.4994E-01  7.4993E-01  0.0000E+00  0.0000E+00
  3.7474E-01  1.2500E+00  1.0005E+03  0.0000E+00  0.0000E+00  7.4994E-01  7.4993E-01  0.0000E+00  0.0000E+00
  3.7504E-01  1.2510E+00  1.0005E+03  0.0000E+00  0.0000E+00  7.4994E-01  7.4993E-01  0.0000E+00  0.0000E+00
  3.7534E-01  1.2520E+00  1.0005E+03  0.0000E+00  0.0000E+00  7.4994E-01  7.4993E-01  0.0000E+00  0.0000E+00
  3.7564E-01  1.2530E+00  1.0005E+03  0.0000E+00  0.0000E+00  7.4994E-01  7.4993E-01  0.0000E+00  0.0000E+00
  3.7594E-01  1.2540E+00  1.0005E+03  0.0000E+00  0.0000E+00  7.4994E-01  7.4993E-01  0.0000E+00  0.0000E+00
  3.7624E-01  1.2550E+00  1.0005E+03  0.0000E+00  0.0000E+00  7.4994E-01  7.4993E-01  0.0000E+00  0.0000E+00
  3.7654E-01  1.2560E+00  1.0005E+03  0.0000E+00  0.0000E+00  7.4994E-01  7.4993E-01  0.0000E+00  0.0000E+00
  3.7684E-01  1.2570E+00  1.0005E+03  0.0000E+00  0.0000E+00  7.4994E-01  7.4993E-01  0.0000E+00  0.0000E+00
  3.7714E-01  1.2580E+00  1.0005E+03  0.0000E+00  0.0000E+00  7.4994E-01  7.4993E-01  0.0000E+00  0.0000E+00
  3.7744E-01  1.2590E+00  1.0005E+03  0.0000E+00  0.0000E+00  7.4994E-01  7.4993E-01  0.0000E+00  0.0000E+00
  3.7774E-01  1.2600E+00  1.0005E+03  0.0000E+00  0.0000E+00  7.4994E-01  7.4993E-01  0.0000E+00  0.0000E+00
  3.7804E-01  1.2610E+00  1.0005E+03  0.0000E+00  0.0000E+00  7.4994E-01  7.4993E-01  0.0000E+00  0.0000E+00
  3.7834E-01  1.2620E+00  1.0005E+03  0.0000E+00  0.0000E+00  7.4994E-01  7.4993E-01  0.0000E+00  0.0000E+00
  3.7864E-01  1.2630E+00  1.0005E+03  0.0000E+00  0.0000E+00  7.4994E-01  7.4993E-01  0.0000E+00  0.0000E+00
  3.7894E-01  1.2640E+00  1.0005E+03  0.0000E+00  0.0000E+00  7.4994E-01  7.4993E-01  0.0000E+00  0.0000E+00
  3.7924E-01  1.2650E+00  1.0005E+03  0.0000E+00  0.0000E+00  7.4994E-01  7.4993E-01  0.0000E+00  0.0000E+00
  3.7954E-01  1.2660E+00  1.0005E+03  0.0000E+00  0.0000E+00  7.4994E-01  7.4993E-01  0.0000E+00  0.0000E+00
  3.7984E-01  1.2670E+00  1.0005E+03  0.0000E+00  0.0000E+00  7.4994E-01  7.4993E-01  0.0000E+00  0.0000E+00
  3.8014E-01  1.2680E+00  1.0005E+03  0.0000E+00  0.0000E+00  7.4994E-01  7.4993E-01  0.0000E+00  0.0000E+00
  3.8044E-01  1.2690E+00  1.0005E+03  0.0000E+00  0.0000E+00  7.4994E-01  7.4993E-01  0.0000E+00  0.0000E+00
  3.8074E-01  1.2700E+00  1.0005E+03  0.0000E+00  0.0000E+00  7.4994E-01  7.4993E-01  0.0000E+00  0.0000E+00
  3.8104E-01  1.2710E+00  1.0005E+03  0.0000E+00  0.0000E+00  7.4994E-01  7.4993E-01  0.0000E+00  0.0000E+00
  3.8134E-01  1.2720E+00  1.0005E+03  0.0000E+00  0.0000E+00  7.4994E-01  7.4993E-01  0.0000E+00  0.0000E+00
  3.8164E-01  1.2730E+00  1.0005E+03  0.0000E+00  0.0000E+00  7.4994E-01  7.4993E-01  0.0000E+00  0.0000E+00
  3.8194E-01  1.2740E+00  1.0005E+03  0.0000E+00  0.0000E+00  7.4994E-01  7.4993E-01  0.0000E+00  0.0000E+00
  3.8224E-01  1.2750E+00  1.0005E+03  0.0000E+00  0.0000E+00  7.4994E-01  7.4993E-01  0.0000E+00  0.0000E+00
  3.8254E-01  1.2760E+00  1.0005E+03  0.0000E+00  0.0000E+00  7.4994E-01  7.4993E-01  0.0000E+00  0.0000E+00
  3.8283E-01  1.2770E+00  1.0005E+03  0.0000E+00  0.0000E+00  7.4994E-01  7.4993E-01  0.0000E+00  0.0000E+00
  3.8313E-01  1.2780E+00  1.0005E+03  0.0000E+00  0.0000E+00  7.4994E-01  7.4993E-01  0.0000E+00  0.0000E+00
  3.8343E-01  1.2790E+00  1.0005E+03  0.0000E+00  0.0000E+00  7.4994E-01  7.4993E-01  0.0000E+00  0.0000E+00
  3.8373E-01  1.2800E+00  1.0005E+03  0.0000E+00  0.0000E+00  7.4994E-01  7.4993E-01  0.0000E+00  0.0000E+00
  3.8403E-01  1.2810E+00  1.0005E+03  0.0000E+00  0.0000E+00  7.4994E-01  7.4993E-01  0.0000E+00  0.0000E+00
  3.8433E-01  1.2820E+00  1.0005E+03  0.0000E+00  0.0000E+00  7.4994E-01  7.4993E-01  0.0000E+00  0.0000E+00
  3.8463E-01  1.2830E+00  1.0005E+03  0.0000E+00  0.0000E+00  7.4994E-01  7.4993E-01  0.0000E+00  0.0000E+00
  3.8493E-01  1.2840E+00  1.0005E+03  0.0000E+00  0.0000E+00  7.4994E-01  7.4993E-01  0.0000E+00  0.0000E+00
  3.8523E-01  1.2850E+00  1.0005E+03  0.0000E+00  0.0000E+00  7.4994E-01  7.4993E-01  0.0000E+00  0.0000E+00
  3.8553E-01  1.2860E+00  1.0005E+03  0.0000E+00  0.0000E+00  7.4994E-01  7.4993E-01  0.0000E+00  0.0000E+00
  3.8583E-01  1.2870E+00  1.0005E+03  0.0000E+00  0.0000E+00  7.4994E-01  7.4993E-01  0.0000E+00  0.0000E+00
  3.8613E-01  1.2880E+00  1.0005E+03  0.0000E+00  0.0000E+00  7.4994E-01  7.4993E-01  0.0000E+00  0.0000E+00
  3.8643E-01  1.2890E+00  1.0005E+03  0.0000E+00  0.0000E+00  7.4994E-01  7.4993E-01  0.0000E+00  0.0000E+00
  3.8673E-01  1.2900E+00  1.0005E+03  0.0000E+00  0.0000E+00  7.4994E-01  7.4993E-01  0.0000E+00  0.0000E+00
  3.8703E-01  1.2910E+00  1.0005E+03  0.0000E+00  0.0000E+00  7.4994E-01  7.4993E-01  0.0000E+00  0.0000E+00
  3.8733E-01  1.2920E+00  1.0005E+03  0.0000E+00  0.0000E+00  7.4994E-01  7.4993E-01  0.0000E+00  0.0000E+00
  3.8763E-01  1.2930E+00  1.0005E+03  0.0000E+00  0.0000E+00  7.4994E-01  7.4993E-01  0.0000E+00  0.0000E+00
  3.8793E-01  1.2940E+00  1.0005E+03  0.0000E+00  0.0000E+00  7.4994E-01  7.4993E-01  0.0000E+00  0.0000E+00
  3.8823E-01  1.2950E+00  1.0005E+03  0.0000E+00  0.0000E+00  7.4994E-01  7.4993E-01  0.0000E+00  0.0000E+00
  3.8853E-01  1.2960E+00  1.0005E+03  0.0000E+00  0.0000E+00  7.4994E-01  7.4993E-01  0.0000E+00  0.0000E+00
  3.8883E-01  1.2970E+00  1.0005E+03  0.0000E+00  0.0000E+00  7.4994E-01  7.4993E-01  0.0000E+00  0.0000E+00
  3.8913E-01  1.2980E+00  1.0005E+03  0.0000E+00  0.0000E+00  7.4994E-01  7.4993E-01  0.0000E+00  0.0000E+00
  3.8943E-01  1.2990E+00  1.0005E+03  0.0000E+00  0.0000E+00  7.4994E-01  7.4993E-01  0.0000E+00  0.0000E+00
  3.8973E-01  1.3000E+00  1.0005E+03  0.0000E+00  0.0000E+00  7.4994E-01  7.4993E-01  0.0000E+00  0.0000E+00
  3.9003E-01  1.3010E+00  1.0005E+03  0.0000E+00  0.0000E+00  7.4994E-01  7.4993E-01  0.0000E+00  0.0000E+00
  3.9033E-01  1.3020E+00  1.0005E+03  0.0000E+00  0.0000E+00  7.4994E-01  7.4993E-01  0.0000E+00  0.0000E+00
  3.9063E-01  1.3030E+00  1.0005E+03  0.0000E+00  0.0000E+00  7.4994E-01  7.4993E-01  0.0000E+00  0.0000E+00
  3.9093E-01  1.3040E+00  1.0005E+03  0.0000E+00  0.0000E+00  7.4994E-01  7.4993E-01  0.0000E+00  0.0000E+00
  3.9123E-01  1.3050E+00  1.0005E+03  0.0000E+00  0.0000E+00  7.4994E-01  7.4993E-01  0.0000E+00  0.0000E+00
  3.9153E-01  1.3060E+00  1.0005E+03  0.0000E+00  0.0000E+00  7.4994E-01  7.4993E-01  0.0000E+00  0.0000E+00
  3.9183E-01  1.3070E+00  1.0005E+03  0.0000E+00  0.0000E+00  7.4994E-01  7.4993E-01  0.0000E+00  0.0000E+00
  3.9213E-01  1.3080E+00  1.0005E+03  0.0000E+00  0.0000E+00  7.4994E-01  7.4993E-01  0.0000E+00  0.0000E+00
  3.9243E-01  1.3090E+00  1.0005E+03  0.0000E+00  0.0000E+00  7.4994E-01  7.4993E-01  0.0000E+00  0.0000E+00
  3.9273E-01  1.3100E+00  1.0005E+03  0.0000E+00  0.0000E+00  7.4994E-01  7.4993E-01  0.0000E+00  0.0000E+00
  3.9303E-01  1.3110E+00  1.0005E+03  0.0000E+00  0.0000E+00  7.4994E-01  7.4993E-01  0.0000E+00  0.0000E+00
  3.9333E-01  1.3120E+00  1.0005E+03  0.0000E+00  0.0000E+00  7.4994E-01  7.4993E-01  0.0000E+00  0.0000E+00
  3.9363E-01  1.3130E+00  1.0005E+03  0.0000E+00  0.0000E+00  7.4994E-01  7.4993E-01  0.0000E+00  0.0000E+00
  3.9393E-01  1.3140E+00  1.0005E+03  0.0000E+00  0.0000E+00  7.4994E-01  7.4993E-01  0.0000E+00  0.0000E+00
  3.9423E-01  1.3150E+00  1.0005E+03  0.0000E+00  0.0000E+00  7.4994E-01  7.4993E-01  0.0000E+00  0.0000E+00
  3.9453E-01  1.3160E+00  1.0005E+03  0.0000E+00  0.0000E+00  7.4994E-01  7.4993E-01  0.0000E+00  0.0000E+00
  3.9483E-01  1.3170E+00  1.0005E+03  0.0000E+00  0.0000E+00  7.4994E-01  7.4993E-01  0.0000E+00  0.0000E+00
  3.9513E-01  1.3180E+00  1.0005E+03  0.0000E+00  0.0000E+00  7.4994E-01  7.4993E-01  0.0000E+00  0.0000E+00
  3.9543E-01  1.3190E+00  1.0005E+03  0.0000E+00  0.0000E+00  7.4994E-01  7.4993E-01  0.0000E+00  0.0000E+00
  3.9573E-01  1.3200E+00  1.0005E+03  0.0000E+00  0.0000E+00  7.4994E-01  7.4993E-01  0.0000E+00  0.0000E+00
  3.9603E-01  1.3210E+00  1.0005E+03  0.0000E+00  0.0000E+00  7.4994E-01  7.4993E-01  0.0000E+00  0.0000E+00
  3.9633E-01  1.3220E+00  1.0005E+03  0.0000E+00  0.0000E+00  7.4994E-01  7.4993E-01  0.0000E+00  0.0000E+00
  3.9663E-01  1.3230E+00  1.0005E+03  0.0000E+00  0.0000E+00  7.4994E-01  7.4993E-01  0.0000E+00  0.0000E+00
  3.9693E-01  1.3240E+00  1.0005E+03  0.0000E+00  0.0000E+00  7.4994E-01  7.4993E-01  0.0000E+00  0.0000E+00
  3.9722E-01  1.3250E+00  1.0005E+03  0.0000E+00  0.0000E+00  7.4994E-01  7.4993E-01  0.0000E+00  0.0000E+00
  3.9752E-01  1.3260E+00  1.0005E+03  0.0000E+00  0.0000E+00  7.4994E-01  7.4993E-01  0.0000E+00  0.0000E+00
  3.9782E-01  1.3270E+00  1.0005E+03  0.0000E+00  0.0000E+00  7.4994E-01  7.4993E-01  0.0000E+00  0.0000E+00
  3.9812E-01  1.3280E+00  1.0005E+03  0.0000E+00  0.0000E+00  7.4994E-01  7.4993E-01  0.0000E+00  0.0000E+00
  3.9842E-01  1.3290E+00  1.0005E+03  0.0000E+00  0.0000E+00  7.4994E-01  7.4993E-01  0.0000E+00  0.0000E+00
  3.9872E-01  1.3300E+00  1.0005E+03  0.0000E+00  0.0000E+00  7.4994E-01  7.4993E-01  0.0000E+00  0.0000E+00
  3.9902E-01  1.3310E+00  1.0005E+03  0.0000E+00  0.0000E+00  7.4994E-01  7.4993E-01  0.0000E+00  0.0000E+00
  3.9932E-01  1.3320E+00  1.0005E+03  0.0000E+00  0.0000E+00  7.4994E-01  7.4993E-01  0.0000E+00  0.0000E+00
  3.9962E-01  1.3330E+00  1.0005E+03  0.0000E+00  0.0000E+00  7.4994E-01  7.4993E-01  0.0000E+00  0.0000E+00
  3.9992E-01  1.3340E+00  1.0005E+03  0.0000E+00  0.0000E+00  7.4994E-01  7.4993E-01  0.0000E+00  0.0000E+00
  4.0022E-01  1.3350E+00  1.0005E+03  0.0000E+00  0.0000E+00  7.4994E-01  7.4993E-01  0.0000E+00  0.0000E+00
  4.0052E-01  1.3360E+00  1.0005E+03  0.0000E+00  0.0000E+00  7.4994E-01  7.4993E-01  0.0000E+00  0.0000E+00
  4.0082E-01  1.3370E+00  1.0005E+03  0.0000E+00  0.0000E+00  7.4994E-01  7.4993E-01  0.0000E+00  0.0000E+00
  4.0112E-01  1.3380E+00  1.0005E+03  0.0000E+00  0.0000E+00  7.4994E-01  7.4993E-01  0.0000E+00  0.0000E+00
  4.0142E-01  1.3390E+00  1.0005E+03  0.0000E+00  0.0000E+00  7.4994E-01  7.4993E-01  0.0000E+00  0.0000E+00
  4.0172E-01  1.3400E+00  1.0005E+03  0.0000E+00  0.0000E+00  7.4994E-01  7.4993E-01  0.0000E+00  0.0000E+00
  4.0202E-01  1.3410E+00  1.0005E+03  0.0000E+00  0.0000E+00  7.4994E-01  7.4993E-01  0.0000E+00  0.0000E+00
  4.0232E-01  1.3420E+00  1.0005E+03  0.0000E+00  0.0000E+00  7.4994E-01  7.4993E-01  0.0000E+00  0.0000E+00
  4.0262E-01  1.3430E+00  1.0005E+03  0.0000E+00  0.0000E+00  7.4994E-01  7.4993E-01  0.0000E+00  0.0000E+00
  4.0292E-01  1.3440E+00  1.0005E+03  0.0000E+00  0.0000E+00  7.4994E-01  7.4993E-01  0.0000E+00  0.0000E+00
  4.0322E-01  1.3450E+00  1.0005E+03  0.0000E+00  0.0000E+00  7.4994E-01  7.4993E-01  0.0000E+00  0.0000E+00
  4.0352E-01  1.3460E+00  1.0005E+03  0.0000E+00  0.0000E+00  7.4994E-01  7.4993E-01  0.0000E+00  0.0000E+00
  4.0382E-01  1.3470E+00  1.0005E+03  0.0000E+00  0.0000E+00  7.4994E-01  7.4993E-01  0.0000E+00  0.0000E+00
  4.0412E-01  1.3480E+00  1.0005E+03  0.0000E+00  0.0000E+00  7.4994E-01  7.4993E-01  0.0000E+00  0.0000E+00
  4.0442E-01  1.3490E+00  1.0005E+03  0.0000E+00  0.0000E+00  7.4994E-01  7.4993E-01  0.0000E+00  0.0000E+00
  4.0472E-01  1.3500E+00  1.0005E+03  0.0000E+00  0.0000E+00  7.4994E-01  7.4993E-01  0.0000E+00  0.0000E+00
  4.0502E-01  1.3510E+00  1.0005E+03  0.0000E+00  0.0000E+00  7.4994E-01  7.4993E-01  0.0000E+00  0.0000E+00
  4.0532E-01  1.3520E+00  1.0005E+03  0.0000E+00  0.0000E+00  7.4994E-01  7.4993E-01  0.0000E+00  0.0000E+00
  4.0562E-01  1.3530E+00  1.0005E+03  0.0000E+00  0.0000E+00  7.4994E-01  7.4993E-01  0.0000E+00  0.0000E+00
  4.0592E-01  1.3540E+00  1.0005E+03  0.0000E+00  0.0000E+00  7.4994E-01  7.4993E-01  0.0000E+00  0.0000E+00
  4.0622E-01  1.3550E+00  1.0005E+03  0.0000E+00  0.0000E+00  7.4994E-01  7.4993E-01  0.0000E+00  0.0000E+00
  4.0652E-01  1.3560E+00  1.0005E+03  0.0000E+00  0.0000E+00  7.4994E-01  7.4993E-01  0.0000E+00  0.0000E+00
  4.0682E-01  1.3570E+00  1.0005E+03  0.0000E+00  0.0000E+00  7.4994E-01  7.4993E-01  0.0000E+00  0.0000E+00
  4.0712E-01  1.3580E+00  1.0005E+03  0.0000E+00  0.0000E+00  7.4994E-01  7.4993E-01  0.0000E+00  0.0000E+00
  4.0742E-01  1.3590E+00  1.0005E+03  0.0000E+00  0.0000E+00  7.4994E-01  7.4993E-01  0.0000E+00  0.0000E+00
  4.0772E-01  1.3600E+00  1.0005E+03  0.0000E+00  0.0000E+00  7.4994E-01  7.4993E-01  0.0000E+00  0.0000E+00
  4.0802E-01  1.3610E+00  1.0005E+03  0.0000E+00  0.0000E+00  7.4994E-01  7.4993E-01  0.0000E+00  0.0000E+00
  4.0832E-01  1.3620E+00  1.0005E+03  0.0000E+00  0.0000E+00  7.4994E-01  7.4993E-01  0.0000E+00  0.0000E+00
  4.0862E-01  1.3630E+00  1.0005E+03  0.0000E+00  0.0000E+00  7.4994E-01  7.4993E-01  0.0000E+00  0.0000E+00
  4.0892E-01  1.3640E+00  1.0005E+03  0.0000E+00  0.0000E+00  7.4994E-01  7.4993E-01  0.0000E+00  0.0000E+00
  4.0922E-01  1.3650E+00  1.0005E+03  0.0000E+00  0.0000E+00  7.4994E-01  7.4993E-01  0.0000E+00  0.0000E+00
  4.0952E-01  1.3660E+00  1.0005E+03  0.0000E+00  0.0000E+00  7.4994E-01  7.4993E-01  0.0000E+00  0.0000E+00
  4.0982E-01  1.3670E+00  1.0005E+03  0.0000E+00  0.0000E+00  7.4994E-01  7.4993E-01  0.0000E+00  0.0000E+00
  4.1012E-01  1.3680E+00  1.0005E+03  0.0000E+00  0.0000E+00  7.4994E-01  7.4993E-01  0.0000E+00  0.0000E+00
  4.1042E-01  1.3690E+00  1.0005E+03  0.0000E+00  0.0000E+00  7.4994E-01  7.4993E-01  0.0000E+00  0.0000E+00
  4.1072E-01  1.3700E+00  1.0005E+03  0.0000E+00  0.0000E+00  7.4994E-01  7.4993E-01  0.0000E+00  0.0000E+00
  4.1102E-01  1.3710E+00  1.0005E+03  0.0000E+00  0.0000E+00  7.4994E-01  7.4993E-01  0.0000E+00  0.0000E+00
  4.1132E-01  1.3720E+00  1.0005E+03  0.0000E+00  0.0000E+00  7.4994E-01  7.4993E-01  0.0000E+00  0.0000E+00
  4.1161E-01  1.3730E+00  1.0005E+03  0.0000E+00  0.0000E+00  7.4994E-01  7.4993E-01  0.0000E+00  0.0000E+00
  4.1191E-01  1.3740E+00  1.0005E+03  0.0000E+00  0.0000E+00  7.4994E-01  7.4993E-01  0.0000E+00  0.0000E+00
  4.1221E-01  1.3750E+00  1.0005E+03  0.0000E+00  0.0000E+00  7.4994E-01  7.4993E-01  0.0000E+00  0.0000E+00
  4.1251E-01  1.3760E+00  1.0005E+03  0.0000E+00  0.0000E+00  7.4994E-01  7.4993E-01  0.0000E+00  0.0000E+00
  4.1281E-01  1.3770E+00  1.0005E+03  0.0000E+00  0.0000E+00  7.4994E-01  7.4993E-01  0.0000E+00  0.0000E+00
  4.1311E-01  1.3780E+00  1.0005E+03  0.0000E+00  0.0000E+00  7.4994E-01  7.4993E-01  0.0000E+00  0.0000E+00
  4.1341E-01  1.3790E+00  1.0005E+03  0.0000E+00  0.0000E+00  7.4994E-01  7.4993E-01  0.0000E+00  0.0000E+00
  4.1371E-01  1.3800E+00  1.0005E+03  0.0000E+00  0.0000E+00  7.4994E-01  7.4993E-01  0.0000E+00  0.0000E+00
  4.1401E-01  1.3810E+00  1.0005E+03  0.0000E+00  0.0000E+00  7.4994E-01  7.4993E-01  0.0000E+00  0.0000E+00
  4.1431E-01  1.3820E+00  1.0005E+03  0.0000E+00  0.0000E+00  7.4994E-01  7.4993E-01  0.0000E+00  0.0000E+00
  4.1461E-01  1.3830E+00  1.0005E+03  0.0000E+00  0.0000E+00  7.4994E-01  7.4993E-01  0.0000E+00  0.0000E+00
  4.1491E-01  1.3840E+00  1.0005E+03  0.0000E+00  0.0000E+00  7.4994E-01  7.4993E-01  0.0000E+00  0.0000E+00
  4.1521E-01  1.3850E+00  1.0005E+03  0.0000E+00  0.0000E+00  7.4994E-01  7.4993E-01  0.0000E+00  0.0000E+00
  4.1551E-01  1.3860E+00  1.0005E+03  0.0000E+00  0.0000E+00  7.4994E-01  7.4993E-01  0.0000E+00  0.0000E+00
  4.1581E-01  1.3870E+00  1.0005E+03  0.0000E+00  0.0000E+00  7.4994E-01  7.4993E-01  0.0000E+00  0.0000E+00
  4.1611E-01  1.3880E+00  1.0005E+03  0.0000E+00  0.0000E+00  7.4994E-01  7.4993E-01  0.0000E+00  0.0000E+00
  4.1641E-01  1.3890E+00  1.0005E+03  0.0000E+00  0.0000E+00  7.4994E-01  7.4993E-01  0.0000E+00  0.0000E+00
  4.1671E-01  1.3900E+00  1.0005E+03  0.0000E+00  0.0000E+00  7.4994E-01  7.4993E-01  0.0000E+00  0.0000E+00
  4.1701E-01  1.3910E+00  1.0005E+03  0.0000E+00  0.0000E+00  7.4994E-01  7.4993E-01  0.0000E+00  0.0000E+00
  4.1731E-01  1.3920E+00  1.0005E+03  0.0000E+00  0.0000E+00  7.4994E-01  7.4993E-01  0.0000E+00  0.0000E+00
  4.1761E-01  1.3930E+00  1.0005E+03  0.0000E+00  0.0000E+00  7.4994E-01  7.4993E-01  0.0000E+00  0.0000E+00
  4.1791E-01  1.3940E+00  1.0005E+03  0.0000E+00  0.0000E+00  7.4994E-01  7.4993E-01  0.0000E+00  0.0000E+00
  4.1821E-01  1.3950E+00  1.0005E+03  0.0000E+00  0.0000E+00  7.4994E-01  7.4993E-01  0.0000E+00  0.0000E+00
  4.1851E-01  1.3960E+00  1.0005E+03  0.0000E+00  0.0000E+00  7.4994E-01  7.4993E-01  0.0000E+00  0.0000E+00
  4.1881E-01  1.3970E+00  1.0005E+03  0.0000E+00  0.0000E+00  7.4994E-01  7.4993E-01  0.0000E+00  0.0000E+00
  4.1911E-01  1.3980E+00  1.0005E+03  0.0000E+00  0.0000E+00  7.4994E-01  7.4993E-01  0.0000E+00  0.0000E+00
  4.1941E-01  1.3990E+00  1.0005E+03  0.0000E+00  0.0000E+00  7.4994E-01  7.4993E-01  0.0000E+00  0.0000E+00
  4.1971E-01  1.4000E+00  1.0005E+03  0.0000E+00  0.0000E+00  7.4994E-01  7.4993E-01  0.0000E+00  0.0000E+00
  4.2001E-01  1.4010E+00  1.0005E+03  0.0000E+00  0.0000E+00  7.4994E-01  7.4993E-01  0.0000E+00  0.0000E+00
  4.2031E-01  1.4020E+00  1.0005E+03  0.0000E+00  0.0000E+00  7.4994E-01  7.4993E-01  0.0000E+00  0.0000E+00
  4.2061E-01  1.4030E+00  1.0005E+03  0.0000E+00  0.0000E+00  7.4994E-01  7.4993E-01  0.0000E+00  0.0000E+00
  4.2091E-01  1.4040E+00  1.0005E+03  0.0000E+00  0.0000E+00  7.4994E-01  7.4993E-01  0.0000E+00  0.0000E+00
  4.2121E-01  1.4050E+00  1.0005E+03  0.0000E+00  0.0000E+00  7.4994E-01  7.4993E-01  0.0000E+00  0.0000E+00
  4.2151E-01  1.4060E+00  1.0005E+03  0.0000E+00  0.0000E+00  7.4994E-01  7.4993E-01  0.0000E+00  0.0000E+00
  4.2181E-01  1.4070E+00  1.0005E+03  0.0000E+00  0.0000E+00  7.4994E-01  7.4993E-01  0.0000E+00  0.0000E+00
  4.2211E-01  1.4080E+00  1.0005E+03  0.0000E+00  0.0000E+00  7.4994E-01  7.4993E-01  0.0000E+00  0.0000E+00
  4.2241E-01  1.4090E+00  1.0005E+03  0.0000E+00  0.0000E+00  7.4994E-01  7.4993E-01  0.0000E+00  0.0000E+00
  4.2271E-01  1.4100E+00  1.0005E+03  0.0000E+00  0.0000E+00  7.4994E-01  7.4993E-01  0.0000E+00  0.0000E+00
  4.2301E-01  1.4110E+00  1.0005E+03  0.0000E+00  0.0000E+00  7.4994E-01  7.4993E-01  0.0000E+00  0.0000E+00
  4.2331E-01  1.4120E+00  1.0005E+03  0.0000E+00  0.0000E+00  7.4994E-01  7.4993E-01  0.0000E+00  0.0000E+00
  4.2361E-01  1.4130E+00  1.0005E+03  0.0000E+00  0.0000E+00  7.4994E-01  7.4993E-01  0.0000E+00  0.0000E+00
  4.2391E-01  1.4140E+00  1.0005E+03  0.0000E+00  0.0000E+00  7.4994E-01  7.4993E-01  0.0000E+00  0.0000E+00
  4.2421E-01  1.4150E+00  1.0005E+03  0.0000E+00  0.0000E+00  7.4994E-01  7.4993E-01  0.0000E+00  0.0000E+00
  4.2451E-01  1.4160E+00  1.0005E+03  0.0000E+00  0.0000E+00  7.4994E-01  7.4993E-01  0.0000E+00  0.0000E+00
  4.2481E-01  1.4170E+00  1.0005E+03  0.0000E+00  0.0000E+00  7.4994E-01  7.4993E-01  0.0000E+00  0.0000E+00
  4.2511E-01  1.4180E+00  1.0005E+03  0.0000E+00  0.0000E+00  7.4994E-01  7.4993E-01  0.0000E+00  0.0000E+00
  4.2541E-01  1.4190E+00  1.0005E+03  0.0000E+00  0.0000E+00  7.4994E-01  7.4993E-01  0.0000E+00  0.0000E+00
  4.2571E-01  1.4200E+00  1.0005E+03  0.0000E+00  0.0000E+00  7.4994E-01  7.4993E-01  0.0000E+00  0.0000E+00
  4.2601E-01  1.4210E+00  1.0005E+03  0.0000E+00  0.0000E+00  7.4994E-01  7.4993E-01  0.0000E+00  0.0000E+00
  4.2630E-01  1.4220E+00  1.0005E+03  0.0000E+00  0.0000E+00  7.4994E-01  7.4993E-01  0.0000E+00  0.0000E+00
  4.2660E-01  1.4230E+00  1.0005E+03  0.0000E+00  0.0000E+00  7.4994E-01  7.4993E-01  0.0000E+00  0.0000E+00
  4.2690E-01  1.4240E+00  1.0005E+03  0.0000E+00  0.0000E+00  7.4994E-01  7.4993E-01  0.0000E+00  0.0000E+00
  4.2720E-01  1.4250E+00  1.0005E+03  0.0000E+00  0.0000E+00  7.4994E-01  7.4993E-01  0.0000E+00  0.0000E+00
  4.2750E-01  1.4260E+00  1.0005E+03  0.0000E+00  0.0000E+00  7.4994E-01  7.4993E-01  0.0000E+00  0.0000E+00
  4.2780E-01  1.4270E+00  1.0005E+03  0.0000E+00  0.0000E+00  7.4994E-01  7.4993E-01  0.0000E+00  0.0000E+00
  4.2810E-01  1.4280E+00  1.0005E+03  0.0000E+00  0.0000E+00  7.4994E-01  7.4993E-01  0.0000E+00  0.0000E+00
  4.2840E-01  1.4290E+00  1.0005E+03  0.0000E+00  0.0000E+00  7.4994E-01  7.4993E-01  0.0000E+00  0.0000E+00
  4.2870E-01  1.4300E+00  1.0005E+03  0.0000E+00  0.0000E+00  7.4994E-01  7.4993E-01  0.0000E+00  0.0000E+00
  4.2900E-01  1.4310E+00  1.0005E+03  0.0000E+00  0.0000E+00  7.4994E-01  7.4993E-01  0.0000E+00  0.0000E+00
  4.2930E-01  1.4320E+00  1.0005E+03  0.0000E+00  0.0000E+00  7.4994E-01  7.4993E-01  0.0000E+00  0.0000E+00
  4.2960E-01  1.4330E+00  1.0005E+03  0.0000E+00  0.0000E+00  7.4994E-01  7.4993E-01  0.0000E+00  0.0000E+00
  4.2990E-01  1.4340E+00  1.0005E+03  0.0000E+00  0.0000E+00  7.4994E-01  7.4993E-01  0.0000E+00  0.0000E+00
  4.3020E-01  1.4350E+00  1.0005E+03  0.0000E+00  0.0000E+00  7.4994E-01  7.4993E-01  0.0000E+00  0.0000E+00
  4.3050E-01  1.4360E+00  1.0005E+03  0.0000E+00  0.0000E+00  7.4994E-01  7.4993E-01  0.0000E+00  0.0000E+00
  4.3080E-01  1.4370E+00  1.0005E+03  0.0000E+00  0.0000E+00  7.4994E-01  7.4993E-01  0.0000E+00  0.0000E+00
  4.3110E-01  1.4380E+00  1.0005E+03  0.0000E+00  0.0000E+00  7.4994E-01  7.4993E-01  0.0000E+00  0.0000E+00
  4.3140E-01  1.4390E+00  1.0005E+03  0.0000E+00  0.0000E+00  7.4994E-01  7.4993E-01  0.0000E+00  0.0000E+00
  4.3170E-01  1.4400E+00  1.0005E+03  0.0000E+00  0.0000E+00  7.4994E-01  7.4993E-01  0.0000E+00  0.0000E+00
  4.3200E-01  1.4410E+00  1.0005E+03  0.0000E+00  0.0000E+00  7.4994E-01  7.4993E-01  0.0000E+00  0.0000E+00
  4.3230E-01  1.4420E+00  1.0005E+03  0.0000E+00  0.0000E+00  7.4994E-01  7.4993E-01  0.0000E+00  0.0000E+00
  4.3260E-01  1.4430E+00  1.0005E+03  0.0000E+00  0.0000E+00  7.4994E-01  7.4993E-01  0.0000E+00  0.0000E+00
  4.3290E-01  1.4440E+00  1.0005E+03  0.0000E+00  0.0000E+00  7.4994E-01  7.4993E-01  0.0000E+00  0.0000E+00
  4.3320E-01  1.4450E+00  1.0005E+03  0.0000E+00  0.0000E+00  7.4994E-01  7.4993E-01  0.0000E+00  0.0000E+00
  4.3350E-01  1.4460E+00  1.0005E+03  0.0000E+00  0.0000E+00  7.4994E-01  7.4993E-01  0.0000E+00  0.0000E+00
  4.3380E-01  1.4470E+00  1.0005E+03  0.0000E+00  0.0000E+00  7.4994E-01  7.4993E-01  0.0000E+00  0.0000E+00
  4.3410E-01  1.4480E+00  1.0005E+03  0.0000E+00  0.0000E+00  7.4994E-01  7.4993E-01  0.0000E+00  0.0000E+00
  4.3440E-01  1.4490E+00  1.0005E+03  0.0000E+00  0.0000E+00  7.4994E-01  7.4993E-01  0.0000E+00  0.0000E+00
  4.3470E-01  1.4500E+00  1.0005E+03  0.0000E+00  0.0000E+00  7.4994E-01  7.4993E-01  0.0000E+00  0.0000E+00
  4.3500E-01  1.4510E+00  1.0005E+03  0.0000E+00  0.0000E+00  7.4994E-01  7.4993E-01  0.0000E+00  0.0000E+00
  4.3530E-01  1.4520E+00  1.0005E+03  0.0000E+00  0.0000E+00  7.4994E-01  7.4993E-01  0.0000E+00  0.0000E+00
  4.3560E-01  1.4530E+00  1.0005E+03  0.0000E+00  0.0000E+00  7.4994E-01  7.4993E-01  0.0000E+00  0.0000E+00
  4.3590E-01  1.4540E+00  1.0005E+03  0.0000E+00  0.0000E+00  7.4994E-01  7.4993E-01  0.0000E+00  0.0000E+00
  4.3620E-01  1.4550E+00  1.0005E+03  0.0000E+00  0.0000E+00  7.4994E-01  7.4993E-01  0.0000E+00  0.0000E+00
  4.3650E-01  1.4560E+00  1.0005E+03  0.0000E+00  0.0000E+00  7.4994E-01  7.4993E-01  0.0000E+00  0.0000E+00
  4.3680E-01  1.4570E+00  1.0005E+03  0.0000E+00  0.0000E+00  7.4994E-01  7.4993E-01  0.0000E+00  0.0000E+00
  4.3710E-01  1.4580E+00  1.0005E+03  0.0000E+00  0.0000E+00  7.4994E-01  7.4993E-01  0.0000E+00  0.0000E+00
  4.3740E-01  1.4590E+00  1.0005E+03  0.0000E+00  0.0000E+00  7.4994E-01  7.4993E-01  0.0000E+00  0.0000E+00
  4.3770E-01  1.4600E+00  1.0005E+03  0.0000E+00  0.0000E+00  7.4994E-01  7.4993E-01  0.0000E+00  0.0000E+00
  4.3800E-01  1.4610E+00  1.0005E+03  0.0000E+00  0.0000E+00  7.4994E-01  7.4993E-01  0.0000E+00  0.0000E+00
  4.3830E-01  1.4620E+00  1.0005E+03  0.0000E+00  0.0000E+00  7.4994E-01  7.4993E-01  0.0000E+00  0.0000E+00
  4.3860E-01  1.4630E+00  1.0005E+03  0.0000E+00  0.0000E+00  7.4994E-01  7.4993E-01  0.0000E+00  0.0000E+00
  4.3890E-01  1.4640E+00  1.0005E+03  0.0000E+00  0.0000E+00  7.4994E-01  7.4993E-01  0.0000E+00  0.0000E+00
  4.3920E-01  1.4650E+00  1.0005E+03  0.0000E+00  0.0000E+00  7.4994E-01  7.4993E-01  0.0000E+00  0.0000E+00
  4.3950E-01  1.4660E+00  1.0005E+03  0.0000E+00  0.0000E+00  7.4994E-01  7.4993E-01  0.0000E+00  0.0000E+00
  4.3980E-01  1.4670E+00  1.0005E+03  0.0000E+00  0.0000E+00  7.4994E-01  7.4993E-01  0.0000E+00  0.0000E+00
  4.4010E-01  1.4680E+00  1.0005E+03  0.0000E+00  0.0000E+00  7.4994E-01  7.4993E-01  0.0000E+00  0.0000E+00
  4.4040E-01  1.4690E+00  1.0005E+03  0.0000E+00  0.0000E+00  7.4994E-01  7.4993E-01  0.0000E+00  0.0000E+00
  4.4069E-01  1.4700E+00  1.0005E+03  0.0000E+00  0.0000E+00  7.4994E-01  7.4993E-01  0.0000E+00  0.0000E+00
  4.4099E-01  1.4710E+00  1.0005E+03  0.0000E+00  0.0000E+00  7.4994E-01  7.4993E-01  0.0000E+00  0.0000E+00
  4.4129E-01  1.4720E+00  1.0005E+03  0.0000E+00  0.0000E+00  7.4994E-01  7.4993E-01  0.0000E+00  0.0000E+00
  4.4159E-01  1.4730E+00  1.0005E+03  0.0000E+00  0.0000E+00  7.4994E-01  7.4993E-01  0.0000E+00  0.0000E+00
  4.4189E-01  1.4740E+00  1.0005E+03  0.0000E+00  0.0000E+00  7.4994E-01  7.4993E-01  0.0000E+00  0.0000E+00
  4.4219E-01  1.4750E+00  1.0005E+03  0.0000E+00  0.0000E+00  7.4994E-01  7.4993E-01  0.0000E+00  0.0000E+00
  4.4249E-01  1.4760E+00  1.0005E+03  0.0000E+00  0.0000E+00  7.4994E-01  7.4993E-01  0.0000E+00  0.0000E+00
  4.4279E-01  1.4770E+00  1.0005E+03  0.0000E+00  0.0000E+00  7.4994E-01  7.4993E-01  0.0000E+00  0.0000E+00
  4.4309E-01  1.4780E+00  1.0005E+03  0.0000E+00  0.0000E+00  7.4994E-01  7.4993E-01  0.0000E+00  0.0000E+00
  4.4339E-01  1.4790E+00  1.0005E+03  0.0000E+00  0.0000E+00  7.4994E-01  7.4993E-01  0.0000E+00  0.0000E+00
  4.4369E-01  1.4800E+00  1.0005E+03  0.0000E+00  0.0000E+00  7.4994E-01  7.4993E-01  0.0000E+00  0.0000E+00
  4.4399E-01  1.4810E+00  1.0005E+03  0.0000E+00  0.0000E+00  7.4994E-01  7.4993E-01  0.0000E+00  0.0000E+00
  4.4429E-01  1.4820E+00  1.0005E+03  0.0000E+00  0.0000E+00  7.4994E-01  7.4993E-01  0.0000E+00  0.0000E+00
  4.4459E-01  1.4830E+00  1.0005E+03  0.0000E+00  0.0000E+00  7.4994E-01  7.4993E-01  0.0000E+00  0.0000E+00
  4.4489E-01  1.4840E+00  1.0005E+03  0.0000E+00  0.0000E+00  7.4994E-01  7.4993E-01  0.0000E+00  0.0000E+00
  4.4519E-01  1.4850E+00  1.0005E+03  0.0000E+00  0.0000E+00  7.4994E-01  7.4993E-01  0.0000E+00  0.0000E+00
  4.4549E-01  1.4860E+00  1.0005E+03  0.0000E+00  0.0000E+00  7.4994E-01  7.4993E-01  0.0000E+00  0.0000E+00
  4.4579E-01  1.4870E+00  1.0005E+03  0.0000E+00  0.0000E+00  7.4994E-01  7.4993E-01  0.0000E+00  0.0000E+00
  4.4609E-01  1.4880E+00  1.0005E+03  0.0000E+00  0.0000E+00  7.4994E-01  7.4993E-01  0.0000E+00  0.0000E+00
  4.4639E-01  1.4890E+00  1.0005E+03  0.0000E+00  0.0000E+00  7.4994E-01  7.4993E-01  0.0000E+00  0.0000E+00
  4.4669E-01  1.4900E+00  1.0005E+03  0.0000E+00  0.0000E+00  7.4994E-01  7.4993E-01  0.0000E+00  0.0000E+00
  4.4699E-01  1.4910E+00  1.0005E+03  0.0000E+00  0.0000E+00  7.4994E-01  7.4993E-01  0.0000E+00  0.0000E+00
  4.4729E-01  1.4920E+00  1.0005E+03  0.0000E+00  0.0000E+00  7.4994E-01  7.4993E-01  0.0000E+00  0.0000E+00
  4.4759E-01  1.4930E+00  1.0005E+03  0.0000E+00  0.0000E+00  7.4994E-01  7.4993E-01  0.0000E+00  0.0000E+00
  4.4789E-01  1.4940E+00  1.0005E+03  0.0000E+00  0.0000E+00  7.4994E-01  7.4993E-01  0.0000E+00  0.0000E+00
  4.4819E-01  1.4950E+00  1.0005E+03  0.0000E+00  0.0000E+00  7.4994E-01  7.4993E-01  0.0000E+00  0.0000E+00
  4.4849E-01  1.4960E+00  1.0005E+03  0.0000E+00  0.0000E+00  7.4994E-01  7.4993E-01  0.0000E+00  0.0000E+00
  4.4879E-01  1.4970E+00  1.0005E+03  0.0000E+00  0.0000E+00  7.4994E-01  7.4993E-01  0.0000E+00  0.0000E+00
  4.4909E-01  1.4980E+00  1.0005E+03  0.0000E+00  0.0000E+00  7.4994E-01  7.4993E-01  0.0000E+00  0.0000E+00
  4.4939E-01  1.4990E+00  1.0005E+03  0.0000E+00  0.0000E+00  7.4994E-01  7.4993E-01  0.0000E+00  0.0000E+00
  4.4969E-01  1.5000E+00  1.0005E+03  0.0000E+00  0.0000E+00  7.4994E-01  7.4993E-01  0.0000E+00  0.0000E+00
  4.4999E-01  1.5010E+00  1.0005E+03  0.0000E+00  0.0000E+00  7.4994E-01  7.4993E-01  0.0000E+00  0.0000E+00
  4.5029E-01  1.5020E+00  1.0005E+03  0.0000E+00  0.0000E+00  7.4994E-01  7.4993E-01  0.0000E+00  0.0000E+00
  4.5059E-01  1.5030E+00  1.0005E+03  0.0000E+00  0.0000E+00  7.4994E-01  7.4993E-01  0.0000E+00  0.0000E+00
  4.5089E-01  1.5040E+00  1.0005E+03  0.0000E+00  0.0000E+00  7.4994E-01  7.4993E-01  0.0000E+00  0.0000E+00
  4.5119E-01  1.5050E+00  1.0005E+03  0.0000E+00  0.0000E+00  7.4994E-01  7.4993E-01  0.0000E+00  0.0000E+00
  4.5149E-01  1.5060E+00  1.0005E+03  0.0000E+00  0.0000E+00  7.4994E-01  7.4993E-01  0.0000E+00  0.0000E+00
  4.5179E-01  1.5070E+00  1.0005E+03  0.0000E+00  0.0000E+00  7.4994E-01  7.4993E-01  0.0000E+00  0.0000E+00
  4.5209E-01  1.5080E+00  1.0005E+03  0.0000E+00  0.0000E+00  7.4994E-01  7.4993E-01  0.0000E+00  0.0000E+00
  4.5239E-01  1.5090E+00  1.0005E+03  0.0000E+00  0.0000E+00  7.4994E-01  7.4993E-01  0.0000E+00  0.0000E+00
  4.5269E-01  1.5100E+00  1.0005E+03  0.0000E+00  0.0000E+00  7.4994E-01  7.4993E-01  0.0000E+00  0.0000E+00
  4.5299E-01  1.5110E+00  1.0005E+03  0.0000E+00  0.0000E+00  7.4994E-01  7.4993E-01  0.0000E+00  0.0000E+00
  4.5329E-01  1.5120E+00  1.0005E+03  0.0000E+00  0.0000E+00  7.4994E-01  7.4993E-01  0.0000E+00  0.0000E+00
  4.5359E-01  1.5130E+00  1.0005E+03  0.0000E+00  0.0000E+00  7.4994E-01  7.4993E-01  0.0000E+00  0.0000E+00
  4.5389E-01  1.5140E+00  1.0005E+03  0.0000E+00  0.0000E+00  7.4994E-01  7.4993E-01  0.0000E+00  0.0000E+00
  4.5419E-01  1.5150E+00  1.0005E+03  0.0000E+00  0.0000E+00  7.4994E-01  7.4993E-01  0.0000E+00  0.0000E+00
  4.5449E-01  1.5160E+00  1.0005E+03  0.0000E+00  0.0000E+00  7.4994E-01  7.4993E-01  0.0000E+00  0.0000E+00
  4.5479E-01  1.5170E+00  1.0005E+03  0.0000E+00  0.0000E+00  7.4994E-01  7.4993E-01  0.0000E+00  0.0000E+00
  4.5508E-01  1.5180E+00  1.0005E+03  0.0000E+00  0.0000E+00  7.4994E-01  7.4993E-01  0.0000E+00  0.0000E+00
  4.5538E-01  1.5190E+00  1.0005E+03  0.0000E+00  0.0000E+00  7.4994E-01  7.4993E-01  0.0000E+00  0.0000E+00
  4.5568E-01  1.5200E+00  1.0005E+03  0.0000E+00  0.0000E+00  7.4994E-01  7.4993E-01  0.0000E+00  0.0000E+00
  4.5598E-01  1.5210E+00  1.0005E+03  0.0000E+00  0.0000E+00  7.4994E-01  7.4993E-01  0.0000E+00  0.0000E+00
  4.5628E-01  1.5220E+00  1.0005E+03  0.0000E+00  0.0000E+00  7.4994E-01  7.4993E-01  0.0000E+00  0.0000E+00
  4.5658E-01  1.5230E+00  1.0005E+03  0.0000E+00  0.0000E+00  7.4994E-01  7.4993E-01  0.0000E+00  0.0000E+00
  4.5688E-01  1.5240E+00  1.0005E+03  0.0000E+00  0.0000E+00  7.4994E-01  7.4993E-01  0.0000E+00  0.0000E+00
  4.5718E-01  1.5250E+00  1.0005E+03  0.0000E+00  0.0000E+00  7.4994E-01  7.4993E-01  0.0000E+00  0.0000E+00
  4.5748E-01  1.5260E+00  1.0005E+03  0.0000E+00  0.0000E+00  7.4994E-01  7.4993E-01  0.0000E+00  0.0000E+00
  4.5778E-01  1.5270E+00  1.0005E+03  0.0000E+00  0.0000E+00  7.4994E-01  7.4993E-01  0.0000E+00  0.0000E+00
  4.5808E-01  1.5280E+00  1.0005E+03  0.0000E+00  0.0000E+00  7.4994E-01  7.4993E-01  0.0000E+00  0.0000E+00
  4.5838E-01  1.5290E+00  1.0005E+03  0.0000E+00  0.0000E+00  7.4994E-01  7.4993E-01  0.0000E+00  0.0000E+00
  4.5868E-01  1.5300E+00  1.0005E+03  0.0000E+00  0.0000E+00  7.4994E-01  7.4993E-01  0.0000E+00  0.0000E+00
  4.5898E-01  1.5310E+00  1.0005E+03  0.0000E+00  0.0000E+00  7.4994E-01  7.4993E-01  0.0000E+00  0.0000E+00
  4.5928E-01  1.5320E+00  1.0005E+03  0.0000E+00  0.0000E+00  7.4994E-01  7.4993E-01  0.0000E+00  0.0000E+00
  4.5958E-01  1.5330E+00  1.0005E+03  0.0000E+00  0.0000E+00  7.4994E-01  7.4993E-01  0.0000E+00  0.0000E+00
  4.5988E-01  1.5340E+00  1.0005E+03  0.0000E+00  0.0000E+00  7.4994E-01  7.4993E-01  0.0000E+00  0.0000E+00
  4.6018E-01  1.5350E+00  1.0005E+03  0.0000E+00  0.0000E+00  7.4994E-01  7.4993E-01  0.0000E+00  0.0000E+00
  4.6048E-01  1.5360E+00  1.0005E+03  0.0000E+00  0.0000E+00  7.4994E-01  7.4993E-01  0.0000E+00  0.0000E+00
  4.6078E-01  1.5370E+00  1.0005E+03  0.0000E+00  0.0000E+00  7.4994E-01  7.4993E-01  0.0000E+00  0.0000E+00
  4.6108E-01  1.5380E+00  1.0005E+03  0.0000E+00  0.0000E+00  7.4994E-01  7.4993E-01  0.0000E+00  0.0000E+00
  4.6138E-01  1.5390E+00  1.0005E+03  0.0000E+00  0.0000E+00  7.4994E-01  7.4993E-01  0.0000E+00  0.0000E+00
  4.6168E-01  1.5400E+00  1.0005E+03  0.0000E+00  0.0000E+00  7.4994E-01  7.4993E-01  0.0000E+00  0.0000E+00
  4.6198E-01  1.5410E+00  1.0005E+03  0.0000E+00  0.0000E+00  7.4994E-01  7.4993E-01  0.0000E+00  0.0000E+00
  4.6228E-01  1.5420E+00  1.0005E+03  0.0000E+00  0.0000E+00  7.4994E-01  7.4993E-01  0.0000E+00  0.0000E+00
  4.6258E-01  1.5430E+00  1.0005E+03  0.0000E+00  0.0000E+00  7.4994E-01  7.4993E-01  0.0000E+00  0.0000E+00
  4.6288E-01  1.5440E+00  1.0005E+03  0.0000E+00  0.0000E+00  7.4994E-01  7.4993E-01  0.0000E+00  0.0000E+00
  4.6318E-01  1.5450E+00  1.0005E+03  0.0000E+00  0.0000E+00  7.4994E-01  7.4993E-01  0.0000E+00  0.0000E+00
  4.6348E-01  1.5460E+00  1.0005E+03  0.0000E+00  0.0000E+00  7.4994E-01  7.4993E-01  0.0000E+00  0.0000E+00
  4.6378E-01  1.5470E+00  1.0005E+03  0.0000E+00  0.0000E+00  7.4994E-01  7.4993E-01  0.0000E+00  0.0000E+00
  4.6408E-01  1.5480E+00  1.0005E+03  0.0000E+00  0.0000E+00  7.4994E-01  7.4993E-01  0.0000E+00  0.0000E+00
  4.6438E-01  1.5490E+00  1.0005E+03  0.0000E+00  0.0000E+00  7.4994E-01  7.4993E-01  0.0000E+00  0.0000E+00
  4.6468E-01  1.5500E+00  1.0005E+03  0.0000E+00  0.0000E+00  7.4994E-01  7.4993E-01  0.0000E+00  0.0000E+00
  4.6498E-01  1.5510E+00  1.0005E+03  0.0000E+00  0.0000E+00  7.4994E-01  7.4993E-01  0.0000E+00  0.0000E+00
  4.6528E-01  1.5520E+00  1.0005E+03  0.0000E+00  0.0000E+00  7.4994E-01  7.4993E-01  0.0000E+00  0.0000E+00
  4.6558E-01  1.5530E+00  1.0005E+03  0.0000E+00  0.0000E+00  7.4994E-01  7.4993E-01  0.0000E+00  0.0000E+00
  4.6588E-01  1.5540E+00  1.0005E+03  0.0000E+00  0.0000E+00  7.4994E-01  7.4993E-01  0.0000E+00  0.0000E+00
  4.6618E-01  1.5550E+00  1.0005E+03  0.0000E+00  0.0000E+00  7.4994E-01  7.4993E-01  0.0000E+00  0.0000E+00
  4.6648E-01  1.5560E+00  1.0005E+03  0.0000E+00  0.0000E+00  7.4994E-01  7.4993E-01  0.0000E+00  0.0000E+00
  4.6678E-01  1.5570E+00  1.0005E+03  0.0000E+00  0.0000E+00  7.4994E-01  7.4993E-01  0.0000E+00  0.0000E+00
  4.6708E-01  1.5580E+00  1.0005E+03  0.0000E+00  0.0000E+00  7.4994E-01  7.4993E-01  0.0000E+00  0.0000E+00
  4.6738E-01  1.5590E+00  1.0005E+03  0.0000E+00  0.0000E+00  7.4994E-01  7.4993E-01  0.0000E+00  0.0000E+00
  4.6768E-01  1.5600E+00  1.0005E+03  0.0000E+00  0.0000E+00  7.4994E-01  7.4993E-01  0.0000E+00  0.0000E+00
  4.6798E-01  1.5610E+00  1.0005E+03  0.0000E+00  0.0000E+00  7.4994E-01  7.4993E-01  0.0000E+00  0.0000E+00
  4.6828E-01  1.5620E+00  1.0005E+03  0.0000E+00  0.0000E+00  7.4994E-01  7.4993E-01  0.0000E+00  0.0000E+00
  4.6858E-01  1.5630E+00  1.0005E+03  0.0000E+00  0.0000E+00  7.4994E-01  7.4993E-01  0.0000E+00  0.0000E+00
  4.6888E-01  1.5640E+00  1.0005E+03  0.0000E+00  0.0000E+00  7.4994E-01  7.4993E-01  0.0000E+00  0.0000E+00
  4.6918E-01  1.5650E+00  1.0005E+03  0.0000E+00  0.0000E+00  7.4994E-01  7.4993E-01  0.0000E+00  0.0000E+00
  4.6947E-01  1.5660E+00  1.0005E+03  0.0000E+00  0.0000E+00  7.4994E-01  7.4993E-01  0.0000E+00  0.0000E+00
  4.6977E-01  1.5670E+00  1.0005E+03  0.0000E+00  0.0000E+00  7.4994E-01  7.4993E-01  0.0000E+00  0.0000E+00
  4.7007E-01  1.5680E+00  1.0005E+03  0.0000E+00  0.0000E+00  7.4994E-01  7.4993E-01  0.0000E+00  0.0000E+00
  4.7037E-01  1.5690E+00  1.0005E+03  0.0000E+00  0.0000E+00  7.4994E-01  7.4993E-01  0.0000E+00  0.0000E+00
  4.7067E-01  1.5700E+00  1.0005E+03  0.0000E+00  0.0000E+00  7.4994E-01  7.4993E-01  0.0000E+00  0.0000E+00
  4.7097E-01  1.5710E+00  1.0005E+03  0.0000E+00  0.0000E+00  7.4994E-01  7.4993E-01  0.0000E+00  0.0000E+00
  4.7127E-01  1.5720E+00  1.0005E+03  0.0000E+00  0.0000E+00  7.4994E-01  7.4993E-01  0.0000E+00  0.0000E+00
  4.7157E-01  1.5730E+00  1.0005E+03  0.0000E+00  0.0000E+00  7.4994E-01  7.4993E-01  0.0000E+00  0.0000E+00
  4.7187E-01  1.5740E+00  1.0005E+03  0.0000E+00  0.0000E+00  7.4994E-01  7.4993E-01  0.0000E+00  0.0000E+00
  4.7217E-01  1.5750E+00  1.0005E+03  0.0000E+00  0.0000E+00  7.4994E-01  7.4993E-01  0.0000E+00  0.0000E+00
  4.7247E-01  1.5760E+00  1.0005E+03  0.0000E+00  0.0000E+00  7.4994E-01  7.4993E-01  0.0000E+00  0.0000E+00
  4.7277E-01  1.5770E+00  1.0005E+03  0.0000E+00  0.0000E+00  7.4994E-01  7.4993E-01  0.0000E+00  0.0000E+00
  4.7307E-01  1.5780E+00  1.0005E+03  0.0000E+00  0.0000E+00  7.4994E-01  7.4993E-01  0.0000E+00  0.0000E+00
  4.7337E-01  1.5790E+00  1.0005E+03  0.0000E+00  0.0000E+00  7.4994E-01  7.4993E-01  0.0000E+00  0.0000E+00
  4.7367E-01  1.5800E+00  1.0005E+03  0.0000E+00  0.0000E+00  7.4994E-01  7.4993E-01  0.0000E+00  0.0000E+00
  4.7397E-01  1.5810E+00  1.0005E+03  0.0000E+00  0.0000E+00  7.4994E-01  7.4993E-01  0.0000E+00  0.0000E+00
  4.7427E-01  1.5820E+00  1.0005E+03  0.0000E+00  0.0000E+00  7.4994E-01  7.4993E-01  0.0000E+00  0.0000E+00
  4.7457E-01  1.5830E+00  1.0005E+03  0.0000E+00  0.0000E+00  7.4994E-01  7.4993E-01  0.0000E+00  0.0000E+00
  4.7487E-01  1.5840E+00  1.0005E+03  0.0000E+00  0.0000E+00  7.4994E-01  7.4993E-01  0.0000E+00  0.0000E+00
  4.7517E-01  1.5850E+00  1.0005E+03  0.0000E+00  0.0000E+00  7.4994E-01  7.4993E-01  0.0000E+00  0.0000E+00
  4.7547E-01  1.5860E+00  1.0005E+03  0.0000E+00  0.0000E+00  7.4994E-01  7.4993E-01  0.0000E+00  0.0000E+00
  4.7577E-01  1.5870E+00  1.0005E+03  0.0000E+00  0.0000E+00  7.4994E-01  7.4993E-01  0.0000E+00  0.0000E+00
  4.7607E-01  1.5880E+00  1.0005E+03  0.0000E+00  0.0000E+00  7.4994E-01  7.4993E-01  0.0000E+00  0.0000E+00
  4.7637E-01  1.5890E+00  1.0005E+03  0.0000E+00  0.0000E+00  7.4994E-01  7.4993E-01  0.0000E+00  0.0000E+00
  4.7667E-01  1.5900E+00  1.0005E+03  0.0000E+00  0.0000E+00  7.4994E-01  7.4993E-01  0.0000E+00  0.0000E+00
  4.7697E-01  1.5910E+00  1.0005E+03  0.0000E+00  0.0000E+00  7.4994E-01  7.4993E-01  0.0000E+00  0.0000E+00
  4.7727E-01  1.5920E+00  1.0005E+03  0.0000E+00  0.0000E+00  7.4994E-01  7.4993E-01  0.0000E+00  0.0000E+00
  4.7757E-01  1.5930E+00  1.0005E+03  0.0000E+00  0.0000E+00  7.4994E-01  7.4993E-01  0.0000E+00  0.0000E+00
  4.7787E-01  1.5940E+00  1.0005E+03  0.0000E+00  0.0000E+00  7.4994E-01  7.4993E-01  0.0000E+00  0.0000E+00
  4.7817E-01  1.5950E+00  1.0005E+03  0.0000E+00  0.0000E+00  7.4994E-01  7.4993E-01  0.0000E+00  0.0000E+00
  4.7847E-01  1.5960E+00  1.0005E+03  0.0000E+00  0.0000E+00  7.4994E-01  7.4993E-01  0.0000E+00  0.0000E+00
  4.7877E-01  1.5970E+00  1.0005E+03  0.0000E+00  0.0000E+00  7.4994E-01  7.4993E-01  0.0000E+00  0.0000E+00
  4.7907E-01  1.5980E+00  1.0005E+03  0.0000E+00  0.0000E+00  7.4994E-01  7.4993E-01  0.0000E+00  0.0000E+00
  4.7937E-01  1.5990E+00  1.0005E+03  0.0000E+00  0.0000E+00  7.4994E-01  7.4993E-01  0.0000E+00  0.0000E+00
  4.7967E-01  1.6000E+00  1.0005E+03  0.0000E+00  0.0000E+00  7.4994E-01  7.4993E-01  0.0000E+00  0.0000E+00
  4.7997E-01  1.6010E+00  1.0005E+03  0.0000E+00  0.0000E+00  7.4994E-01  7.4993E-01  0.0000E+00  0.0000E+00
  4.8027E-01  1.6020E+00  1.0005E+03  0.0000E+00  0.0000E+00  7.4994E-01  7.4993E-01  0.0000E+00  0.0000E+00
  4.8057E-01  1.6030E+00  1.0005E+03  0.0000E+00  0.0000E+00  7.4994E-01  7.4993E-01  0.0000E+00  0.0000E+00
  4.8087E-01  1.6040E+00  1.0005E+03  0.0000E+00  0.0000E+00  7.4994E-01  7.4993E-01  0.0000E+00  0.0000E+00
  4.8117E-01  1.6050E+00  1.0005E+03  0.0000E+00  0.0000E+00  7.4994E-01  7.4993E-01  0.0000E+00  0.0000E+00
  4.8147E-01  1.6060E+00  1.0005E+03  0.0000E+00  0.0000E+00  7.4994E-01  7.4993E-01  0.0000E+00  0.0000E+00
  4.8177E-01  1.6070E+00  1.0005E+03  0.0000E+00  0.0000E+00  7.4994E-01  7.4993E-01  0.0000E+00  0.0000E+00
  4.8207E-01  1.6080E+00  1.0005E+03  0.0000E+00  0.0000E+00  7.4994E-01  7.4993E-01  0.0000E+00  0.0000E+00
  4.8237E-01  1.6090E+00  1.0005E+03  0.0000E+00  0.0000E+00  7.4994E-01  7.4993E-01  0.0000E+00  0.0000E+00
  4.8267E-01  1.6100E+00  1.0005E+03  0.0000E+00  0.0000E+00  7.4994E-01  7.4993E-01  0.0000E+00  0.0000E+00
  4.8297E-01  1.6110E+00  1.0005E+03  0.0000E+00  0.0000E+00  7.4994E-01  7.4993E-01  0.0000E+00  0.0000E+00
  4.8327E-01  1.6120E+00  1.0005E+03  0.0000E+00  0.0000E+00  7.4994E-01  7.4993E-01  0.0000E+00  0.0000E+00
  4.8357E-01  1.6130E+00  1.0005E+03  0.0000E+00  0.0000E+00  7.4994E-01  7.4993E-01  0.0000E+00  0.0000E+00
  4.8386E-01  1.6140E+00  1.0005E+03  0.0000E+00  0.0000E+00  7.4994E-01  7.4993E-01  0.0000E+00  0.0000E+00
  4.8416E-01  1.6150E+00  1.0005E+03  0.0000E+00  0.0000E+00  7.4994E-01  7.4993E-01  0.0000E+00  0.0000E+00
  4.8446E-01  1.6160E+00  1.0005E+03  0.0000E+00  0.0000E+00  7.4994E-01  7.4993E-01  0.0000E+00  0.0000E+00
  4.8476E-01  1.6170E+00  1.0005E+03  0.0000E+00  0.0000E+00  7.4994E-01  7.4993E-01  0.0000E+00  0.0000E+00
  4.8506E-01  1.6180E+00  1.0005E+03  0.0000E+00  0.0000E+00  7.4994E-01  7.4993E-01  0.0000E+00  0.0000E+00
  4.8536E-01  1.6190E+00  1.0005E+03  0.0000E+00  0.0000E+00  7.4994E-01  7.4993E-01  0.0000E+00  0.0000E+00
  4.8566E-01  1.6200E+00  1.0005E+03  0.0000E+00  0.0000E+00  7.4994E-01  7.4993E-01  0.0000E+00  0.0000E+00
  4.8596E-01  1.6210E+00  1.0005E+03  0.0000E+00  0.0000E+00  7.4994E-01  7.4993E-01  0.0000E+00  0.0000E+00
  4.8626E-01  1.6220E+00  1.0005E+03  0.0000E+00  0.0000E+00  7.4994E-01  7.4993E-01  0.0000E+00  0.0000E+00
  4.8656E-01  1.6230E+00  1.0005E+03  0.0000E+00  0.0000E+00  7.4994E-01  7.4993E-01  0.0000E+00  0.0000E+00
  4.8686E-01  1.6240E+00  1.0005E+03  0.0000E+00  0.0000E+00  7.4994E-01  7.4993E-01  0.0000E+00  0.0000E+00
  4.8716E-01  1.6250E+00  1.0005E+03  0.0000E+00  0.0000E+00  7.4994E-01  7.4993E-01  0.0000E+00  0.0000E+00
  4.8746E-01  1.6260E+00  1.0005E+03  0.0000E+00  0.0000E+00  7.4994E-01  7.4993E-01  0.0000E+00  0.0000E+00
  4.8776E-01  1.6270E+00  1.0005E+03  0.0000E+00  0.0000E+00  7.4994E-01  7.4993E-01  0.0000E+00  0.0000E+00
  4.8806E-01  1.6280E+00  1.0005E+03  0.0000E+00  0.0000E+00  7.4994E-01  7.4993E-01  0.0000E+00  0.0000E+00
  4.8836E-01  1.6290E+00  1.0005E+03  0.0000E+00  0.0000E+00  7.4994E-01  7.4993E-01  0.0000E+00  0.0000E+00
  4.8866E-01  1.6300E+00  1.0005E+03  0.0000E+00  0.0000E+00  7.4994E-01  7.4993E-01  0.0000E+00  0.0000E+00
  4.8896E-01  1.6310E+00  1.0005E+03  0.0000E+00  0.0000E+00  7.4994E-01  7.4993E-01  0.0000E+00  0.0000E+00
  4.8926E-01  1.6320E+00  1.0005E+03  0.0000E+00  0.0000E+00  7.4994E-01  7.4993E-01  0.0000E+00  0.0000E+00
  4.8956E-01  1.6330E+00  1.0005E+03  0.0000E+00  0.0000E+00  7.4994E-01  7.4993E-01  0.0000E+00  0.0000E+00
  4.8986E-01  1.6340E+00  1.0005E+03  0.0000E+00  0.0000E+00  7.4994E-01  7.4993E-01  0.0000E+00  0.0000E+00
  4.9016E-01  1.6350E+00  1.0005E+03  0.0000E+00  0.0000E+00  7.4994E-01  7.4993E-01  0.0000E+00  0.0000E+00
  4.9046E-01  1.6360E+00  1.0005E+03  0.0000E+00  0.0000E+00  7.4994E-01  7.4993E-01  0.0000E+00  0.0000E+00
  4.9076E-01  1.6370E+00  1.0005E+03  0.0000E+00  0.0000E+00  7.4994E-01  7.4993E-01  0.0000E+00  0.0000E+00
  4.9106E-01  1.6380E+00  1.0005E+03  0.0000E+00  0.0000E+00  7.4994E-01  7.4993E-01  0.0000E+00  0.0000E+00
  4.9136E-01  1.6390E+00  1.0005E+03  0.0000E+00  0.0000E+00  7.4994E-01  7.4993E-01  0.0000E+00  0.0000E+00
  4.9166E-01  1.6400E+00  1.0005E+03  0.0000E+00  0.0000E+00  7.4994E-01  7.4993E-01  0.0000E+00  0.0000E+00
  4.9196E-01  1.6410E+00  1.0005E+03  0.0000E+00  0.0000E+00  7.4994E-01  7.4993E-01  0.0000E+00  0.0000E+00
  4.9226E-01  1.6420E+00  1.0005E+03  0.0000E+00  0.0000E+00  7.4994E-01  7.4993E-01  0.0000E+00  0.0000E+00
  4.9256E-01  1.6430E+00  1.0005E+03  0.0000E+00  0.0000E+00  7.4994E-01  7.4993E-01  0.0000E+00  0.0000E+00
  4.9286E-01  1.6440E+00  1.0005E+03  0.0000E+00  0.0000E+00  7.4994E-01  7.4993E-01  0.0000E+00  0.0000E+00
  4.9316E-01  1.6450E+00  1.0005E+03  0.0000E+00  0.0000E+00  7.4994E-01  7.4993E-01  0.0000E+00  0.0000E+00
  4.9346E-01  1.6460E+00  1.0005E+03  0.0000E+00  0.0000E+00  7.4994E-01  7.4993E-01  0.0000E+00  0.0000E+00
  4.9376E-01  1.6470E+00  1.0005E+03  0.0000E+00  0.0000E+00  7.4994E-01  7.4993E-01  0.0000E+00  0.0000E+00
  4.9406E-01  1.6480E+00  1.0005E+03  0.0000E+00  0.0000E+00  7.4994E-01  7.4993E-01  0.0000E+00  0.0000E+00
  4.9436E-01  1.6490E+00  1.0005E+03  0.0000E+00  0.0000E+00  7.4994E-01  7.4993E-01  0.0000E+00  0.0000E+00
  4.9466E-01  1.6500E+00  1.0005E+03  0.0000E+00  0.0000E+00  7.4994E-01  7.4993E-01  0.0000E+00  0.0000E+00
  4.9496E-01  1.6510E+00  1.0005E+03  0.0000E+00  0.0000E+00  7.4994E-01  7.4993E-01  0.0000E+00  0.0000E+00
  4.9526E-01  1.6520E+00  1.0005E+03  0.0000E+00  0.0000E+00  7.4994E-01  7.4993E-01  0.0000E+00  0.0000E+00
  4.9556E-01  1.6530E+00  1.0005E+03  0.0000E+00  0.0000E+00  7.4994E-01  7.4993E-01  0.0000E+00  0.0000E+00
  4.9586E-01  1.6540E+00  1.0005E+03  0.0000E+00  0.0000E+00  7.4994E-01  7.4993E-01  0.0000E+00  0.0000E+00
  4.9616E-01  1.6550E+00  1.0005E+03  0.0000E+00  0.0000E+00  7.4994E-01  7.4993E-01  0.0000E+00  0.0000E+00
  4.9646E-01  1.6560E+00  1.0005E+03  0.0000E+00  0.0000E+00  7.4994E-01  7.4993E-01  0.0000E+00  0.0000E+00
  4.9676E-01  1.6570E+00  1.0005E+03  0.0000E+00  0.0000E+00  7.4994E-01  7.4993E-01  0.0000E+00  0.0000E+00
  4.9706E-01  1.6580E+00  1.0005E+03  0.0000E+00  0.0000E+00  7.4994E-01  7.4993E-01  0.0000E+00  0.0000E+00
  4.9736E-01  1.6590E+00  1.0005E+03  0.0000E+00  0.0000E+00  7.4994E-01  7.4993E-01  0.0000E+00  0.0000E+00
  4.9766E-01  1.6600E+00  1.0005E+03  0.0000E+00  0.0000E+00  7.4994E-01  7.4993E-01  0.0000E+00  0.0000E+00
  4.9796E-01  1.6610E+00  1.0005E+03  0.0000E+00  0.0000E+00  7.4994E-01  7.4993E-01  0.0000E+00  0.0000E+00
  4.9826E-01  1.6620E+00  1.0005E+03  0.0000E+00  0.0000E+00  7.4994E-01  7.4993E-01  0.0000E+00  0.0000E+00
  4.9855E-01  1.6630E+00  1.0005E+03  0.0000E+00  0.0000E+00  7.4994E-01  7.4993E-01  0.0000E+00  0.0000E+00
  4.9885E-01  1.6640E+00  1.0005E+03  0.0000E+00  0.0000E+00  7.4994E-01  7.4993E-01  0.0000E+00  0.0000E+00
  4.9915E-01  1.6650E+00  1.0005E+03  0.0000E+00  0.0000E+00  7.4994E-01  7.4993E-01  0.0000E+00  0.0000E+00
  4.9945E-01  1.6660E+00  1.0005E+03  0.0000E+00  0.0000E+00  7.4994E-01  7.4993E-01  0.0000E+00  0.0000E+00
  4.9975E-01  1.6670E+00  1.0005E+03  0.0000E+00  0.0000E+00  7.4994E-01  7.4993E-01  0.0000E+00  0.0000E+00
  5.0005E-01  1.6680E+00  1.0005E+03  0.0000E+00  0.0000E+00  7.4994E-01  7.4993E-01  0.0000E+00  0.0000E+00
  5.0035E-01  1.6690E+00  1.0005E+03  0.0000E+00  0.0000E+00  7.4994E-01  7.4993E-01  0.0000E+00  0.0000E+00
  5.0065E-01  1.6700E+00  1.0005E+03  0.0000E+00  0.0000E+00  7.4994E-01  7.4993E-01  0.0000E+00  0.0000E+00
  5.0095E-01  1.6710E+00  1.0005E+03  0.0000E+00  0.0000E+00  7.4994E-01  7.4993E-01  0.0000E+00  0.0000E+00
  5.0125E-01  1.6720E+00  1.0005E+03  0.0000E+00  0.0000E+00  7.4994E-01  7.4993E-01  0.0000E+00  0.0000E+00
  5.0155E-01  1.6730E+00  1.0005E+03  0.0000E+00  0.0000E+00  7.4994E-01  7.4993E-01  0.0000E+00  0.0000E+00
  5.0185E-01  1.6740E+00  1.0005E+03  0.0000E+00  0.0000E+00  7.4994E-01  7.4993E-01  0.0000E+00  0.0000E+00
  5.0215E-01  1.6750E+00  1.0005E+03  0.0000E+00  0.0000E+00  7.4994E-01  7.4993E-01  0.0000E+00  0.0000E+00
  5.0245E-01  1.6760E+00  1.0005E+03  0.0000E+00  0.0000E+00  7.4994E-01  7.4993E-01  0.0000E+00  0.0000E+00
  5.0275E-01  1.6770E+00  1.0005E+03  0.0000E+00  0.0000E+00  7.4994E-01  7.4993E-01  0.0000E+00  0.0000E+00
  5.0305E-01  1.6780E+00  1.0005E+03  0.0000E+00  0.0000E+00  7.4994E-01  7.4993E-01  0.0000E+00  0.0000E+00
  5.0335E-01  1.6790E+00  1.0005E+03  0.0000E+00  0.0000E+00  7.4994E-01  7.4993E-01  0.0000E+00  0.0000E+00
  5.0365E-01  1.6800E+00  1.0005E+03  0.0000E+00  0.0000E+00  7.4994E-01  7.4993E-01  0.0000E+00  0.0000E+00
  5.0395E-01  1.6810E+00  1.0005E+03  0.0000E+00  0.0000E+00  7.4994E-01  7.4993E-01  0.0000E+00  0.0000E+00
  5.0425E-01  1.6820E+00  1.0005E+03  0.0000E+00  0.0000E+00  7.4994E-01  7.4993E-01  0.0000E+00  0.0000E+00
  5.0455E-01  1.6830E+00  1.0005E+03  0.0000E+00  0.0000E+00  7.4994E-01  7.4993E-01  0.0000E+00  0.0000E+00
  5.0485E-01  1.6840E+00  1.0005E+03  0.0000E+00  0.0000E+00  7.4994E-01  7.4993E-01  0.0000E+00  0.0000E+00
  5.0515E-01  1.6850E+00  1.0005E+03  0.0000E+00  0.0000E+00  7.4994E-01  7.4993E-01  0.0000E+00  0.0000E+00
  5.0545E-01  1.6860E+00  1.0005E+03  0.0000E+00  0.0000E+00  7.4994E-01  7.4993E-01  0.0000E+00  0.0000E+00
  5.0575E-01  1.6870E+00  1.0005E+03  0.0000E+00  0.0000E+00  7.4994E-01  7.4993E-01  0.0000E+00  0.0000E+00
  5.0605E-01  1.6880E+00  1.0005E+03  0.0000E+00  0.0000E+00  7.4994E-01  7.4993E-01  0.0000E+00  0.0000E+00
  5.0635E-01  1.6890E+00  1.0005E+03  0.0000E+00  0.0000E+00  7.4994E-01  7.4993E-01  0.0000E+00  0.0000E+00
  5.0665E-01  1.6900E+00  1.0005E+03  0.0000E+00  0.0000E+00  7.4994E-01  7.4993E-01  0.0000E+00  0.0000E+00
  5.0695E-01  1.6910E+00  1.0005E+03  0.0000E+00  0.0000E+00  7.4994E-01  7.4993E-01  0.0000E+00  0.0000E+00
  5.0725E-01  1.6920E+00  1.0005E+03  0.0000E+00  0.0000E+00  7.4994E-01  7.4993E-01  0.0000E+00  0.0000E+00
  5.0755E-01  1.6930E+00  1.0005E+03  0.0000E+00  0.0000E+00  7.4994E-01  7.4993E-01  0.0000E+00  0.0000E+00
  5.0785E-01  1.6940E+00  1.0005E+03  0.0000E+00  0.0000E+00  7.4994E-01  7.4993E-01  0.0000E+00  0.0000E+00
  5.0815E-01  1.6950E+00  1.0005E+03  0.0000E+00  0.0000E+00  7.4994E-01  7.4993E-01  0.0000E+00  0.0000E+00
  5.0845E-01  1.6960E+00  1.0005E+03  0.0000E+00  0.0000E+00  7.4994E-01  7.4993E-01  0.0000E+00  0.0000E+00
  5.0875E-01  1.6970E+00  1.0005E+03  0.0000E+00  0.0000E+00  7.4994E-01  7.4993E-01  0.0000E+00  0.0000E+00
  5.0905E-01  1.6980E+00  1.0005E+03  0.0000E+00  0.0000E+00  7.4994E-01  7.4993E-01  0.0000E+00  0.0000E+00
  5.0935E-01  1.6990E+00  1.0005E+03  0.0000E+00  0.0000E+00  7.4994E-01  7.4993E-01  0.0000E+00  0.0000E+00
  5.0965E-01  1.7000E+00  1.0005E+03  0.0000E+00  0.0000E+00  7.4994E-01  7.4993E-01  0.0000E+00  0.0000E+00
  5.0995E-01  1.7010E+00  1.0005E+03  0.0000E+00  0.0000E+00  7.4994E-01  7.4993E-01  0.0000E+00  0.0000E+00
  5.1025E-01  1.7020E+00  1.0005E+03  0.0000E+00  0.0000E+00  7.4994E-01  7.4993E-01  0.0000E+00  0.0000E+00
  5.1055E-01  1.7030E+00  1.0005E+03  0.0000E+00  0.0000E+00  7.4994E-01  7.4993E-01  0.0000E+00  0.0000E+00
  5.1085E-01  1.7040E+00  1.0005E+03  0.0000E+00  0.0000E+00  7.4994E-01  7.4993E-01  0.0000E+00  0.0000E+00
  5.1115E-01  1.7050E+00  1.0005E+03  0.0000E+00  0.0000E+00  7.4994E-01  7.4993E-01  0.0000E+00  0.0000E+00
  5.1145E-01  1.7060E+00  1.0005E+03  0.0000E+00  0.0000E+00  7.4994E-01  7.4993E-01  0.0000E+00  0.0000E+00
  5.1175E-01  1.7070E+00  1.0005E+03  0.0000E+00  0.0000E+00  7.4994E-01  7.4993E-01  0.0000E+00  0.0000E+00
  5.1205E-01  1.7080E+00  1.0005E+03  0.0000E+00  0.0000E+00  7.4994E-01  7.4993E-01  0.0000E+00  0.0000E+00
  5.1235E-01  1.7090E+00  1.0005E+03  0.0000E+00  0.0000E+00  7.4994E-01  7.4993E-01  0.0000E+00  0.0000E+00
  5.1265E-01  1.7100E+00  1.0005E+03  0.0000E+00  0.0000E+00  7.4994E-01  7.4993E-01  0.0000E+00  0.0000E+00
  5.1294E-01  1.7110E+00  1.0005E+03  0.0000E+00  0.0000E+00  7.4994E-01  7.4993E-01  0.0000E+00  0.0000E+00
  5.1324E-01  1.7120E+00  1.0005E+03  0.0000E+00  0.0000E+00  7.4994E-01  7.4993E-01  0.0000E+00  0.0000E+00
  5.1354E-01  1.7130E+00  1.0005E+03  0.0000E+00  0.0000E+00  7.4994E-01  7.4993E-01  0.0000E+00  0.0000E+00
  5.1384E-01  1.7140E+00  1.0005E+03  0.0000E+00  0.0000E+00  7.4994E-01  7.4993E-01  0.0000E+00  0.0000E+00
  5.1414E-01  1.7150E+00  1.0005E+03  0.0000E+00  0.0000E+00  7.4994E-01  7.4993E-01  0.0000E+00  0.0000E+00
  5.1444E-01  1.7160E+00  1.0005E+03  0.0000E+00  0.0000E+00  7.4994E-01  7.4993E-01  0.0000E+00  0.0000E+00
  5.1474E-01  1.7170E+00  1.0005E+03  0.0000E+00  0.0000E+00  7.4994E-01  7.4993E-01  0.0000E+00  0.0000E+00
  5.1504E-01  1.7180E+00  1.0005E+03  0.0000E+00  0.0000E+00  7.4994E-01  7.4993E-01  0.0000E+00  0.0000E+00
  5.1534E-01  1.7190E+00  1.0005E+03  0.0000E+00  0.0000E+00  7.4994E-01  7.4993E-01  0.0000E+00  0.0000E+00
  5.1564E-01  1.7200E+00  1.0005E+03  0.0000E+00  0.0000E+00  7.4994E-01  7.4993E-01  0.0000E+00  0.0000E+00
  5.1594E-01  1.7210E+00  1.0005E+03  0.0000E+00  0.0000E+00  7.4994E-01  7.4993E-01  0.0000E+00  0.0000E+00
  5.1624E-01  1.7220E+00  1.0005E+03  0.0000E+00  0.0000E+00  7.4994E-01  7.4993E-01  0.0000E+00  0.0000E+00
  5.1654E-01  1.7230E+00  1.0005E+03  0.0000E+00  0.0000E+00  7.4994E-01  7.4993E-01  0.0000E+00  0.0000E+00
  5.1684E-01  1.7240E+00  1.0005E+03  0.0000E+00  0.0000E+00  7.4994E-01  7.4993E-01  0.0000E+00  0.0000E+00
  5.1714E-01  1.7250E+00  1.0005E+03  0.0000E+00  0.0000E+00  7.4994E-01  7.4993E-01  0.0000E+00  0.0000E+00
  5.1744E-01  1.7260E+00  1.0005E+03  0.0000E+00  0.0000E+00  7.4994E-01  7.4993E-01  0.0000E+00  0.0000E+00
  5.1774E-01  1.7270E+00  1.0005E+03  0.0000E+00  0.0000E+00  7.4994E-01  7.4993E-01  0.0000E+00  0.0000E+00
  5.1804E-01  1.7280E+00  1.0005E+03  0.0000E+00  0.0000E+00  7.4994E-01  7.4993E-01  0.0000E+00  0.0000E+00
  5.1834E-01  1.7290E+00  1.0005E+03  0.0000E+00  0.0000E+00  7.4994E-01  7.4993E-01  0.0000E+00  0.0000E+00
  5.1864E-01  1.7300E+00  1.0005E+03  0.0000E+00  0.0000E+00  7.4994E-01  7.4993E-01  0.0000E+00  0.0000E+00
  5.1894E-01  1.7310E+00  1.0005E+03  0.0000E+00  0.0000E+00  7.4994E-01  7.4993E-01  0.0000E+00  0.0000E+00
  5.1924E-01  1.7320E+00  1.0005E+03  0.0000E+00  0.0000E+00  7.4994E-01  7.4993E-01  0.0000E+00  0.0000E+00
  5.1954E-01  1.7330E+00  1.0005E+03  0.0000E+00  0.0000E+00  7.4994E-01  7.4993E-01  0.0000E+00  0.0000E+00
  5.1984E-01  1.7340E+00  1.0005E+03  0.0000E+00  0.0000E+00  7.4994E-01  7.4993E-01  0.0000E+00  0.0000E+00
  5.2014E-01  1.7350E+00  1.0005E+03  0.0000E+00  0.0000E+00  7.4994E-01  7.4993E-01  0.0000E+00  0.0000E+00
  5.2044E-01  1.7360E+00  1.0005E+03  0.0000E+00  0.0000E+00  7.4994E-01  7.4993E-01  0.0000E+00  0.0000E+00
  5.2074E-01  1.7370E+00  1.0005E+03  0.0000E+00  0.0000E+00  7.4994E-01  7.4993E-01  0.0000E+00  0.0000E+00
  5.2104E-01  1.7380E+00  1.0005E+03  0.0000E+00  0.0000E+00  7.4994E-01  7.4993E-01  0.0000E+00  0.0000E+00
  5.2134E-01  1.7390E+00  1.0005E+03  0.0000E+00  0.0000E+00  7.4994E-01  7.4993E-01  0.0000E+00  0.0000E+00
  5.2164E-01  1.7400E+00  1.0005E+03  0.0000E+00  0.0000E+00  7.4994E-01  7.4993E-01  0.0000E+00  0.0000E+00
  5.2194E-01  1.7410E+00  1.0005E+03  0.0000E+00  0.0000E+00  7.4994E-01  7.4993E-01  0.0000E+00  0.0000E+00
  5.2224E-01  1.7420E+00  1.0005E+03  0.0000E+00  0.0000E+00  7.4994E-01  7.4993E-01  0.0000E+00  0.0000E+00
  5.2254E-01  1.7430E+00  1.0005E+03  0.0000E+00  0.0000E+00  7.4994E-01  7.4993E-01  0.0000E+00  0.0000E+00
  5.2284E-01  1.7440E+00  1.0005E+03  0.0000E+00  0.0000E+00  7.4994E-01  7.4993E-01  0.0000E+00  0.0000E+00
  5.2314E-01  1.7450E+00  1.0005E+03  0.0000E+00  0.0000E+00  7.4994E-01  7.4993E-01  0.0000E+00  0.0000E+00
  5.2344E-01  1.7460E+00  1.0005E+03  0.0000E+00  0.0000E+00  7.4994E-01  7.4993E-01  0.0000E+00  0.0000E+00
  5.2374E-01  1.7470E+00  1.0005E+03  0.0000E+00  0.0000E+00  7.4994E-01  7.4993E-01  0.0000E+00  0.0000E+00
  5.2404E-01  1.7480E+00  1.0005E+03  0.0000E+00  0.0000E+00  7.4994E-01  7.4993E-01  0.0000E+00  0.0000E+00
  5.2434E-01  1.7490E+00  1.0005E+03  0.0000E+00  0.0000E+00  7.4994E-01  7.4993E-01  0.0000E+00  0.0000E+00
  5.2464E-01  1.7500E+00  1.0005E+03  0.0000E+00  0.0000E+00  7.4994E-01  7.4993E-01  0.0000E+00  0.0000E+00
  5.2494E-01  1.7510E+00  1.0005E+03  0.0000E+00  0.0000E+00  7.4994E-01  7.4993E-01  0.0000E+00  0.0000E+00
  5.2524E-01  1.7520E+00  1.0005E+03  0.0000E+00  0.0000E+00  7.4994E-01  7.4993E-01  0.0000E+00  0.0000E+00
  5.2554E-01  1.7530E+00  1.0005E+03  0.0000E+00  0.0000E+00  7.4994E-01  7.4993E-01  0.0000E+00  0.0000E+00
  5.2584E-01  1.7540E+00  1.0005E+03  0.0000E+00  0.0000E+00  7.4994E-01  7.4993E-01  0.0000E+00  0.0000E+00
  5.2614E-01  1.7550E+00  1.0005E+03  0.0000E+00  0.0000E+00  7.4994E-01  7.4993E-01  0.0000E+00  0.0000E+00
  5.2644E-01  1.7560E+00  1.0005E+03  0.0000E+00  0.0000E+00  7.4994E-01  7.4993E-01  0.0000E+00  0.0000E+00
  5.2674E-01  1.7570E+00  1.0005E+03  0.0000E+00  0.0000E+00  7.4994E-01  7.4993E-01  0.0000E+00  0.0000E+00
  5.2704E-01  1.7580E+00  1.0005E+03  0.0000E+00  0.0000E+00  7.4994E-01  7.4993E-01  0.0000E+00  0.0000E+00
  5.2733E-01  1.7590E+00  1.0005E+03  0.0000E+00  0.0000E+00  7.4994E-01  7.4993E-01  0.0000E+00  0.0000E+00
  5.2763E-01  1.7600E+00  1.0005E+03  0.0000E+00  0.0000E+00  7.4994E-01  7.4993E-01  0.0000E+00  0.0000E+00
  5.2793E-01  1.7610E+00  1.0005E+03  0.0000E+00  0.0000E+00  7.4994E-01  7.4993E-01  0.0000E+00  0.0000E+00
  5.2823E-01  1.7620E+00  1.0005E+03  0.0000E+00  0.0000E+00  7.4994E-01  7.4993E-01  0.0000E+00  0.0000E+00
  5.2853E-01  1.7630E+00  1.0005E+03  0.0000E+00  0.0000E+00  7.4994E-01  7.4993E-01  0.0000E+00  0.0000E+00
  5.2883E-01  1.7640E+00  1.0005E+03  0.0000E+00  0.0000E+00  7.4994E-01  7.4993E-01  0.0000E+00  0.0000E+00
  5.2913E-01  1.7650E+00  1.0005E+03  0.0000E+00  0.0000E+00  7.4994E-01  7.4993E-01  0.0000E+00  0.0000E+00
  5.2943E-01  1.7660E+00  1.0005E+03  0.0000E+00  0.0000E+00  7.4994E-01  7.4993E-01  0.0000E+00  0.0000E+00
  5.2973E-01  1.7670E+00  1.0005E+03  0.0000E+00  0.0000E+00  7.4994E-01  7.4993E-01  0.0000E+00  0.0000E+00
  5.3003E-01  1.7680E+00  1.0005E+03  0.0000E+00  0.0000E+00  7.4994E-01  7.4993E-01  0.0000E+00  0.0000E+00
  5.3033E-01  1.7690E+00  1.0005E+03  0.0000E+00  0.0000E+00  7.4994E-01  7.4993E-01  0.0000E+00  0.0000E+00
  5.3063E-01  1.7700E+00  1.0005E+03  0.0000E+00  0.0000E+00  7.4994E-01  7.4993E-01  0.0000E+00  0.0000E+00
  5.3093E-01  1.7710E+00  1.0005E+03  0.0000E+00  0.0000E+00  7.4994E-01  7.4993E-01  0.0000E+00  0.0000E+00
  5.3123E-01  1.7720E+00  1.0005E+03  0.0000E+00  0.0000E+00  7.4994E-01  7.4993E-01  0.0000E+00  0.0000E+00
  5.3153E-01  1.7730E+00  1.0005E+03  0.0000E+00  0.0000E+00  7.4994E-01  7.4993E-01  0.0000E+00  0.0000E+00
  5.3183E-01  1.7740E+00  1.0005E+03  0.0000E+00  0.0000E+00  7.4994E-01  7.4993E-01  0.0000E+00  0.0000E+00
  5.3213E-01  1.7750E+00  1.0005E+03  0.0000E+00  0.0000E+00  7.4994E-01  7.4993E-01  0.0000E+00  0.0000E+00
  5.3243E-01  1.7760E+00  1.0005E+03  0.0000E+00  0.0000E+00  7.4994E-01  7.4993E-01  0.0000E+00  0.0000E+00
  5.3273E-01  1.7770E+00  1.0005E+03  0.0000E+00  0.0000E+00  7.4994E-01  7.4993E-01  0.0000E+00  0.0000E+00
  5.3303E-01  1.7780E+00  1.0005E+03  0.0000E+00  0.0000E+00  7.4994E-01  7.4993E-01  0.0000E+00  0.0000E+00
  5.3333E-01  1.7790E+00  1.0005E+03  0.0000E+00  0.0000E+00  7.4994E-01  7.4993E-01  0.0000E+00  0.0000E+00
  5.3363E-01  1.7800E+00  1.0005E+03  0.0000E+00  0.0000E+00  7.4994E-01  7.4993E-01  0.0000E+00  0.0000E+00
  5.3393E-01  1.7810E+00  1.0005E+03  0.0000E+00  0.0000E+00  7.4994E-01  7.4993E-01  0.0000E+00  0.0000E+00
  5.3423E-01  1.7820E+00  1.0005E+03  0.0000E+00  0.0000E+00  7.4994E-01  7.4993E-01  0.0000E+00  0.0000E+00
  5.3453E-01  1.7830E+00  1.0005E+03  0.0000E+00  0.0000E+00  7.4994E-01  7.4993E-01  0.0000E+00  0.0000E+00
  5.3483E-01  1.7840E+00  1.0005E+03  0.0000E+00  0.0000E+00  7.4994E-01  7.4993E-01  0.0000E+00  0.0000E+00
  5.3513E-01  1.7850E+00  1.0005E+03  0.0000E+00  0.0000E+00  7.4994E-01  7.4993E-01  0.0000E+00  0.0000E+00
  5.3543E-01  1.7860E+00  1.0005E+03  0.0000E+00  0.0000E+00  7.4994E-01  7.4993E-01  0.0000E+00  0.0000E+00
  5.3573E-01  1.7870E+00  1.0005E+03  0.0000E+00  0.0000E+00  7.4994E-01  7.4993E-01  0.0000E+00  0.0000E+00
  5.3603E-01  1.7880E+00  1.0005E+03  0.0000E+00  0.0000E+00  7.4994E-01  7.4993E-01  0.0000E+00  0.0000E+00
  5.3633E-01  1.7890E+00  1.0005E+03  0.0000E+00  0.0000E+00  7.4994E-01  7.4993E-01  0.0000E+00  0.0000E+00
  5.3663E-01  1.7900E+00  1.0005E+03  0.0000E+00  0.0000E+00  7.4994E-01  7.4993E-01  0.0000E+00  0.0000E+00
  5.3693E-01  1.7910E+00  1.0005E+03  0.0000E+00  0.0000E+00  7.4994E-01  7.4993E-01  0.0000E+00  0.0000E+00
  5.3723E-01  1.7920E+00  1.0005E+03  0.0000E+00  0.0000E+00  7.4994E-01  7.4993E-01  0.0000E+00  0.0000E+00
  5.3753E-01  1.7930E+00  1.0005E+03  0.0000E+00  0.0000E+00  7.4994E-01  7.4993E-01  0.0000E+00  0.0000E+00
  5.3783E-01  1.7940E+00  1.0005E+03  0.0000E+00  0.0000E+00  7.4994E-01  7.4993E-01  0.0000E+00  0.0000E+00
  5.3813E-01  1.7950E+00  1.0005E+03  0.0000E+00  0.0000E+00  7.4994E-01  7.4993E-01  0.0000E+00  0.0000E+00
  5.3843E-01  1.7960E+00  1.0005E+03  0.0000E+00  0.0000E+00  7.4994E-01  7.4993E-01  0.0000E+00  0.0000E+00
  5.3873E-01  1.7970E+00  1.0005E+03  0.0000E+00  0.0000E+00  7.4994E-01  7.4993E-01  0.0000E+00  0.0000E+00
  5.3903E-01  1.7980E+00  1.0005E+03  0.0000E+00  0.0000E+00  7.4994E-01  7.4993E-01  0.0000E+00  0.0000E+00
  5.3933E-01  1.7990E+00  1.0005E+03  0.0000E+00  0.0000E+00  7.4994E-01  7.4993E-01  0.0000E+00  0.0000E+00
  5.3963E-01  1.8000E+00  1.0005E+03  0.0000E+00  0.0000E+00  7.4994E-01  7.4993E-01  0.0000E+00  0.0000E+00
  5.3993E-01  1.8010E+00  1.0005E+03  0.0000E+00  0.0000E+00  7.4994E-01  7.4993E-01  0.0000E+00  0.0000E+00
  5.4023E-01  1.8020E+00  1.0005E+03  0.0000E+00  0.0000E+00  7.4994E-01  7.4993E-01  0.0000E+00  0.0000E+00
  5.4053E-01  1.8030E+00  1.0005E+03  0.0000E+00  0.0000E+00  7.4994E-01  7.4993E-01  0.0000E+00  0.0000E+00
  5.4083E-01  1.8040E+00  1.0005E+03  0.0000E+00  0.0000E+00  7.4994E-01  7.4993E-01  0.0000E+00  0.0000E+00
  5.4113E-01  1.8050E+00  1.0005E+03  0.0000E+00  0.0000E+00  7.4994E-01  7.4993E-01  0.0000E+00  0.0000E+00
  5.4143E-01  1.8060E+00  1.0005E+03  0.0000E+00  0.0000E+00  7.4994E-01  7.4993E-01  0.0000E+00  0.0000E+00
  5.4172E-01  1.8070E+00  1.0005E+03  0.0000E+00  0.0000E+00  7.4994E-01  7.4993E-01  0.0000E+00  0.0000E+00
  5.4202E-01  1.8080E+00  1.0005E+03  0.0000E+00  0.0000E+00  7.4994E-01  7.4993E-01  0.0000E+00  0.0000E+00
  5.4232E-01  1.8090E+00  1.0005E+03  0.0000E+00  0.0000E+00  7.4994E-01  7.4993E-01  0.0000E+00  0.0000E+00
  5.4262E-01  1.8100E+00  1.0005E+03  0.0000E+00  0.0000E+00  7.4994E-01  7.4993E-01  0.0000E+00  0.0000E+00
  5.4292E-01  1.8110E+00  1.0005E+03  0.0000E+00  0.0000E+00  7.4994E-01  7.4993E-01  0.0000E+00  0.0000E+00
  5.4322E-01  1.8120E+00  1.0005E+03  0.0000E+00  0.0000E+00  7.4994E-01  7.4993E-01  0.0000E+00  0.0000E+00
  5.4352E-01  1.8130E+00  1.0005E+03  0.0000E+00  0.0000E+00  7.4994E-01  7.4993E-01  0.0000E+00  0.0000E+00
  5.4382E-01  1.8140E+00  1.0005E+03  0.0000E+00  0.0000E+00  7.4994E-01  7.4993E-01  0.0000E+00  0.0000E+00
  5.4412E-01  1.8150E+00  1.0005E+03  0.0000E+00  0.0000E+00  7.4994E-01  7.4993E-01  0.0000E+00  0.0000E+00
  5.4442E-01  1.8160E+00  1.0005E+03  0.0000E+00  0.0000E+00  7.4994E-01  7.4993E-01  0.0000E+00  0.0000E+00
  5.4472E-01  1.8170E+00  1.0005E+03  0.0000E+00  0.0000E+00  7.4994E-01  7.4993E-01  0.0000E+00  0.0000E+00
  5.4502E-01  1.8180E+00  1.0005E+03  0.0000E+00  0.0000E+00  7.4994E-01  7.4993E-01  0.0000E+00  0.0000E+00
  5.4532E-01  1.8190E+00  1.0005E+03  0.0000E+00  0.0000E+00  7.4994E-01  7.4993E-01  0.0000E+00  0.0000E+00
  5.4562E-01  1.8200E+00  1.0005E+03  0.0000E+00  0.0000E+00  7.4994E-01  7.4993E-01  0.0000E+00  0.0000E+00
  5.4592E-01  1.8210E+00  1.0005E+03  0.0000E+00  0.0000E+00  7.4994E-01  7.4993E-01  0.0000E+00  0.0000E+00
  5.4622E-01  1.8220E+00  1.0005E+03  0.0000E+00  0.0000E+00  7.4994E-01  7.4993E-01  0.0000E+00  0.0000E+00
  5.4652E-01  1.8230E+00  1.0005E+03  0.0000E+00  0.0000E+00  7.4994E-01  7.4993E-01  0.0000E+00  0.0000E+00
  5.4682E-01  1.8240E+00  1.0005E+03  0.0000E+00  0.0000E+00  7.4994E-01  7.4993E-01  0.0000E+00  0.0000E+00
  5.4712E-01  1.8250E+00  1.0005E+03  0.0000E+00  0.0000E+00  7.4994E-01  7.4993E-01  0.0000E+00  0.0000E+00
  5.4742E-01  1.8260E+00  1.0005E+03  0.0000E+00  0.0000E+00  7.4994E-01  7.4993E-01  0.0000E+00  0.0000E+00
  5.4772E-01  1.8270E+00  1.0005E+03  0.0000E+00  0.0000E+00  7.4994E-01  7.4993E-01  0.0000E+00  0.0000E+00
  5.4802E-01  1.8280E+00  1.0005E+03  0.0000E+00  0.0000E+00  7.4994E-01  7.4993E-01  0.0000E+00  0.0000E+00
  5.4832E-01  1.8290E+00  1.0005E+03  0.0000E+00  0.0000E+00  7.4994E-01  7.4993E-01  0.0000E+00  0.0000E+00
  5.4862E-01  1.8300E+00  1.0005E+03  0.0000E+00  0.0000E+00  7.4994E-01  7.4993E-01  0.0000E+00  0.0000E+00
  5.4892E-01  1.8310E+00  1.0005E+03  0.0000E+00  0.0000E+00  7.4994E-01  7.4993E-01  0.0000E+00  0.0000E+00
  5.4922E-01  1.8320E+00  1.0005E+03  0.0000E+00  0.0000E+00  7.4994E-01  7.4993E-01  0.0000E+00  0.0000E+00
  5.4952E-01  1.8330E+00  1.0005E+03  0.0000E+00  0.0000E+00  7.4994E-01  7.4993E-01  0.0000E+00  0.0000E+00
  5.4982E-01  1.8340E+00  1.0005E+03  0.0000E+00  0.0000E+00  7.4994E-01  7.4993E-01  0.0000E+00  0.0000E+00
  5.5012E-01  1.8350E+00  1.0005E+03  0.0000E+00  0.0000E+00  7.4994E-01  7.4993E-01  0.0000E+00  0.0000E+00
  5.5042E-01  1.8360E+00  1.0005E+03  0.0000E+00  0.0000E+00  7.4994E-01  7.4993E-01  0.0000E+00  0.0000E+00
  5.5072E-01  1.8370E+00  1.0005E+03  0.0000E+00  0.0000E+00  7.4994E-01  7.4993E-01  0.0000E+00  0.0000E+00
  5.5102E-01  1.8380E+00  1.0005E+03  0.0000E+00  0.0000E+00  7.4994E-01  7.4993E-01  0.0000E+00  0.0000E+00
  5.5132E-01  1.8390E+00  1.0005E+03  0.0000E+00  0.0000E+00  7.4994E-01  7.4993E-01  0.0000E+00  0.0000E+00
  5.5162E-01  1.8400E+00  1.0005E+03  0.0000E+00  0.0000E+00  7.4994E-01  7.4993E-01  0.0000E+00  0.0000E+00
  5.5192E-01  1.8410E+00  1.0005E+03  0.0000E+00  0.0000E+00  7.4994E-01  7.4993E-01  0.0000E+00  0.0000E+00
  5.5222E-01  1.8420E+00  1.0005E+03  0.0000E+00  0.0000E+00  7.4994E-01  7.4993E-01  0.0000E+00  0.0000E+00
  5.5252E-01  1.8430E+00  1.0005E+03  0.0000E+00  0.0000E+00  7.4994E-01  7.4993E-01  0.0000E+00  0.0000E+00
  5.5282E-01  1.8440E+00  1.0005E+03  0.0000E+00  0.0000E+00  7.4994E-01  7.4993E-01  0.0000E+00  0.0000E+00
  5.5312E-01  1.8450E+00  1.0005E+03  0.0000E+00  0.0000E+00  7.4994E-01  7.4993E-01  0.0000E+00  0.0000E+00
  5.5342E-01  1.8460E+00  1.0005E+03  0.0000E+00  0.0000E+00  7.4994E-01  7.4993E-01  0.0000E+00  0.0000E+00
  5.5372E-01  1.8470E+00  1.0005E+03  0.0000E+00  0.0000E+00  7.4994E-01  7.4993E-01  0.0000E+00  0.0000E+00
  5.5402E-01  1.8480E+00  1.0005E+03  0.0000E+00  0.0000E+00  7.4994E-01  7.4993E-01  0.0000E+00  0.0000E+00
  5.5432E-01  1.8490E+00  1.0005E+03  0.0000E+00  0.0000E+00  7.4994E-01  7.4993E-01  0.0000E+00  0.0000E+00
  5.5462E-01  1.8500E+00  1.0005E+03  0.0000E+00  0.0000E+00  7.4994E-01  7.4993E-01  0.0000E+00  0.0000E+00
  5.5492E-01  1.8510E+00  1.0005E+03  0.0000E+00  0.0000E+00  7.4994E-01  7.4993E-01  0.0000E+00  0.0000E+00
  5.5522E-01  1.8520E+00  1.0005E+03  0.0000E+00  0.0000E+00  7.4994E-01  7.4993E-01  0.0000E+00  0.0000E+00
  5.5552E-01  1.8530E+00  1.0005E+03  0.0000E+00  0.0000E+00  7.4994E-01  7.4993E-01  0.0000E+00  0.0000E+00
  5.5582E-01  1.8540E+00  1.0005E+03  0.0000E+00  0.0000E+00  7.4994E-01  7.4993E-01  0.0000E+00  0.0000E+00
  5.5611E-01  1.8550E+00  1.0005E+03  0.0000E+00  0.0000E+00  7.4994E-01  7.4993E-01  0.0000E+00  0.0000E+00
  5.5641E-01  1.8560E+00  1.0005E+03  0.0000E+00  0.0000E+00  7.4994E-01  7.4993E-01  0.0000E+00  0.0000E+00
  5.5671E-01  1.8570E+00  1.0005E+03  0.0000E+00  0.0000E+00  7.4994E-01  7.4993E-01  0.0000E+00  0.0000E+00
  5.5701E-01  1.8580E+00  1.0005E+03  0.0000E+00  0.0000E+00  7.4994E-01  7.4993E-01  0.0000E+00  0.0000E+00
  5.5731E-01  1.8590E+00  1.0005E+03  0.0000E+00  0.0000E+00  7.4994E-01  7.4993E-01  0.0000E+00  0.0000E+00
  5.5761E-01  1.8600E+00  1.0005E+03  0.0000E+00  0.0000E+00  7.4994E-01  7.4993E-01  0.0000E+00  0.0000E+00
  5.5791E-01  1.8610E+00  1.0005E+03  0.0000E+00  0.0000E+00  7.4994E-01  7.4993E-01  0.0000E+00  0.0000E+00
  5.5821E-01  1.8620E+00  1.0005E+03  0.0000E+00  0.0000E+00  7.4994E-01  7.4993E-01  0.0000E+00  0.0000E+00
  5.5851E-01  1.8630E+00  1.0005E+03  0.0000E+00  0.0000E+00  7.4994E-01  7.4993E-01  0.0000E+00  0.0000E+00
  5.5881E-01  1.8640E+00  1.0005E+03  0.0000E+00  0.0000E+00  7.4994E-01  7.4993E-01  0.0000E+00  0.0000E+00
  5.5911E-01  1.8650E+00  1.0005E+03  0.0000E+00  0.0000E+00  7.4994E-01  7.4993E-01  0.0000E+00  0.0000E+00
  5.5941E-01  1.8660E+00  1.0005E+03  0.0000E+00  0.0000E+00  7.4994E-01  7.4993E-01  0.0000E+00  0.0000E+00
  5.5971E-01  1.8670E+00  1.0005E+03  0.0000E+00  0.0000E+00  7.4994E-01  7.4993E-01  0.0000E+00  0.0000E+00
  5.6001E-01  1.8680E+00  1.0005E+03  0.0000E+00  0.0000E+00  7.4994E-01  7.4993E-01  0.0000E+00  0.0000E+00
  5.6031E-01  1.8690E+00  1.0005E+03  0.0000E+00  0.0000E+00  7.4994E-01  7.4993E-01  0.0000E+00  0.0000E+00
  5.6061E-01  1.8700E+00  1.0005E+03  0.0000E+00  0.0000E+00  7.4994E-01  7.4993E-01  0.0000E+00  0.0000E+00
  5.6091E-01  1.8710E+00  1.0005E+03  0.0000E+00  0.0000E+00  7.4994E-01  7.4993E-01  0.0000E+00  0.0000E+00
  5.6121E-01  1.8720E+00  1.0005E+03  0.0000E+00  0.0000E+00  7.4994E-01  7.4993E-01  0.0000E+00  0.0000E+00
  5.6151E-01  1.8730E+00  1.0005E+03  0.0000E+00  0.0000E+00  7.4994E-01  7.4993E-01  0.0000E+00  0.0000E+00
  5.6181E-01  1.8740E+00  1.0005E+03  0.0000E+00  0.0000E+00  7.4994E-01  7.4993E-01  0.0000E+00  0.0000E+00
  5.6211E-01  1.8750E+00  1.0005E+03  0.0000E+00  0.0000E+00  7.4994E-01  7.4993E-01  0.0000E+00  0.0000E+00
  5.6241E-01  1.8760E+00  1.0005E+03  0.0000E+00  0.0000E+00  7.4994E-01  7.4993E-01  0.0000E+00  0.0000E+00
  5.6271E-01  1.8770E+00  1.0005E+03  0.0000E+00  0.0000E+00  7.4994E-01  7.4993E-01  0.0000E+00  0.0000E+00
  5.6301E-01  1.8780E+00  1.0005E+03  0.0000E+00  0.0000E+00  7.4994E-01  7.4993E-01  0.0000E+00  0.0000E+00
  5.6331E-01  1.8790E+00  1.0005E+03  0.0000E+00  0.0000E+00  7.4994E-01  7.4993E-01  0.0000E+00  0.0000E+00
  5.6361E-01  1.8800E+00  1.0005E+03  0.0000E+00  0.0000E+00  7.4994E-01  7.4993E-01  0.0000E+00  0.0000E+00
  5.6391E-01  1.8810E+00  1.0005E+03  0.0000E+00  0.0000E+00  7.4994E-01  7.4993E-01  0.0000E+00  0.0000E+00
  5.6421E-01  1.8820E+00  1.0005E+03  0.0000E+00  0.0000E+00  7.4994E-01  7.4993E-01  0.0000E+00  0.0000E+00
  5.6451E-01  1.8830E+00  1.0005E+03  0.0000E+00  0.0000E+00  7.4994E-01  7.4993E-01  0.0000E+00  0.0000E+00
  5.6481E-01  1.8840E+00  1.0005E+03  0.0000E+00  0.0000E+00  7.4994E-01  7.4993E-01  0.0000E+00  0.0000E+00
  5.6511E-01  1.8850E+00  1.0005E+03  0.0000E+00  0.0000E+00  7.4994E-01  7.4993E-01  0.0000E+00  0.0000E+00
  5.6541E-01  1.8860E+00  1.0005E+03  0.0000E+00  0.0000E+00  7.4994E-01  7.4993E-01  0.0000E+00  0.0000E+00
  5.6571E-01  1.8870E+00  1.0005E+03  0.0000E+00  0.0000E+00  7.4994E-01  7.4993E-01  0.0000E+00  0.0000E+00
  5.6601E-01  1.8880E+00  1.0005E+03  0.0000E+00  0.0000E+00  7.4994E-01  7.4993E-01  0.0000E+00  0.0000E+00
  5.6631E-01  1.8890E+00  1.0005E+03  0.0000E+00  0.0000E+00  7.4994E-01  7.4993E-01  0.0000E+00  0.0000E+00
  5.6661E-01  1.8900E+00  1.0005E+03  0.0000E+00  0.0000E+00  7.4994E-01  7.4993E-01  0.0000E+00  0.0000E+00
  5.6691E-01  1.8910E+00  1.0005E+03  0.0000E+00  0.0000E+00  7.4994E-01  7.4993E-01  0.0000E+00  0.0000E+00
  5.6721E-01  1.8920E+00  1.0005E+03  0.0000E+00  0.0000E+00  7.4994E-01  7.4993E-01  0.0000E+00  0.0000E+00
  5.6751E-01  1.8930E+00  1.0005E+03  0.0000E+00  0.0000E+00  7.4994E-01  7.4993E-01  0.0000E+00  0.0000E+00
  5.6781E-01  1.8940E+00  1.0005E+03  0.0000E+00  0.0000E+00  7.4994E-01  7.4993E-01  0.0000E+00  0.0000E+00
  5.6811E-01  1.8950E+00  1.0005E+03  0.0000E+00  0.0000E+00  7.4994E-01  7.4993E-01  0.0000E+00  0.0000E+00
  5.6841E-01  1.8960E+00  1.0005E+03  0.0000E+00  0.0000E+00  7.4994E-01  7.4993E-01  0.0000E+00  0.0000E+00
  5.6871E-01  1.8970E+00  1.0005E+03  0.0000E+00  0.0000E+00  7.4994E-01  7.4993E-01  0.0000E+00  0.0000E+00
  5.6901E-01  1.8980E+00  1.0005E+03  0.0000E+00  0.0000E+00  7.4994E-01  7.4993E-01  0.0000E+00  0.0000E+00
  5.6931E-01  1.8990E+00  1.0005E+03  0.0000E+00  0.0000E+00  7.4994E-01  7.4993E-01  0.0000E+00  0.0000E+00
  5.6961E-01  1.9000E+00  1.0005E+03  0.0000E+00  0.0000E+00  7.4994E-01  7.4993E-01  0.0000E+00  0.0000E+00
  5.6991E-01  1.9010E+00  1.0005E+03  0.0000E+00  0.0000E+00  7.4994E-01  7.4993E-01  0.0000E+00  0.0000E+00
  5.7021E-01  1.9020E+00  1.0005E+03  0.0000E+00  0.0000E+00  7.4994E-01  7.4993E-01  0.0000E+00  0.0000E+00
  5.7050E-01  1.9030E+00  1.0005E+03  0.0000E+00  0.0000E+00  7.4994E-01  7.4993E-01  0.0000E+00  0.0000E+00
  5.7080E-01  1.9040E+00  1.0005E+03  0.0000E+00  0.0000E+00  7.4994E-01  7.4993E-01  0.0000E+00  0.0000E+00
  5.7110E-01  1.9050E+00  1.0005E+03  0.0000E+00  0.0000E+00  7.4994E-01  7.4993E-01  0.0000E+00  0.0000E+00
  5.7140E-01  1.9060E+00  1.0005E+03  0.0000E+00  0.0000E+00  7.4994E-01  7.4993E-01  0.0000E+00  0.0000E+00
  5.7170E-01  1.9070E+00  1.0005E+03  0.0000E+00  0.0000E+00  7.4994E-01  7.4993E-01  0.0000E+00  0.0000E+00
  5.7200E-01  1.9080E+00  1.0005E+03  0.0000E+00  0.0000E+00  7.4994E-01  7.4993E-01  0.0000E+00  0.0000E+00
  5.7230E-01  1.9090E+00  1.0005E+03  0.0000E+00  0.0000E+00  7.4994E-01  7.4993E-01  0.0000E+00  0.0000E+00
  5.7260E-01  1.9100E+00  1.0005E+03  0.0000E+00  0.0000E+00  7.4994E-01  7.4993E-01  0.0000E+00  0.0000E+00
  5.7290E-01  1.9110E+00  1.0005E+03  0.0000E+00  0.0000E+00  7.4994E-01  7.4993E-01  0.0000E+00  0.0000E+00
  5.7320E-01  1.9120E+00  1.0005E+03  0.0000E+00  0.0000E+00  7.4994E-01  7.4993E-01  0.0000E+00  0.0000E+00
  5.7350E-01  1.9130E+00  1.0005E+03  0.0000E+00  0.0000E+00  7.4994E-01  7.4993E-01  0.0000E+00  0.0000E+00
  5.7380E-01  1.9140E+00  1.0005E+03  0.0000E+00  0.0000E+00  7.4994E-01  7.4993E-01  0.0000E+00  0.0000E+00
  5.7410E-01  1.9150E+00  1.0005E+03  0.0000E+00  0.0000E+00  7.4994E-01  7.4993E-01  0.0000E+00  0.0000E+00
  5.7440E-01  1.9160E+00  1.0005E+03  0.0000E+00  0.0000E+00  7.4994E-01  7.4993E-01  0.0000E+00  0.0000E+00
  5.7470E-01  1.9170E+00  1.0005E+03  0.0000E+00  0.0000E+00  7.4994E-01  7.4993E-01  0.0000E+00  0.0000E+00
  5.7500E-01  1.9180E+00  1.0005E+03  0.0000E+00  0.0000E+00  7.4994E-01  7.4993E-01  0.0000E+00  0.0000E+00
  5.7530E-01  1.9190E+00  1.0005E+03  0.0000E+00  0.0000E+00  7.4994E-01  7.4993E-01  0.0000E+00  0.0000E+00
  5.7560E-01  1.9200E+00  1.0005E+03  0.0000E+00  0.0000E+00  7.4994E-01  7.4993E-01  0.0000E+00  0.0000E+00
  5.7590E-01  1.9210E+00  1.0005E+03  0.0000E+00  0.0000E+00  7.4994E-01  7.4993E-01  0.0000E+00  0.0000E+00
  5.7620E-01  1.9220E+00  1.0005E+03  0.0000E+00  0.0000E+00  7.4994E-01  7.4993E-01  0.0000E+00  0.0000E+00
  5.7650E-01  1.9230E+00  1.0005E+03  0.0000E+00  0.0000E+00  7.4994E-01  7.4993E-01  0.0000E+00  0.0000E+00
  5.7680E-01  1.9240E+00  1.0005E+03  0.0000E+00  0.0000E+00  7.4994E-01  7.4993E-01  0.0000E+00  0.0000E+00
  5.7710E-01  1.9250E+00  1.0005E+03  0.0000E+00  0.0000E+00  7.4994E-01  7.4993E-01  0.0000E+00  0.0000E+00
  5.7740E-01  1.9260E+00  1.0005E+03  0.0000E+00  0.0000E+00  7.4994E-01  7.4993E-01  0.0000E+00  0.0000E+00
  5.7770E-01  1.9270E+00  1.0005E+03  0.0000E+00  0.0000E+00  7.4994E-01  7.4993E-01  0.0000E+00  0.0000E+00
  5.7800E-01  1.9280E+00  1.0005E+03  0.0000E+00  0.0000E+00  7.4994E-01  7.4993E-01  0.0000E+00  0.0000E+00
  5.7830E-01  1.9290E+00  1.0005E+03  0.0000E+00  0.0000E+00  7.4994E-01  7.4993E-01  0.0000E+00  0.0000E+00
  5.7860E-01  1.9300E+00  1.0005E+03  0.0000E+00  0.0000E+00  7.4994E-01  7.4993E-01  0.0000E+00  0.0000E+00
  5.7890E-01  1.9310E+00  1.0005E+03  0.0000E+00  0.0000E+00  7.4994E-01  7.4993E-01  0.0000E+00  0.0000E+00
  5.7920E-01  1.9320E+00  1.0005E+03  0.0000E+00  0.0000E+00  7.4994E-01  7.4993E-01  0.0000E+00  0.0000E+00
  5.7950E-01  1.9330E+00  1.0005E+03  0.0000E+00  0.0000E+00  7.4994E-01  7.4993E-01  0.0000E+00  0.0000E+00
  5.7980E-01  1.9340E+00  1.0005E+03  0.0000E+00  0.0000E+00  7.4994E-01  7.4993E-01  0.0000E+00  0.0000E+00
  5.8010E-01  1.9350E+00  1.0005E+03  0.0000E+00  0.0000E+00  7.4994E-01  7.4993E-01  0.0000E+00  0.0000E+00
  5.8040E-01  1.9360E+00  1.0005E+03  0.0000E+00  0.0000E+00  7.4994E-01  7.4993E-01  0.0000E+00  0.0000E+00
  5.8070E-01  1.9370E+00  1.0005E+03  0.0000E+00  0.0000E+00  7.4994E-01  7.4993E-01  0.0000E+00  0.0000E+00
  5.8100E-01  1.9380E+00  1.0005E+03  0.0000E+00  0.0000E+00  7.4994E-01  7.4993E-01  0.0000E+00  0.0000E+00
  5.8130E-01  1.9390E+00  1.0005E+03  0.0000E+00  0.0000E+00  7.4994E-01  7.4993E-01  0.0000E+00  0.0000E+00
  5.8160E-01  1.9400E+00  1.0005E+03  0.0000E+00  0.0000E+00  7.4994E-01  7.4993E-01  0.0000E+00  0.0000E+00
  5.8190E-01  1.9410E+00  1.0005E+03  0.0000E+00  0.0000E+00  7.4994E-01  7.4993E-01  0.0000E+00  0.0000E+00
  5.8220E-01  1.9420E+00  1.0005E+03  0.0000E+00  0.0000E+00  7.4994E-01  7.4993E-01  0.0000E+00  0.0000E+00
  5.8250E-01  1.9430E+00  1.0005E+03  0.0000E+00  0.0000E+00  7.4994E-01  7.4993E-01  0.0000E+00  0.0000E+00
  5.8280E-01  1.9440E+00  1.0005E+03  0.0000E+00  0.0000E+00  7.4994E-01  7.4993E-01  0.0000E+00  0.0000E+00
  5.8310E-01  1.9450E+00  1.0005E+03  0.0000E+00  0.0000E+00  7.4994E-01  7.4993E-01  0.0000E+00  0.0000E+00
  5.8340E-01  1.9460E+00  1.0005E+03  0.0000E+00  0.0000E+00  7.4994E-01  7.4993E-01  0.0000E+00  0.0000E+00
  5.8370E-01  1.9470E+00  1.0005E+03  0.0000E+00  0.0000E+00  7.4994E-01  7.4993E-01  0.0000E+00  0.0000E+00
  5.8400E-01  1.9480E+00  1.0005E+03  0.0000E+00  0.0000E+00  7.4994E-01  7.4993E-01  0.0000E+00  0.0000E+00
  5.8430E-01  1.9490E+00  1.0005E+03  0.0000E+00  0.0000E+00  7.4994E-01  7.4993E-01  0.0000E+00  0.0000E+00
  5.8460E-01  1.9500E+00  1.0005E+03  0.0000E+00  0.0000E+00  7.4994E-01  7.4993E-01  0.0000E+00  0.0000E+00
  5.8490E-01  1.9510E+00  1.0005E+03  0.0000E+00  0.0000E+00  7.4994E-01  7.4993E-01  0.0000E+00  0.0000E+00
  5.8519E-01  1.9520E+00  1.0005E+03  0.0000E+00  0.0000E+00  7.4994E-01  7.4993E-01  0.0000E+00  0.0000E+00
  5.8549E-01  1.9530E+00  1.0005E+03  0.0000E+00  0.0000E+00  7.4994E-01  7.4993E-01  0.0000E+00  0.0000E+00
  5.8579E-01  1.9540E+00  1.0005E+03  0.0000E+00  0.0000E+00  7.4994E-01  7.4993E-01  0.0000E+00  0.0000E+00
  5.8609E-01  1.9550E+00  1.0005E+03  0.0000E+00  0.0000E+00  7.4994E-01  7.4993E-01  0.0000E+00  0.0000E+00
  5.8639E-01  1.9560E+00  1.0005E+03  0.0000E+00  0.0000E+00  7.4994E-01  7.4993E-01  0.0000E+00  0.0000E+00
  5.8669E-01  1.9570E+00  1.0005E+03  0.0000E+00  0.0000E+00  7.4994E-01  7.4993E-01  0.0000E+00  0.0000E+00
  5.8699E-01  1.9580E+00  1.0005E+03  0.0000E+00  0.0000E+00  7.4994E-01  7.4993E-01  0.0000E+00  0.0000E+00
  5.8729E-01  1.9590E+00  1.0005E+03  0.0000E+00  0.0000E+00  7.4994E-01  7.4993E-01  0.0000E+00  0.0000E+00
  5.8759E-01  1.9600E+00  1.0005E+03  0.0000E+00  0.0000E+00  7.4994E-01  7.4993E-01  0.0000E+00  0.0000E+00
  5.8789E-01  1.9610E+00  1.0005E+03  0.0000E+00  0.0000E+00  7.4994E-01  7.4993E-01  0.0000E+00  0.0000E+00
  5.8819E-01  1.9620E+00  1.0005E+03  0.0000E+00  0.0000E+00  7.4994E-01  7.4993E-01  0.0000E+00  0.0000E+00
  5.8849E-01  1.9630E+00  1.0005E+03  0.0000E+00  0.0000E+00  7.4994E-01  7.4993E-01  0.0000E+00  0.0000E+00
  5.8879E-01  1.9640E+00  1.0005E+03  0.0000E+00  0.0000E+00  7.4994E-01  7.4993E-01  0.0000E+00  0.0000E+00
  5.8909E-01  1.9650E+00  1.0005E+03  0.0000E+00  0.0000E+00  7.4994E-01  7.4993E-01  0.0000E+00  0.0000E+00
  5.8939E-01  1.9660E+00  1.0005E+03  0.0000E+00  0.0000E+00  7.4994E-01  7.4993E-01  0.0000E+00  0.0000E+00
  5.8969E-01  1.9670E+00  1.0005E+03  0.0000E+00  0.0000E+00  7.4994E-01  7.4993E-01  0.0000E+00  0.0000E+00
  5.8999E-01  1.9680E+00  1.0005E+03  0.0000E+00  0.0000E+00  7.4994E-01  7.4993E-01  0.0000E+00  0.0000E+00
  5.9029E-01  1.9690E+00  1.0005E+03  0.0000E+00  0.0000E+00  7.4994E-01  7.4993E-01  0.0000E+00  0.0000E+00
  5.9059E-01  1.9700E+00  1.0005E+03  0.0000E+00  0.0000E+00  7.4994E-01  7.4993E-01  0.0000E+00  0.0000E+00
  5.9089E-01  1.9710E+00  1.0005E+03  0.0000E+00  0.0000E+00  7.4994E-01  7.4993E-01  0.0000E+00  0.0000E+00
  5.9119E-01  1.9720E+00  1.0005E+03  0.0000E+00  0.0000E+00  7.4994E-01  7.4993E-01  0.0000E+00  0.0000E+00
  5.9149E-01  1.9730E+00  1.0005E+03  0.0000E+00  0.0000E+00  7.4994E-01  7.4993E-01  0.0000E+00  0.0000E+00
  5.9179E-01  1.9740E+00  1.0005E+03  0.0000E+00  0.0000E+00  7.4994E-01  7.4993E-01  0.0000E+00  0.0000E+00
  5.9209E-01  1.9750E+00  1.0005E+03  0.0000E+00  0.0000E+00  7.4994E-01  7.4993E-01  0.0000E+00  0.0000E+00
  5.9239E-01  1.9760E+00  1.0005E+03  0.0000E+00  0.0000E+00  7.4994E-01  7.4993E-01  0.0000E+00  0.0000E+00
  5.9269E-01  1.9770E+00  1.0005E+03  0.0000E+00  0.0000E+00  7.4994E-01  7.4993E-01  0.0000E+00  0.0000E+00
  5.9299E-01  1.9780E+00  1.0005E+03  0.0000E+00  0.0000E+00  7.4994E-01  7.4993E-01  0.0000E+00  0.0000E+00
  5.9329E-01  1.9790E+00  1.0005E+03  0.0000E+00  0.0000E+00  7.4994E-01  7.4993E-01  0.0000E+00  0.0000E+00
  5.9359E-01  1.9800E+00  1.0005E+03  0.0000E+00  0.0000E+00  7.4994E-01  7.4993E-01  0.0000E+00  0.0000E+00
  5.9389E-01  1.9810E+00  1.0005E+03  0.0000E+00  0.0000E+00  7.4994E-01  7.4993E-01  0.0000E+00  0.0000E+00
  5.9419E-01  1.9820E+00  1.0005E+03  0.0000E+00  0.0000E+00  7.4994E-01  7.4993E-01  0.0000E+00  0.0000E+00
  5.9449E-01  1.9830E+00  1.0005E+03  0.0000E+00  0.0000E+00  7.4994E-01  7.4993E-01  0.0000E+00  0.0000E+00
  5.9479E-01  1.9840E+00  1.0005E+03  0.0000E+00  0.0000E+00  7.4994E-01  7.4993E-01  0.0000E+00  0.0000E+00
  5.9509E-01  1.9850E+00  1.0005E+03  0.0000E+00  0.0000E+00  7.4994E-01  7.4993E-01  0.0000E+00  0.0000E+00
  5.9539E-01  1.9860E+00  1.0005E+03  0.0000E+00  0.0000E+00  7.4994E-01  7.4993E-01  0.0000E+00  0.0000E+00
  5.9569E-01  1.9870E+00  1.0005E+03  0.0000E+00  0.0000E+00  7.4994E-01  7.4993E-01  0.0000E+00  0.0000E+00
  5.9599E-01  1.9880E+00  1.0005E+03  0.0000E+00  0.0000E+00  7.4994E-01  7.4993E-01  0.0000E+00  0.0000E+00
  5.9629E-01  1.9890E+00  1.0005E+03  0.0000E+00  0.0000E+00  7.4994E-01  7.4993E-01  0.0000E+00  0.0000E+00
  5.9659E-01  1.9900E+00  1.0005E+03  0.0000E+00  0.0000E+00  7.4994E-01  7.4993E-01  0.0000E+00  0.0000E+00
  5.9689E-01  1.9910E+00  1.0005E+03  0.0000E+00  0.0000E+00  7.4994E-01  7.4993E-01  0.0000E+00  0.0000E+00
  5.9719E-01  1.9920E+00  1.0005E+03  0.0000E+00  0.0000E+00  7.4994E-01  7.4993E-01  0.0000E+00  0.0000E+00
  5.9749E-01  1.9930E+00  1.0005E+03  0.0000E+00  0.0000E+00  7.4994E-01  7.4993E-01  0.0000E+00  0.0000E+00
  5.9779E-01  1.9940E+00  1.0005E+03  0.0000E+00  0.0000E+00  7.4994E-01  7.4993E-01  0.0000E+00  0.0000E+00
  5.9809E-01  1.9950E+00  1.0005E+03  0.0000E+00  0.0000E+00  7.4994E-01  7.4993E-01  0.0000E+00  0.0000E+00
  5.9839E-01  1.9960E+00  1.0005E+03  0.0000E+00  0.0000E+00  7.4994E-01  7.4993E-01  0.0000E+00  0.0000E+00
  5.9869E-01  1.9970E+00  1.0005E+03  0.0000E+00  0.0000E+00  7.4994E-01  7.4993E-01  0.0000E+00  0.0000E+00
  5.9899E-01  1.9980E+00  1.0005E+03  0.0000E+00  0.0000E+00  7.4994E-01  7.4993E-01  0.0000E+00  0.0000E+00
  5.9929E-01  1.9990E+00  1.0005E+03  0.0000E+00  0.0000E+00  7.4994E-01  7.4993E-01  0.0000E+00  0.0000E+00
  5.9958E-01  2.0000E+00  1.0005E+03  0.0000E+00  0.0000E+00  7.4994E-01  7.4993E-01  0.0000E+00  0.0000E+00
  5.9988E-01  2.0010E+00  1.0005E+03  0.0000E+00  0.0000E+00  7.4994E-01  7.4993E-01  0.0000E+00  0.0000E+00
  6.0018E-01  2.0020E+00  1.0005E+03  0.0000E+00  0.0000E+00  7.4994E-01  7.4993E-01  0.0000E+00  0.0000E+00
  6.0048E-01  2.0030E+00  1.0005E+03  0.0000E+00  0.0000E+00  7.4994E-01  7.4993E-01  0.0000E+00  0.0000E+00
  6.0078E-01  2.0040E+00  1.0005E+03  0.0000E+00 -9.5598E-09  7.4994E-01  7.4993E-01 -1.1885E-01  1.1885E-01
  6.0108E-01  2.0050E+00  1.0005E+03  0.0000E+00 -2.8708E-08  7.4994E-01  7.4993E-01 -2.6152E-01  2.6153E-01
  6.0138E-01  2.0060E+00  1.0005E+03  0.0000E+00 -4.7913E-08  7.4994E-01  7.4993E-01 -4.0425E-01  4.0426E-01
  6.0168E-01  2.0070E+00  1.0005E+03  0.0000E+00 -6.7175E-08  7.4994E-01  7.4993E-01 -5.4707E-01  5.4707E-01
  6.0198E-01  2.0080E+00  1.0005E+03  0.0000E+00 -8.6494E-08  7.4994E-01  7.4993E-01 -6.9006E-01  6.9007E-01
  6.0228E-01  2.0090E+00  1.0005E+03  0.0000E+00 -1.0587E-07  7.4994E-01  7.4993E-01 -8.3325E-01  8.3326E-01
  6.0258E-01  2.0100E+00  1.0005E+03  0.0000E+00 -1.2530E-07  7.4994E-01  7.4993E-01 -9.7664E-01  9.7665E-01
  6.0288E-01  2.0110E+00  1.0005E+03  0.0000E+00 -1.4479E-07  7.4994E-01  7.4993E-01 -1.1203E+00  1.1203E+00
  6.0318E-01  2.0120E+00  1.0005E+03  0.0000E+00 -1.6434E-07  7.4994E-01  7.4993E-01 -1.2643E+00  1.2643E+00
  6.0348E-01  2.0130E+00  1.0005E+03  0.0000E+00 -1.8395E-07  7.4994E-01  7.4993E-01 -1.4086E+00  1.4087E+00
  6.0378E-01  2.0140E+00  1.0005E+03  0.0000E+00 -2.0361E-07  7.4994E-01  7.4993E-01 -1.5533E+00  1.5533E+00
  6.0408E-01  2.0150E+00  1.0005E+03  0.0000E+00 -2.2333E-07  7.4994E-01  7.4993E-01 -1.6984E+00  1.6985E+00
  6.0438E-01  2.0160E+00  1.0005E+03  0.0000E+00 -2.4311E-07  7.4994E-01  7.4993E-01 -1.8440E+00  1.8440E+00
  6.0468E-01  2.0170E+00  1.0005E+03  0.0000E+00 -2.6295E-07  7.4994E-01  7.4993E-01 -1.9900E+00  1.9900E+00
  6.0498E-01  2.0180E+00  1.0005E+03  0.0000E+00 -2.8285E-07  7.4994E-01  7.4993E-01 -2.1365E+00  2.1365E+00
  6.0528E-01  2.0190E+00  1.0005E+03  0.0000E+00 -3.0280E-07  7.4994E-01  7.4993E-01 -2.2835E+00  2.2835E+00
  6.0558E-01  2.0200E+00  1.0005E+03  0.0000E+00 -3.2281E-07  7.4994E-01  7.4993E-01 -2.4311E+00  2.4311E+00
  6.0588E-01  2.0210E+00  1.0005E+03  0.0000E+00 -3.4289E-07  7.4994E-01  7.4993E-01 -2.5792E+00  2.5793E+00
  6.0618E-01  2.0220E+00  1.0005E+03  0.0000E+00 -3.6302E-07  7.4994E-01  7.4993E-01 -2.7280E+00  2.7280E+00
  6.0648E-01  2.0230E+00  1.0005E+03  0.0000E+00 -3.8321E-07  7.4994E-01  7.4993E-01 -2.8773E+00  2.8773E+00
  6.0678E-01  2.0240E+00  1.0005E+03  0.0000E+00 -4.0346E-07  7.4994E-01  7.4993E-01 -3.0271E+00  3.0272E+00
  6.0708E-01  2.0250E+00  1.0005E+03  0.0000E+00 -4.2377E-07  7.4994E-01  7.4993E-01 -3.1776E+00  3.1776E+00
  6.0738E-01  2.0260E+00  1.0005E+03  0.0000E+00 -4.4414E-07  7.4994E-01  7.4993E-01 -3.3286E+00  3.3287E+00
  6.0768E-01  2.0270E+00  1.0005E+03  0.0000E+00 -4.6457E-07  7.4994E-01  7.4993E-01 -3.4802E+00  3.4803E+00
  6.0798E-01  2.0280E+00  1.0005E+03  0.0000E+00 -4.8507E-07  7.4994E-01  7.4993E-01 -3.6324E+00  3.6324E+00
  6.0828E-01  2.0290E+00  1.0005E+03  3.8756E-10 -5.0562E-07  7.4994E-01  7.4993E-01 -3.7851E+00  3.7851E+00
  6.0858E-01  2.0300E+00  1.0005E+03  0.0000E+00 -5.2623E-07  7.4994E-01  7.4993E-01 -3.9383E+00  3.9383E+00
  6.0888E-01  2.0310E+00  1.0005E+03  0.0000E+00 -5.4691E-07  7.4994E-01  7.4993E-01 -4.0920E+00  4.0921E+00
  6.0918E-01  2.0320E+00  1.0005E+03  0.0000E+00 -5.6765E-07  7.4994E-01  7.4993E-01 -4.2462E+00  4.2462E+00
  6.0948E-01  2.0330E+00  1.0005E+03  0.0000E+00 -5.8844E-07  7.4994E-01  7.4993E-01 -4.4008E+00  4.4008E+00
  6.0978E-01  2.0340E+00  1.0005E+03  0.0000E+00 -6.0931E-07  7.4994E-01  7.4993E-01 -4.5558E+00  4.5559E+00
  6.1008E-01  2.0350E+00  1.0005E+03  0.0000E+00 -6.3023E-07  7.4994E-01  7.4993E-01 -4.7112E+00  4.7113E+00
  6.1038E-01  2.0360E+00  1.0005E+03  0.0000E+00 -6.5121E-07  7.4994E-01  7.4993E-01 -4.8670E+00  4.8671E+00
  6.1068E-01  2.0370E+00  1.0005E+03  0.0000E+00 -6.7226E-07  7.4994E-01  7.4993E-01 -5.0231E+00  5.0232E+00
  6.1098E-01  2.0380E+00  1.0005E+03  0.0000E+00 -6.9337E-07  7.4994E-01  7.4993E-01 -5.1797E+00  5.1797E+00
  6.1128E-01  2.0390E+00  1.0005E+03  0.0000E+00 -7.1454E-07  7.4994E-01  7.4993E-01 -5.3365E+00  5.3366E+00
  6.1158E-01  2.0400E+00  1.0005E+03  0.0000E+00 -7.3578E-07  7.4994E-01  7.4993E-01 -5.4937E+00  5.4938E+00
  6.1188E-01  2.0410E+00  1.0005E+03  0.0000E+00 -7.5708E-07  7.4994E-01  7.4993E-01 -5.6512E+00  5.6513E+00
  6.1218E-01  2.0420E+00  1.0005E+03  0.0000E+00 -7.7844E-07  7.4994E-01  7.4993E-01 -5.8090E+00  5.8091E+00
  6.1248E-01  2.0430E+00  1.0005E+03  0.0000E+00 -7.9986E-07  7.4994E-01  7.4993E-01 -5.9671E+00  5.9672E+00
  6.1278E-01  2.0440E+00  1.0005E+03  0.0000E+00 -8.2135E-07  7.4994E-01  7.4993E-01 -6.1256E+00  6.1256E+00
  6.1308E-01  2.0450E+00  1.0005E+03  0.0000E+00 -8.4290E-07  7.4994E-01  7.4993E-01 -6.2844E+00  6.2845E+00
  6.1338E-01  2.0460E+00  1.0005E+03  0.0000E+00 -8.6452E-07  7.4994E-01  7.4993E-01 -6.4437E+00  6.4437E+00
  6.1368E-01  2.0470E+00  1.0005E+03  0.0000E+00 -8.8619E-07  7.4994E-01  7.4993E-01 -6.6033E+00  6.6034E+00
  6.1397E-01  2.0480E+00  1.0005E+03  0.0000E+00 -9.0794E-07  7.4994E-01  7.4993E-01 -6.7634E+00  6.7635E+00
  6.1427E-01  2.0490E+00  1.0005E+03  0.0000E+00 -9.2974E-07  7.4994E-01  7.4993E-01 -6.9240E+00  6.9241E+00
  6.1457E-01  2.0500E+00  1.0005E+03  0.0000E+00 -9.5161E-07  7.4994E-01  7.4993E-01 -7.0849E+00  7.0850E+00
  6.1487E-01  2.0510E+00  1.0005E+03  0.0000E+00 -9.7355E-07  7.4994E-01  7.4993E-01 -7.2464E+00  7.2465E+00
  6.1517E-01  2.0520E+00  1.0005E+03  0.0000E+00 -9.9555E-07  7.4994E-01  7.4993E-01 -7.4085E+00  7.4086E+00
  6.1547E-01  2.0530E+00  1.0005E+03  0.0000E+00 -1.0176E-06  7.4994E-01  7.4993E-01 -7.5711E+00  7.5711E+00
  6.1577E-01  2.0540E+00  1.0005E+03  0.0000E+00 -1.0397E-06  7.4994E-01  7.4993E-01 -7.7343E+00  7.7343E+00
  6.1607E-01  2.0550E+00  1.0005E+03  0.0000E+00 -1.0619E-06  7.4994E-01  7.4993E-01 -7.8981E+00  7.8982E+00
  6.1637E-01  2.0560E+00  1.0005E+03  0.0000E+00 -1.0842E-06  7.4994E-01  7.4993E-01 -8.0627E+00  8.0628E+00
  6.1667E-01  2.0570E+00  1.0005E+03  0.0000E+00 -1.1065E-06  7.4994E-01  7.4993E-01 -8.2279E+00  8.2280E+00
  6.1697E-01  2.0580E+00  1.0005E+03  0.0000E+00 -1.1289E-06  7.4994E-01  7.4993E-01 -8.3937E+00  8.3938E+00
  6.1727E-01  2.0590E+00  1.0005E+03  0.0000E+00 -1.1514E-06  7.4994E-01  7.4993E-01 -8.5601E+00  8.5602E+00
  6.1757E-01  2.0600E+00  1.0005E+03  0.0000E+00 -1.1739E-06  7.4994E-01  7.4993E-01 -8.7270E+00  8.7271E+00
  6.1787E-01  2.0610E+00  1.0005E+03  0.0000E+00 -1.1965E-06  7.4994E-01  7.4993E-01 -8.8947E+00  8.8948E+00
  6.1817E-01  2.0620E+00  1.0005E+03  0.0000E+00 -1.2191E-06  7.4994E-01  7.4993E-01 -9.0631E+00  9.0632E+00
  6.1847E-01  2.0630E+00  1.0005E+03  0.0000E+00 -1.2419E-06  7.4994E-01  7.4993E-01 -9.2323E+00  9.2324E+00
  6.1877E-01  2.0640E+00  1.0005E+03  0.0000E+00 -1.2647E-06  7.4994E-01  7.4993E-01 -9.4021E+00  9.4022E+00
  6.1907E-01  2.0650E+00  1.0005E+03  0.0000E+00 -1.2875E-06  7.4994E-01  7.4993E-01 -9.5723E+00  9.5724E+00
  6.1937E-01  2.0660E+00  1.0005E+03  0.0000E+00 -1.3105E-06  7.4994E-01  7.4993E-01 -9.7430E+00  9.7431E+00
  6.1967E-01  2.0670E+00  1.0005E+03  0.0000E+00 -1.3335E-06  7.4994E-01  7.4993E-01 -9.9142E+00  9.9143E+00
  6.1997E-01  2.0680E+00  1.0005E+03  0.0000E+00 -1.3565E-06  7.4994E-01  7.4993E-01 -1.0086E+01  1.0086E+01
  6.2027E-01  2.0690E+00  1.0005E+03  0.0000E+00 -1.3797E-06  7.4994E-01  7.4993E-01 -1.0258E+01  1.0258E+01
  6.2057E-01  2.0700E+00  1.0005E+03  0.0000E+00 -1.4029E-06  7.4994E-01  7.4993E-01 -1.0431E+01  1.0431E+01
  6.2087E-01  2.0710E+00  1.0005E+03  0.0000E+00 -1.4261E-06  7.4994E-01  7.4993E-01 -1.0604E+01  1.0605E+01
  6.2117E-01  2.0720E+00  1.0005E+03  0.0000E+00 -1.4495E-06  7.4994E-01  7.4993E-01 -1.0778E+01  1.0778E+01
  6.2147E-01  2.0730E+00  1.0005E+03  0.0000E+00 -1.4729E-06  7.4994E-01  7.4993E-01 -1.0952E+01  1.0952E+01
  6.2177E-01  2.0740E+00  1.0005E+03  0.0000E+00 -1.4964E-06  7.4994E-01  7.4993E-01 -1.1127E+01  1.1127E+01
  6.2207E-01  2.0750E+00  1.0005E+03  0.0000E+00 -1.5199E-06  7.4994E-01  7.4993E-01 -1.1301E+01  1.1301E+01
  6.2237E-01  2.0760E+00  1.0005E+03  0.0000E+00 -1.5436E-06  7.4994E-01  7.4993E-01 -1.1477E+01  1.1477E+01
  6.2267E-01  2.0770E+00  1.0005E+03  3.8756E-10 -1.5672E-06  7.4994E-01  7.4993E-01 -1.1652E+01  1.1652E+01
  6.2297E-01  2.0780E+00  1.0005E+03  0.0000E+00 -1.5910E-06  7.4994E-01  7.4993E-01 -1.1828E+01  1.1828E+01
  6.2327E-01  2.0790E+00  1.0005E+03  0.0000E+00 -1.6148E-06  7.4994E-01  7.4993E-01 -1.2004E+01  1.2005E+01
  6.2357E-01  2.0800E+00  1.0005E+03  0.0000E+00 -1.6387E-06  7.4994E-01  7.4993E-01 -1.2181E+01  1.2182E+01
  6.2387E-01  2.0810E+00  1.0005E+03  0.0000E+00 -1.6627E-06  7.4994E-01  7.4993E-01 -1.2359E+01  1.2359E+01
  6.2417E-01  2.0820E+00  1.0005E+03  0.0000E+00 -1.6868E-06  7.4994E-01  7.4993E-01 -1.2536E+01  1.2537E+01
  6.2447E-01  2.0830E+00  1.0005E+03  0.0000E+00 -1.7109E-06  7.4994E-01  7.4993E-01 -1.2714E+01  1.2714E+01
  6.2477E-01  2.0840E+00  1.0005E+03  0.0000E+00 -1.7351E-06  7.4994E-01  7.4993E-01 -1.2893E+01  1.2893E+01
  6.2507E-01  2.0850E+00  1.0005E+03  0.0000E+00 -1.7593E-06  7.4994E-01  7.4993E-01 -1.3072E+01  1.3072E+01
  6.2537E-01  2.0860E+00  1.0005E+03  0.0000E+00 -1.7837E-06  7.4994E-01  7.4993E-01 -1.3252E+01  1.3252E+01
  6.2567E-01  2.0870E+00  1.0005E+03  0.0000E+00 -1.8081E-06  7.4994E-01  7.4993E-01 -1.3432E+01  1.3433E+01
  6.2597E-01  2.0880E+00  1.0005E+03  0.0000E+00 -1.8325E-06  7.4994E-01  7.4993E-01 -1.3614E+01  1.3614E+01
  6.2627E-01  2.0890E+00  1.0005E+03  0.0000E+00 -1.8571E-06  7.4994E-01  7.4993E-01 -1.3795E+01  1.3795E+01
  6.2657E-01  2.0900E+00  1.0005E+03  0.0000E+00 -1.8817E-06  7.4994E-01  7.4993E-01 -1.3977E+01  1.3977E+01
  6.2687E-01  2.0910E+00  1.0005E+03  0.0000E+00 -1.9064E-06  7.4994E-01  7.4993E-01 -1.4159E+01  1.4159E+01
  6.2717E-01  2.0920E+00  1.0005E+03  0.0000E+00 -1.9312E-06  7.4994E-01  7.4993E-01 -1.4343E+01  1.4343E+01
  6.2747E-01  2.0930E+00  1.0005E+03  0.0000E+00 -1.9560E-06  7.4994E-01  7.4993E-01 -1.4527E+01  1.4528E+01
  6.2777E-01  2.0940E+00  1.0005E+03  0.0000E+00 -1.9809E-06  7.4994E-01  7.4993E-01 -1.4713E+01  1.4713E+01
  6.2807E-01  2.0950E+00  1.0005E+03  0.0000E+00 -2.0059E-06  7.4994E-01  7.4993E-01 -1.4898E+01  1.4898E+01
  6.2836E-01  2.0960E+00  1.0005E+03  0.0000E+00 -2.0310E-06  7.4994E-01  7.4993E-01 -1.5084E+01  1.5085E+01
  6.2866E-01  2.0970E+00  1.0005E+03  0.0000E+00 -2.0561E-06  7.4994E-01  7.4993E-01 -1.5271E+01  1.5271E+01
  6.2896E-01  2.0980E+00  1.0005E+03  0.0000E+00 -2.0813E-06  7.4994E-01  7.4993E-01 -1.5458E+01  1.5459E+01
  6.2926E-01  2.0990E+00  1.0005E+03  0.0000E+00 -2.1066E-06  7.4994E-01  7.4993E-01 -1.5647E+01  1.5647E+01
  6.2956E-01  2.1000E+00  1.0005E+03  0.0000E+00 -2.1319E-06  7.4994E-01  7.4993E-01 -1.5836E+01  1.5836E+01
  6.2986E-01  2.1010E+00  1.0005E+03  0.0000E+00 -2.1574E-06  7.4994E-01  7.4993E-01 -1.6026E+01  1.6026E+01
  6.3016E-01  2.1020E+00  1.0005E+03  3.8756E-10 -2.1829E-06  7.4994E-01  7.4993E-01 -1.6216E+01  1.6216E+01
  6.3046E-01  2.1030E+00  1.0005E+03  0.0000E+00 -2.2085E-06  7.4994E-01  7.4993E-01 -1.6406E+01  1.6407E+01
  6.3076E-01  2.1040E+00  1.0005E+03  0.0000E+00 -2.2342E-06  7.4994E-01  7.4993E-01 -1.6597E+01  1.6598E+01
  6.3106E-01  2.1050E+00  1.0005E+03  0.0000E+00 -2.2599E-06  7.4994E-01  7.4993E-01 -1.6789E+01  1.6789E+01
  6.3136E-01  2.1060E+00  1.0005E+03  0.0000E+00 -2.2857E-06  7.4994E-01  7.4993E-01 -1.6981E+01  1.6982E+01
  6.3166E-01  2.1070E+00  1.0005E+03  0.0000E+00 -2.3116E-06  7.4994E-01  7.4993E-01 -1.7174E+01  1.7174E+01
  6.3196E-01  2.1080E+00  1.0005E+03  0.0000E+00 -2.3376E-06  7.4994E-01  7.4993E-01 -1.7367E+01  1.7368E+01
  6.3226E-01  2.1090E+00  1.0005E+03  0.0000E+00 -2.3636E-06  7.4994E-01  7.4993E-01 -1.7561E+01  1.7561E+01
  6.3256E-01  2.1100E+00  1.0005E+03  0.0000E+00 -2.3898E-06  7.4994E-01  7.4993E-01 -1.7755E+01  1.7755E+01
  6.3286E-01  2.1110E+00  1.0005E+03  0.0000E+00 -2.4160E-06  7.4994E-01  7.4993E-01 -1.7950E+01  1.7950E+01
  6.3316E-01  2.1120E+00  1.0005E+03  0.0000E+00 -2.4422E-06  7.4994E-01  7.4993E-01 -1.8145E+01  1.8145E+01
  6.3346E-01  2.1130E+00  1.0005E+03  0.0000E+00 -2.4686E-06  7.4994E-01  7.4993E-01 -1.8340E+01  1.8340E+01
  6.3376E-01  2.1140E+00  1.0005E+03  0.0000E+00 -2.4950E-06  7.4994E-01  7.4993E-01 -1.8536E+01  1.8536E+01
  6.3406E-01  2.1150E+00  1.0005E+03  0.0000E+00 -2.5216E-06  7.4994E-01  7.4993E-01 -1.8732E+01  1.8732E+01
  6.3436E-01  2.1160E+00  1.0005E+03  0.0000E+00 -2.5481E-06  7.4994E-01  7.4993E-01 -1.8929E+01  1.8929E+01
  6.3466E-01  2.1170E+00  1.0005E+03  0.0000E+00 -2.5748E-06  7.4994E-01  7.4993E-01 -1.9127E+01  1.9127E+01
  6.3496E-01  2.1180E+00  1.0005E+03  0.0000E+00 -2.6016E-06  7.4994E-01  7.4993E-01 -1.9325E+01  1.9325E+01
  6.3526E-01  2.1190E+00  1.0005E+03  3.8756E-10 -2.6284E-06  7.4994E-01  7.4993E-01 -1.9523E+01  1.9523E+01
  6.3556E-01  2.1200E+00  1.0005E+03  0.0000E+00 -2.6553E-06  7.4994E-01  7.4993E-01 -1.9722E+01  1.9722E+01
  6.3586E-01  2.1210E+00  1.0005E+03  0.0000E+00 -2.6823E-06  7.4994E-01  7.4993E-01 -1.9922E+01  1.9922E+01
  6.3616E-01  2.1220E+00  1.0005E+03  0.0000E+00 -2.7094E-06  7.4994E-01  7.4993E-01 -2.0122E+01  2.0122E+01
  6.3646E-01  2.1230E+00  1.0005E+03  0.0000E+00 -2.7365E-06  7.4994E-01  7.4993E-01 -2.0324E+01  2.0324E+01
  6.3676E-01  2.1240E+00  1.0005E+03  0.0000E+00 -2.7638E-06  7.4994E-01  7.4993E-01 -2.0526E+01  2.0526E+01
  6.3706E-01  2.1250E+00  1.0005E+03  0.0000E+00 -2.7911E-06  7.4994E-01  7.4993E-01 -2.0729E+01  2.0729E+01
  6.3736E-01  2.1260E+00  1.0005E+03  0.0000E+00 -2.8185E-06  7.4994E-01  7.4993E-01 -2.0932E+01  2.0932E+01
  6.3766E-01  2.1270E+00  1.0005E+03  0.0000E+00 -2.8460E-06  7.4994E-01  7.4993E-01 -2.1136E+01  2.1136E+01
  6.3796E-01  2.1280E+00  1.0005E+03  0.0000E+00 -2.8735E-06  7.4994E-01  7.4993E-01 -2.1341E+01  2.1341E+01
  6.3826E-01  2.1290E+00  1.0005E+03  0.0000E+00 -2.9011E-06  7.4994E-01  7.4993E-01 -2.1547E+01  2.1547E+01
  6.3856E-01  2.1300E+00  1.0005E+03  0.0000E+00 -2.9289E-06  7.4994E-01  7.4993E-01 -2.1754E+01  2.1754E+01
  6.3886E-01  2.1310E+00  1.0005E+03  0.0000E+00 -2.9567E-06  7.4994E-01  7.4993E-01 -2.1962E+01  2.1962E+01
  6.3916E-01  2.1320E+00  1.0005E+03  0.0000E+00 -2.9846E-06  7.4994E-01  7.4993E-01 -2.2170E+01  2.2171E+01
  6.3946E-01  2.1330E+00  1.0005E+03  3.8756E-10 -3.0125E-06  7.4994E-01  7.4993E-01 -2.2380E+01  2.2380E+01
  6.3976E-01  2.1340E+00  1.0005E+03  0.0000E+00 -3.0406E-06  7.4994E-01  7.4993E-01 -2.2589E+01  2.2589E+01
  6.4006E-01  2.1350E+00  1.0005E+03  0.0000E+00 -3.0687E-06  7.4994E-01  7.4993E-01 -2.2800E+01  2.2800E+01
  6.4036E-01  2.1360E+00  1.0005E+03  0.0000E+00 -3.0969E-06  7.4994E-01  7.4993E-01 -2.3011E+01  2.3011E+01
  6.4066E-01  2.1370E+00  1.0005E+03  0.0000E+00 -3.1253E-06  7.4994E-01  7.4993E-01 -2.3223E+01  2.3224E+01
  6.4096E-01  2.1380E+00  1.0005E+03  0.0000E+00 -3.1536E-06  7.4994E-01  7.4993E-01 -2.3436E+01  2.3436E+01
  6.4126E-01  2.1390E+00  1.0005E+03  0.0000E+00 -3.1821E-06  7.4994E-01  7.4993E-01 -2.3650E+01  2.3650E+01
  6.4156E-01  2.1400E+00  1.0005E+03  3.8756E-10 -3.2107E-06  7.4994E-01  7.4993E-01 -2.3864E+01  2.3864E+01
  6.4186E-01  2.1410E+00  1.0005E+03  0.0000E+00 -3.2393E-06  7.4994E-01  7.4993E-01 -2.4078E+01  2.4078E+01
  6.4216E-01  2.1420E+00  1.0005E+03  0.0000E+00 -3.2681E-06  7.4994E-01  7.4993E-01 -2.4293E+01  2.4293E+01
  6.4246E-01  2.1430E+00  1.0005E+03  0.0000E+00 -3.2969E-06  7.4994E-01  7.4993E-01 -2.4508E+01  2.4509E+01
  6.4275E-01  2.1440E+00  1.0005E+03  0.0000E+00 -3.3258E-06  7.4994E-01  7.4993E-01 -2.4724E+01  2.4725E+01
  6.4305E-01  2.1450E+00  1.0005E+03  0.0000E+00 -3.3548E-06  7.4994E-01  7.4993E-01 -2.4941E+01  2.4941E+01
  6.4335E-01  2.1460E+00  1.0005E+03  0.0000E+00 -3.3839E-06  7.4994E-01  7.4993E-01 -2.5158E+01  2.5158E+01
  6.4365E-01  2.1470E+00  1.0005E+03  0.0000E+00 -3.4130E-06  7.4994E-01  7.4993E-01 -2.5375E+01  2.5375E+01
  6.4395E-01  2.1480E+00  1.0005E+03  0.0000E+00 -3.4423E-06  7.4994E-01  7.4993E-01 -2.5593E+01  2.5593E+01
  6.4425E-01  2.1490E+00  1.0005E+03  0.0000E+00 -3.4716E-06  7.4994E-01  7.4993E-01 -2.5812E+01  2.5812E+01
  6.4455E-01  2.1500E+00  1.0005E+03  0.0000E+00 -3.5011E-06  7.4994E-01  7.4993E-01 -2.6031E+01  2.6031E+01
  6.4485E-01  2.1510E+00  1.0005E+03  3.8756E-10 -3.5306E-06  7.4994E-01  7.4993E-01 -2.6251E+01  2.6251E+01
  6.4515E-01  2.1520E+00  1.0005E+03  0.0000E+00 -3.5602E-06  7.4994E-01  7.4993E-01 -2.6471E+01  2.6471E+01
  6.4545E-01  2.1530E+00  1.0005E+03  0.0000E+00 -3.5899E-06  7.4994E-01  7.4993E-01 -2.6691E+01  2.6692E+01
  6.4575E-01  2.1540E+00  1.0005E+03  0.0000E+00 -3.6197E-06  7.4994E-01  7.4993E-01 -2.6913E+01  2.6913E+01
  6.4605E-01  2.1550E+00  1.0005E+03  0.0000E+00 -3.6495E-06  7.4994E-01  7.4993E-01 -2.7135E+01  2.7135E+01
  6.4635E-01  2.1560E+00  1.0005E+03  0.0000E+00 -3.6795E-06  7.4994E-01  7.4993E-01 -2.7358E+01  2.7358E+01
  6.4665E-01  2.1570E+00  1.0005E+03  0.0000E+00 -3.7095E-06  7.4994E-01  7.4993E-01 -2.7582E+01  2.7582E+01
  6.4695E-01  2.1580E+00  1.0005E+03  0.0000E+00 -3.7397E-06  7.4994E-01  7.4993E-01 -2.7807E+01  2.7807E+01
  6.4725E-01  2.1590E+00  1.0005E+03  0.0000E+00 -3.7699E-06  7.4994E-01  7.4993E-01 -2.8032E+01  2.8032E+01
  6.4755E-01  2.1600E+00  1.0005E+03  0.0000E+00 -3.8002E-06  7.4994E-01  7.4993E-01 -2.8258E+01  2.8258E+01
  6.4785E-01  2.1610E+00  1.0005E+03  3.8756E-10 -3.8306E-06  7.4994E-01  7.4993E-01 -2.8485E+01  2.8485E+01
  6.4815E-01  2.1620E+00  1.0005E+03  0.0000E+00 -3.8611E-06  7.4994E-01  7.4993E-01 -2.8713E+01  2.8713E+01
  6.4845E-01  2.1630E+00  1.0005E+03  0.0000E+00 -3.8917E-06  7.4994E-01  7.4993E-01 -2.8942E+01  2.8942E+01
  6.4875E-01  2.1640E+00  1.0005E+03  0.0000E+00 -3.9224E-06  7.4994E-01  7.4993E-01 -2.9172E+01  2.9172E+01
  6.4905E-01  2.1650E+00  1.0005E+03  0.0000E+00 -3.9532E-06  7.4994E-01  7.4993E-01 -2.9403E+01  2.9403E+01
  6.4935E-01  2.1660E+00  1.0005E+03  0.0000E+00 -3.9840E-06  7.4994E-01  7.4993E-01 -2.9635E+01  2.9635E+01
  6.4965E-01  2.1670E+00  1.0005E+03  0.0000E+00 -4.0150E-06  7.4994E-01  7.4993E-01 -2.9868E+01  2.9868E+01
  6.4995E-01  2.1680E+00  1.0005E+03  0.0000E+00 -4.0460E-06  7.4994E-01  7.4993E-01 -3.0101E+01  3.0101E+01
  6.5025E-01  2.1690E+00  1.0005E+03  0.0000E+00 -4.0772E-06  7.4994E-01  7.4993E-01 -3.0335E+01  3.0335E+01
  6.5055E-01  2.1700E+00  1.0005E+03  3.8756E-10 -4.1084E-06  7.4994E-01  7.4993E-01 -3.0570E+01  3.0570E+01
  6.5085E-01  2.1710E+00  1.0005E+03  0.0000E+00 -4.1397E-06  7.4994E-01  7.4993E-01 -3.0806E+01  3.0806E+01
  6.5115E-01  2.1720E+00  1.0005E+03  0.0000E+00 -4.1712E-06  7.4994E-01  7.4993E-01 -3.1042E+01  3.1042E+01
  6.5145E-01  2.1730E+00  1.0005E+03  0.0000E+00 -4.2027E-06  7.4994E-01  7.4993E-01 -3.1280E+01  3.1280E+01
  6.5175E-01  2.1740E+00  1.0005E+03  0.0000E+00 -4.2343E-06  7.4994E-01  7.4993E-01 -3.1518E+01  3.1518E+01
  6.5205E-01  2.1750E+00  1.0005E+03  0.0000E+00 -4.2660E-06  7.4994E-01  7.4993E-01 -3.1757E+01  3.1757E+01
  6.5235E-01  2.1760E+00  1.0005E+03  0.0000E+00 -4.2978E-06  7.4994E-01  7.4993E-01 -3.1995E+01  3.1996E+01
  6.5265E-01  2.1770E+00  1.0005E+03  0.0000E+00 -4.3297E-06  7.4994E-01  7.4993E-01 -3.2235E+01  3.2235E+01
  6.5295E-01  2.1780E+00  1.0005E+03  3.8756E-10 -4.3617E-06  7.4994E-01  7.4993E-01 -3.2475E+01  3.2475E+01
  6.5325E-01  2.1790E+00  1.0005E+03  0.0000E+00 -4.3938E-06  7.4994E-01  7.4993E-01 -3.2715E+01  3.2715E+01
  6.5355E-01  2.1800E+00  1.0005E+03  0.0000E+00 -4.4260E-06  7.4994E-01  7.4993E-01 -3.2957E+01  3.2957E+01
  6.5385E-01  2.1810E+00  1.0005E+03  0.0000E+00 -4.4583E-06  7.4994E-01  7.4993E-01 -3.3199E+01  3.3199E+01
  6.5415E-01  2.1820E+00  1.0005E+03  0.0000E+00 -4.4907E-06  7.4994E-01  7.4993E-01 -3.3442E+01  3.3442E+01
  6.5445E-01  2.1830E+00  1.0005E+03  0.0000E+00 -4.5232E-06  7.4994E-01  7.4993E-01 -3.3684E+01  3.3684E+01
  6.5475E-01  2.1840E+00  1.0005E+03  0.0000E+00 -4.5558E-06  7.4994E-01  7.4993E-01 -3.3927E+01  3.3927E+01
  6.5505E-01  2.1850E+00  1.0005E+03  0.0000E+00 -4.5884E-06  7.4994E-01  7.4993E-01 -3.4171E+01  3.4171E+01
  6.5535E-01  2.1860E+00  1.0005E+03  3.8756E-10 -4.6212E-06  7.4994E-01  7.4993E-01 -3.4416E+01  3.4416E+01
  6.5565E-01  2.1870E+00  1.0005E+03  0.0000E+00 -4.6541E-06  7.4994E-01  7.4993E-01 -3.4662E+01  3.4662E+01
  6.5595E-01  2.1880E+00  1.0005E+03  0.0000E+00 -4.6870E-06  7.4994E-01  7.4993E-01 -3.4908E+01  3.4908E+01
  6.5625E-01  2.1890E+00  1.0005E+03  0.0000E+00 -4.7201E-06  7.4994E-01  7.4993E-01 -3.5155E+01  3.5155E+01
  6.5655E-01  2.1900E+00  1.0005E+03  0.0000E+00 -4.7533E-06  7.4994E-01  7.4993E-01 -3.5403E+01  3.5403E+01
  6.5685E-01  2.1910E+00  1.0005E+03  0.0000E+00 -4.7866E-06  7.4994E-01  7.4993E-01 -3.5651E+01  3.5651E+01
  6.5714E-01  2.1920E+00  1.0005E+03  0.0000E+00 -4.8199E-06  7.4994E-01  7.4993E-01 -3.5900E+01  3.5900E+01
  6.5744E-01  2.1930E+00  1.0005E+03  3.8756E-10 -4.8534E-06  7.4994E-01  7.4993E-01 -3.6150E+01  3.6150E+01
  6.5774E-01  2.1940E+00  1.0005E+03  0.0000E+00 -4.8869E-06  7.4994E-01  7.4993E-01 -3.6402E+01  3.6402E+01
  6.5804E-01  2.1950E+00  1.0005E+03  0.0000E+00 -4.9206E-06  7.4994E-01  7.4993E-01 -3.6654E+01  3.6654E+01
  6.5834E-01  2.1960E+00  1.0005E+03  0.0000E+00 -4.9544E-06  7.4994E-01  7.4993E-01 -3.6907E+01  3.6907E+01
  6.5864E-01  2.1970E+00  1.0005E+03  0.0000E+00 -4.9882E-06  7.4994E-01  7.4993E-01 -3.7161E+01  3.7161E+01
  6.5894E-01  2.1980E+00  1.0005E+03  0.0000E+00 -5.0222E-06  7.4994E-01  7.4993E-01 -3.7416E+01  3.7416E+01
  6.5924E-01  2.1990E+00  1.0005E+03  3.8756E-10 -5.0563E-06  7.4994E-01  7.4993E-01 -3.7672E+01  3.7672E+01
  6.5954E-01  2.2000E+00  1.0005E+03  0.0000E+00 -5.0905E-06  7.4994E-01  7.4993E-01 -3.7929E+01  3.7929E+01
  6.5984E-01  2.2010E+00  1.0005E+03  0.0000E+00 -5.1247E-06  7.4994E-01  7.4993E-01 -3.8187E+01  3.8187E+01
  6.6014E-01  2.2020E+00  1.0005E+03  0.0000E+00 -5.1591E-06  7.4994E-01  7.4993E-01 -3.8446E+01  3.8446E+01
  6.6044E-01  2.2030E+00  1.0005E+03  0.0000E+00 -5.1936E-06  7.4994E-01  7.4993E-01 -3.8705E+01  3.8706E+01
  6.6074E-01  2.2040E+00  1.0005E+03  0.0000E+00 -5.2282E-06  7.4994E-01  7.4993E-01 -3.8966E+01  3.8966E+01
  6.6104E-01  2.2050E+00  1.0005E+03  3.8756E-10 -5.2629E-06  7.4994E-01  7.4993E-01 -3.9228E+01  3.9228E+01
  6.6134E-01  2.2060E+00  1.0005E+03  0.0000E+00 -5.2977E-06  7.4994E-01  7.4993E-01 -3.9490E+01  3.9490E+01
  6.6164E-01  2.2070E+00  1.0005E+03  0.0000E+00 -5.3326E-06  7.4994E-01  7.4993E-01 -3.9753E+01  3.9753E+01
  6.6194E-01  2.2080E+00  1.0005E+03  0.0000E+00 -5.3676E-06  7.4994E-01  7.4993E-01 -4.0016E+01  4.0016E+01
  6.6224E-01  2.2090E+00  1.0005E+03  0.0000E+00 -5.4027E-06  7.4994E-01  7.4993E-01 -4.0281E+01  4.0281E+01
  6.6254E-01  2.2100E+00  1.0005E+03  0.0000E+00 -5.4379E-06  7.4994E-01  7.4993E-01 -4.0546E+01  4.0546E+01
  6.6284E-01  2.2110E+00  1.0005E+03  3.8756E-10 -5.4732E-06  7.4994E-01  7.4993E-01 -4.0812E+01  4.0812E+01
  6.6314E-01  2.2120E+00  1.0005E+03  0.0000E+00 -5.5087E-06  7.4994E-01  7.4993E-01 -4.1079E+01  4.1079E+01
  6.6344E-01  2.2130E+00  1.0005E+03  0.0000E+00 -5.5442E-06  7.4994E-01  7.4993E-01 -4.1346E+01  4.1346E+01
  6.6374E-01  2.2140E+00  1.0005E+03  0.0000E+00 -5.5799E-06  7.4994E-01  7.4993E-01 -4.1613E+01  4.1613E+01
  6.6404E-01  2.2150E+00  1.0005E+03  0.0000E+00 -5.6156E-06  7.4994E-01  7.4993E-01 -4.1881E+01  4.1881E+01
  6.6434E-01  2.2160E+00  1.0005E+03  0.0000E+00 -5.6515E-06  7.4994E-01  7.4993E-01 -4.2150E+01  4.2150E+01
  6.6464E-01  2.2170E+00  1.0005E+03  3.8756E-10 -5.6874E-06  7.4994E-01  7.4993E-01 -4.2420E+01  4.2420E+01
  6.6494E-01  2.2180E+00  1.0005E+03  0.0000E+00 -5.7235E-06  7.4994E-01  7.4993E-01 -4.2690E+01  4.2690E+01
  6.6524E-01  2.2190E+00  1.0005E+03  3.8756E-10 -5.7597E-06  7.4994E-01  7.4993E-01 -4.2961E+01  4.2961E+01
  6.6554E-01  2.2200E+00  1.0005E+03  0.0000E+00 -5.7960E-06  7.4994E-01  7.4993E-01 -4.3232E+01  4.3232E+01
  6.6584E-01  2.2210E+00  1.0005E+03  0.0000E+00 -5.8324E-06  7.4994E-01  7.4993E-01 -4.3504E+01  4.3504E+01
  6.6614E-01  2.2220E+00  1.0005E+03  0.0000E+00 -5.8689E-06  7.4994E-01  7.4993E-01 -4.3777E+01  4.3777E+01
  6.6644E-01  2.2230E+00  1.0005E+03  0.0000E+00 -5.9055E-06  7.4994E-01  7.4993E-01 -4.4051E+01  4.4051E+01
  6.6674E-01  2.2240E+00  1.0005E+03  3.8756E-10 -5.9422E-06  7.4994E-01  7.4993E-01 -4.4326E+01  4.4326E+01
  6.6704E-01  2.2250E+00  1.0005E+03  0.0000E+00 -5.9791E-06  7.4994E-01  7.4993E-01 -4.4601E+01  4.4601E+01
  6.6734E-01  2.2260E+00  1.0005E+03  0.0000E+00 -6.0160E-06  7.4994E-01  7.4993E-01 -4.4878E+01  4.4878E+01
  6.6764E-01  2.2270E+00  1.0005E+03  0.0000E+00 -6.0531E-06  7.4994E-01  7.4993E-01 -4.5155E+01  4.5155E+01
  6.6794E-01  2.2280E+00  1.0005E+03  0.0000E+00 -6.0902E-06  7.4994E-01  7.4993E-01 -4.5434E+01  4.5434E+01
  6.6824E-01  2.2290E+00  1.0005E+03  3.8756E-10 -6.1275E-06  7.4994E-01  7.4993E-01 -4.5713E+01  4.5713E+01
  6.6854E-01  2.2300E+00  1.0005E+03  0.0000E+00 -6.1649E-06  7.4994E-01  7.4993E-01 -4.5993E+01  4.5993E+01
  6.6884E-01  2.2310E+00  1.0005E+03  0.0000E+00 -6.2024E-06  7.4994E-01  7.4993E-01 -4.6275E+01  4.6275E+01
  6.6914E-01  2.2320E+00  1.0005E+03  0.0000E+00 -6.2400E-06  7.4994E-01  7.4993E-01 -4.6557E+01  4.6557E+01
  6.6944E-01  2.2330E+00  1.0005E+03  0.0000E+00 -6.2778E-06  7.4994E-01  7.4993E-01 -4.6841E+01  4.6841E+01
  6.6974E-01  2.2340E+00  1.0005E+03  3.8756E-10 -6.3156E-06  7.4994E-01  7.4993E-01 -4.7127E+01  4.7127E+01
  6.7004E-01  2.2350E+00  1.0005E+03  0.0000E+00 -6.3536E-06  7.4994E-01  7.4993E-01 -4.7413E+01  4.7413E+01
  6.7034E-01  2.2360E+00  1.0005E+03  0.0000E+00 -6.3916E-06  7.4994E-01  7.4993E-01 -4.7699E+01  4.7699E+01
  6.7064E-01  2.2370E+00  1.0005E+03  0.0000E+00 -6.4298E-06  7.4994E-01  7.4993E-01 -4.7987E+01  4.7987E+01
  6.7094E-01  2.2380E+00  1.0005E+03  3.8756E-10 -6.4681E-06  7.4994E-01  7.4993E-01 -4.8276E+01  4.8276E+01
  6.7124E-01  2.2390E+00  1.0005E+03  0.0000E+00 -6.5065E-06  7.4994E-01  7.4993E-01 -4.8566E+01  4.8566E+01
  6.7154E-01  2.2400E+00  1.0005E+03  0.0000E+00 -6.5451E-06  7.4994E-01  7.4993E-01 -4.8857E+01  4.8857E+01
  6.7183E-01  2.2410E+00  1.0005E+03  0.0000E+00 -6.5837E-06  7.4994E-01  7.4993E-01 -4.9150E+01  4.9150E+01
  6.7213E-01  2.2420E+00  1.0005E+03  0.0000E+00 -6.6225E-06  7.4994E-01  7.4993E-01 -4.9443E+01  4.9442E+01
  6.7243E-01  2.2430E+00  1.0005E+03  3.8756E-10 -6.6614E-06  7.4994E-01  7.4993E-01 -4.9736E+01  4.9736E+01
  6.7273E-01  2.2440E+00  1.0005E+03  0.0000E+00 -6.7004E-06  7.4994E-01  7.4993E-01 -5.0030E+01  5.0030E+01
  6.7303E-01  2.2450E+00  1.0005E+03  0.0000E+00 -6.7395E-06  7.4994E-01  7.4993E-01 -5.0325E+01  5.0325E+01
  6.7333E-01  2.2460E+00  1.0005E+03  0.0000E+00 -6.7787E-06  7.4994E-01  7.4993E-01 -5.0622E+01  5.0621E+01
  6.7363E-01  2.2470E+00  1.0005E+03  3.8756E-10 -6.8181E-06  7.4994E-01  7.4993E-01 -5.0918E+01  5.0918E+01
  6.7393E-01  2.2480E+00  1.0005E+03  0.0000E+00 -6.8576E-06  7.4994E-01  7.4993E-01 -5.1216E+01  5.1216E+01
  6.7423E-01  2.2490E+00  1.0005E+03  0.0000E+00 -6.8972E-06  7.4994E-01  7.4993E-01 -5.1514E+01  5.1514E+01
  6.7453E-01  2.2500E+00  1.0005E+03  0.0000E+00 -6.9369E-06  7.4994E-01  7.4994E-01 -5.1813E+01  5.1813E+01
  6.7483E-01  2.2510E+00  1.0005E+03  3.8756E-10 -6.9767E-06  7.4994E-01  7.4994E-01 -5.2112E+01  5.2112E+01
  6.7513E-01  2.2520E+00  1.0005E+03  0.0000E+00 -7.0167E-06  7.4994E-01  7.4994E-01 -5.2413E+01  5.2413E+01
  6.7543E-01  2.2530E+00  1.0005E+03  0.0000E+00 -7.0567E-06  7.4994E-01  7.4994E-01 -5.2714E+01  5.2714E+01
  6.7573E-01  2.2540E+00  1.0005E+03  3.8756E-10 -7.0969E-06  7.4994E-01  7.4994E-01 -5.3015E+01  5.3015E+01
  6.7603E-01  2.2550E+00  1.0005E+03  0.0000E+00 -7.1373E-06  7.4994E-01  7.4994E-01 -5.3318E+01  5.3318E+01
  6.7633E-01  2.2560E+00  1.0005E+03  0.0000E+00 -7.1777E-06  7.4994E-01  7.4994E-01 -5.3622E+01  5.3622E+01
  6.7663E-01  2.2570E+00  1.0005E+03  0.0000E+00 -7.2182E-06  7.4994E-01  7.4994E-01 -5.3926E+01  5.3926E+01
  6.7693E-01  2.2580E+00  1.0005E+03  3.8756E-10 -7.2589E-06  7.4994E-01  7.4994E-01 -5.4231E+01  5.4231E+01
  6.7723E-01  2.2590E+00  1.0005E+03  0.0000E+00 -7.2997E-06  7.4994E-01  7.4994E-01 -5.4538E+01  5.4538E+01
  6.7753E-01  2.2600E+00  1.0005E+03  0.0000E+00 -7.3406E-06  7.4994E-01  7.4994E-01 -5.4845E+01  5.4845E+01
  6.7783E-01  2.2610E+00  1.0005E+03  0.0000E+00 -7.3817E-06  7.4994E-01  7.4994E-01 -5.5153E+01  5.5153E+01
  6.7813E-01  2.2620E+00  1.0005E+03  3.8756E-10 -7.4229E-06  7.4994E-01  7.4994E-01 -5.5463E+01  5.5463E+01
  6.7843E-01  2.2630E+00  1.0005E+03  0.0000E+00 -7.4642E-06  7.4994E-01  7.4994E-01 -5.5773E+01  5.5773E+01
  6.7873E-01  2.2640E+00  1.0005E+03  3.8756E-10 -7.5056E-06  7.4994E-01  7.4994E-01 -5.6085E+01  5.6085E+01
  6.7903E-01  2.2650E+00  1.0005E+03  0.0000E+00 -7.5471E-06  7.4994E-01  7.4994E-01 -5.6398E+01  5.6398E+01
  6.7933E-01  2.2660E+00  1.0005E+03  0.0000E+00 -7.5888E-06  7.4994E-01  7.4994E-01 -5.6712E+01  5.6712E+01
  6.7963E-01  2.2670E+00  1.0005E+03  3.8756E-10 -7.6306E-06  7.4994E-01  7.4994E-01 -5.7028E+01  5.7027E+01
  6.7993E-01  2.2680E+00  1.0005E+03  0.0000E+00 -7.6725E-06  7.4994E-01  7.4994E-01 -5.7344E+01  5.7344E+01
  6.8023E-01  2.2690E+00  1.0005E+03  0.0000E+00 -7.7145E-06  7.4994E-01  7.4994E-01 -5.7662E+01  5.7661E+01
  6.8053E-01  2.2700E+00  1.0005E+03  3.8756E-10 -7.7567E-06  7.4994E-01  7.4994E-01 -5.7981E+01  5.7980E+01
  6.8083E-01  2.2710E+00  1.0005E+03  0.0000E+00 -7.7990E-06  7.4994E-01  7.4994E-01 -5.8301E+01  5.8300E+01
  6.8113E-01  2.2720E+00  1.0005E+03  0.0000E+00 -7.8414E-06  7.4994E-01  7.4994E-01 -5.8622E+01  5.8621E+01
  6.8143E-01  2.2730E+00  1.0005E+03  0.0000E+00 -7.8840E-06  7.4994E-01  7.4994E-01 -5.8944E+01  5.8944E+01
  6.8173E-01  2.2740E+00  1.0005E+03  3.8756E-10 -7.9267E-06  7.4994E-01  7.4994E-01 -5.9267E+01  5.9267E+01
  6.8203E-01  2.2750E+00  1.0005E+03  0.0000E+00 -7.9695E-06  7.4994E-01  7.4994E-01 -5.9591E+01  5.9591E+01
  6.8233E-01  2.2760E+00  1.0005E+03  0.0000E+00 -8.0124E-06  7.4994E-01  7.4994E-01 -5.9916E+01  5.9916E+01
  6.8263E-01  2.2770E+00  1.0005E+03  3.8756E-10 -8.0555E-06  7.4994E-01  7.4994E-01 -6.0242E+01  6.0242E+01
  6.8293E-01  2.2780E+00  1.0005E+03  0.0000E+00 -8.0987E-06  7.4994E-01  7.4994E-01 -6.0569E+01  6.0569E+01
  6.8323E-01  2.2790E+00  1.0005E+03  0.0000E+00 -8.1421E-06  7.4994E-01  7.4994E-01 -6.0897E+01  6.0897E+01
  6.8353E-01  2.2800E+00  1.0005E+03  3.8756E-10 -8.1855E-06  7.4994E-01  7.4994E-01 -6.1225E+01  6.1225E+01
  6.8383E-01  2.2810E+00  1.0005E+03  0.0000E+00 -8.2291E-06  7.4994E-01  7.4994E-01 -6.1555E+01  6.1554E+01
  6.8413E-01  2.2820E+00  1.0005E+03  0.0000E+00 -8.2729E-06  7.4994E-01  7.4994E-01 -6.1885E+01  6.1884E+01
  6.8443E-01  2.2830E+00  1.0005E+03  3.8756E-10 -8.3167E-06  7.4994E-01  7.4994E-01 -6.2216E+01  6.2215E+01
  6.8473E-01  2.2840E+00  1.0005E+03  0.0000E+00 -8.3607E-06  7.4994E-01  7.4994E-01 -6.2547E+01  6.2547E+01
  6.8503E-01  2.2850E+00  1.0005E+03  0.0000E+00 -8.4049E-06  7.4994E-01  7.4994E-01 -6.2880E+01  6.2879E+01
  6.8533E-01  2.2860E+00  1.0005E+03  3.8756E-10 -8.4491E-06  7.4994E-01  7.4994E-01 -6.3213E+01  6.3213E+01
  6.8563E-01  2.2870E+00  1.0005E+03  0.0000E+00 -8.4935E-06  7.4994E-01  7.4994E-01 -6.3547E+01  6.3547E+01
  6.8593E-01  2.2880E+00  1.0005E+03  0.0000E+00 -8.5380E-06  7.4994E-01  7.4994E-01 -6.3882E+01  6.3882E+01
  6.8622E-01  2.2890E+00  1.0005E+03  3.8756E-10 -8.5827E-06  7.4994E-01  7.4994E-01 -6.4218E+01  6.4218E+01
  6.8652E-01  2.2900E+00  1.0005E+03  0.0000E+00 -8.6275E-06  7.4994E-01  7.4994E-01 -6.4555E+01  6.4555E+01
  6.8682E-01  2.2910E+00  1.0005E+03  3.8756E-10 -8.6724E-06  7.4994E-01  7.4994E-01 -6.4893E+01  6.4893E+01
  6.8712E-01  2.2920E+00  1.0005E+03  0.0000E+00 -8.7175E-06  7.4994E-01  7.4994E-01 -6.5232E+01  6.5232E+01
  6.8742E-01  2.2930E+00  1.0005E+03  0.0000E+00 -8.7627E-06  7.4994E-01  7.4994E-01 -6.5573E+01  6.5572E+01
  6.8772E-01  2.2940E+00  1.0005E+03  3.8756E-10 -8.8080E-06  7.4994E-01  7.4994E-01 -6.5914E+01  6.5914E+01
  6.8802E-01  2.2950E+00  1.0005E+03  0.0000E+00 -8.8535E-06  7.4994E-01  7.4994E-01 -6.6257E+01  6.6256E+01
  6.8832E-01  2.2960E+00  1.0005E+03  0.0000E+00 -8.8991E-06  7.4994E-01  7.4994E-01 -6.6601E+01  6.6600E+01
  6.8862E-01  2.2970E+00  1.0005E+03  3.8756E-10 -8.9449E-06  7.4994E-01  7.4994E-01 -6.6946E+01  6.6946E+01
  6.8892E-01  2.2980E+00  1.0005E+03  3.8756E-10 -8.9908E-06  7.4994E-01  7.4994E-01 -6.7293E+01  6.7292E+01
  6.8922E-01  2.2990E+00  1.0005E+03  0.0000E+00 -9.0368E-06  7.4994E-01  7.4994E-01 -6.7641E+01  6.7640E+01
  6.8952E-01  2.3000E+00  1.0005E+03  0.0000E+00 -9.0830E-06  7.4994E-01  7.4994E-01 -6.7991E+01  6.7990E+01
  6.8982E-01  2.3010E+00  1.0005E+03  3.8756E-10 -9.1293E-06  7.4994E-01  7.4994E-01 -6.8342E+01  6.8341E+01
  6.9012E-01  2.3020E+00  1.0005E+03  0.0000E+00 -9.1757E-06  7.4994E-01  7.4994E-01 -6.8694E+01  6.8694E+01
  6.9042E-01  2.3030E+00  1.0005E+03  3.8756E-10 -9.2223E-06  7.4994E-01  7.4994E-01 -6.9048E+01  6.9048E+01
  6.9072E-01  2.3040E+00  1.0005E+03  0.0000E+00 -9.2690E-06  7.4994E-01  7.4994E-01 -6.9404E+01  6.9403E+01
  6.9102E-01  2.3050E+00  1.0005E+03  0.0000E+00 -9.3159E-06  7.4994E-01  7.4994E-01 -6.9760E+01  6.9760E+01
  6.9132E-01  2.3060E+00  1.0005E+03  3.8756E-10 -9.3629E-06  7.4994E-01  7.4994E-01 -7.0118E+01  7.0118E+01
  6.9162E-01  2.3070E+00  1.0005E+03  0.0000E+00 -9.4101E-06  7.4994E-01  7.4994E-01 -7.0478E+01  7.0477E+01
  6.9192E-01  2.3080E+00  1.0005E+03  3.8756E-10 -9.4574E-06  7.4994E-01  7.4994E-01 -7.0838E+01  7.0838E+01
  6.9222E-01  2.3090E+00  1.0005E+03  0.0000E+00 -9.5048E-06  7.4994E-01  7.4994E-01 -7.1200E+01  7.1200E+01
  6.9252E-01  2.3100E+00  1.0005E+03  3.8756E-10 -9.5524E-06  7.4994E-01  7.4994E-01 -7.1563E+01  7.1563E+01
  6.9282E-01  2.3110E+00  1.0005E+03  0.0000E+00 -9.6002E-06  7.4994E-01  7.4994E-01 -7.1927E+01  7.1927E+01
  6.9312E-01  2.3120E+00  1.0005E+03  0.0000E+00 -9.6480E-06  7.4994E-01  7.4994E-01 -7.2292E+01  7.2292E+01
  6.9342E-01  2.3130E+00  1.0005E+03  3.8756E-10 -9.6961E-06  7.4994E-01  7.4994E-01 -7.2658E+01  7.2658E+01
  6.9372E-01  2.3140E+00  1.0005E+03  0.0000E+00 -9.7442E-06  7.4994E-01  7.4994E-01 -7.3026E+01  7.3025E+01
  6.9402E-01  2.3150E+00  1.0005E+03  3.8756E-10 -9.7926E-06  7.4994E-01  7.4994E-01 -7.3394E+01  7.3393E+01
  6.9432E-01  2.3160E+00  1.0005E+03  0.0000E+00 -9.8410E-06  7.4994E-01  7.4994E-01 -7.3763E+01  7.3762E+01
  6.9462E-01  2.3170E+00  1.0005E+03  3.8756E-10 -9.8896E-06  7.4994E-01  7.4994E-01 -7.4133E+01  7.4132E+01
  6.9492E-01  2.3180E+00  1.0005E+03  0.0000E+00 -9.9384E-06  7.4994E-01  7.4994E-01 -7.4503E+01  7.4503E+01
  6.9522E-01  2.3190E+00  1.0005E+03  0.0000E+00 -9.9873E-06  7.4994E-01  7.4994E-01 -7.4875E+01  7.4874E+01
  6.9552E-01  2.3200E+00  1.0005E+03  3.8756E-10 -1.0036E-05  7.4994E-01  7.4994E-01 -7.5247E+01  7.5247E+01
  6.9582E-01  2.3210E+00  1.0005E+03  0.0000E+00 -1.0086E-05  7.4994E-01  7.4994E-01 -7.5621E+01  7.5620E+01
  6.9612E-01  2.3220E+00  1.0005E+03  3.8756E-10 -1.0135E-05  7.4994E-01  7.4994E-01 -7.5995E+01  7.5994E+01
  6.9642E-01  2.3230E+00  1.0005E+03  3.8756E-10 -1.0184E-05  7.4994E-01  7.4994E-01 -7.6371E+01  7.6370E+01
  6.9672E-01  2.3240E+00  1.0005E+03  0.0000E+00 -1.0234E-05  7.4994E-01  7.4994E-01 -7.6747E+01  7.6746E+01
  6.9702E-01  2.3250E+00  1.0005E+03  3.8756E-10 -1.0284E-05  7.4994E-01  7.4994E-01 -7.7125E+01  7.7124E+01
  6.9732E-01  2.3260E+00  1.0005E+03  0.0000E+00 -1.0334E-05  7.4994E-01  7.4994E-01 -7.7504E+01  7.7503E+01
  6.9762E-01  2.3270E+00  1.0005E+03  3.8756E-10 -1.0384E-05  7.4994E-01  7.4994E-01 -7.7884E+01  7.7883E+01
  6.9792E-01  2.3280E+00  1.0005E+03  0.0000E+00 -1.0434E-05  7.4994E-01  7.4994E-01 -7.8265E+01  7.8264E+01
  6.9822E-01  2.3290E+00  1.0005E+03  3.8756E-10 -1.0485E-05  7.4994E-01  7.4994E-01 -7.8648E+01  7.8647E+01
  6.9852E-01  2.3300E+00  1.0005E+03  0.0000E+00 -1.0535E-05  7.4994E-01  7.4994E-01 -7.9032E+01  7.9031E+01
  6.9882E-01  2.3310E+00  1.0005E+03  3.8756E-10 -1.0586E-05  7.4994E-01  7.4994E-01 -7.9418E+01  7.9417E+01
  6.9912E-01  2.3320E+00  1.0005E+03  0.0000E+00 -1.0637E-05  7.4994E-01  7.4994E-01 -7.9805E+01  7.9804E+01
  6.9942E-01  2.3330E+00  1.0005E+03  3.8756E-10 -1.0688E-05  7.4994E-01  7.4994E-01 -8.0194E+01  8.0193E+01
  6.9972E-01  2.3340E+00  1.0005E+03  0.0000E+00 -1.0739E-05  7.4994E-01  7.4994E-01 -8.0584E+01  8.0583E+01
  7.0002E-01  2.3350E+00  1.0005E+03  3.8756E-10 -1.0790E-05  7.4994E-01  7.4994E-01 -8.0976E+01  8.0975E+01
  7.0032E-01  2.3360E+00  1.0005E+03  0.0000E+00 -1.0842E-05  7.4994E-01  7.4994E-01 -8.1369E+01  8.1368E+01
  7.0061E-01  2.3370E+00  1.0005E+03  3.8756E-10 -1.0894E-05  7.4994E-01  7.4994E-01 -8.1764E+01  8.1763E+01
  7.0091E-01  2.3380E+00  1.0005E+03  0.0000E+00 -1.0945E-05  7.4994E-01  7.4994E-01 -8.2161E+01  8.2160E+01
  7.0121E-01  2.3390E+00  1.0005E+03  3.8756E-10 -1.0997E-05  7.4994E-01  7.4994E-01 -8.2559E+01  8.2558E+01
  7.0151E-01  2.3400E+00  1.0005E+03  0.0000E+00 -1.1050E-05  7.4994E-01  7.4994E-01 -8.2958E+01  8.2957E+01
  7.0181E-01  2.3410E+00  1.0005E+03  3.8756E-10 -1.1102E-05  7.4994E-01  7.4994E-01 -8.3359E+01  8.3358E+01
  7.0211E-01  2.3420E+00  1.0005E+03  3.8756E-10 -1.1154E-05  7.4994E-01  7.4994E-01 -8.3762E+01  8.3760E+01
  7.0241E-01  2.3430E+00  1.0005E+03  3.8756E-10 -1.1207E-05  7.4994E-01  7.4994E-01 -8.4165E+01  8.4164E+01
  7.0271E-01  2.3440E+00  1.0005E+03  0.0000E+00 -1.1260E-05  7.4994E-01  7.4994E-01 -8.4570E+01  8.4569E+01
  7.0301E-01  2.3450E+00  1.0005E+03  3.8756E-10 -1.1313E-05  7.4994E-01  7.4994E-01 -8.4977E+01  8.4975E+01
  7.0331E-01  2.3460E+00  1.0005E+03  0.0000E+00 -1.1366E-05  7.4994E-01  7.4994E-01 -8.5384E+01  8.5383E+01
  7.0361E-01  2.3470E+00  1.0005E+03  3.8756E-10 -1.1419E-05  7.4994E-01  7.4994E-01 -8.5792E+01  8.5791E+01
  7.0391E-01  2.3480E+00  1.0005E+03  0.0000E+00 -1.1472E-05  7.4994E-01  7.4994E-01 -8.6202E+01  8.6200E+01
  7.0421E-01  2.3490E+00  1.0005E+03  3.8756E-10 -1.1526E-05  7.4994E-01  7.4994E-01 -8.6612E+01  8.6611E+01
  7.0451E-01  2.3500E+00  1.0005E+03  3.8756E-10 -1.1580E-05  7.4994E-01  7.4994E-01 -8.7024E+01  8.7023E+01
  7.0481E-01  2.3510E+00  1.0005E+03  0.0000E+00 -1.1634E-05  7.4994E-01  7.4994E-01 -8.7436E+01  8.7435E+01
  7.0511E-01  2.3520E+00  1.0005E+03  3.8756E-10 -1.1688E-05  7.4994E-01  7.4994E-01 -8.7850E+01  8.7848E+01
  7.0541E-01  2.3530E+00  1.0005E+03  0.0000E+00 -1.1742E-05  7.4994E-01  7.4994E-01 -8.8264E+01  8.8263E+01
  7.0571E-01  2.3540E+00  1.0005E+03  3.8756E-10 -1.1796E-05  7.4994E-01  7.4994E-01 -8.8679E+01  8.8678E+01
  7.0601E-01  2.3550E+00  1.0005E+03  3.8756E-10 -1.1851E-05  7.4994E-01  7.4994E-01 -8.9095E+01  8.9094E+01
  7.0631E-01  2.3560E+00  1.0005E+03  0.0000E+00 -1.1906E-05  7.4994E-01  7.4994E-01 -8.9513E+01  8.9511E+01
  7.0661E-01  2.3570E+00  1.0005E+03  3.8756E-10 -1.1961E-05  7.4994E-01  7.4994E-01 -8.9931E+01  8.9930E+01
  7.0691E-01  2.3580E+00  1.0005E+03  3.8756E-10 -1.2016E-05  7.4994E-01  7.4994E-01 -9.0351E+01  9.0350E+01
  7.0721E-01  2.3590E+00  1.0005E+03  0.0000E+00 -1.2071E-05  7.4994E-01  7.4994E-01 -9.0772E+01  9.0770E+01
  7.0751E-01  2.3600E+00  1.0005E+03  3.8756E-10 -1.2126E-05  7.4994E-01  7.4994E-01 -9.1194E+01  9.1192E+01
  7.0781E-01  2.3610E+00  1.0005E+03  0.0000E+00 -1.2182E-05  7.4994E-01  7.4994E-01 -9.1617E+01  9.1615E+01
  7.0811E-01  2.3620E+00  1.0005E+03  7.7513E-10 -1.2238E-05  7.4994E-01  7.4994E-01 -9.2041E+01  9.2040E+01
  7.0841E-01  2.3630E+00  1.0005E+03  0.0000E+00 -1.2294E-05  7.4994E-01  7.4994E-01 -9.2468E+01  9.2466E+01
  7.0871E-01  2.3640E+00  1.0005E+03  3.8756E-10 -1.2350E-05  7.4994E-01  7.4994E-01 -9.2895E+01  9.2894E+01
  7.0901E-01  2.3650E+00  1.0005E+03  3.8756E-10 -1.2406E-05  7.4994E-01  7.4994E-01 -9.3325E+01  9.3323E+01
  7.0931E-01  2.3660E+00  1.0005E+03  0.0000E+00 -1.2463E-05  7.4994E-01  7.4994E-01 -9.3756E+01  9.3754E+01
  7.0961E-01  2.3670E+00  1.0005E+03  3.8756E-10 -1.2519E-05  7.4994E-01  7.4994E-01 -9.4188E+01  9.4186E+01
  7.0991E-01  2.3680E+00  1.0005E+03  3.8756E-10 -1.2576E-05  7.4994E-01  7.4994E-01 -9.4622E+01  9.4621E+01
  7.1021E-01  2.3690E+00  1.0005E+03  0.0000E+00 -1.2633E-05  7.4994E-01  7.4994E-01 -9.5058E+01  9.5057E+01
  7.1051E-01  2.3700E+00  1.0005E+03  3.8756E-10 -1.2690E-05  7.4994E-01  7.4994E-01 -9.5496E+01  9.5494E+01
  7.1081E-01  2.3710E+00  1.0005E+03  3.8756E-10 -1.2747E-05  7.4994E-01  7.4994E-01 -9.5935E+01  9.5934E+01
  7.1111E-01  2.3720E+00  1.0005E+03  0.0000E+00 -1.2805E-05  7.4994E-01  7.4994E-01 -9.6376E+01  9.6375E+01
  7.1141E-01  2.3730E+00  1.0005E+03  3.8756E-10 -1.2863E-05  7.4994E-01  7.4994E-01 -9.6819E+01  9.6818E+01
  7.1171E-01  2.3740E+00  1.0005E+03  3.8756E-10 -1.2920E-05  7.4994E-01  7.4994E-01 -9.7264E+01  9.7262E+01
  7.1201E-01  2.3750E+00  1.0005E+03  0.0000E+00 -1.2978E-05  7.4994E-01  7.4994E-01 -9.7710E+01  9.7708E+01
  7.1231E-01  2.3760E+00  1.0005E+03  0.0000E+00 -1.3037E-05  7.4994E-01  7.4994E-01 -9.8157E+01  9.8155E+01
  7.1261E-01  2.3770E+00  1.0005E+03  0.0000E+00 -1.3095E-05  7.4994E-01  7.4994E-01 -9.8606E+01  9.8604E+01
  7.1291E-01  2.3780E+00  1.0005E+03  0.0000E+00 -1.3154E-05  7.4994E-01  7.4994E-01 -9.9056E+01  9.9055E+01
  7.1321E-01  2.3790E+00  1.0005E+03 -3.8756E-10 -1.3212E-05  7.4994E-01  7.4994E-01 -9.9508E+01  9.9507E+01
  7.1351E-01  2.3800E+00  1.0005E+03  0.0000E+00 -1.3271E-05  7.4994E-01  7.4994E-01 -9.9962E+01  9.9960E+01
  7.1381E-01  2.3810E+00  1.0005E+03  0.0000E+00 -1.3330E-05  7.4994E-01  7.4994E-01 -1.0042E+02  1.0041E+02
  7.1411E-01  2.3820E+00  1.0005E+03  0.0000E+00 -1.3390E-05  7.4994E-01  7.4994E-01 -1.0087E+02  1.0087E+02
  7.1441E-01  2.3830E+00  1.0005E+03  0.0000E+00 -1.3449E-05  7.4994E-01  7.4994E-01 -1.0133E+02  1.0133E+02
  7.1471E-01  2.3840E+00  1.0005E+03 -3.8756E-10 -1.3509E-05  7.4994E-01  7.4994E-01 -1.0179E+02  1.0178E+02
  7.1500E-01  2.3850E+00  1.0005E+03  0.0000E+00 -1.3569E-05  7.4994E-01  7.4994E-01 -1.0224E+02  1.0224E+02
  7.1530E-01  2.3860E+00  1.0005E+03  0.0000E+00 -1.3629E-05  7.4994E-01  7.4994E-01 -1.0270E+02  1.0270E+02
  7.1560E-01  2.3870E+00  1.0005E+03  0.0000E+00 -1.3689E-05  7.4994E-01  7.4994E-01 -1.0317E+02  1.0316E+02
  7.1590E-01  2.3880E+00  1.0005E+03  0.0000E+00 -1.3749E-05  7.4994E-01  7.4994E-01 -1.0363E+02  1.0363E+02
  7.1620E-01  2.3890E+00  1.0005E+03  0.0000E+00 -1.3810E-05  7.4994E-01  7.4994E-01 -1.0409E+02  1.0409E+02
  7.1650E-01  2.3900E+00  1.0005E+03 -3.8756E-10 -1.3870E-05  7.4994E-01  7.4994E-01 -1.0456E+02  1.0455E+02
  7.1680E-01  2.3910E+00  1.0005E+03  0.0000E+00 -1.3931E-05  7.4994E-01  7.4994E-01 -1.0502E+02  1.0502E+02
  7.1710E-01  2.3920E+00  1.0005E+03  0.0000E+00 -1.3993E-05  7.4994E-01  7.4994E-01 -1.0549E+02  1.0549E+02
  7.1740E-01  2.3930E+00  1.0005E+03  0.0000E+00 -1.4054E-05  7.4994E-01  7.4994E-01 -1.0596E+02  1.0595E+02
  7.1770E-01  2.3940E+00  1.0005E+03  0.0000E+00 -1.4115E-05  7.4994E-01  7.4994E-01 -1.0643E+02  1.0642E+02
  7.1800E-01  2.3950E+00  1.0005E+03  0.0000E+00 -1.4177E-05  7.4994E-01  7.4994E-01 -1.0690E+02  1.0689E+02
  7.1830E-01  2.3960E+00  1.0005E+03  0.0000E+00 -1.4239E-05  7.4994E-01  7.4994E-01 -1.0737E+02  1.0737E+02
  7.1860E-01  2.3970E+00  1.0005E+03  0.0000E+00 -1.4301E-05  7.4994E-01  7.4994E-01 -1.0784E+02  1.0784E+02
  7.1890E-01  2.3980E+00  1.0005E+03 -3.8756E-10 -1.4363E-05  7.4994E-01  7.4994E-01 -1.0832E+02  1.0832E+02
  7.1920E-01  2.3990E+00  1.0005E+03  0.0000E+00 -1.4426E-05  7.4994E-01  7.4994E-01 -1.0880E+02  1.0880E+02
  7.1950E-01  2.4000E+00  1.0005E+03  0.0000E+00 -1.4488E-05  7.4994E-01  7.4994E-01 -1.0928E+02  1.0928E+02
  7.1980E-01  2.4010E+00  1.0005E+03  0.0000E+00 -1.4551E-05  7.4994E-01  7.4994E-01 -1.0976E+02  1.0976E+02
  7.2010E-01  2.4020E+00  1.0005E+03  0.0000E+00 -1.4614E-05  7.4994E-01  7.4994E-01 -1.1024E+02  1.1024E+02
  7.2040E-01  2.4030E+00  1.0005E+03  0.0000E+00 -1.4677E-05  7.4994E-01  7.4994E-01 -1.1073E+02  1.1073E+02
  7.2070E-01  2.4040E+00  1.0005E+03  0.0000E+00 -1.4741E-05  7.4994E-01  7.4994E-01 -1.1121E+02  1.1121E+02
  7.2100E-01  2.4050E+00  1.0005E+03  0.0000E+00 -1.4804E-05  7.4994E-01  7.4994E-01 -1.1170E+02  1.1170E+02
  7.2130E-01  2.4060E+00  1.0005E+03  0.0000E+00 -1.4868E-05  7.4994E-01  7.4994E-01 -1.1220E+02  1.1219E+02
  7.2160E-01  2.4070E+00  1.0005E+03  0.0000E+00 -1.4932E-05  7.4994E-01  7.4994E-01 -1.1269E+02  1.1269E+02
  7.2190E-01  2.4080E+00  1.0005E+03  0.0000E+00 -1.4996E-05  7.4994E-01  7.4994E-01 -1.1318E+02  1.1318E+02
  7.2220E-01  2.4090E+00  1.0005E+03  0.0000E+00 -1.5061E-05  7.4994E-01  7.4994E-01 -1.1368E+02  1.1368E+02
  7.2250E-01  2.4100E+00  1.0005E+03  0.0000E+00 -1.5125E-05  7.4994E-01  7.4994E-01 -1.1418E+02  1.1418E+02
  7.2280E-01  2.4110E+00  1.0005E+03  0.0000E+00 -1.5190E-05  7.4994E-01  7.4994E-01 -1.1468E+02  1.1467E+02
  7.2310E-01  2.4120E+00  1.0005E+03  0.0000E+00 -1.5255E-05  7.4994E-01  7.4994E-01 -1.1518E+02  1.1518E+02
  7.2340E-01  2.4130E+00  1.0005E+03  0.0000E+00 -1.5320E-05  7.4994E-01  7.4994E-01 -1.1568E+02  1.1568E+02
  7.2370E-01  2.4140E+00  1.0005E+03  0.0000E+00 -1.5386E-05  7.4994E-01  7.4994E-01 -1.1619E+02  1.1618E+02
  7.2400E-01  2.4150E+00  1.0005E+03  0.0000E+00 -1.5451E-05  7.4994E-01  7.4994E-01 -1.1669E+02  1.1669E+02
  7.2430E-01  2.4160E+00  1.0005E+03  0.0000E+00 -1.5517E-05  7.4994E-01  7.4994E-01 -1.1720E+02  1.1720E+02
  7.2460E-01  2.4170E+00  1.0005E+03  0.0000E+00 -1.5583E-05  7.4994E-01  7.4994E-01 -1.1771E+02  1.1770E+02
  7.2490E-01  2.4180E+00  1.0005E+03  0.0000E+00 -1.5649E-05  7.4994E-01  7.4994E-01 -1.1822E+02  1.1821E+02
  7.2520E-01  2.4190E+00  1.0005E+03  0.0000E+00 -1.5716E-05  7.4994E-01  7.4994E-01 -1.1873E+02  1.1873E+02
  7.2550E-01  2.4200E+00  1.0005E+03  0.0000E+00 -1.5782E-05  7.4994E-01  7.4994E-01 -1.1924E+02  1.1924E+02
  7.2580E-01  2.4210E+00  1.0005E+03  0.0000E+00 -1.5849E-05  7.4994E-01  7.4994E-01 -1.1975E+02  1.1975E+02
  7.2610E-01  2.4220E+00  1.0005E+03  0.0000E+00 -1.5916E-05  7.4994E-01  7.4994E-01 -1.2027E+02  1.2027E+02
  7.2640E-01  2.4230E+00  1.0005E+03  0.0000E+00 -1.5983E-05  7.4994E-01  7.4994E-01 -1.2078E+02  1.2078E+02
  7.2670E-01  2.4240E+00  1.0005E+03  0.0000E+00 -1.6051E-05  7.4994E-01  7.4994E-01 -1.2130E+02  1.2130E+02
  7.2700E-01  2.4250E+00  1.0005E+03  0.0000E+00 -1.6118E-05  7.4994E-01  7.4994E-01 -1.2182E+02  1.2182E+02
  7.2730E-01  2.4260E+00  1.0005E+03  0.0000E+00 -1.6186E-05  7.4994E-01  7.4994E-01 -1.2234E+02  1.2234E+02
  7.2760E-01  2.4270E+00  1.0005E+03  0.0000E+00 -1.6254E-05  7.4994E-01  7.4994E-01 -1.2286E+02  1.2286E+02
  7.2790E-01  2.4280E+00  1.0005E+03  0.0000E+00 -1.6323E-05  7.4994E-01  7.4994E-01 -1.2339E+02  1.2338E+02
  7.2820E-01  2.4290E+00  1.0005E+03  3.8756E-10 -1.6391E-05  7.4994E-01  7.4994E-01 -1.2391E+02  1.2391E+02
  7.2850E-01  2.4300E+00  1.0005E+03  0.0000E+00 -1.6460E-05  7.4994E-01  7.4994E-01 -1.2444E+02  1.2443E+02
  7.2880E-01  2.4310E+00  1.0005E+03  0.0000E+00 -1.6529E-05  7.4994E-01  7.4994E-01 -1.2497E+02  1.2496E+02
  7.2910E-01  2.4320E+00  1.0005E+03  0.0000E+00 -1.6598E-05  7.4994E-01  7.4994E-01 -1.2550E+02  1.2549E+02
  7.2939E-01  2.4330E+00  1.0005E+03  0.0000E+00 -1.6667E-05  7.4994E-01  7.4994E-01 -1.2603E+02  1.2603E+02
  7.2969E-01  2.4340E+00  1.0005E+03  0.0000E+00 -1.6737E-05  7.4994E-01  7.4994E-01 -1.2657E+02  1.2656E+02
  7.2999E-01  2.4350E+00  1.0005E+03  0.0000E+00 -1.6806E-05  7.4994E-01  7.4994E-01 -1.2710E+02  1.2710E+02
  7.3029E-01  2.4360E+00  1.0005E+03  3.8756E-10 -1.6876E-05  7.4994E-01  7.4994E-01 -1.2764E+02  1.2764E+02
  7.3059E-01  2.4370E+00  1.0005E+03  0.0000E+00 -1.6947E-05  7.4994E-01  7.4994E-01 -1.2818E+02  1.2818E+02
  7.3089E-01  2.4380E+00  1.0005E+03  0.0000E+00 -1.7017E-05  7.4994E-01  7.4994E-01 -1.2873E+02  1.2872E+02
  7.3119E-01  2.4390E+00  1.0005E+03  0.0000E+00 -1.7088E-05  7.4994E-01  7.4994E-01 -1.2927E+02  1.2927E+02
  7.3149E-01  2.4400E+00  1.0005E+03  0.0000E+00 -1.7158E-05  7.4994E-01  7.4994E-01 -1.2982E+02  1.2982E+02
  7.3179E-01  2.4410E+00  1.0005E+03  3.8756E-10 -1.7229E-05  7.4994E-01  7.4994E-01 -1.3037E+02  1.3037E+02
  7.3209E-01  2.4420E+00  1.0005E+03  0.0000E+00 -1.7301E-05  7.4994E-01  7.4994E-01 -1.3092E+02  1.3092E+02
  7.3239E-01  2.4430E+00  1.0005E+03  0.0000E+00 -1.7372E-05  7.4994E-01  7.4994E-01 -1.3148E+02  1.3147E+02
  7.3269E-01  2.4440E+00  1.0005E+03  0.0000E+00 -1.7444E-05  7.4994E-01  7.4994E-01 -1.3203E+02  1.3203E+02
  7.3299E-01  2.4450E+00  1.0005E+03  3.8756E-10 -1.7516E-05  7.4994E-01  7.4994E-01 -1.3259E+02  1.3259E+02
  7.3329E-01  2.4460E+00  1.0005E+03  0.0000E+00 -1.7588E-05  7.4994E-01  7.4994E-01 -1.3315E+02  1.3315E+02
  7.3359E-01  2.4470E+00  1.0005E+03  0.0000E+00 -1.7660E-05  7.4994E-01  7.4994E-01 -1.3371E+02  1.3371E+02
  7.3389E-01  2.4480E+00  1.0005E+03  0.0000E+00 -1.7733E-05  7.4994E-01  7.4994E-01 -1.3428E+02  1.3427E+02
  7.3419E-01  2.4490E+00  1.0005E+03  3.8756E-10 -1.7806E-05  7.4994E-01  7.4994E-01 -1.3484E+02  1.3484E+02
  7.3449E-01  2.4500E+00  1.0005E+03  0.0000E+00 -1.7879E-05  7.4994E-01  7.4994E-01 -1.3541E+02  1.3540E+02
  7.3479E-01  2.4510E+00  1.0005E+03  0.0000E+00 -1.7952E-05  7.4994E-01  7.4994E-01 -1.3597E+02  1.3597E+02
  7.3509E-01  2.4520E+00  1.0005E+03  3.8756E-10 -1.8026E-05  7.4994E-01  7.4994E-01 -1.3654E+02  1.3654E+02
  7.3539E-01  2.4530E+00  1.0005E+03  0.0000E+00 -1.8099E-05  7.4994E-01  7.4994E-01 -1.3711E+02  1.3711E+02
  7.3569E-01  2.4540E+00  1.0005E+03  3.8756E-10 -1.8173E-05  7.4994E-01  7.4994E-01 -1.3768E+02  1.3768E+02
  7.3599E-01  2.4550E+00  1.0005E+03  0.0000E+00 -1.8248E-05  7.4994E-01  7.4994E-01 -1.3826E+02  1.3825E+02
  7.3629E-01  2.4560E+00  1.0005E+03  0.0000E+00 -1.8322E-05  7.4994E-01  7.4994E-01 -1.3883E+02  1.3883E+02
  7.3659E-01  2.4570E+00  1.0005E+03  3.8756E-10 -1.8397E-05  7.4994E-01  7.4994E-01 -1.3941E+02  1.3940E+02
  7.3689E-01  2.4580E+00  1.0005E+03  0.0000E+00 -1.8472E-05  7.4994E-01  7.4994E-01 -1.3999E+02  1.3998E+02
  7.3719E-01  2.4590E+00  1.0005E+03  3.8756E-10 -1.8547E-05  7.4994E-01  7.4994E-01 -1.4057E+02  1.4056E+02
  7.3749E-01  2.4600E+00  1.0005E+03  0.0000E+00 -1.8622E-05  7.4994E-01  7.4994E-01 -1.4115E+02  1.4114E+02
  7.3779E-01  2.4610E+00  1.0005E+03  0.0000E+00 -1.8698E-05  7.4994E-01  7.4994E-01 -1.4173E+02  1.4173E+02
  7.3809E-01  2.4620E+00  1.0005E+03  3.8756E-10 -1.8773E-05  7.4994E-01  7.4994E-01 -1.4232E+02  1.4231E+02
  7.3839E-01  2.4630E+00  1.0005E+03  0.0000E+00 -1.8849E-05  7.4994E-01  7.4994E-01 -1.4290E+02  1.4290E+02
  7.3869E-01  2.4640E+00  1.0005E+03  3.8756E-10 -1.8926E-05  7.4994E-01  7.4994E-01 -1.4349E+02  1.4349E+02
  7.3899E-01  2.4650E+00  1.0005E+03  0.0000E+00 -1.9002E-05  7.4994E-01  7.4994E-01 -1.4409E+02  1.4408E+02
  7.3929E-01  2.4660E+00  1.0005E+03  3.8756E-10 -1.9079E-05  7.4994E-01  7.4994E-01 -1.4468E+02  1.4467E+02
  7.3959E-01  2.4670E+00  1.0005E+03  0.0000E+00 -1.9156E-05  7.4994E-01  7.4994E-01 -1.4528E+02  1.4527E+02
  7.3989E-01  2.4680E+00  1.0005E+03  0.0000E+00 -1.9233E-05  7.4994E-01  7.4994E-01 -1.4587E+02  1.4587E+02
  7.4019E-01  2.4690E+00  1.0005E+03  0.0000E+00 -1.9311E-05  7.4994E-01  7.4994E-01 -1.4648E+02  1.4647E+02
  7.4049E-01  2.4700E+00  1.0005E+03  0.0000E+00 -1.9388E-05  7.4994E-01  7.4994E-01 -1.4708E+02  1.4707E+02
  7.4079E-01  2.4710E+00  1.0005E+03 -3.8756E-10 -1.9466E-05  7.4994E-01  7.4994E-01 -1.4769E+02  1.4768E+02
  7.4109E-01  2.4720E+00  1.0005E+03  0.0000E+00 -1.9545E-05  7.4994E-01  7.4994E-01 -1.4830E+02  1.4829E+02
  7.4139E-01  2.4730E+00  1.0005E+03 -3.8756E-10 -1.9623E-05  7.4994E-01  7.4994E-01 -1.4891E+02  1.4890E+02
  7.4169E-01  2.4740E+00  1.0005E+03  0.0000E+00 -1.9702E-05  7.4994E-01  7.4994E-01 -1.4952E+02  1.4952E+02
  7.4199E-01  2.4750E+00  1.0005E+03 -3.8756E-10 -1.9781E-05  7.4994E-01  7.4994E-01 -1.5014E+02  1.5013E+02
  7.4229E-01  2.4760E+00  1.0005E+03  0.0000E+00 -1.9860E-05  7.4994E-01  7.4994E-01 -1.5076E+02  1.5075E+02
  7.4259E-01  2.4770E+00  1.0005E+03  0.0000E+00 -1.9939E-05  7.4993E-01  7.4994E-01 -1.5138E+02  1.5137E+02
  7.4289E-01  2.4780E+00  1.0005E+03 -3.8756E-10 -2.0019E-05  7.4993E-01  7.4994E-01 -1.5200E+02  1.5199E+02
  7.4319E-01  2.4790E+00  1.0005E+03  0.0000E+00 -2.0099E-05  7.4993E-01  7.4994E-01 -1.5262E+02  1.5262E+02
  7.4349E-01  2.4800E+00  1.0005E+03  0.0000E+00 -2.0179E-05  7.4993E-01  7.4994E-01 -1.5325E+02  1.5325E+02
  7.4378E-01  2.4810E+00  1.0005E+03 -3.8756E-10 -2.0259E-05  7.4993E-01  7.4994E-01 -1.5388E+02  1.5388E+02
  7.4408E-01  2.4820E+00  1.0005E+03  0.0000E+00 -2.0340E-05  7.4993E-01  7.4994E-01 -1.5451E+02  1.5451E+02
  7.4438E-01  2.4830E+00  1.0005E+03  0.0000E+00 -2.0421E-05  7.4993E-01  7.4994E-01 -1.5514E+02  1.5514E+02
  7.4468E-01  2.4840E+00  1.0005E+03 -3.8756E-10 -2.0502E-05  7.4993E-01  7.4994E-01 -1.5578E+02  1.5577E+02
  7.4498E-01  2.4850E+00  1.0005E+03  0.0000E+00 -2.0584E-05  7.4993E-01  7.4994E-01 -1.5641E+02  1.5641E+02
  7.4528E-01  2.4860E+00  1.0005E+03 -3.8756E-10 -2.0665E-05  7.4993E-01  7.4994E-01 -1.5705E+02  1.5705E+02
  7.4558E-01  2.4870E+00  1.0005E+03  0.0000E+00 -2.0747E-05  7.4993E-01  7.4994E-01 -1.5769E+02  1.5768E+02
  7.4588E-01  2.4880E+00  1.0005E+03  0.0000E+00 -2.0830E-05  7.4993E-01  7.4994E-01 -1.5833E+02  1.5832E+02
  7.4618E-01  2.4890E+00  1.0005E+03  0.0000E+00 -2.0912E-05  7.4993E-01  7.4994E-01 -1.5897E+02  1.5897E+02
  7.4648E-01  2.4900E+00  1.0005E+03 -3.8756E-10 -2.0995E-05  7.4993E-01  7.4994E-01 -1.5962E+02  1.5961E+02
  7.4678E-01  2.4910E+00  1.0005E+03  0.0000E+00 -2.1078E-05  7.4993E-01  7.4994E-01 -1.6026E+02  1.6026E+02
  7.4708E-01  2.4920E+00  1.0005E+03  0.0000E+00 -2.1161E-05  7.4993E-01  7.4994E-01 -1.6091E+02  1.6090E+02
  7.4738E-01  2.4930E+00  1.0005E+03  0.0000E+00 -2.1244E-05  7.4993E-01  7.4994E-01 -1.6156E+02  1.6155E+02
  7.4768E-01  2.4940E+00  1.0005E+03  0.0000E+00 -2.1328E-05  7.4993E-01  7.4994E-01 -1.6221E+02  1.6220E+02
  7.4798E-01  2.4950E+00  1.0005E+03 -3.8756E-10 -2.1412E-05  7.4993E-01  7.4994E-01 -1.6286E+02  1.6286E+02
  7.4828E-01  2.4960E+00  1.0005E+03  0.0000E+00 -2.1496E-05  7.4993E-01  7.4994E-01 -1.6352E+02  1.6351E+02
  7.4858E-01  2.4970E+00  1.0005E+03  0.0000E+00 -2.1581E-05  7.4993E-01  7.4994E-01 -1.6418E+02  1.6417E+02
  7.4888E-01  2.4980E+00  1.0005E+03  0.0000E+00 -2.1666E-05  7.4993E-01  7.4994E-01 -1.6484E+02  1.6483E+02
  7.4918E-01  2.4990E+00  1.0005E+03  0.0000E+00 -2.1751E-05  7.4993E-01  7.4994E-01 -1.6550E+02  1.6550E+02
  7.4948E-01  2.5000E+00  1.0005E+03  0.0000E+00 -2.1836E-05  7.4993E-01  7.4994E-01 -1.6617E+02  1.6616E+02
  7.4978E-01  2.5010E+00  1.0005E+03  0.0000E+00 -2.1922E-05  7.4993E-01  7.4994E-01 -1.6684E+02  1.6683E+02
  7.5008E-01  2.5020E+00  1.0005E+03  0.0000E+00 -2.2008E-05  7.4993E-01  7.4994E-01 -1.6751E+02  1.6750E+02
  7.5038E-01  2.5030E+00  1.0005E+03  0.0000E+00 -2.2094E-05  7.4993E-01  7.4994E-01 -1.6818E+02  1.6817E+02
  7.5068E-01  2.5040E+00  1.0005E+03  0.0000E+00 -2.2180E-05  7.4993E-01  7.4994E-01 -1.6886E+02  1.6885E+02
  7.5098E-01  2.5050E+00  1.0005E+03  0.0000E+00 -2.2267E-05  7.4993E-01  7.4994E-01 -1.6954E+02  1.6953E+02
  7.5128E-01  2.5060E+00  1.0005E+03  0.0000E+00 -2.2354E-05  7.4993E-01  7.4994E-01 -1.7022E+02  1.7021E+02
  7.5158E-01  2.5070E+00  1.0005E+03  0.0000E+00 -2.2441E-05  7.4993E-01  7.4994E-01 -1.7091E+02  1.7090E+02
  7.5188E-01  2.5080E+00  1.0005E+03  0.0000E+00 -2.2528E-05  7.4993E-01  7.4994E-01 -1.7159E+02  1.7159E+02
  7.5218E-01  2.5090E+00  1.0005E+03  0.0000E+00 -2.2616E-05  7.4993E-01  7.4994E-01 -1.7228E+02  1.7228E+02
  7.5248E-01  2.5100E+00  1.0005E+03  0.0000E+00 -2.2704E-05  7.4993E-01  7.4994E-01 -1.7298E+02  1.7297E+02
  7.5278E-01  2.5110E+00  1.0005E+03  0.0000E+00 -2.2793E-05  7.4993E-01  7.4994E-01 -1.7367E+02  1.7367E+02
  7.5308E-01  2.5120E+00  1.0005E+03  0.0000E+00 -2.2881E-05  7.4993E-01  7.4994E-01 -1.7437E+02  1.7436E+02
  7.5338E-01  2.5130E+00  1.0005E+03  0.0000E+00 -2.2970E-05  7.4993E-01  7.4994E-01 -1.7507E+02  1.7506E+02
  7.5368E-01  2.5140E+00  1.0005E+03  0.0000E+00 -2.3059E-05  7.4993E-01  7.4994E-01 -1.7577E+02  1.7577E+02
  7.5398E-01  2.5150E+00  1.0005E+03  0.0000E+00 -2.3149E-05  7.4993E-01  7.4994E-01 -1.7648E+02  1.7647E+02
  7.5428E-01  2.5160E+00  1.0005E+03  0.0000E+00 -2.3238E-05  7.4993E-01  7.4994E-01 -1.7719E+02  1.7718E+02
  7.5458E-01  2.5170E+00  1.0005E+03  3.8756E-10 -2.3328E-05  7.4993E-01  7.4994E-01 -1.7789E+02  1.7789E+02
  7.5488E-01  2.5180E+00  1.0005E+03  0.0000E+00 -2.3419E-05  7.4993E-01  7.4994E-01 -1.7860E+02  1.7860E+02
  7.5518E-01  2.5190E+00  1.0005E+03  0.0000E+00 -2.3509E-05  7.4993E-01  7.4994E-01 -1.7932E+02  1.7931E+02
  7.5548E-01  2.5200E+00  1.0005E+03  0.0000E+00 -2.3600E-05  7.4993E-01  7.4994E-01 -1.8003E+02  1.8002E+02
  7.5578E-01  2.5210E+00  1.0005E+03  0.0000E+00 -2.3691E-05  7.4993E-01  7.4994E-01 -1.8074E+02  1.8074E+02
  7.5608E-01  2.5220E+00  1.0005E+03  3.8756E-10 -2.3783E-05  7.4993E-01  7.4994E-01 -1.8146E+02  1.8145E+02
  7.5638E-01  2.5230E+00  1.0005E+03  0.0000E+00 -2.3874E-05  7.4993E-01  7.4994E-01 -1.8218E+02  1.8217E+02
  7.5668E-01  2.5240E+00  1.0005E+03 -3.8756E-10 -2.3966E-05  7.4993E-01  7.4994E-01 -1.8290E+02  1.8289E+02
  7.5698E-01  2.5250E+00  1.0005E+03 -3.8756E-10 -2.4059E-05  7.4993E-01  7.4994E-01 -1.8363E+02  1.8362E+02
  7.5728E-01  2.5260E+00  1.0005E+03  0.0000E+00 -2.4151E-05  7.4993E-01  7.4994E-01 -1.8435E+02  1.8434E+02
  7.5758E-01  2.5270E+00  1.0005E+03 -3.8756E-10 -2.4244E-05  7.4993E-01  7.4994E-01 -1.8508E+02  1.8507E+02
  7.5788E-01  2.5280E+00  1.0005E+03 -3.8756E-10 -2.4337E-05  7.4993E-01  7.4994E-01 -1.8581E+02  1.8580E+02
  7.5818E-01  2.5290E+00  1.0005E+03  0.0000E+00 -2.4431E-05  7.4993E-01  7.4994E-01 -1.8654E+02  1.8653E+02
  7.5847E-01  2.5300E+00  1.0005E+03 -3.8756E-10 -2.4525E-05  7.4993E-01  7.4994E-01 -1.8727E+02  1.8726E+02
  7.5877E-01  2.5310E+00  1.0005E+03  0.0000E+00 -2.4619E-05  7.4993E-01  7.4994E-01 -1.8801E+02  1.8800E+02
  7.5907E-01  2.5320E+00  1.0005E+03 -3.8756E-10 -2.4713E-05  7.4993E-01  7.4994E-01 -1.8875E+02  1.8874E+02
  7.5937E-01  2.5330E+00  1.0005E+03 -3.8756E-10 -2.4808E-05  7.4993E-01  7.4994E-01 -1.8949E+02  1.8949E+02
  7.5967E-01  2.5340E+00  1.0005E+03  0.0000E+00 -2.4902E-05  7.4993E-01  7.4994E-01 -1.9024E+02  1.9023E+02
  7.5997E-01  2.5350E+00  1.0005E+03 -3.8756E-10 -2.4998E-05  7.4993E-01  7.4994E-01 -1.9099E+02  1.9098E+02
  7.6027E-01  2.5360E+00  1.0005E+03  0.0000E+00 -2.5093E-05  7.4993E-01  7.4994E-01 -1.9174E+02  1.9173E+02
  7.6057E-01  2.5370E+00  1.0005E+03 -3.8756E-10 -2.5189E-05  7.4993E-01  7.4994E-01 -1.9250E+02  1.9249E+02
  7.6087E-01  2.5380E+00  1.0005E+03  0.0000E+00 -2.5285E-05  7.4993E-01  7.4994E-01 -1.9326E+02  1.9325E+02
  7.6117E-01  2.5390E+00  1.0005E+03 -3.8756E-10 -2.5382E-05  7.4993E-01  7.4994E-01 -1.9402E+02  1.9401E+02
  7.6147E-01  2.5400E+00  1.0005E+03  0.0000E+00 -2.5478E-05  7.4993E-01  7.4994E-01 -1.9478E+02  1.9477E+02
  7.6177E-01  2.5410E+00  1.0005E+03 -3.8756E-10 -2.5575E-05  7.4993E-01  7.4994E-01 -1.9555E+02  1.9554E+02
  7.6207E-01  2.5420E+00  1.0005E+03  0.0000E+00 -2.5673E-05  7.4993E-01  7.4994E-01 -1.9632E+02  1.9631E+02
  7.6237E-01  2.5430E+00  1.0005E+03 -3.8756E-10 -2.5770E-05  7.4993E-01  7.4994E-01 -1.9709E+02  1.9708E+02
  7.6267E-01  2.5440E+00  1.0005E+03  0.0000E+00 -2.5868E-05  7.4993E-01  7.4994E-01 -1.9787E+02  1.9786E+02
  7.6297E-01  2.5450E+00  1.0005E+03  0.0000E+00 -2.5967E-05  7.4993E-01  7.4995E-01 -1.9865E+02  1.9864E+02
  7.6327E-01  2.5460E+00  1.0005E+03 -3.8756E-10 -2.6065E-05  7.4993E-01  7.4995E-01 -1.9943E+02  1.9942E+02
  7.6357E-01  2.5470E+00  1.0005E+03  0.0000E+00 -2.6164E-05  7.4993E-01  7.4995E-01 -2.0022E+02  2.0021E+02
  7.6387E-01  2.5480E+00  1.0005E+03  0.0000E+00 -2.6263E-05  7.4993E-01  7.4995E-01 -2.0100E+02  2.0099E+02
  7.6417E-01  2.5490E+00  1.0005E+03  0.0000E+00 -2.6363E-05  7.4993E-01  7.4995E-01 -2.0179E+02  2.0178E+02
  7.6447E-01  2.5500E+00  1.0005E+03 -3.8756E-10 -2.6463E-05  7.4993E-01  7.4995E-01 -2.0258E+02  2.0257E+02
  7.6477E-01  2.5510E+00  1.0005E+03  0.0000E+00 -2.6563E-05  7.4993E-01  7.4995E-01 -2.0337E+02  2.0336E+02
  7.6507E-01  2.5520E+00  1.0005E+03  0.0000E+00 -2.6663E-05  7.4993E-01  7.4995E-01 -2.0417E+02  2.0416E+02
  7.6537E-01  2.5530E+00  1.0005E+03  0.0000E+00 -2.6764E-05  7.4993E-01  7.4995E-01 -2.0497E+02  2.0495E+02
  7.6567E-01  2.5540E+00  1.0005E+03  0.0000E+00 -2.6865E-05  7.4993E-01  7.4995E-01 -2.0576E+02  2.0575E+02
  7.6597E-01  2.5550E+00  1.0005E+03 -3.8756E-10 -2.6967E-05  7.4993E-01  7.4995E-01 -2.0657E+02  2.0655E+02
  7.6627E-01  2.5560E+00  1.0005E+03  0.0000E+00 -2.7069E-05  7.4993E-01  7.4995E-01 -2.0737E+02  2.0736E+02
  7.6657E-01  2.5570E+00  1.0005E+03  0.0000E+00 -2.7171E-05  7.4993E-01  7.4995E-01 -2.0817E+02  2.0816E+02
  7.6687E-01  2.5580E+00  1.0005E+03  0.0000E+00 -2.7273E-05  7.4993E-01  7.4995E-01 -2.0898E+02  2.0897E+02
  7.6717E-01  2.5590E+00  1.0005E+03  0.0000E+00 -2.7376E-05  7.4993E-01  7.4995E-01 -2.0979E+02  2.0978E+02
  7.6747E-01  2.5600E+00  1.0005E+03  0.0000E+00 -2.7479E-05  7.4993E-01  7.4995E-01 -2.1060E+02  2.1059E+02
  7.6777E-01  2.5610E+00  1.0005E+03  0.0000E+00 -2.7582E-05  7.4993E-01  7.4995E-01 -2.1142E+02  2.1141E+02
  7.6807E-01  2.5620E+00  1.0005E+03  0.0000E+00 -2.7686E-05  7.4993E-01  7.4995E-01 -2.1224E+02  2.1222E+02
  7.6837E-01  2.5630E+00  1.0005E+03  0.0000E+00 -2.7790E-05  7.4993E-01  7.4995E-01 -2.1306E+02  2.1304E+02
  7.6867E-01  2.5640E+00  1.0005E+03  0.0000E+00 -2.7894E-05  7.4993E-01  7.4995E-01 -2.1388E+02  2.1387E+02
  7.6897E-01  2.5650E+00  1.0005E+03  0.0000E+00 -2.7999E-05  7.4993E-01  7.4995E-01 -2.1470E+02  2.1469E+02
  7.6927E-01  2.5660E+00  1.0005E+03  0.0000E+00 -2.8104E-05  7.4993E-01  7.4995E-01 -2.1553E+02  2.1552E+02
  7.6957E-01  2.5670E+00  1.0005E+03  0.0000E+00 -2.8209E-05  7.4993E-01  7.4995E-01 -2.1637E+02  2.1635E+02
  7.6987E-01  2.5680E+00  1.0005E+03  0.0000E+00 -2.8315E-05  7.4993E-01  7.4995E-01 -2.1720E+02  2.1719E+02
  7.7017E-01  2.5690E+00  1.0005E+03  0.0000E+00 -2.8421E-05  7.4993E-01  7.4995E-01 -2.1804E+02  2.1803E+02
  7.7047E-01  2.5700E+00  1.0005E+03  3.8756E-10 -2.8527E-05  7.4993E-01  7.4995E-01 -2.1888E+02  2.1887E+02
  7.7077E-01  2.5710E+00  1.0005E+03  0.0000E+00 -2.8634E-05  7.4993E-01  7.4995E-01 -2.1973E+02  2.1972E+02
  7.7107E-01  2.5720E+00  1.0005E+03  0.0000E+00 -2.8741E-05  7.4993E-01  7.4995E-01 -2.2058E+02  2.2057E+02
  7.7137E-01  2.5730E+00  1.0005E+03  0.0000E+00 -2.8848E-05  7.4993E-01  7.4995E-01 -2.2143E+02  2.2142E+02
  7.7167E-01  2.5740E+00  1.0005E+03  0.0000E+00 -2.8956E-05  7.4993E-01  7.4995E-01 -2.2229E+02  2.2228E+02
  7.7197E-01  2.5750E+00  1.0005E+03  3.8756E-10 -2.9064E-05  7.4993E-01  7.4995E-01 -2.2315E+02  2.2314E+02
  7.7227E-01  2.5760E+00  1.0005E+03  0.0000E+00 -2.9173E-05  7.4993E-01  7.4995E-01 -2.2401E+02  2.2400E+02
  7.7257E-01  2.5770E+00  1.0005E+03  0.0000E+00 -2.9281E-05  7.4993E-01  7.4995E-01 -2.2488E+02  2.2486E+02
  7.7286E-01  2.5780E+00  1.0005E+03  3.8756E-10 -2.9390E-05  7.4993E-01  7.4995E-01 -2.2575E+02  2.2573E+02
  7.7316E-01  2.5790E+00  1.0005E+03  0.0000E+00 -2.9500E-05  7.4993E-01  7.4995E-01 -2.2662E+02  2.2660E+02
  7.7346E-01  2.5800E+00  1.0005E+03  0.0000E+00 -2.9610E-05  7.4993E-01  7.4995E-01 -2.2749E+02  2.2748E+02
  7.7376E-01  2.5810E+00  1.0005E+03  3.8756E-10 -2.9720E-05  7.4993E-01  7.4995E-01 -2.2837E+02  2.2835E+02
  7.7406E-01  2.5820E+00  1.0005E+03  0.0000E+00 -2.9830E-05  7.4993E-01  7.4995E-01 -2.2925E+02  2.2923E+02
  7.7436E-01  2.5830E+00  1.0005E+03  3.8756E-10 -2.9941E-05  7.4993E-01  7.4995E-01 -2.3013E+02  2.3012E+02
  7.7466E-01  2.5840E+00  1.0005E+03  3.8756E-10 -3.0052E-05  7.4993E-01  7.4995E-01 -2.3101E+02  2.3100E+02
  7.7496E-01  2.5850E+00  1.0005E+03  0.0000E+00 -3.0164E-05  7.4993E-01  7.4995E-01 -2.3190E+02  2.3189E+02
  7.7526E-01  2.5860E+00  1.0005E+03  3.8756E-10 -3.0276E-05  7.4993E-01  7.4995E-01 -2.3279E+02  2.3277E+02
  7.7556E-01  2.5870E+00  1.0005E+03  0.0000E+00 -3.0388E-05  7.4993E-01  7.4995E-01 -2.3368E+02  2.3367E+02
  7.7586E-01  2.5880E+00  1.0005E+03  3.8756E-10 -3.0501E-05  7.4993E-01  7.4995E-01 -2.3457E+02  2.3456E+02
  7.7616E-01  2.5890E+00  1.0005E+03  0.0000E+00 -3.0614E-05  7.4993E-01  7.4995E-01 -2.3547E+02  2.3545E+02
  7.7646E-01  2.5900E+00  1.0005E+03  3.8756E-10 -3.0727E-05  7.4993E-01  7.4995E-01 -2.3637E+02  2.3635E+02
  7.7676E-01  2.5910E+00  1.0005E+03  3.8756E-10 -3.0841E-05  7.4993E-01  7.4995E-01 -2.3727E+02  2.3725E+02
  7.7706E-01  2.5920E+00  1.0005E+03  0.0000E+00 -3.0955E-05  7.4993E-01  7.4995E-01 -2.3817E+02  2.3816E+02
  7.7736E-01  2.5930E+00  1.0005E+03  3.8756E-10 -3.1069E-05  7.4993E-01  7.4995E-01 -2.3908E+02  2.3906E+02
  7.7766E-01  2.5940E+00  1.0005E+03  3.8756E-10 -3.1184E-05  7.4993E-01  7.4995E-01 -2.3999E+02  2.3997E+02
  7.7796E-01  2.5950E+00  1.0005E+03  0.0000E+00 -3.1299E-05  7.4993E-01  7.4995E-01 -2.4090E+02  2.4088E+02
  7.7826E-01  2.5960E+00  1.0005E+03 -3.8756E-10 -3.1415E-05  7.4993E-01  7.4995E-01 -2.4182E+02  2.4180E+02
  7.7856E-01  2.5970E+00  1.0005E+03  0.0000E+00 -3.1530E-05  7.4993E-01  7.4995E-01 -2.4274E+02  2.4272E+02
  7.7886E-01  2.5980E+00  1.0005E+03  0.0000E+00 -3.1647E-05  7.4993E-01  7.4995E-01 -2.4366E+02  2.4364E+02
  7.7916E-01  2.5990E+00  1.0005E+03  0.0000E+00 -3.1763E-05  7.4993E-01  7.4995E-01 -2.4458E+02  2.4457E+02
  7.7946E-01  2.6000E+00  1.0005E+03  0.0000E+00 -3.1880E-05  7.4993E-01  7.4995E-01 -2.4551E+02  2.4550E+02
  7.7976E-01  2.6010E+00  1.0005E+03  0.0000E+00 -3.1998E-05  7.4993E-01  7.4995E-01 -2.4645E+02  2.4643E+02
  7.8006E-01  2.6020E+00  1.0005E+03  0.0000E+00 -3.2115E-05  7.4993E-01  7.4995E-01 -2.4738E+02  2.4737E+02
  7.8036E-01  2.6030E+00  1.0005E+03  0.0000E+00 -3.2233E-05  7.4993E-01  7.4995E-01 -2.4833E+02  2.4831E+02
  7.8066E-01  2.6040E+00  1.0005E+03  0.0000E+00 -3.2352E-05  7.4993E-01  7.4995E-01 -2.4927E+02  2.4925E+02
  7.8096E-01  2.6050E+00  1.0005E+03  0.0000E+00 -3.2471E-05  7.4993E-01  7.4995E-01 -2.5022E+02  2.5020E+02
  7.8126E-01  2.6060E+00  1.0005E+03  0.0000E+00 -3.2590E-05  7.4993E-01  7.4995E-01 -2.5117E+02  2.5116E+02
  7.8156E-01  2.6070E+00  1.0005E+03  0.0000E+00 -3.2710E-05  7.4993E-01  7.4995E-01 -2.5213E+02  2.5211E+02
  7.8186E-01  2.6080E+00  1.0005E+03  0.0000E+00 -3.2830E-05  7.4993E-01  7.4995E-01 -2.5309E+02  2.5307E+02
  7.8216E-01  2.6090E+00  1.0005E+03  3.8756E-10 -3.2950E-05  7.4993E-01  7.4995E-01 -2.5405E+02  2.5404E+02
  7.8246E-01  2.6100E+00  1.0005E+03  0.0000E+00 -3.3071E-05  7.4993E-01  7.4995E-01 -2.5502E+02  2.5500E+02
  7.8276E-01  2.6110E+00  1.0005E+03  0.0000E+00 -3.3192E-05  7.4993E-01  7.4995E-01 -2.5599E+02  2.5597E+02
  7.8306E-01  2.6120E+00  1.0005E+03  0.0000E+00 -3.3313E-05  7.4993E-01  7.4995E-01 -2.5697E+02  2.5695E+02
  7.8336E-01  2.6130E+00  1.0005E+03  3.8756E-10 -3.3435E-05  7.4993E-01  7.4995E-01 -2.5794E+02  2.5793E+02
  7.8366E-01  2.6140E+00  1.0005E+03  0.0000E+00 -3.3558E-05  7.4993E-01  7.4995E-01 -2.5893E+02  2.5891E+02
  7.8396E-01  2.6150E+00  1.0005E+03  0.0000E+00 -3.3680E-05  7.4993E-01  7.4995E-01 -2.5991E+02  2.5989E+02
  7.8426E-01  2.6160E+00  1.0005E+03  3.8756E-10 -3.3803E-05  7.4993E-01  7.4995E-01 -2.6090E+02  2.6088E+02
  7.8456E-01  2.6170E+00  1.0005E+03  0.0000E+00 -3.3927E-05  7.4993E-01  7.4995E-01 -2.6189E+02  2.6187E+02
  7.8486E-01  2.6180E+00  1.0005E+03  3.8756E-10 -3.4051E-05  7.4993E-01  7.4995E-01 -2.6288E+02  2.6286E+02
  7.8516E-01  2.6190E+00  1.0005E+03 -3.8756E-10 -3.4175E-05  7.4993E-01  7.4995E-01 -2.6387E+02  2.6385E+02
  7.8546E-01  2.6200E+00  1.0005E+03  0.0000E+00 -3.4300E-05  7.4993E-01  7.4995E-01 -2.6487E+02  2.6485E+02
  7.8576E-01  2.6210E+00  1.0005E+03 -3.8756E-10 -3.4425E-05  7.4993E-01  7.4995E-01 -2.6587E+02  2.6585E+02
  7.8606E-01  2.6220E+00  1.0005E+03  0.0000E+00 -3.4550E-05  7.4993E-01  7.4995E-01 -2.6687E+02  2.6685E+02
  7.8636E-01  2.6230E+00  1.0005E+03  0.0000E+00 -3.4676E-05  7.4993E-01  7.4995E-01 -2.6788E+02  2.6786E+02
  7.8666E-01  2.6240E+00  1.0005E+03 -3.8756E-10 -3.4803E-05  7.4993E-01  7.4995E-01 -2.6889E+02  2.6887E+02
  7.8696E-01  2.6250E+00  1.0005E+03  0.0000E+00 -3.4929E-05  7.4993E-01  7.4995E-01 -2.6990E+02  2.6988E+02
  7.8725E-01  2.6260E+00  1.0005E+03  0.0000E+00 -3.5056E-05  7.4993E-01  7.4995E-01 -2.7092E+02  2.7090E+02
  7.8755E-01  2.6270E+00  1.0005E+03 -3.8756E-10 -3.5184E-05  7.4993E-01  7.4995E-01 -2.7193E+02  2.7191E+02
  7.8785E-01  2.6280E+00  1.0005E+03  0.0000E+00 -3.5312E-05  7.4993E-01  7.4995E-01 -2.7296E+02  2.7294E+02
  7.8815E-01  2.6290E+00  1.0005E+03  0.0000E+00 -3.5440E-05  7.4993E-01  7.4995E-01 -2.7398E+02  2.7396E+02
  7.8845E-01  2.6300E+00  1.0005E+03  0.0000E+00 -3.5569E-05  7.4993E-01  7.4995E-01 -2.7501E+02  2.7499E+02
  7.8875E-01  2.6310E+00  1.0005E+03  0.0000E+00 -3.5698E-05  7.4993E-01  7.4995E-01 -2.7605E+02  2.7603E+02
  7.8905E-01  2.6320E+00  1.0005E+03  0.0000E+00 -3.5828E-05  7.4993E-01  7.4995E-01 -2.7708E+02  2.7706E+02
  7.8935E-01  2.6330E+00  1.0005E+03  0.0000E+00 -3.5958E-05  7.4993E-01  7.4995E-01 -2.7813E+02  2.7810E+02
  7.8965E-01  2.6340E+00  1.0005E+03  0.0000E+00 -3.6088E-05  7.4993E-01  7.4995E-01 -2.7917E+02  2.7915E+02
  7.8995E-01  2.6350E+00  1.0005E+03  0.0000E+00 -3.6219E-05  7.4993E-01  7.4995E-01 -2.8022E+02  2.8020E+02
  7.9025E-01  2.6360E+00  1.0005E+03  0.0000E+00 -3.6350E-05  7.4992E-01  7.4995E-01 -2.8128E+02  2.8126E+02
  7.9055E-01  2.6370E+00  1.0005E+03  0.0000E+00 -3.6482E-05  7.4992E-01  7.4995E-01 -2.8234E+02  2.8232E+02
  7.9085E-01  2.6380E+00  1.0005E+03  0.0000E+00 -3.6614E-05  7.4992E-01  7.4995E-01 -2.8340E+02  2.8338E+02
  7.9115E-01  2.6390E+00  1.0005E+03  0.0000E+00 -3.6746E-05  7.4992E-01  7.4995E-01 -2.8447E+02  2.8445E+02
  7.9145E-01  2.6400E+00  1.0005E+03  0.0000E+00 -3.6879E-05  7.4992E-01  7.4995E-01 -2.8554E+02  2.8552E+02
  7.9175E-01  2.6410E+00  1.0005E+03 -3.8756E-10 -3.7013E-05  7.4992E-01  7.4995E-01 -2.8662E+02  2.8660E+02
  7.9205E-01  2.6420E+00  1.0005E+03 -3.8756E-10 -3.7146E-05  7.4992E-01  7.4995E-01 -2.8770E+02  2.8768E+02
  7.9235E-01  2.6430E+00  1.0005E+03  0.0000E+00 -3.7281E-05  7.4992E-01  7.4995E-01 -2.8879E+02  2.8876E+02
  7.9265E-01  2.6440E+00  1.0005E+03 -3.8756E-10 -3.7415E-05  7.4992E-01  7.4995E-01 -2.8987E+02  2.8985E+02
  7.9295E-01  2.6450E+00  1.0005E+03  0.0000E+00 -3.7550E-05  7.4992E-01  7.4995E-01 -2.9097E+02  2.9094E+02
  7.9325E-01  2.6460E+00  1.0005E+03 -3.8756E-10 -3.7686E-05  7.4992E-01  7.4995E-01 -2.9206E+02  2.9204E+02
  7.9355E-01  2.6470E+00  1.0005E+03  0.0000E+00 -3.7822E-05  7.4992E-01  7.4995E-01 -2.9316E+02  2.9314E+02
  7.9385E-01  2.6480E+00  1.0005E+03 -3.8756E-10 -3.7958E-05  7.4992E-01  7.4995E-01 -2.9427E+02  2.9424E+02
  7.9415E-01  2.6490E+00  1.0005E+03  0.0000E+00 -3.8095E-05  7.4992E-01  7.4995E-01 -2.9537E+02  2.9535E+02
  7.9445E-01  2.6500E+00  1.0005E+03  0.0000E+00 -3.8233E-05  7.4992E-01  7.4995E-01 -2.9648E+02  2.9646E+02
  7.9475E-01  2.6510E+00  1.0005E+03 -3.8756E-10 -3.8370E-05  7.4992E-01  7.4995E-01 -2.9759E+02  2.9757E+02
  7.9505E-01  2.6520E+00  1.0005E+03  0.0000E+00 -3.8508E-05  7.4992E-01  7.4995E-01 -2.9871E+02  2.9868E+02
  7.9535E-01  2.6530E+00  1.0005E+03 -3.8756E-10 -3.8647E-05  7.4992E-01  7.4995E-01 -2.9983E+02  2.9980E+02
  7.9565E-01  2.6540E+00  1.0005E+03  0.0000E+00 -3.8786E-05  7.4992E-01  7.4995E-01 -3.0095E+02  3.0092E+02
  7.9595E-01  2.6550E+00  1.0005E+03  0.0000E+00 -3.8926E-05  7.4992E-01  7.4995E-01 -3.0208E+02  3.0205E+02
  7.9625E-01  2.6560E+00  1.0005E+03  0.0000E+00 -3.9066E-05  7.4992E-01  7.4995E-01 -3.0320E+02  3.0318E+02
  7.9655E-01  2.6570E+00  1.0005E+03  0.0000E+00 -3.9206E-05  7.4992E-01  7.4995E-01 -3.0434E+02  3.0431E+02
  7.9685E-01  2.6580E+00  1.0005E+03  0.0000E+00 -3.9347E-05  7.4992E-01  7.4995E-01 -3.0547E+02  3.0544E+02
  7.9715E-01  2.6590E+00  1.0005E+03  0.0000E+00 -3.9488E-05  7.4992E-01  7.4995E-01 -3.0661E+02  3.0658E+02
  7.9745E-01  2.6600E+00  1.0005E+03  0.0000E+00 -3.9630E-05  7.4992E-01  7.4995E-01 -3.0775E+02  3.0773E+02
  7.9775E-01  2.6610E+00  1.0005E+03  0.0000E+00 -3.9772E-05  7.4992E-01  7.4995E-01 -3.0890E+02  3.0887E+02
  7.9805E-01  2.6620E+00  1.0005E+03  0.0000E+00 -3.9915E-05  7.4992E-01  7.4995E-01 -3.1005E+02  3.1002E+02
  7.9835E-01  2.6630E+00  1.0005E+03  0.0000E+00 -4.0058E-05  7.4992E-01  7.4995E-01 -3.1121E+02  3.1118E+02
  7.9865E-01  2.6640E+00  1.0005E+03  3.8756E-10 -4.0202E-05  7.4992E-01  7.4995E-01 -3.1237E+02  3.1234E+02
  7.9895E-01  2.6650E+00  1.0005E+03  0.0000E+00 -4.0346E-05  7.4992E-01  7.4995E-01 -3.1353E+02  3.1351E+02
  7.9925E-01  2.6660E+00  1.0005E+03  3.8756E-10 -4.0491E-05  7.4992E-01  7.4995E-01 -3.1470E+02  3.1468E+02
  7.9955E-01  2.6670E+00  1.0005E+03  0.0000E+00 -4.0636E-05  7.4992E-01  7.4995E-01 -3.1588E+02  3.1585E+02
  7.9985E-01  2.6680E+00  1.0005E+03  0.0000E+00 -4.0781E-05  7.4992E-01  7.4995E-01 -3.1706E+02  3.1703E+02
  8.0015E-01  2.6690E+00  1.0005E+03  3.8756E-10 -4.0927E-05  7.4992E-01  7.4995E-01 -3.1824E+02  3.1822E+02
  8.0045E-01  2.6700E+00  1.0005E+03  0.0000E+00 -4.1074E-05  7.4992E-01  7.4995E-01 -3.1944E+02  3.1941E+02
  8.0075E-01  2.6710E+00  1.0005E+03  3.8756E-10 -4.1221E-05  7.4992E-01  7.4995E-01 -3.2063E+02  3.2060E+02
  8.0105E-01  2.6720E+00  1.0005E+03  0.0000E+00 -4.1368E-05  7.4992E-01  7.4995E-01 -3.2183E+02  3.2180E+02
  8.0135E-01  2.6730E+00  1.0005E+03  3.8756E-10 -4.1516E-05  7.4992E-01  7.4995E-01 -3.2304E+02  3.2301E+02
  8.0164E-01  2.6740E+00  1.0005E+03  3.8756E-10 -4.1664E-05  7.4992E-01  7.4995E-01 -3.2425E+02  3.2422E+02
  8.0194E-01  2.6750E+00  1.0005E+03  0.0000E+00 -4.1813E-05  7.4992E-01  7.4996E-01 -3.2546E+02  3.2543E+02
  8.0224E-01  2.6760E+00  1.0005E+03 -3.8756E-10 -4.1962E-05  7.4992E-01  7.4996E-01 -3.2668E+02  3.2665E+02
  8.0254E-01  2.6770E+00  1.0005E+03  0.0000E+00 -4.2112E-05  7.4992E-01  7.4996E-01 -3.2790E+02  3.2787E+02
  8.0284E-01  2.6780E+00  1.0005E+03  0.0000E+00 -4.2263E-05  7.4992E-01  7.4996E-01 -3.2913E+02  3.2910E+02
  8.0314E-01  2.6790E+00  1.0005E+03  0.0000E+00 -4.2413E-05  7.4992E-01  7.4996E-01 -3.3036E+02  3.3033E+02
  8.0344E-01  2.6800E+00  1.0005E+03  0.0000E+00 -4.2565E-05  7.4992E-01  7.4996E-01 -3.3160E+02  3.3157E+02
  8.0374E-01  2.6810E+00  1.0005E+03  0.0000E+00 -4.2716E-05  7.4992E-01  7.4996E-01 -3.3284E+02  3.3281E+02
  8.0404E-01  2.6820E+00  1.0005E+03  3.8756E-10 -4.2869E-05  7.4992E-01  7.4996E-01 -3.3408E+02  3.3405E+02
  8.0434E-01  2.6830E+00  1.0005E+03  0.0000E+00 -4.3022E-05  7.4992E-01  7.4996E-01 -3.3533E+02  3.3530E+02
  8.0464E-01  2.6840E+00  1.0005E+03  0.0000E+00 -4.3175E-05  7.4992E-01  7.4996E-01 -3.3658E+02  3.3654E+02
  8.0494E-01  2.6850E+00  1.0005E+03  0.0000E+00 -4.3329E-05  7.4992E-01  7.4996E-01 -3.3783E+02  3.3780E+02
  8.0524E-01  2.6860E+00  1.0005E+03  0.0000E+00 -4.3483E-05  7.4992E-01  7.4996E-01 -3.3909E+02  3.3905E+02
  8.0554E-01  2.6870E+00  1.0005E+03  3.8756E-10 -4.3638E-05  7.4992E-01  7.4996E-01 -3.4035E+02  3.4032E+02
  8.0584E-01  2.6880E+00  1.0005E+03  0.0000E+00 -4.3793E-05  7.4992E-01  7.4996E-01 -3.4161E+02  3.4158E+02
  8.0614E-01  2.6890E+00  1.0005E+03  3.8756E-10 -4.3949E-05  7.4992E-01  7.4996E-01 -3.4288E+02  3.4285E+02
  8.0644E-01  2.6900E+00  1.0005E+03 -3.8756E-10 -4.4105E-05  7.4992E-01  7.4996E-01 -3.4415E+02  3.4412E+02
  8.0674E-01  2.6910E+00  1.0005E+03  0.0000E+00 -4.4262E-05  7.4992E-01  7.4996E-01 -3.4543E+02  3.4540E+02
  8.0704E-01  2.6920E+00  1.0005E+03 -3.8756E-10 -4.4419E-05  7.4992E-01  7.4996E-01 -3.4671E+02  3.4668E+02
  8.0734E-01  2.6930E+00  1.0005E+03  0.0000E+00 -4.4577E-05  7.4992E-01  7.4996E-01 -3.4800E+02  3.4796E+02
  8.0764E-01  2.6940E+00  1.0005E+03  0.0000E+00 -4.4736E-05  7.4992E-01  7.4996E-01 -3.4929E+02  3.4925E+02
  8.0794E-01  2.6950E+00  1.0005E+03  0.0000E+00 -4.4894E-05  7.4992E-01  7.4996E-01 -3.5058E+02  3.5054E+02
  8.0824E-01  2.6960E+00  1.0005E+03  0.0000E+00 -4.5054E-05  7.4992E-01  7.4996E-01 -3.5188E+02  3.5184E+02
  8.0854E-01  2.6970E+00  1.0005E+03 -3.8756E-10 -4.5214E-05  7.4992E-01  7.4996E-01 -3.5318E+02  3.5315E+02
  8.0884E-01  2.6980E+00  1.0005E+03  0.0000E+00 -4.5374E-05  7.4992E-01  7.4996E-01 -3.5449E+02  3.5446E+02
  8.0914E-01  2.6990E+00  1.0005E+03  0.0000E+00 -4.5535E-05  7.4992E-01  7.4996E-01 -3.5581E+02  3.5577E+02
  8.0944E-01  2.7000E+00  1.0005E+03  3.8756E-10 -4.5697E-05  7.4992E-01  7.4996E-01 -3.5713E+02  3.5709E+02
  8.0974E-01  2.7010E+00  1.0005E+03  0.0000E+00 -4.5859E-05  7.4992E-01  7.4996E-01 -3.5846E+02  3.5842E+02
  8.1004E-01  2.7020E+00  1.0005E+03  0.0000E+00 -4.6021E-05  7.4992E-01  7.4996E-01 -3.5979E+02  3.5975E+02
  8.1034E-01  2.7030E+00  1.0005E+03 -3.8756E-10 -4.6184E-05  7.4992E-01  7.4996E-01 -3.6113E+02  3.6109E+02
  8.1064E-01  2.7040E+00  1.0005E+03  0.0000E+00 -4.6348E-05  7.4992E-01  7.4996E-01 -3.6247E+02  3.6243E+02
  8.1094E-01  2.7050E+00  1.0005E+03 -3.8756E-10 -4.6512E-05  7.4992E-01  7.4996E-01 -3.6382E+02  3.6378E+02
  8.1124E-01  2.7060E+00  1.0005E+03  0.0000E+00 -4.6677E-05  7.4992E-01  7.4996E-01 -3.6517E+02  3.6513E+02
  8.1154E-01  2.7070E+00  1.0005E+03 -3.8756E-10 -4.6842E-05  7.4992E-01  7.4996E-01 -3.6653E+02  3.6649E+02
  8.1184E-01  2.7080E+00  1.0005E+03  0.0000E+00 -4.7008E-05  7.4992E-01  7.4996E-01 -3.6790E+02  3.6786E+02
  8.1214E-01  2.7090E+00  1.0005E+03  0.0000E+00 -4.7174E-05  7.4992E-01  7.4996E-01 -3.6927E+02  3.6923E+02
  8.1244E-01  2.7100E+00  1.0005E+03 -3.8756E-10 -4.7341E-05  7.4992E-01  7.4996E-01 -3.7064E+02  3.7060E+02
  8.1274E-01  2.7110E+00  1.0005E+03  0.0000E+00 -4.7508E-05  7.4992E-01  7.4996E-01 -3.7202E+02  3.7198E+02
  8.1304E-01  2.7120E+00  1.0005E+03  0.0000E+00 -4.7676E-05  7.4992E-01  7.4996E-01 -3.7340E+02  3.7336E+02
  8.1334E-01  2.7130E+00  1.0005E+03  0.0000E+00 -4.7845E-05  7.4992E-01  7.4996E-01 -3.7479E+02  3.7475E+02
  8.1364E-01  2.7140E+00  1.0005E+03  0.0000E+00 -4.8014E-05  7.4992E-01  7.4996E-01 -3.7618E+02  3.7614E+02
  8.1394E-01  2.7150E+00  1.0005E+03  0.0000E+00 -4.8184E-05  7.4992E-01  7.4996E-01 -3.7758E+02  3.7754E+02
  8.1424E-01  2.7160E+00  1.0005E+03  0.0000E+00 -4.8354E-05  7.4992E-01  7.4996E-01 -3.7898E+02  3.7894E+02
  8.1454E-01  2.7170E+00  1.0005E+03  0.0000E+00 -4.8525E-05  7.4992E-01  7.4996E-01 -3.8038E+02  3.8034E+02
  8.1484E-01  2.7180E+00  1.0005E+03  0.0000E+00 -4.8696E-05  7.4992E-01  7.4996E-01 -3.8179E+02  3.8175E+02
  8.1514E-01  2.7190E+00  1.0005E+03  3.8756E-10 -4.8868E-05  7.4992E-01  7.4996E-01 -3.8320E+02  3.8316E+02
  8.1544E-01  2.7200E+00  1.0005E+03  0.0000E+00 -4.9040E-05  7.4992E-01  7.4996E-01 -3.8462E+02  3.8457E+02
  8.1574E-01  2.7210E+00  1.0005E+03  0.0000E+00 -4.9213E-05  7.4992E-01  7.4996E-01 -3.8604E+02  3.8599E+02
  8.1603E-01  2.7220E+00  1.0005E+03  3.8756E-10 -4.9387E-05  7.4992E-01  7.4996E-01 -3.8746E+02  3.8742E+02
  8.1633E-01  2.7230E+00  1.0005E+03  0.0000E+00 -4.9561E-05  7.4992E-01  7.4996E-01 -3.8889E+02  3.8884E+02
  8.1663E-01  2.7240E+00  1.0005E+03  3.8756E-10 -4.9736E-05  7.4992E-01  7.4996E-01 -3.9032E+02  3.9028E+02
  8.1693E-01  2.7250E+00  1.0005E+03  3.8756E-10 -4.9911E-05  7.4992E-01  7.4996E-01 -3.9176E+02  3.9171E+02
  8.1723E-01  2.7260E+00  1.0005E+03  0.0000E+00 -5.0087E-05  7.4992E-01  7.4996E-01 -3.9320E+02  3.9316E+02
  8.1753E-01  2.7270E+00  1.0005E+03  0.0000E+00 -5.0263E-05  7.4992E-01  7.4996E-01 -3.9465E+02  3.9461E+02
  8.1783E-01  2.7280E+00  1.0005E+03  0.0000E+00 -5.0440E-05  7.4992E-01  7.4996E-01 -3.9611E+02  3.9606E+02
  8.1813E-01  2.7290E+00  1.0005E+03  0.0000E+00 -5.0618E-05  7.4992E-01  7.4996E-01 -3.9757E+02  3.9752E+02
  8.1843E-01  2.7300E+00  1.0005E+03  0.0000E+00 -5.0796E-05  7.4992E-01  7.4996E-01 -3.9903E+02  3.9899E+02
  8.1873E-01  2.7310E+00  1.0005E+03  0.0000E+00 -5.0975E-05  7.4992E-01  7.4996E-01 -4.0050E+02  4.0046E+02
  8.1903E-01  2.7320E+00  1.0005E+03  0.0000E+00 -5.1154E-05  7.4992E-01  7.4996E-01 -4.0198E+02  4.0193E+02
  8.1933E-01  2.7330E+00  1.0005E+03  3.8756E-10 -5.1334E-05  7.4992E-01  7.4996E-01 -4.0347E+02  4.0342E+02
  8.1963E-01  2.7340E+00  1.0005E+03  0.0000E+00 -5.1515E-05  7.4991E-01  7.4996E-01 -4.0496E+02  4.0491E+02
  8.1993E-01  2.7350E+00  1.0005E+03  0.0000E+00 -5.1696E-05  7.4991E-01  7.4996E-01 -4.0645E+02  4.0640E+02
  8.2023E-01  2.7360E+00  1.0005E+03  0.0000E+00 -5.1878E-05  7.4991E-01  7.4996E-01 -4.0796E+02  4.0791E+02
  8.2053E-01  2.7370E+00  1.0005E+03  0.0000E+00 -5.2060E-05  7.4991E-01  7.4996E-01 -4.0947E+02  4.0942E+02
  8.2083E-01  2.7380E+00  1.0005E+03 -3.8756E-10 -5.2243E-05  7.4991E-01  7.4996E-01 -4.1099E+02  4.1093E+02
  8.2113E-01  2.7390E+00  1.0005E+03  0.0000E+00 -5.2427E-05  7.4991E-01  7.4996E-01 -4.1251E+02  4.1246E+02
  8.2143E-01  2.7400E+00  1.0005E+03  0.0000E+00 -5.2611E-05  7.4991E-01  7.4996E-01 -4.1403E+02  4.1398E+02
  8.2173E-01  2.7410E+00  1.0005E+03  0.0000E+00 -5.2796E-05  7.4991E-01  7.4996E-01 -4.1557E+02  4.1552E+02
  8.2203E-01  2.7420E+00  1.0005E+03  0.0000E+00 -5.2981E-05  7.4991E-01  7.4996E-01 -4.1711E+02  4.1705E+02
  8.2233E-01  2.7430E+00  1.0005E+03  0.0000E+00 -5.3167E-05  7.4991E-01  7.4996E-01 -4.1865E+02  4.1860E+02
  8.2263E-01  2.7440E+00  1.0005E+03  0.0000E+00 -5.3354E-05  7.4991E-01  7.4996E-01 -4.2020E+02  4.2015E+02
  8.2293E-01  2.7450E+00  1.0005E+03 -3.8756E-10 -5.3541E-05  7.4991E-01  7.4996E-01 -4.2176E+02  4.2170E+02
  8.2323E-01  2.7460E+00  1.0005E+03  0.0000E+00 -5.3729E-05  7.4991E-01  7.4996E-01 -4.2332E+02  4.2326E+02
  8.2353E-01  2.7470E+00  1.0005E+03 -3.8756E-10 -5.3917E-05  7.4991E-01  7.4996E-01 -4.2488E+02  4.2482E+02
  8.2383E-01  2.7480E+00  1.0005E+03  0.0000E+00 -5.4106E-05  7.4991E-01  7.4996E-01 -4.2645E+02  4.2639E+02
  8.2413E-01  2.7490E+00  1.0005E+03 -3.8756E-10 -5.4296E-05  7.4991E-01  7.4996E-01 -4.2802E+02  4.2796E+02
  8.2443E-01  2.7500E+00  1.0005E+03  0.0000E+00 -5.4487E-05  7.4991E-01  7.4996E-01 -4.2960E+02  4.2954E+02
  8.2473E-01  2.7510E+00  1.0005E+03  0.0000E+00 -5.4678E-05  7.4991E-01  7.4996E-01 -4.3118E+02  4.3112E+02
  8.2503E-01  2.7520E+00  1.0005E+03  0.0000E+00 -5.4869E-05  7.4991E-01  7.4996E-01 -4.3277E+02  4.3271E+02
  8.2533E-01  2.7530E+00  1.0005E+03 -3.8756E-10 -5.5062E-05  7.4991E-01  7.4996E-01 -4.3436E+02  4.3430E+02
  8.2563E-01  2.7540E+00  1.0005E+03  0.0000E+00 -5.5255E-05  7.4991E-01  7.4996E-01 -4.3596E+02  4.3590E+02
  8.2593E-01  2.7550E+00  1.0005E+03  0.0000E+00 -5.5448E-05  7.4991E-01  7.4996E-01 -4.3756E+02  4.3750E+02
  8.2623E-01  2.7560E+00  1.0005E+03  3.8756E-10 -5.5642E-05  7.4991E-01  7.4996E-01 -4.3916E+02  4.3911E+02
  8.2653E-01  2.7570E+00  1.0005E+03  0.0000E+00 -5.5837E-05  7.4991E-01  7.4996E-01 -4.4078E+02  4.4072E+02
  8.2683E-01  2.7580E+00  1.0005E+03  0.0000E+00 -5.6033E-05  7.4991E-01  7.4996E-01 -4.4239E+02  4.4233E+02
  8.2713E-01  2.7590E+00  1.0005E+03  0.0000E+00 -5.6229E-05  7.4991E-01  7.4996E-01 -4.4402E+02  4.4396E+02
  8.2743E-01  2.7600E+00  1.0005E+03  3.8756E-10 -5.6426E-05  7.4991E-01  7.4996E-01 -4.4565E+02  4.4559E+02
  8.2773E-01  2.7610E+00  1.0005E+03  0.0000E+00 -5.6623E-05  7.4991E-01  7.4996E-01 -4.4728E+02  4.4722E+02
  8.2803E-01  2.7620E+00  1.0005E+03  3.8756E-10 -5.6821E-05  7.4991E-01  7.4997E-01 -4.4893E+02  4.4887E+02
  8.2833E-01  2.7630E+00  1.0005E+03  0.0000E+00 -5.7020E-05  7.4991E-01  7.4997E-01 -4.5058E+02  4.5052E+02
  8.2863E-01  2.7640E+00  1.0005E+03  0.0000E+00 -5.7219E-05  7.4991E-01  7.4997E-01 -4.5223E+02  4.5217E+02
  8.2893E-01  2.7650E+00  1.0005E+03  0.0000E+00 -5.7419E-05  7.4991E-01  7.4997E-01 -4.5390E+02  4.5384E+02
  8.2923E-01  2.7660E+00  1.0005E+03  0.0000E+00 -5.7620E-05  7.4991E-01  7.4997E-01 -4.5557E+02  4.5551E+02
  8.2953E-01  2.7670E+00  1.0005E+03  0.0000E+00 -5.7821E-05  7.4991E-01  7.4997E-01 -4.5725E+02  4.5719E+02
  8.2983E-01  2.7680E+00  1.0005E+03  0.0000E+00 -5.8024E-05  7.4991E-01  7.4997E-01 -4.5894E+02  4.5887E+02
  8.3013E-01  2.7690E+00  1.0005E+03  3.8756E-10 -5.8226E-05  7.4991E-01  7.4997E-01 -4.6063E+02  4.6057E+02
  8.3043E-01  2.7700E+00  1.0005E+03  0.0000E+00 -5.8430E-05  7.4991E-01  7.4997E-01 -4.6233E+02  4.6227E+02
  8.3072E-01  2.7710E+00  1.0005E+03  0.0000E+00 -5.8634E-05  7.4991E-01  7.4997E-01 -4.6404E+02  4.6397E+02
  8.3102E-01  2.7720E+00  1.0005E+03 -3.8756E-10 -5.8839E-05  7.4991E-01  7.4997E-01 -4.6575E+02  4.6569E+02
  8.3132E-01  2.7730E+00  1.0005E+03  0.0000E+00 -5.9044E-05  7.4991E-01  7.4997E-01 -4.6747E+02  4.6741E+02
  8.3162E-01  2.7740E+00  1.0005E+03  0.0000E+00 -5.9250E-05  7.4991E-01  7.4997E-01 -4.6920E+02  4.6913E+02
  8.3192E-01  2.7750E+00  1.0005E+03  0.0000E+00 -5.9457E-05  7.4991E-01  7.4997E-01 -4.7093E+02  4.7087E+02
  8.3222E-01  2.7760E+00  1.0005E+03  0.0000E+00 -5.9665E-05  7.4991E-01  7.4997E-01 -4.7267E+02  4.7261E+02
  8.3252E-01  2.7770E+00  1.0005E+03  0.0000E+00 -5.9873E-05  7.4991E-01  7.4997E-01 -4.7442E+02  4.7435E+02
  8.3282E-01  2.7780E+00  1.0005E+03  0.0000E+00 -6.0082E-05  7.4991E-01  7.4997E-01 -4.7617E+02  4.7610E+02
  8.3312E-01  2.7790E+00  1.0005E+03 -3.8756E-10 -6.0292E-05  7.4991E-01  7.4997E-01 -4.7793E+02  4.7786E+02
  8.3342E-01  2.7800E+00  1.0005E+03  0.0000E+00 -6.0502E-05  7.4991E-01  7.4997E-01 -4.7969E+02  4.7962E+02
  8.3372E-01  2.7810E+00  1.0005E+03 -3.8756E-10 -6.0713E-05  7.4991E-01  7.4997E-01 -4.8146E+02  4.8138E+02
  8.3402E-01  2.7820E+00  1.0005E+03  0.0000E+00 -6.0925E-05  7.4991E-01  7.4997E-01 -4.8323E+02  4.8316E+02
  8.3432E-01  2.7830E+00  1.0005E+03  0.0000E+00 -6.1137E-05  7.4991E-01  7.4997E-01 -4.8501E+02  4.8493E+02
  8.3462E-01  2.7840E+00  1.0005E+03  0.0000E+00 -6.1351E-05  7.4991E-01  7.4997E-01 -4.8679E+02  4.8672E+02
  8.3492E-01  2.7850E+00  1.0005E+03  0.0000E+00 -6.1564E-05  7.4991E-01  7.4997E-01 -4.8858E+02  4.8851E+02
  8.3522E-01  2.7860E+00  1.0005E+03  0.0000E+00 -6.1779E-05  7.4991E-01  7.4997E-01 -4.9037E+02  4.9030E+02
  8.3552E-01  2.7870E+00  1.0005E+03  0.0000E+00 -6.1994E-05  7.4991E-01  7.4997E-01 -4.9217E+02  4.9210E+02
  8.3582E-01  2.7880E+00  1.0005E+03  0.0000E+00 -6.2210E-05  7.4991E-01  7.4997E-01 -4.9398E+02  4.9390E+02
  8.3612E-01  2.7890E+00  1.0005E+03  3.8756E-10 -6.2427E-05  7.4991E-01  7.4997E-01 -4.9579E+02  4.9571E+02
  8.3642E-01  2.7900E+00  1.0005E+03  0.0000E+00 -6.2645E-05  7.4991E-01  7.4997E-01 -4.9761E+02  4.9753E+02
  8.3672E-01  2.7910E+00  1.0005E+03  3.8756E-10 -6.2863E-05  7.4991E-01  7.4997E-01 -4.9944E+02  4.9936E+02
  8.3702E-01  2.7920E+00  1.0005E+03  0.0000E+00 -6.3082E-05  7.4991E-01  7.4997E-01 -5.0127E+02  5.0119E+02
  8.3732E-01  2.7930E+00  1.0005E+03  0.0000E+00 -6.3302E-05  7.4991E-01  7.4997E-01 -5.0311E+02  5.0303E+02
  8.3762E-01  2.7940E+00  1.0005E+03  0.0000E+00 -6.3522E-05  7.4991E-01  7.4997E-01 -5.0496E+02  5.0488E+02
  8.3792E-01  2.7950E+00  1.0005E+03  0.0000E+00 -6.3743E-05  7.4991E-01  7.4997E-01 -5.0681E+02  5.0673E+02
  8.3822E-01  2.7960E+00  1.0005E+03  0.0000E+00 -6.3965E-05  7.4991E-01  7.4997E-01 -5.0868E+02  5.0860E+02
  8.3852E-01  2.7970E+00  1.0005E+03  0.0000E+00 -6.4188E-05  7.4991E-01  7.4997E-01 -5.1055E+02  5.1047E+02
  8.3882E-01  2.7980E+00  1.0005E+03  0.0000E+00 -6.4411E-05  7.4991E-01  7.4997E-01 -5.1243E+02  5.1235E+02
  8.3912E-01  2.7990E+00  1.0005E+03  0.0000E+00 -6.4635E-05  7.4991E-01  7.4997E-01 -5.1432E+02  5.1424E+02
  8.3942E-01  2.8000E+00  1.0005E+03  0.0000E+00 -6.4860E-05  7.4991E-01  7.4997E-01 -5.1622E+02  5.1613E+02
  8.3972E-01  2.8010E+00  1.0005E+03 -3.8756E-10 -6.5086E-05  7.4991E-01  7.4997E-01 -5.1812E+02  5.1804E+02
  8.4002E-01  2.8020E+00  1.0005E+03  3.8756E-10 -6.5312E-05  7.4991E-01  7.4997E-01 -5.2004E+02  5.1995E+02
  8.4032E-01  2.8030E+00  1.0005E+03  0.0000E+00 -6.5540E-05  7.4991E-01  7.4997E-01 -5.2196E+02  5.2187E+02
  8.4062E-01  2.8040E+00  1.0005E+03 -3.8756E-10 -6.5768E-05  7.4991E-01  7.4997E-01 -5.2389E+02  5.2380E+02
  8.4092E-01  2.8050E+00  1.0005E+03  0.0000E+00 -6.5996E-05  7.4991E-01  7.4997E-01 -5.2583E+02  5.2574E+02
  8.4122E-01  2.8060E+00  1.0005E+03 -3.8756E-10 -6.6226E-05  7.4990E-01  7.4997E-01 -5.2777E+02  5.2768E+02
  8.4152E-01  2.8070E+00  1.0005E+03  0.0000E+00 -6.6456E-05  7.4990E-01  7.4997E-01 -5.2972E+02  5.2964E+02
  8.4182E-01  2.8080E+00  1.0005E+03  0.0000E+00 -6.6687E-05  7.4990E-01  7.4997E-01 -5.3168E+02  5.3159E+02
  8.4212E-01  2.8090E+00  1.0005E+03  0.0000E+00 -6.6919E-05  7.4990E-01  7.4997E-01 -5.3365E+02  5.3356E+02
  8.4242E-01  2.8100E+00  1.0005E+03  0.0000E+00 -6.7152E-05  7.4990E-01  7.4997E-01 -5.3562E+02  5.3553E+02
  8.4272E-01  2.8110E+00  1.0005E+03  0.0000E+00 -6.7385E-05  7.4990E-01  7.4997E-01 -5.3760E+02  5.3751E+02
  8.4302E-01  2.8120E+00  1.0005E+03  3.8756E-10 -6.7620E-05  7.4990E-01  7.4997E-01 -5.3958E+02  5.3949E+02
  8.4332E-01  2.8130E+00  1.0005E+03  0.0000E+00 -6.7855E-05  7.4990E-01  7.4997E-01 -5.4157E+02  5.4148E+02
  8.4362E-01  2.8140E+00  1.0005E+03  3.8756E-10 -6.8090E-05  7.4990E-01  7.4997E-01 -5.4357E+02  5.4348E+02
  8.4392E-01  2.8150E+00  1.0005E+03  0.0000E+00 -6.8327E-05  7.4990E-01  7.4997E-01 -5.4557E+02  5.4548E+02
  8.4422E-01  2.8160E+00  1.0005E+03  0.0000E+00 -6.8565E-05  7.4990E-01  7.4997E-01 -5.4758E+02  5.4749E+02
  8.4452E-01  2.8170E+00  1.0005E+03  0.0000E+00 -6.8803E-05  7.4990E-01  7.4997E-01 -5.4960E+02  5.4951E+02
  8.4482E-01  2.8180E+00  1.0005E+03  0.0000E+00 -6.9042E-05  7.4990E-01  7.4997E-01 -5.5162E+02  5.5153E+02
  8.4511E-01  2.8190E+00  1.0005E+03  0.0000E+00 -6.9282E-05  7.4990E-01  7.4997E-01 -5.5365E+02  5.5356E+02
  8.4541E-01  2.8200E+00  1.0005E+03  0.0000E+00 -6.9522E-05  7.4990E-01  7.4997E-01 -5.5569E+02  5.5559E+02
  8.4571E-01  2.8210E+00  1.0005E+03  0.0000E+00 -6.9764E-05  7.4990E-01  7.4997E-01 -5.5773E+02  5.5763E+02
  8.4601E-01  2.8220E+00  1.0005E+03  0.0000E+00 -7.0006E-05  7.4990E-01  7.4997E-01 -5.5978E+02  5.5968E+02
  8.4631E-01  2.8230E+00  1.0005E+03  0.0000E+00 -7.0249E-05  7.4990E-01  7.4997E-01 -5.6184E+02  5.6174E+02
  8.4661E-01  2.8240E+00  1.0005E+03  0.0000E+00 -7.0493E-05  7.4990E-01  7.4997E-01 -5.6391E+02  5.6381E+02
  8.4691E-01  2.8250E+00  1.0005E+03  0.0000E+00 -7.0738E-05  7.4990E-01  7.4997E-01 -5.6598E+02  5.6588E+02
  8.4721E-01  2.8260E+00  1.0005E+03 -3.8756E-10 -7.0984E-05  7.4990E-01  7.4997E-01 -5.6807E+02  5.6797E+02
  8.4751E-01  2.8270E+00  1.0005E+03  0.0000E+00 -7.1230E-05  7.4990E-01  7.4997E-01 -5.7016E+02  5.7006E+02
  8.4781E-01  2.8280E+00  1.0005E+03 -3.8756E-10 -7.1477E-05  7.4990E-01  7.4998E-01 -5.7226E+02  5.7216E+02
  8.4811E-01  2.8290E+00  1.0005E+03  0.0000E+00 -7.1725E-05  7.4990E-01  7.4998E-01 -5.7437E+02  5.7427E+02
  8.4841E-01  2.8300E+00  1.0005E+03  0.0000E+00 -7.1974E-05  7.4990E-01  7.4998E-01 -5.7650E+02  5.7639E+02
  8.4871E-01  2.8310E+00  1.0005E+03  0.0000E+00 -7.2224E-05  7.4990E-01  7.4998E-01 -5.7863E+02  5.7852E+02
  8.4901E-01  2.8320E+00  1.0005E+03  3.8756E-10 -7.2475E-05  7.4990E-01  7.4998E-01 -5.8077E+02  5.8066E+02
  8.4931E-01  2.8330E+00  1.0005E+03  0.0000E+00 -7.2726E-05  7.4990E-01  7.4998E-01 -5.8292E+02  5.8281E+02
  8.4961E-01  2.8340E+00  1.0005E+03  3.8756E-10 -7.2979E-05  7.4990E-01  7.4998E-01 -5.8508E+02  5.8497E+02
  8.4991E-01  2.8350E+00  1.0005E+03  0.0000E+00 -7.3232E-05  7.4990E-01  7.4998E-01 -5.8725E+02  5.8714E+02
  8.5021E-01  2.8360E+00  1.0005E+03  0.0000E+00 -7.3486E-05  7.4990E-01  7.4998E-01 -5.8943E+02  5.8932E+02
  8.5051E-01  2.8370E+00  1.0005E+03  0.0000E+00 -7.3741E-05  7.4990E-01  7.4998E-01 -5.9162E+02  5.9151E+02
  8.5081E-01  2.8380E+00  1.0005E+03  0.0000E+00 -7.3997E-05  7.4990E-01  7.4998E-01 -5.9381E+02  5.9370E+02
  8.5111E-01  2.8390E+00  1.0005E+03  0.0000E+00 -7.4254E-05  7.4990E-01  7.4998E-01 -5.9601E+02  5.9590E+02
  8.5141E-01  2.8400E+00  1.0005E+03  0.0000E+00 -7.4511E-05  7.4990E-01  7.4998E-01 -5.9823E+02  5.9812E+02
  8.5171E-01  2.8410E+00  1.0005E+03 -3.8756E-10 -7.4770E-05  7.4990E-01  7.4998E-01 -6.0045E+02  6.0034E+02
  8.5201E-01  2.8420E+00  1.0005E+03  3.8756E-10 -7.5029E-05  7.4990E-01  7.4998E-01 -6.0268E+02  6.0256E+02
  8.5231E-01  2.8430E+00  1.0005E+03  0.0000E+00 -7.5289E-05  7.4990E-01  7.4998E-01 -6.0491E+02  6.0480E+02
  8.5261E-01  2.8440E+00  1.0005E+03 -3.8756E-10 -7.5551E-05  7.4990E-01  7.4998E-01 -6.0715E+02  6.0704E+02
  8.5291E-01  2.8450E+00  1.0005E+03  0.0000E+00 -7.5813E-05  7.4990E-01  7.4998E-01 -6.0940E+02  6.0929E+02
  8.5321E-01  2.8460E+00  1.0005E+03 -3.8756E-10 -7.6076E-05  7.4990E-01  7.4998E-01 -6.1166E+02  6.1154E+02
  8.5351E-01  2.8470E+00  1.0005E+03  0.0000E+00 -7.6340E-05  7.4990E-01  7.4998E-01 -6.1392E+02  6.1380E+02
  8.5381E-01  2.8480E+00  1.0005E+03  0.0000E+00 -7.6604E-05  7.4990E-01  7.4998E-01 -6.1619E+02  6.1607E+02
  8.5411E-01  2.8490E+00  1.0005E+03  0.0000E+00 -7.6870E-05  7.4990E-01  7.4998E-01 -6.1847E+02  6.1835E+02
  8.5441E-01  2.8500E+00  1.0005E+03  3.8756E-10 -7.7137E-05  7.4990E-01  7.4998E-01 -6.2075E+02  6.2063E+02
  8.5471E-01  2.8510E+00  1.0005E+03  0.0000E+00 -7.7404E-05  7.4990E-01  7.4998E-01 -6.2305E+02  6.2292E+02
  8.5501E-01  2.8520E+00  1.0005E+03  3.8756E-10 -7.7673E-05  7.4990E-01  7.4998E-01 -6.2535E+02  6.2522E+02
  8.5531E-01  2.8530E+00  1.0005E+03  0.0000E+00 -7.7942E-05  7.4990E-01  7.4998E-01 -6.2765E+02  6.2753E+02
  8.5561E-01  2.8540E+00  1.0005E+03  0.0000E+00 -7.8212E-05  7.4990E-01  7.4998E-01 -6.2997E+02  6.2985E+02
  8.5591E-01  2.8550E+00  1.0005E+03  0.0000E+00 -7.8483E-05  7.4990E-01  7.4998E-01 -6.3230E+02  6.3217E+02
  8.5621E-01  2.8560E+00  1.0005E+03  0.0000E+00 -7.8756E-05  7.4990E-01  7.4998E-01 -6.3463E+02  6.3451E+02
  8.5651E-01  2.8570E+00  1.0005E+03  0.0000E+00 -7.9029E-05  7.4990E-01  7.4998E-01 -6.3697E+02  6.3685E+02
  8.5681E-01  2.8580E+00  1.0005E+03  0.0000E+00 -7.9303E-05  7.4990E-01  7.4998E-01 -6.3933E+02  6.3920E+02
  8.5711E-01  2.8590E+00  1.0005E+03  0.0000E+00 -7.9578E-05  7.4990E-01  7.4998E-01 -6.4169E+02  6.4156E+02
  8.5741E-01  2.8600E+00  1.0005E+03  0.0000E+00 -7.9854E-05  7.4990E-01  7.4998E-01 -6.4407E+02  6.4394E+02
  8.5771E-01  2.8610E+00  1.0005E+03  0.0000E+00 -8.0130E-05  7.4990E-01  7.4998E-01 -6.4645E+02  6.4632E+02
  8.5801E-01  2.8620E+00  1.0005E+03 -3.8756E-10 -8.0408E-05  7.4990E-01  7.4998E-01 -6.4885E+02  6.4871E+02
  8.5831E-01  2.8630E+00  1.0005E+03  0.0000E+00 -8.0687E-05  7.4989E-01  7.4998E-01 -6.5125E+02  6.5112E+02
  8.5861E-01  2.8640E+00  1.0005E+03  0.0000E+00 -8.0967E-05  7.4989E-01  7.4998E-01 -6.5367E+02  6.5354E+02
  8.5891E-01  2.8650E+00  1.0005E+03  3.8756E-10 -8.1247E-05  7.4989E-01  7.4998E-01 -6.5610E+02  6.5596E+02
  8.5921E-01  2.8660E+00  1.0005E+03  0.0000E+00 -8.1529E-05  7.4989E-01  7.4998E-01 -6.5853E+02  6.5840E+02
  8.5950E-01  2.8670E+00  1.0005E+03  0.0000E+00 -8.1812E-05  7.4989E-01  7.4998E-01 -6.6098E+02  6.6084E+02
  8.5980E-01  2.8680E+00  1.0005E+03  0.0000E+00 -8.2095E-05  7.4989E-01  7.4998E-01 -6.6344E+02  6.6330E+02
  8.6010E-01  2.8690E+00  1.0005E+03  0.0000E+00 -8.2380E-05  7.4989E-01  7.4998E-01 -6.6591E+02  6.6577E+02
  8.6040E-01  2.8700E+00  1.0005E+03  3.8756E-10 -8.2665E-05  7.4989E-01  7.4998E-01 -6.6838E+02  6.6824E+02
  8.6070E-01  2.8710E+00  1.0005E+03 -3.8756E-10 -8.2952E-05  7.4989E-01  7.4998E-01 -6.7087E+02  6.7073E+02
  8.6100E-01  2.8720E+00  1.0005E+03  0.0000E+00 -8.3240E-05  7.4989E-01  7.4998E-01 -6.7337E+02  6.7322E+02
  8.6130E-01  2.8730E+00  1.0005E+03  0.0000E+00 -8.3528E-05  7.4989E-01  7.4998E-01 -6.7587E+02  6.7573E+02
  8.6160E-01  2.8740E+00  1.0005E+03  0.0000E+00 -8.3818E-05  7.4989E-01  7.4998E-01 -6.7838E+02  6.7824E+02
  8.6190E-01  2.8750E+00  1.0005E+03 -3.8756E-10 -8.4108E-05  7.4989E-01  7.4998E-01 -6.8090E+02  6.8076E+02
  8.6220E-01  2.8760E+00  1.0005E+03  0.0000E+00 -8.4400E-05  7.4989E-01  7.4998E-01 -6.8343E+02  6.8329E+02
  8.6250E-01  2.8770E+00  1.0005E+03  0.0000E+00 -8.4693E-05  7.4989E-01  7.4998E-01 -6.8597E+02  6.8582E+02
  8.6280E-01  2.8780E+00  1.0005E+03  0.0000E+00 -8.4986E-05  7.4989E-01  7.4998E-01 -6.8851E+02  6.8836E+02
  8.6310E-01  2.8790E+00  1.0005E+03  0.0000E+00 -8.5281E-05  7.4989E-01  7.4998E-01 -6.9106E+02  6.9091E+02
  8.6340E-01  2.8800E+00  1.0005E+03  0.0000E+00 -8.5577E-05  7.4989E-01  7.4998E-01 -6.9363E+02  6.9348E+02
  8.6370E-01  2.8810E+00  1.0005E+03  3.8756E-10 -8.5873E-05  7.4989E-01  7.4999E-01 -6.9620E+02  6.9604E+02
  8.6400E-01  2.8820E+00  1.0005E+03  0.0000E+00 -8.6171E-05  7.4989E-01  7.4999E-01 -6.9877E+02  6.9862E+02
  8.6430E-01  2.8830E+00  1.0005E+03  0.0000E+00 -8.6470E-05  7.4989E-01  7.4999E-01 -7.0136E+02  7.0121E+02
  8.6460E-01  2.8840E+00  1.0005E+03  0.0000E+00 -8.6769E-05  7.4989E-01  7.4999E-01 -7.0395E+02  7.0380E+02
  8.6490E-01  2.8850E+00  1.0005E+03  0.0000E+00 -8.7070E-05  7.4989E-01  7.4999E-01 -7.0656E+02  7.0640E+02
  8.6520E-01  2.8860E+00  1.0005E+03  0.0000E+00 -8.7372E-05  7.4989E-01  7.4999E-01 -7.0917E+02  7.0901E+02
  8.6550E-01  2.8870E+00  1.0005E+03  0.0000E+00 -8.7675E-05  7.4989E-01  7.4999E-01 -7.1180E+02  7.1164E+02
  8.6580E-01  2.8880E+00  1.0005E+03 -3.8756E-10 -8.7979E-05  7.4989E-01  7.4999E-01 -7.1443E+02  7.1427E+02
  8.6610E-01  2.8890E+00  1.0005E+03  0.0000E+00 -8.8284E-05  7.4989E-01  7.4999E-01 -7.1708E+02  7.1692E+02
  8.6640E-01  2.8900E+00  1.0005E+03  0.0000E+00 -8.8590E-05  7.4989E-01  7.4999E-01 -7.1974E+02  7.1957E+02
  8.6670E-01  2.8910E+00  1.0005E+03  0.0000E+00 -8.8897E-05  7.4989E-01  7.4999E-01 -7.2240E+02  7.2224E+02
  8.6700E-01  2.8920E+00  1.0005E+03  0.0000E+00 -8.9205E-05  7.4989E-01  7.4999E-01 -7.2508E+02  7.2492E+02
  8.6730E-01  2.8930E+00  1.0005E+03  3.8756E-10 -8.9515E-05  7.4989E-01  7.4999E-01 -7.2778E+02  7.2761E+02
  8.6760E-01  2.8940E+00  1.0005E+03  0.0000E+00 -8.9825E-05  7.4989E-01  7.4999E-01 -7.3048E+02  7.3031E+02
  8.6790E-01  2.8950E+00  1.0005E+03  0.0000E+00 -9.0136E-05  7.4989E-01  7.4999E-01 -7.3320E+02  7.3303E+02
  8.6820E-01  2.8960E+00  1.0005E+03  0.0000E+00 -9.0449E-05  7.4989E-01  7.4999E-01 -7.3593E+02  7.3576E+02
  8.6850E-01  2.8970E+00  1.0005E+03  0.0000E+00 -9.0763E-05  7.4989E-01  7.4999E-01 -7.3867E+02  7.3850E+02
  8.6880E-01  2.8980E+00  1.0005E+03  0.0000E+00 -9.1077E-05  7.4989E-01  7.4999E-01 -7.4143E+02  7.4125E+02
  8.6910E-01  2.8990E+00  1.0005E+03  0.0000E+00 -9.1393E-05  7.4989E-01  7.4999E-01 -7.4419E+02  7.4402E+02
  8.6940E-01  2.9000E+00  1.0005E+03 -3.8756E-10 -9.1710E-05  7.4989E-01  7.4999E-01 -7.4697E+02  7.4679E+02
  8.6970E-01  2.9010E+00  1.0005E+03  0.0000E+00 -9.2028E-05  7.4989E-01  7.4999E-01 -7.4976E+02  7.4958E+02
  8.7000E-01  2.9020E+00  1.0005E+03  0.0000E+00 -9.2347E-05  7.4989E-01  7.4999E-01 -7.5255E+02  7.5238E+02
  8.7030E-01  2.9030E+00  1.0005E+03  3.8756E-10 -9.2667E-05  7.4989E-01  7.4999E-01 -7.5536E+02  7.5519E+02
  8.7060E-01  2.9040E+00  1.0005E+03  0.0000E+00 -9.2989E-05  7.4989E-01  7.4999E-01 -7.5819E+02  7.5801E+02
  8.7090E-01  2.9050E+00  1.0005E+03  0.0000E+00 -9.3311E-05  7.4989E-01  7.4999E-01 -7.6102E+02  7.6084E+02
  8.7120E-01  2.9060E+00  1.0005E+03  3.8756E-10 -9.3635E-05  7.4989E-01  7.4999E-01 -7.6386E+02  7.6367E+02
  8.7150E-01  2.9070E+00  1.0005E+03  0.0000E+00 -9.3960E-05  7.4989E-01  7.4999E-01 -7.6671E+02  7.6652E+02
  8.7180E-01  2.9080E+00  1.0005E+03  0.0000E+00 -9.4286E-05  7.4989E-01  7.4999E-01 -7.6956E+02  7.6938E+02
  8.7210E-01  2.9090E+00  1.0005E+03  0.0000E+00 -9.4613E-05  7.4989E-01  7.4999E-01 -7.7243E+02  7.7224E+02
  8.7240E-01  2.9100E+00  1.0005E+03 -3.8756E-10 -9.4941E-05  7.4988E-01  7.4999E-01 -7.7531E+02  7.7512E+02
  8.7270E-01  2.9110E+00  1.0005E+03  0.0000E+00 -9.5270E-05  7.4988E-01  7.4999E-01 -7.7819E+02  7.7800E+02
  8.7300E-01  2.9120E+00  1.0005E+03  0.0000E+00 -9.5601E-05  7.4988E-01  7.4999E-01 -7.8109E+02  7.8090E+02
  8.7330E-01  2.9130E+00  1.0005E+03  0.0000E+00 -9.5933E-05  7.4988E-01  7.4999E-01 -7.8399E+02  7.8380E+02
  8.7360E-01  2.9140E+00  1.0005E+03  0.0000E+00 -9.6266E-05  7.4988E-01  7.4999E-01 -7.8691E+02  7.8671E+02
  8.7389E-01  2.9150E+00  1.0005E+03  3.8756E-10 -9.6600E-05  7.4988E-01  7.4999E-01 -7.8983E+02  7.8964E+02
  8.7419E-01  2.9160E+00  1.0005E+03  0.0000E+00 -9.6935E-05  7.4988E-01  7.4999E-01 -7.9277E+02  7.9257E+02
  8.7449E-01  2.9170E+00  1.0005E+03  0.0000E+00 -9.7271E-05  7.4988E-01  7.4999E-01 -7.9571E+02  7.9552E+02
  8.7479E-01  2.9180E+00  1.0005E+03 -3.8756E-10 -9.7609E-05  7.4988E-01  7.4999E-01 -7.9867E+02  7.9847E+02
  8.7509E-01  2.9190E+00  1.0005E+03  0.0000E+00 -9.7947E-05  7.4988E-01  7.4999E-01 -8.0164E+02  8.0144E+02
  8.7539E-01  2.9200E+00  1.0005E+03  0.0000E+00 -9.8287E-05  7.4988E-01  7.4999E-01 -8.0462E+02  8.0442E+02
  8.7569E-01  2.9210E+00  1.0005E+03  0.0000E+00 -9.8628E-05  7.4988E-01  7.4999E-01 -8.0762E+02  8.0741E+02
  8.7599E-01  2.9220E+00  1.0005E+03  0.0000E+00 -9.8971E-05  7.4988E-01  7.4999E-01 -8.1063E+02  8.1042E+02
  8.7629E-01  2.9230E+00  1.0005E+03  0.0000E+00 -9.9314E-05  7.4988E-01  7.4999E-01 -8.1365E+02  8.1344E+02
  8.7659E-01  2.9240E+00  1.0005E+03  3.8756E-10 -9.9659E-05  7.4988E-01  7.4999E-01 -8.1668E+02  8.1647E+02
  8.7689E-01  2.9250E+00  1.0005E+03 -3.8756E-10 -1.0000E-04  7.4988E-01  7.5000E-01 -8.1973E+02  8.1952E+02
  8.7719E-01  2.9260E+00  1.0005E+03  3.8756E-10 -1.0035E-04  7.4988E-01  7.5000E-01 -8.2279E+02  8.2258E+02
  8.7749E-01  2.9270E+00  1.0005E+03 -3.8756E-10 -1.0070E-04  7.4988E-01  7.5000E-01 -8.2587E+02  8.2565E+02
  8.7779E-01  2.9280E+00  1.0005E+03  0.0000E+00 -1.0105E-04  7.4988E-01  7.5000E-01 -8.2896E+02  8.2874E+02
  8.7809E-01  2.9290E+00  1.0005E+03  0.0000E+00 -1.0140E-04  7.4988E-01  7.5000E-01 -8.3207E+02  8.3185E+02
  8.7839E-01  2.9300E+00  1.0005E+03 -3.8756E-10 -1.0175E-04  7.4988E-01  7.5000E-01 -8.3518E+02  8.3496E+02
  8.7869E-01  2.9310E+00  1.0005E+03  0.0000E+00 -1.0211E-04  7.4988E-01  7.5000E-01 -8.3832E+02  8.3809E+02
  8.7899E-01  2.9320E+00  1.0005E+03  3.8756E-10 -1.0246E-04  7.4988E-01  7.5000E-01 -8.4146E+02  8.4124E+02
  8.7929E-01  2.9330E+00  1.0005E+03  0.0000E+00 -1.0282E-04  7.4988E-01  7.5000E-01 -8.4462E+02  8.4439E+02
  8.7959E-01  2.9340E+00  1.0005E+03  0.0000E+00 -1.0317E-04  7.4988E-01  7.5000E-01 -8.4779E+02  8.4756E+02
  8.7989E-01  2.9350E+00  1.0005E+03  0.0000E+00 -1.0353E-04  7.4988E-01  7.5000E-01 -8.5097E+02  8.5074E+02
  8.8019E-01  2.9360E+00  1.0005E+03  0.0000E+00 -1.0389E-04  7.4988E-01  7.5000E-01 -8.5416E+02  8.5393E+02
  8.8049E-01  2.9370E+00  1.0005E+03  0.0000E+00 -1.0425E-04  7.4988E-01  7.5000E-01 -8.5737E+02  8.5714E+02
  8.8079E-01  2.9380E+00  1.0005E+03  0.0000E+00 -1.0462E-04  7.4988E-01  7.5000E-01 -8.6058E+02  8.6035E+02
  8.8109E-01  2.9390E+00  1.0005E+03  0.0000E+00 -1.0498E-04  7.4988E-01  7.5000E-01 -8.6381E+02  8.6358E+02
  8.8139E-01  2.9400E+00  1.0005E+03  0.0000E+00 -1.0534E-04  7.4988E-01  7.5000E-01 -8.6705E+02  8.6681E+02
  8.8169E-01  2.9410E+00  1.0005E+03  0.0000E+00 -1.0571E-04  7.4988E-01  7.5000E-01 -8.7029E+02  8.7006E+02
  8.8199E-01  2.9420E+00  1.0005E+03  0.0000E+00 -1.0608E-04  7.4988E-01  7.5000E-01 -8.7355E+02  8.7331E+02
  8.8229E-01  2.9430E+00  1.0005E+03  0.0000E+00 -1.0645E-04  7.4988E-01  7.5000E-01 -8.7682E+02  8.7658E+02
  8.8259E-01  2.9440E+00  1.0005E+03  0.0000E+00 -1.0682E-04  7.4988E-01  7.5000E-01 -8.8011E+02  8.7986E+02
  8.8289E-01  2.9450E+00  1.0005E+03  0.0000E+00 -1.0719E-04  7.4988E-01  7.5000E-01 -8.8340E+02  8.8316E+02
  8.8319E-01  2.9460E+00  1.0005E+03 -3.8756E-10 -1.0756E-04  7.4988E-01  7.5000E-01 -8.8671E+02  8.8646E+02
  8.8349E-01  2.9470E+00  1.0005E+03  0.0000E+00 -1.0793E-04  7.4988E-01  7.5000E-01 -8.9002E+02  8.8977E+02
  8.8379E-01  2.9480E+00  1.0005E+03  0.0000E+00 -1.0831E-04  7.4988E-01  7.5000E-01 -8.9335E+02  8.9310E+02
  8.8409E-01  2.9490E+00  1.0005E+03  0.0000E+00 -1.0869E-04  7.4988E-01  7.5000E-01 -8.9669E+02  8.9644E+02
  8.8439E-01  2.9500E+00  1.0005E+03  0.0000E+00 -1.0906E-04  7.4987E-01  7.5000E-01 -9.0005E+02  8.9979E+02
  8.8469E-01  2.9510E+00  1.0005E+03  3.8756E-10 -1.0944E-04  7.4987E-01  7.5000E-01 -9.0342E+02  9.0316E+02
  8.8499E-01  2.9520E+00  1.0005E+03 -3.8756E-10 -1.0982E-04  7.4987E-01  7.5000E-01 -9.0681E+02  9.0655E+02
  8.8529E-01  2.9530E+00  1.0005E+03  0.0000E+00 -1.1021E-04  7.4987E-01  7.5000E-01 -9.1021E+02  9.0995E+02
  8.8559E-01  2.9540E+00  1.0005E+03  0.0000E+00 -1.1059E-04  7.4987E-01  7.5000E-01 -9.1362E+02  9.1336E+02
  8.8589E-01  2.9550E+00  1.0005E+03  0.0000E+00 -1.1097E-04  7.4987E-01  7.5000E-01 -9.1706E+02  9.1679E+02
  8.8619E-01  2.9560E+00  1.0005E+03  0.0000E+00 -1.1136E-04  7.4987E-01  7.5000E-01 -9.2050E+02  9.2024E+02
  8.8649E-01  2.9570E+00  1.0005E+03  0.0000E+00 -1.1175E-04  7.4987E-01  7.5000E-01 -9.2397E+02  9.2370E+02
  8.8679E-01  2.9580E+00  1.0005E+03  3.8756E-10 -1.1214E-04  7.4987E-01  7.5000E-01 -9.2745E+02  9.2718E+02
  8.8709E-01  2.9590E+00  1.0005E+03  0.0000E+00 -1.1253E-04  7.4987E-01  7.5000E-01 -9.3095E+02  9.3068E+02
  8.8739E-01  2.9600E+00  1.0005E+03 -3.8756E-10 -1.1292E-04  7.4987E-01  7.5000E-01 -9.3447E+02  9.3419E+02
  8.8769E-01  2.9610E+00  1.0005E+03  0.0000E+00 -1.1331E-04  7.4987E-01  7.5000E-01 -9.3800E+02  9.3772E+02
  8.8799E-01  2.9620E+00  1.0005E+03  0.0000E+00 -1.1371E-04  7.4987E-01  7.5000E-01 -9.4155E+02  9.4127E+02
  8.8828E-01  2.9630E+00  1.0005E+03  0.0000E+00 -1.1410E-04  7.4987E-01  7.5001E-01 -9.4511E+02  9.4483E+02
  8.8858E-01  2.9640E+00  1.0005E+03  0.0000E+00 -1.1450E-04  7.4987E-01  7.5001E-01 -9.4869E+02  9.4841E+02
  8.8888E-01  2.9650E+00  1.0005E+03  0.0000E+00 -1.1490E-04  7.4987E-01  7.5001E-01 -9.5228E+02  9.5200E+02
  8.8918E-01  2.9660E+00  1.0005E+03  0.0000E+00 -1.1530E-04  7.4987E-01  7.5001E-01 -9.5589E+02  9.5560E+02
  8.8948E-01  2.9670E+00  1.0005E+03  0.0000E+00 -1.1570E-04  7.4987E-01  7.5001E-01 -9.5952E+02  9.5923E+02
  8.8978E-01  2.9680E+00  1.0005E+03  0.0000E+00 -1.1610E-04  7.4987E-01  7.5001E-01 -9.6316E+02  9.6286E+02
  8.9008E-01  2.9690E+00  1.0005E+03  3.8756E-10 -1.1651E-04  7.4987E-01  7.5001E-01 -9.6681E+02  9.6651E+02
  8.9038E-01  2.9700E+00  1.0005E+03  0.0000E+00 -1.1691E-04  7.4987E-01  7.5001E-01 -9.7047E+02  9.7017E+02
  8.9068E-01  2.9710E+00  1.0005E+03  0.0000E+00 -1.1732E-04  7.4987E-01  7.5001E-01 -9.7414E+02  9.7384E+02
  8.9098E-01  2.9720E+00  1.0005E+03  0.0000E+00 -1.1773E-04  7.4987E-01  7.5001E-01 -9.7783E+02  9.7753E+02
  8.9128E-01  2.9730E+00  1.0005E+03  0.0000E+00 -1.1814E-04  7.4987E-01  7.5001E-01 -9.8153E+02  9.8123E+02
  8.9158E-01  2.9740E+00  1.0005E+03 -3.8756E-10 -1.1855E-04  7.4987E-01  7.5001E-01 -9.8525E+02  9.8494E+02
  8.9188E-01  2.9750E+00  1.0005E+03  3.8756E-10 -1.1896E-04  7.4987E-01  7.5001E-01 -9.8898E+02  9.8867E+02
  8.9218E-01  2.9760E+00  1.0005E+03  0.0000E+00 -1.1938E-04  7.4987E-01  7.5001E-01 -9.9272E+02  9.9240E+02
  8.9248E-01  2.9770E+00  1.0005E+03  3.8756E-10 -1.1980E-04  7.4987E-01  7.5001E-01 -9.9647E+02  9.9615E+02
  8.9278E-01  2.9780E+00  1.0005E+03 -3.8756E-10 -1.2021E-04  7.4987E-01  7.5001E-01 -1.0002E+03  9.9992E+02
  8.9308E-01  2.9790E+00  1.0005E+03  0.0000E+00 -1.2063E-04  7.4987E-01  7.5001E-01 -1.0040E+03  1.0037E+03
  8.9338E-01  2.9800E+00  1.0005E+03  0.0000E+00 -1.2105E-04  7.4987E-01  7.5001E-01 -1.0078E+03  1.0075E+03
  8.9368E-01  2.9810E+00  1.0005E+03  0.0000E+00 -1.2148E-04  7.4987E-01  7.5001E-01 -1.0116E+03  1.0113E+03
  8.9398E-01  2.9820E+00  1.0005E+03  3.8756E-10 -1.2190E-04  7.4987E-01  7.5001E-01 -1.0155E+03  1.0151E+03
  8.9428E-01  2.9830E+00  1.0005E+03  0.0000E+00 -1.2233E-04  7.4987E-01  7.5001E-01 -1.0193E+03  1.0190E+03
  8.9458E-01  2.9840E+00  1.0005E+03  0.0000E+00 -1.2275E-04  7.4987E-01  7.5001E-01 -1.0232E+03  1.0228E+03
  8.9488E-01  2.9850E+00  1.0005E+03  0.0000E+00 -1.2318E-04  7.4986E-01  7.5001E-01 -1.0270E+03  1.0267E+03
  8.9518E-01  2.9860E+00  1.0005E+03  0.0000E+00 -1.2361E-04  7.4986E-01  7.5001E-01 -1.0309E+03  1.0306E+03
  8.9548E-01  2.9870E+00  1.0005E+03  0.0000E+00 -1.2404E-04  7.4986E-01  7.5001E-01 -1.0349E+03  1.0345E+03
  8.9578E-01  2.9880E+00  1.0005E+03  0.0000E+00 -1.2448E-04  7.4986E-01  7.5001E-01 -1.0388E+03  1.0385E+03
  8.9608E-01  2.9890E+00  1.0005E+03  0.0000E+00 -1.2491E-04  7.4986E-01  7.5001E-01 -1.0428E+03  1.0424E+03
  8.9638E-01  2.9900E+00  1.0005E+03 -3.8756E-10 -1.2535E-04  7.4986E-01  7.5001E-01 -1.0467E+03  1.0464E+03
  8.9668E-01  2.9910E+00  1.0005E+03  0.0000E+00 -1.2579E-04  7.4986E-01  7.5001E-01 -1.0507E+03  1.0504E+03
  8.9698E-01  2.9920E+00  1.0005E+03  3.8756E-10 -1.2623E-04  7.4986E-01  7.5001E-01 -1.0547E+03  1.0544E+03
  8.9728E-01  2.9930E+00  1.0005E+03  0.0000E+00 -1.2667E-04  7.4986E-01  7.5001E-01 -1.0588E+03  1.0584E+03
  8.9758E-01  2.9940E+00  1.0005E+03  0.0000E+00 -1.2711E-04  7.4986E-01  7.5001E-01 -1.0628E+03  1.0625E+03
  8.9788E-01  2.9950E+00  1.0005E+03  0.0000E+00 -1.2755E-04  7.4986E-01  7.5001E-01 -1.0669E+03  1.0665E+03
  8.9818E-01  2.9960E+00  1.0005E+03  0.0000E+00 -1.2800E-04  7.4986E-01  7.5002E-01 -1.0710E+03  1.0706E+03
  8.9848E-01  2.9970E+00  1.0005E+03  0.0000E+00 -1.2845E-04  7.4986E-01  7.5002E-01 -1.0751E+03  1.0747E+03
  8.9878E-01  2.9980E+00  1.0005E+03  3.8756E-10 -1.2890E-04  7.4986E-01  7.5002E-01 -1.0792E+03  1.0788E+03
  8.9908E-01  2.9990E+00  1.0005E+03  0.0000E+00 -1.2935E-04  7.4986E-01  7.5002E-01 -1.0833E+03  1.0829E+03
  8.9938E-01  3.0000E+00  1.0005E+03 -3.8756E-10 -1.2980E-04  7.4986E-01  7.5002E-01 -1.0875E+03  1.0871E+03
  8.9968E-01  3.0010E+00  1.0005E+03  0.0000E+00 -1.3026E-04  7.4986E-01  7.5002E-01 -1.0916E+03  1.0913E+03
  8.9998E-01  3.0020E+00  1.0005E+03  3.8756E-10 -1.3071E-04  7.4986E-01  7.5002E-01 -1.0958E+03  1.0954E+03
  9.0028E-01  3.0030E+00  1.0005E+03  0.0000E+00 -1.3117E-04  7.4986E-01  7.5002E-01 -1.1000E+03  1.0996E+03
  9.0058E-01  3.0040E+00  1.0005E+03 -3.8756E-10 -1.3163E-04  7.4986E-01  7.5002E-01 -1.1042E+03  1.1038E+03
  9.0088E-01  3.0050E+00  1.0005E+03  0.0000E+00 -1.3209E-04  7.4986E-01  7.5002E-01 -1.1084E+03  1.1080E+03
  9.0118E-01  3.0060E+00  1.0005E+03  0.0000E+00 -1.3255E-04  7.4986E-01  7.5002E-01 -1.1127E+03  1.1123E+03
  9.0148E-01  3.0070E+00  1.0005E+03  0.0000E+00 -1.3302E-04  7.4986E-01  7.5002E-01 -1.1169E+03  1.1165E+03
  9.0178E-01  3.0080E+00  1.0005E+03  0.0000E+00 -1.3348E-04  7.4986E-01  7.5002E-01 -1.1212E+03  1.1208E+03
  9.0208E-01  3.0090E+00  1.0005E+03  0.0000E+00 -1.3395E-04  7.4986E-01  7.5002E-01 -1.1255E+03  1.1251E+03
  9.0238E-01  3.0100E+00  1.0005E+03  0.0000E+00 -1.3442E-04  7.4986E-01  7.5002E-01 -1.1298E+03  1.1294E+03
  9.0267E-01  3.0110E+00  1.0005E+03 -3.8756E-10 -1.3489E-04  7.4986E-01  7.5002E-01 -1.1341E+03  1.1337E+03
  9.0297E-01  3.0120E+00  1.0005E+03  3.8756E-10 -1.3536E-04  7.4986E-01  7.5002E-01 -1.1384E+03  1.1380E+03
  9.0327E-01  3.0130E+00  1.0005E+03  0.0000E+00 -1.3584E-04  7.4986E-01  7.5002E-01 -1.1428E+03  1.1424E+03
  9.0357E-01  3.0140E+00  1.0005E+03  0.0000E+00 -1.3632E-04  7.4986E-01  7.5002E-01 -1.1471E+03  1.1467E+03
  9.0387E-01  3.0150E+00  1.0005E+03  0.0000E+00 -1.3679E-04  7.4986E-01  7.5002E-01 -1.1515E+03  1.1511E+03
  9.0417E-01  3.0160E+00  1.0005E+03  3.8756E-10 -1.3727E-04  7.4985E-01  7.5002E-01 -1.1559E+03  1.1555E+03
  9.0447E-01  3.0170E+00  1.0005E+03  0.0000E+00 -1.3775E-04  7.4985E-01  7.5002E-01 -1.1604E+03  1.1599E+03
  9.0477E-01  3.0180E+00  1.0005E+03  0.0000E+00 -1.3824E-04  7.4985E-01  7.5002E-01 -1.1648E+03  1.1644E+03
  9.0507E-01  3.0190E+00  1.0005E+03  0.0000E+00 -1.3872E-04  7.4985E-01  7.5002E-01 -1.1693E+03  1.1689E+03
  9.0537E-01  3.0200E+00  1.0005E+03  0.0000E+00 -1.3921E-04  7.4985E-01  7.5002E-01 -1.1738E+03  1.1733E+03
  9.0567E-01  3.0210E+00  1.0005E+03  0.0000E+00 -1.3970E-04  7.4985E-01  7.5002E-01 -1.1783E+03  1.1779E+03
  9.0597E-01  3.0220E+00  1.0005E+03  0.0000E+00 -1.4019E-04  7.4985E-01  7.5002E-01 -1.1828E+03  1.1824E+03
  9.0627E-01  3.0230E+00  1.0005E+03  0.0000E+00 -1.4068E-04  7.4985E-01  7.5002E-01 -1.1874E+03  1.1869E+03
  9.0657E-01  3.0240E+00  1.0005E+03  3.8756E-10 -1.4118E-04  7.4985E-01  7.5002E-01 -1.1920E+03  1.1915E+03
  9.0687E-01  3.0250E+00  1.0005E+03  0.0000E+00 -1.4167E-04  7.4985E-01  7.5002E-01 -1.1966E+03  1.1961E+03
  9.0717E-01  3.0260E+00  1.0005E+03  0.0000E+00 -1.4217E-04  7.4985E-01  7.5003E-01 -1.2012E+03  1.2007E+03
  9.0747E-01  3.0270E+00  1.0005E+03  0.0000E+00 -1.4267E-04  7.4985E-01  7.5003E-01 -1.2058E+03  1.2054E+03
  9.0777E-01  3.0280E+00  1.0005E+03  3.8756E-10 -1.4317E-04  7.4985E-01  7.5003E-01 -1.2105E+03  1.2100E+03
  9.0807E-01  3.0290E+00  1.0005E+03  0.0000E+00 -1.4368E-04  7.4985E-01  7.5003E-01 -1.2151E+03  1.2147E+03
  9.0837E-01  3.0300E+00  1.0005E+03  0.0000E+00 -1.4418E-04  7.4985E-01  7.5003E-01 -1.2198E+03  1.2194E+03
  9.0867E-01  3.0310E+00  1.0005E+03  0.0000E+00 -1.4469E-04  7.4985E-01  7.5003E-01 -1.2246E+03  1.2241E+03
  9.0897E-01  3.0320E+00  1.0005E+03  0.0000E+00 -1.4520E-04  7.4985E-01  7.5003E-01 -1.2293E+03  1.2288E+03
  9.0927E-01  3.0330E+00  1.0005E+03  0.0000E+00 -1.4571E-04  7.4985E-01  7.5003E-01 -1.2340E+03  1.2335E+03
  9.0957E-01  3.0340E+00  1.0005E+03  0.0000E+00 -1.4622E-04  7.4985E-01  7.5003E-01 -1.2388E+03  1.2383E+03
  9.0987E-01  3.0350E+00  1.0005E+03  0.0000E+00 -1.4674E-04  7.4985E-01  7.5003E-01 -1.2436E+03  1.2431E+03
  9.1017E-01  3.0360E+00  1.0005E+03  3.8756E-10 -1.4725E-04  7.4985E-01  7.5003E-01 -1.2483E+03  1.2479E+03
  9.1047E-01  3.0370E+00  1.0005E+03  0.0000E+00 -1.4777E-04  7.4985E-01  7.5003E-01 -1.2532E+03  1.2527E+03
  9.1077E-01  3.0380E+00  1.0005E+03  0.0000E+00 -1.4829E-04  7.4985E-01  7.5003E-01 -1.2580E+03  1.2575E+03
  9.1107E-01  3.0390E+00  1.0005E+03  0.0000E+00 -1.4882E-04  7.4985E-01  7.5003E-01 -1.2628E+03  1.2623E+03
  9.1137E-01  3.0400E+00  1.0005E+03  0.0000E+00 -1.4934E-04  7.4985E-01  7.5003E-01 -1.2677E+03  1.2672E+03
  9.1167E-01  3.0410E+00  1.0005E+03  3.8756E-10 -1.4987E-04  7.4985E-01  7.5003E-01 -1.2726E+03  1.2721E+03
  9.1197E-01  3.0420E+00  1.0005E+03 -3.8756E-10 -1.5039E-04  7.4985E-01  7.5003E-01 -1.2775E+03  1.2769E+03
  9.1227E-01  3.0430E+00  1.0005E+03  0.0000E+00 -1.5093E-04  7.4984E-01  7.5003E-01 -1.2824E+03  1.2819E+03
  9.1257E-01  3.0440E+00  1.0005E+03  0.0000E+00 -1.5146E-04  7.4984E-01  7.5003E-01 -1.2873E+03  1.2868E+03
  9.1287E-01  3.0450E+00  1.0005E+03  0.0000E+00 -1.5199E-04  7.4984E-01  7.5003E-01 -1.2923E+03  1.2917E+03
  9.1317E-01  3.0460E+00  1.0005E+03  0.0000E+00 -1.5253E-04  7.4984E-01  7.5003E-01 -1.2972E+03  1.2967E+03
  9.1347E-01  3.0470E+00  1.0005E+03  0.0000E+00 -1.5307E-04  7.4984E-01  7.5003E-01 -1.3022E+03  1.3017E+03
  9.1377E-01  3.0480E+00  1.0005E+03  0.0000E+00 -1.5361E-04  7.4984E-01  7.5003E-01 -1.3073E+03  1.3067E+03
  9.1407E-01  3.0490E+00  1.0005E+03  0.0000E+00 -1.5415E-04  7.4984E-01  7.5003E-01 -1.3123E+03  1.3118E+03
  9.1437E-01  3.0500E+00  1.0005E+03  0.0000E+00 -1.5469E-04  7.4984E-01  7.5003E-01 -1.3174E+03  1.3168E+03
  9.1467E-01  3.0510E+00  1.0005E+03  3.8756E-10 -1.5524E-04  7.4984E-01  7.5003E-01 -1.3225E+03  1.3219E+03
  9.1497E-01  3.0520E+00  1.0005E+03 -3.8756E-10 -1.5579E-04  7.4984E-01  7.5004E-01 -1.3276E+03  1.3270E+03
  9.1527E-01  3.0530E+00  1.0005E+03  0.0000E+00 -1.5634E-04  7.4984E-01  7.5004E-01 -1.3327E+03  1.3321E+03
  9.1557E-01  3.0540E+00  1.0005E+03  3.8756E-10 -1.5689E-04  7.4984E-01  7.5004E-01 -1.3379E+03  1.3373E+03
  9.1587E-01  3.0550E+00  1.0005E+03 -3.8756E-10 -1.5745E-04  7.4984E-01  7.5004E-01 -1.3430E+03  1.3425E+03
  9.1617E-01  3.0560E+00  1.0005E+03  3.8756E-10 -1.5800E-04  7.4984E-01  7.5004E-01 -1.3482E+03  1.3477E+03
  9.1647E-01  3.0570E+00  1.0005E+03  0.0000E+00 -1.5856E-04  7.4984E-01  7.5004E-01 -1.3535E+03  1.3529E+03
  9.1677E-01  3.0580E+00  1.0005E+03 -3.8756E-10 -1.5912E-04  7.4984E-01  7.5004E-01 -1.3587E+03  1.3581E+03
  9.1707E-01  3.0590E+00  1.0005E+03  3.8756E-10 -1.5968E-04  7.4984E-01  7.5004E-01 -1.3640E+03  1.3634E+03
  9.1736E-01  3.0600E+00  1.0005E+03  0.0000E+00 -1.6025E-04  7.4984E-01  7.5004E-01 -1.3693E+03  1.3687E+03
  9.1766E-01  3.0610E+00  1.0005E+03 -3.8756E-10 -1.6082E-04  7.4984E-01  7.5004E-01 -1.3746E+03  1.3740E+03
  9.1796E-01  3.0620E+00  1.0005E+03  3.8756E-10 -1.6139E-04  7.4984E-01  7.5004E-01 -1.3799E+03  1.3793E+03
  9.1826E-01  3.0630E+00  1.0005E+03  0.0000E+00 -1.6196E-04  7.4984E-01  7.5004E-01 -1.3853E+03  1.3847E+03
  9.1856E-01  3.0640E+00  1.0005E+03  0.0000E+00 -1.6253E-04  7.4984E-01  7.5004E-01 -1.3906E+03  1.3900E+03
  9.1886E-01  3.0650E+00  1.0005E+03  0.0000E+00 -1.6311E-04  7.4984E-01  7.5004E-01 -1.3960E+03  1.3954E+03
  9.1916E-01  3.0660E+00  1.0005E+03  0.0000E+00 -1.6368E-04  7.4984E-01  7.5004E-01 -1.4014E+03  1.4008E+03
  9.1946E-01  3.0670E+00  1.0005E+03 -3.8756E-10 -1.6426E-04  7.4984E-01  7.5004E-01 -1.4068E+03  1.4062E+03
  9.1976E-01  3.0680E+00  1.0005E+03  0.0000E+00 -1.6485E-04  7.4983E-01  7.5004E-01 -1.4123E+03  1.4116E+03
  9.2006E-01  3.0690E+00  1.0005E+03  0.0000E+00 -1.6543E-04  7.4983E-01  7.5004E-01 -1.4177E+03  1.4171E+03
  9.2036E-01  3.0700E+00  1.0005E+03  0.0000E+00 -1.6602E-04  7.4983E-01  7.5004E-01 -1.4232E+03  1.4226E+03
  9.2066E-01  3.0710E+00  1.0005E+03 -3.8756E-10 -1.6661E-04  7.4983E-01  7.5004E-01 -1.4287E+03  1.4281E+03
  9.2096E-01  3.0720E+00  1.0005E+03  3.8756E-10 -1.6720E-04  7.4983E-01  7.5004E-01 -1.4342E+03  1.4336E+03
  9.2126E-01  3.0730E+00  1.0005E+03  0.0000E+00 -1.6779E-04  7.4983E-01  7.5004E-01 -1.4398E+03  1.4391E+03
  9.2156E-01  3.0740E+00  1.0005E+03  0.0000E+00 -1.6838E-04  7.4983E-01  7.5004E-01 -1.4453E+03  1.4447E+03
  9.2186E-01  3.0750E+00  1.0005E+03  0.0000E+00 -1.6898E-04  7.4983E-01  7.5004E-01 -1.4509E+03  1.4502E+03
  9.2216E-01  3.0760E+00  1.0005E+03  0.0000E+00 -1.6958E-04  7.4983E-01  7.5005E-01 -1.4565E+03  1.4558E+03
  9.2246E-01  3.0770E+00  1.0005E+03  0.0000E+00 -1.7018E-04  7.4983E-01  7.5005E-01 -1.4621E+03  1.4614E+03
  9.2276E-01  3.0780E+00  1.0005E+03  0.0000E+00 -1.7079E-04  7.4983E-01  7.5005E-01 -1.4678E+03  1.4671E+03
  9.2306E-01  3.0790E+00  1.0005E+03  0.0000E+00 -1.7139E-04  7.4983E-01  7.5005E-01 -1.4734E+03  1.4728E+03
  9.2336E-01  3.0800E+00  1.0005E+03  0.0000E+00 -1.7200E-04  7.4983E-01  7.5005E-01 -1.4791E+03  1.4785E+03
  9.2366E-01  3.0810E+00  1.0005E+03  0.0000E+00 -1.7261E-04  7.4983E-01  7.5005E-01 -1.4849E+03  1.4842E+03
  9.2396E-01  3.0820E+00  1.0005E+03  3.8756E-10 -1.7323E-04  7.4983E-01  7.5005E-01 -1.4906E+03  1.4899E+03
  9.2426E-01  3.0830E+00  1.0005E+03  0.0000E+00 -1.7384E-04  7.4983E-01  7.5005E-01 -1.4964E+03  1.4957E+03
  9.2456E-01  3.0840E+00  1.0005E+03  0.0000E+00 -1.7446E-04  7.4983E-01  7.5005E-01 -1.5022E+03  1.5015E+03
  9.2486E-01  3.0850E+00  1.0005E+03  0.0000E+00 -1.7508E-04  7.4983E-01  7.5005E-01 -1.5080E+03  1.5073E+03
  9.2516E-01  3.0860E+00  1.0005E+03  0.0000E+00 -1.7570E-04  7.4983E-01  7.5005E-01 -1.5139E+03  1.5132E+03
  9.2546E-01  3.0870E+00  1.0005E+03  0.0000E+00 -1.7633E-04  7.4983E-01  7.5005E-01 -1.5198E+03  1.5191E+03
  9.2576E-01  3.0880E+00  1.0005E+03  0.0000E+00 -1.7696E-04  7.4983E-01  7.5005E-01 -1.5257E+03  1.5250E+03
  9.2606E-01  3.0890E+00  1.0005E+03  0.0000E+00 -1.7759E-04  7.4983E-01  7.5005E-01 -1.5316E+03  1.5309E+03
  9.2636E-01  3.0900E+00  1.0005E+03  0.0000E+00 -1.7822E-04  7.4983E-01  7.5005E-01 -1.5376E+03  1.5369E+03
  9.2666E-01  3.0910E+00  1.0005E+03  0.0000E+00 -1.7885E-04  7.4982E-01  7.5005E-01 -1.5436E+03  1.5428E+03
  9.2696E-01  3.0920E+00  1.0005E+03  0.0000E+00 -1.7949E-04  7.4982E-01  7.5005E-01 -1.5496E+03  1.5488E+03
  9.2726E-01  3.0930E+00  1.0005E+03  0.0000E+00 -1.8013E-04  7.4982E-01  7.5005E-01 -1.5556E+03  1.5549E+03
  9.2756E-01  3.0940E+00  1.0005E+03  0.0000E+00 -1.8077E-04  7.4982E-01  7.5005E-01 -1.5617E+03  1.5609E+03
  9.2786E-01  3.0950E+00  1.0005E+03  0.0000E+00 -1.8141E-04  7.4982E-01  7.5005E-01 -1.5678E+03  1.5670E+03
  9.2816E-01  3.0960E+00  1.0005E+03  0.0000E+00 -1.8206E-04  7.4982E-01  7.5005E-01 -1.5739E+03  1.5731E+03
  9.2846E-01  3.0970E+00  1.0005E+03  0.0000E+00 -1.8271E-04  7.4982E-01  7.5005E-01 -1.5800E+03  1.5792E+03
  9.2876E-01  3.0980E+00  1.0005E+03 -3.8756E-10 -1.8336E-04  7.4982E-01  7.5006E-01 -1.5862E+03  1.5854E+03
  9.2906E-01  3.0990E+00  1.0005E+03  0.0000E+00 -1.8401E-04  7.4982E-01  7.5006E-01 -1.5923E+03  1.5916E+03
  9.2936E-01  3.1000E+00  1.0005E+03  0.0000E+00 -1.8467E-04  7.4982E-01  7.5006E-01 -1.5986E+03  1.5978E+03
  9.2966E-01  3.1010E+00  1.0005E+03  0.0000E+00 -1.8533E-04  7.4982E-01  7.5006E-01 -1.6048E+03  1.6040E+03
  9.2996E-01  3.1020E+00  1.0005E+03 -3.8756E-10 -1.8599E-04  7.4982E-01  7.5006E-01 -1.6111E+03  1.6103E+03
  9.3026E-01  3.1030E+00  1.0005E+03  0.0000E+00 -1.8666E-04  7.4982E-01  7.5006E-01 -1.6174E+03  1.6166E+03
  9.3056E-01  3.1040E+00  1.0005E+03 -3.8756E-10 -1.8732E-04  7.4982E-01  7.5006E-01 -1.6237E+03  1.6229E+03
  9.3086E-01  3.1050E+00  1.0005E+03  0.0000E+00 -1.8799E-04  7.4982E-01  7.5006E-01 -1.6301E+03  1.6292E+03
  9.3116E-01  3.1060E+00  1.0005E+03  0.0000E+00 -1.8866E-04  7.4982E-01  7.5006E-01 -1.6365E+03  1.6356E+03
  9.3146E-01  3.1070E+00  1.0005E+03  0.0000E+00 -1.8934E-04  7.4982E-01  7.5006E-01 -1.6429E+03  1.6421E+03
  9.3175E-01  3.1080E+00  1.0005E+03  0.0000E+00 -1.9001E-04  7.4982E-01  7.5006E-01 -1.6494E+03  1.6485E+03
  9.3205E-01  3.1090E+00  1.0005E+03 -3.8756E-10 -1.9069E-04  7.4982E-01  7.5006E-01 -1.6559E+03  1.6551E+03
  9.3235E-01  3.1100E+00  1.0005E+03  3.8756E-10 -1.9137E-04  7.4982E-01  7.5006E-01 -1.6625E+03  1.6616E+03
  9.3265E-01  3.1110E+00  1.0005E+03  0.0000E+00 -1.9206E-04  7.4981E-01  7.5006E-01 -1.6691E+03  1.6682E+03
  9.3295E-01  3.1120E+00  1.0005E+03  0.0000E+00 -1.9275E-04  7.4981E-01  7.5006E-01 -1.6757E+03  1.6748E+03
  9.3325E-01  3.1130E+00  1.0005E+03  0.0000E+00 -1.9343E-04  7.4981E-01  7.5006E-01 -1.6824E+03  1.6815E+03
  9.3355E-01  3.1140E+00  1.0005E+03  0.0000E+00 -1.9413E-04  7.4981E-01  7.5006E-01 -1.6892E+03  1.6883E+03
  9.3385E-01  3.1150E+00  1.0005E+03 -3.8756E-10 -1.9482E-04  7.4981E-01  7.5006E-01 -1.6959E+03  1.6950E+03
  9.3415E-01  3.1160E+00  1.0005E+03  3.8756E-10 -1.9552E-04  7.4981E-01  7.5006E-01 -1.7028E+03  1.7018E+03
  9.3445E-01  3.1170E+00  1.0005E+03  0.0000E+00 -1.9622E-04  7.4981E-01  7.5006E-01 -1.7096E+03  1.7087E+03
  9.3475E-01  3.1180E+00  1.0005E+03  0.0000E+00 -1.9692E-04  7.4981E-01  7.5007E-01 -1.7165E+03  1.7156E+03
  9.3505E-01  3.1190E+00  1.0005E+03  0.0000E+00 -1.9763E-04  7.4981E-01  7.5007E-01 -1.7235E+03  1.7226E+03
  9.3535E-01  3.1200E+00  1.0005E+03  0.0000E+00 -1.9834E-04  7.4981E-01  7.5007E-01 -1.7305E+03  1.7295E+03
  9.3565E-01  3.1210E+00  1.0005E+03  0.0000E+00 -1.9905E-04  7.4981E-01  7.5007E-01 -1.7375E+03  1.7365E+03
  9.3595E-01  3.1220E+00  1.0005E+03  0.0000E+00 -1.9976E-04  7.4981E-01  7.5007E-01 -1.7446E+03  1.7436E+03
  9.3625E-01  3.1230E+00  1.0005E+03  3.8756E-10 -2.0048E-04  7.4981E-01  7.5007E-01 -1.7517E+03  1.7507E+03
  9.3655E-01  3.1240E+00  1.0005E+03 -3.8756E-10 -2.0120E-04  7.4981E-01  7.5007E-01 -1.7588E+03  1.7578E+03
  9.3685E-01  3.1250E+00  1.0005E+03  0.0000E+00 -2.0193E-04  7.4981E-01  7.5007E-01 -1.7660E+03  1.7650E+03
  9.3715E-01  3.1260E+00  1.0005E+03  0.0000E+00 -2.0265E-04  7.4981E-01  7.5007E-01 -1.7732E+03  1.7722E+03
  9.3745E-01  3.1270E+00  1.0005E+03  0.0000E+00 -2.0338E-04  7.4981E-01  7.5007E-01 -1.7804E+03  1.7794E+03
  9.3775E-01  3.1280E+00  1.0005E+03  3.8756E-10 -2.0411E-04  7.4981E-01  7.5007E-01 -1.7877E+03  1.7867E+03
  9.3805E-01  3.1290E+00  1.0005E+03 -3.8756E-10 -2.0485E-04  7.4981E-01  7.5007E-01 -1.7949E+03  1.7939E+03
  9.3835E-01  3.1300E+00  1.0005E+03  0.0000E+00 -2.0558E-04  7.4981E-01  7.5007E-01 -1.8023E+03  1.8013E+03
  9.3865E-01  3.1310E+00  1.0005E+03  0.0000E+00 -2.0632E-04  7.4980E-01  7.5007E-01 -1.8096E+03  1.8086E+03
  9.3895E-01  3.1320E+00  1.0005E+03  0.0000E+00 -2.0707E-04  7.4980E-01  7.5007E-01 -1.8170E+03  1.8160E+03
  9.3925E-01  3.1330E+00  1.0005E+03  0.0000E+00 -2.0781E-04  7.4980E-01  7.5007E-01 -1.8244E+03  1.8234E+03
  9.3955E-01  3.1340E+00  1.0005E+03  0.0000E+00 -2.0856E-04  7.4980E-01  7.5007E-01 -1.8319E+03  1.8308E+03
  9.3985E-01  3.1350E+00  1.0005E+03  0.0000E+00 -2.0932E-04  7.4980E-01  7.5007E-01 -1.8393E+03  1.8383E+03
  9.4015E-01  3.1360E+00  1.0005E+03 -3.8756E-10 -2.1007E-04  7.4980E-01  7.5007E-01 -1.8468E+03  1.8458E+03
  9.4045E-01  3.1370E+00  1.0005E+03  0.0000E+00 -2.1083E-04  7.4980E-01  7.5008E-01 -1.8544E+03  1.8533E+03
  9.4075E-01  3.1380E+00  1.0005E+03  0.0000E+00 -2.1159E-04  7.4980E-01  7.5008E-01 -1.8619E+03  1.8609E+03
  9.4105E-01  3.1390E+00  1.0005E+03  0.0000E+00 -2.1235E-04  7.4980E-01  7.5008E-01 -1.8696E+03  1.8685E+03
  9.4135E-01  3.1400E+00  1.0005E+03  0.0000E+00 -2.1312E-04  7.4980E-01  7.5008E-01 -1.8772E+03  1.8761E+03
  9.4165E-01  3.1410E+00  1.0005E+03  0.0000E+00 -2.1389E-04  7.4980E-01  7.5008E-01 -1.8849E+03  1.8838E+03
  9.4195E-01  3.1420E+00  1.0005E+03  3.8756E-10 -2.1467E-04  7.4980E-01  7.5008E-01 -1.8926E+03  1.8915E+03
  9.4225E-01  3.1430E+00  1.0005E+03  0.0000E+00 -2.1544E-04  7.4980E-01  7.5008E-01 -1.9003E+03  1.8992E+03
  9.4255E-01  3.1440E+00  1.0005E+03  0.0000E+00 -2.1622E-04  7.4980E-01  7.5008E-01 -1.9081E+03  1.9070E+03
  9.4285E-01  3.1450E+00  1.0005E+03  0.0000E+00 -2.1700E-04  7.4980E-01  7.5008E-01 -1.9159E+03  1.9148E+03
  9.4315E-01  3.1460E+00  1.0005E+03  3.8756E-10 -2.1779E-04  7.4980E-01  7.5008E-01 -1.9238E+03  1.9226E+03
  9.4345E-01  3.1470E+00  1.0005E+03  0.0000E+00 -2.1858E-04  7.4980E-01  7.5008E-01 -1.9317E+03  1.9305E+03
  9.4375E-01  3.1480E+00  1.0005E+03  0.0000E+00 -2.1937E-04  7.4979E-01  7.5008E-01 -1.9396E+03  1.9385E+03
  9.4405E-01  3.1490E+00  1.0005E+03  0.0000E+00 -2.2017E-04  7.4979E-01  7.5008E-01 -1.9476E+03  1.9464E+03
  9.4435E-01  3.1500E+00  1.0005E+03  3.8756E-10 -2.2097E-04  7.4979E-01  7.5008E-01 -1.9556E+03  1.9544E+03
  9.4465E-01  3.1510E+00  1.0005E+03  0.0000E+00 -2.2177E-04  7.4979E-01  7.5008E-01 -1.9636E+03  1.9624E+03
  9.4495E-01  3.1520E+00  1.0005E+03  0.0000E+00 -2.2257E-04  7.4979E-01  7.5008E-01 -1.9717E+03  1.9705E+03
  9.4525E-01  3.1530E+00  1.0005E+03  0.0000E+00 -2.2338E-04  7.4979E-01  7.5008E-01 -1.9798E+03  1.9786E+03
  9.4555E-01  3.1540E+00  1.0005E+03  0.0000E+00 -2.2419E-04  7.4979E-01  7.5008E-01 -1.9879E+03  1.9867E+03
  9.4585E-01  3.1550E+00  1.0005E+03  3.8756E-10 -2.2501E-04  7.4979E-01  7.5009E-01 -1.9961E+03  1.9948E+03
  9.4614E-01  3.1560E+00  1.0005E+03 -3.8756E-10 -2.2582E-04  7.4979E-01  7.5009E-01 -2.0042E+03  2.0030E+03
  9.4644E-01  3.1570E+00  1.0005E+03  0.0000E+00 -2.2665E-04  7.4979E-01  7.5009E-01 -2.0125E+03  2.0112E+03
  9.4674E-01  3.1580E+00  1.0005E+03  0.0000E+00 -2.2747E-04  7.4979E-01  7.5009E-01 -2.0207E+03  2.0194E+03
  9.4704E-01  3.1590E+00  1.0005E+03  0.0000E+00 -2.2830E-04  7.4979E-01  7.5009E-01 -2.0289E+03  2.0277E+03
  9.4734E-01  3.1600E+00  1.0005E+03 -3.8756E-10 -2.2913E-04  7.4979E-01  7.5009E-01 -2.0372E+03  2.0359E+03
  9.4764E-01  3.1610E+00  1.0005E+03  0.0000E+00 -2.2996E-04  7.4979E-01  7.5009E-01 -2.0455E+03  2.0443E+03
  9.4794E-01  3.1620E+00  1.0005E+03  0.0000E+00 -2.3080E-04  7.4979E-01  7.5009E-01 -2.0539E+03  2.0526E+03
  9.4824E-01  3.1630E+00  1.0005E+03  0.0000E+00 -2.3164E-04  7.4979E-01  7.5009E-01 -2.0622E+03  2.0609E+03
  9.4854E-01  3.1640E+00  1.0005E+03  0.0000E+00 -2.3249E-04  7.4979E-01  7.5009E-01 -2.0706E+03  2.0693E+03
  9.4884E-01  3.1650E+00  1.0005E+03  0.0000E+00 -2.3333E-04  7.4978E-01  7.5009E-01 -2.0790E+03  2.0777E+03
  9.4914E-01  3.1660E+00  1.0005E+03  0.0000E+00 -2.3419E-04  7.4978E-01  7.5009E-01 -2.0875E+03  2.0861E+03
  9.4944E-01  3.1670E+00  1.0005E+03  3.8756E-10 -2.3504E-04  7.4978E-01  7.5009E-01 -2.0959E+03  2.0946E+03
  9.4974E-01  3.1680E+00  1.0005E+03  0.0000E+00 -2.3590E-04  7.4978E-01  7.5009E-01 -2.1044E+03  2.1031E+03
  9.5004E-01  3.1690E+00  1.0005E+03  0.0000E+00 -2.3676E-04  7.4978E-01  7.5009E-01 -2.1129E+03  2.1116E+03
  9.5034E-01  3.1700E+00  1.0005E+03  0.0000E+00 -2.3762E-04  7.4978E-01  7.5009E-01 -2.1215E+03  2.1201E+03
  9.5064E-01  3.1710E+00  1.0005E+03  3.8756E-10 -2.3849E-04  7.4978E-01  7.5010E-01 -2.1301E+03  2.1287E+03
  9.5094E-01  3.1720E+00  1.0005E+03  0.0000E+00 -2.3936E-04  7.4978E-01  7.5010E-01 -2.1387E+03  2.1373E+03
  9.5124E-01  3.1730E+00  1.0005E+03  0.0000E+00 -2.4024E-04  7.4978E-01  7.5010E-01 -2.1473E+03  2.1459E+03
  9.5154E-01  3.1740E+00  1.0005E+03  0.0000E+00 -2.4112E-04  7.4978E-01  7.5010E-01 -2.1560E+03  2.1546E+03
  9.5184E-01  3.1750E+00  1.0005E+03  0.0000E+00 -2.4200E-04  7.4978E-01  7.5010E-01 -2.1647E+03  2.1632E+03
  9.5214E-01  3.1760E+00  1.0005E+03  0.0000E+00 -2.4288E-04  7.4978E-01  7.5010E-01 -2.1734E+03  2.1720E+03
  9.5244E-01  3.1770E+00  1.0005E+03  0.0000E+00 -2.4377E-04  7.4978E-01  7.5010E-01 -2.1822E+03  2.1807E+03
  9.5274E-01  3.1780E+00  1.0005E+03  0.0000E+00 -2.4467E-04  7.4978E-01  7.5010E-01 -2.1910E+03  2.1895E+03
  9.5304E-01  3.1790E+00  1.0005E+03  0.0000E+00 -2.4556E-04  7.4978E-01  7.5010E-01 -2.1998E+03  2.1983E+03
  9.5334E-01  3.1800E+00  1.0005E+03  0.0000E+00 -2.4646E-04  7.4978E-01  7.5010E-01 -2.2087E+03  2.2072E+03
  9.5364E-01  3.1810E+00  1.0005E+03 -3.8756E-10 -2.4736E-04  7.4977E-01  7.5010E-01 -2.2175E+03  2.2160E+03
  9.5394E-01  3.1820E+00  1.0005E+03  3.8756E-10 -2.4827E-04  7.4977E-01  7.5010E-01 -2.2264E+03  2.2249E+03
  9.5424E-01  3.1830E+00  1.0005E+03  0.0000E+00 -2.4918E-04  7.4977E-01  7.5010E-01 -2.2354E+03  2.2339E+03
  9.5454E-01  3.1840E+00  1.0005E+03  3.8756E-10 -2.5009E-04  7.4977E-01  7.5010E-01 -2.2444E+03  2.2428E+03
  9.5484E-01  3.1850E+00  1.0005E+03  0.0000E+00 -2.5101E-04  7.4977E-01  7.5010E-01 -2.2534E+03  2.2518E+03
  9.5514E-01  3.1860E+00  1.0005E+03 -3.8756E-10 -2.5193E-04  7.4977E-01  7.5011E-01 -2.2624E+03  2.2608E+03
  9.5544E-01  3.1870E+00  1.0005E+03  3.8756E-10 -2.5286E-04  7.4977E-01  7.5011E-01 -2.2715E+03  2.2699E+03
  9.5574E-01  3.1880E+00  1.0005E+03 -3.8756E-10 -2.5379E-04  7.4977E-01  7.5011E-01 -2.2806E+03  2.2790E+03
  9.5604E-01  3.1890E+00  1.0005E+03  0.0000E+00 -2.5472E-04  7.4977E-01  7.5011E-01 -2.2897E+03  2.2881E+03
  9.5634E-01  3.1900E+00  1.0005E+03  0.0000E+00 -2.5565E-04  7.4977E-01  7.5011E-01 -2.2989E+03  2.2972E+03
  9.5664E-01  3.1910E+00  1.0005E+03  0.0000E+00 -2.5659E-04  7.4977E-01  7.5011E-01 -2.3081E+03  2.3064E+03
  9.5694E-01  3.1920E+00  1.0005E+03  3.8756E-10 -2.5753E-04  7.4977E-01  7.5011E-01 -2.3173E+03  2.3157E+03
  9.5724E-01  3.1930E+00  1.0005E+03  0.0000E+00 -2.5848E-04  7.4977E-01  7.5011E-01 -2.3266E+03  2.3249E+03
  9.5754E-01  3.1940E+00  1.0005E+03 -3.8756E-10 -2.5943E-04  7.4977E-01  7.5011E-01 -2.3359E+03  2.3342E+03
  9.5784E-01  3.1950E+00  1.0005E+03  0.0000E+00 -2.6038E-04  7.4976E-01  7.5011E-01 -2.3452E+03  2.3435E+03
  9.5814E-01  3.1960E+00  1.0005E+03  0.0000E+00 -2.6134E-04  7.4976E-01  7.5011E-01 -2.3546E+03  2.3529E+03
  9.5844E-01  3.1970E+00  1.0005E+03  0.0000E+00 -2.6230E-04  7.4976E-01  7.5011E-01 -2.3641E+03  2.3624E+03
  9.5874E-01  3.1980E+00  1.0005E+03 -3.8756E-10 -2.6327E-04  7.4976E-01  7.5011E-01 -2.3736E+03  2.3718E+03
  9.5904E-01  3.1990E+00  1.0005E+03  3.8756E-10 -2.6424E-04  7.4976E-01  7.5011E-01 -2.3831E+03  2.3814E+03
  9.5934E-01  3.2000E+00  1.0005E+03 -3.8756E-10 -2.6521E-04  7.4976E-01  7.5012E-01 -2.3927E+03  2.3910E+03
  9.5964E-01  3.2010E+00  1.0005E+03  0.0000E+00 -2.6619E-04  7.4976E-01  7.5012E-01 -2.4024E+03  2.4006E+03
  9.5994E-01  3.2020E+00  1.0005E+03  0.0000E+00 -2.6717E-04  7.4976E-01  7.5012E-01 -2.4121E+03  2.4103E+03
  9.6024E-01  3.2030E+00  1.0005E+03  0.0000E+00 -2.6815E-04  7.4976E-01  7.5012E-01 -2.4218E+03  2.4200E+03
  9.6053E-01  3.2040E+00  1.0005E+03  0.0000E+00 -2.6914E-04  7.4976E-01  7.5012E-01 -2.4316E+03  2.4298E+03
  9.6083E-01  3.2050E+00  1.0005E+03 -3.8756E-10 -2.7013E-04  7.4976E-01  7.5012E-01 -2.4415E+03  2.4397E+03
  9.6113E-01  3.2060E+00  1.0005E+03  0.0000E+00 -2.7113E-04  7.4976E-01  7.5012E-01 -2.4515E+03  2.4496E+03
  9.6143E-01  3.2070E+00  1.0005E+03  3.8756E-10 -2.7213E-04  7.4976E-01  7.5012E-01 -2.4615E+03  2.4596E+03
  9.6173E-01  3.2080E+00  1.0005E+03  0.0000E+00 -2.7313E-04  7.4976E-01  7.5012E-01 -2.4715E+03  2.4697E+03
  9.6203E-01  3.2090E+00  1.0005E+03 -3.8756E-10 -2.7414E-04  7.4975E-01  7.5012E-01 -2.4816E+03  2.4798E+03
  9.6233E-01  3.2100E+00  1.0005E+03  0.0000E+00 -2.7515E-04  7.4975E-01  7.5012E-01 -2.4918E+03  2.4899E+03
  9.6263E-01  3.2110E+00  1.0005E+03  3.8756E-10 -2.7617E-04  7.4975E-01  7.5012E-01 -2.5020E+03  2.5001E+03
  9.6293E-01  3.2120E+00  1.0005E+03  0.0000E+00 -2.7719E-04  7.4975E-01  7.5012E-01 -2.5123E+03  2.5104E+03
  9.6323E-01  3.2130E+00  1.0005E+03  0.0000E+00 -2.7821E-04  7.4975E-01  7.5012E-01 -2.5226E+03  2.5207E+03
  9.6353E-01  3.2140E+00  1.0005E+03  0.0000E+00 -2.7924E-04  7.4975E-01  7.5013E-01 -2.5330E+03  2.5311E+03
  9.6383E-01  3.2150E+00  1.0005E+03  0.0000E+00 -2.8028E-04  7.4975E-01  7.5013E-01 -2.5435E+03  2.5415E+03
  9.6413E-01  3.2160E+00  1.0005E+03  0.0000E+00 -2.8131E-04  7.4975E-01  7.5013E-01 -2.5539E+03  2.5519E+03
  9.6443E-01  3.2170E+00  1.0005E+03  0.0000E+00 -2.8235E-04  7.4975E-01  7.5013E-01 -2.5645E+03  2.5624E+03
  9.6473E-01  3.2180E+00  1.0005E+03  0.0000E+00 -2.8340E-04  7.4975E-01  7.5013E-01 -2.5750E+03  2.5730E+03
  9.6503E-01  3.2190E+00  1.0005E+03  0.0000E+00 -2.8445E-04  7.4975E-01  7.5013E-01 -2.5856E+03  2.5836E+03
  9.6533E-01  3.2200E+00  1.0005E+03  0.0000E+00 -2.8550E-04  7.4975E-01  7.5013E-01 -2.5963E+03  2.5942E+03
  9.6563E-01  3.2210E+00  1.0005E+03  3.8756E-10 -2.8656E-04  7.4975E-01  7.5013E-01 -2.6069E+03  2.6049E+03
  9.6593E-01  3.2220E+00  1.0005E+03  0.0000E+00 -2.8762E-04  7.4974E-01  7.5013E-01 -2.6177E+03  2.6156E+03
  9.6623E-01  3.2230E+00  1.0005E+03  0.0000E+00 -2.8869E-04  7.4974E-01  7.5013E-01 -2.6284E+03  2.6263E+03
  9.6653E-01  3.2240E+00  1.0005E+03 -3.8756E-10 -2.8976E-04  7.4974E-01  7.5013E-01 -2.6392E+03  2.6371E+03
  9.6683E-01  3.2250E+00  1.0005E+03  0.0000E+00 -2.9084E-04  7.4974E-01  7.5013E-01 -2.6500E+03  2.6479E+03
  9.6713E-01  3.2260E+00  1.0005E+03  3.8756E-10 -2.9192E-04  7.4974E-01  7.5013E-01 -2.6609E+03  2.6587E+03
  9.6743E-01  3.2270E+00  1.0005E+03  0.0000E+00 -2.9300E-04  7.4974E-01  7.5014E-01 -2.6718E+03  2.6696E+03
  9.6773E-01  3.2280E+00  1.0005E+03  0.0000E+00 -2.9409E-04  7.4974E-01  7.5014E-01 -2.6827E+03  2.6805E+03
  9.6803E-01  3.2290E+00  1.0005E+03  0.0000E+00 -2.9518E-04  7.4974E-01  7.5014E-01 -2.6937E+03  2.6915E+03
  9.6833E-01  3.2300E+00  1.0005E+03  0.0000E+00 -2.9628E-04  7.4974E-01  7.5014E-01 -2.7047E+03  2.7025E+03
  9.6863E-01  3.2310E+00  1.0005E+03  0.0000E+00 -2.9738E-04  7.4974E-01  7.5014E-01 -2.7158E+03  2.7135E+03
  9.6893E-01  3.2320E+00  1.0005E+03  0.0000E+00 -2.9848E-04  7.4974E-01  7.5014E-01 -2.7269E+03  2.7246E+03
  9.6923E-01  3.2330E+00  1.0005E+03  0.0000E+00 -2.9960E-04  7.4974E-01  7.5014E-01 -2.7380E+03  2.7357E+03
  9.6953E-01  3.2340E+00  1.0005E+03  0.0000E+00 -3.0071E-04  7.4974E-01  7.5014E-01 -2.7492E+03  2.7469E+03
  9.6983E-01  3.2350E+00  1.0005E+03  0.0000E+00 -3.0183E-04  7.4973E-01  7.5014E-01 -2.7604E+03  2.7581E+03
  9.7013E-01  3.2360E+00  1.0005E+03  0.0000E+00 -3.0295E-04  7.4973E-01  7.5014E-01 -2.7716E+03  2.7693E+03
  9.7043E-01  3.2370E+00  1.0005E+03 -3.8756E-10 -3.0408E-04  7.4973E-01  7.5014E-01 -2.7829E+03  2.7806E+03
  9.7073E-01  3.2380E+00  1.0005E+03  3.8756E-10 -3.0521E-04  7.4973E-01  7.5014E-01 -2.7943E+03  2.7919E+03
  9.7103E-01  3.2390E+00  1.0005E+03  0.0000E+00 -3.0635E-04  7.4973E-01  7.5015E-01 -2.8057E+03  2.8033E+03
  9.7133E-01  3.2400E+00  1.0005E+03 -3.8756E-10 -3.0749E-04  7.4973E-01  7.5015E-01 -2.8171E+03  2.8147E+03
  9.7163E-01  3.2410E+00  1.0005E+03  3.8756E-10 -3.0864E-04  7.4973E-01  7.5015E-01 -2.8285E+03  2.8261E+03
  9.7193E-01  3.2420E+00  1.0005E+03 -3.8756E-10 -3.0979E-04  7.4973E-01  7.5015E-01 -2.8400E+03  2.8376E+03
  9.7223E-01  3.2430E+00  1.0005E+03  0.0000E+00 -3.1095E-04  7.4973E-01  7.5015E-01 -2.8515E+03  2.8491E+03
  9.7253E-01  3.2440E+00  1.0005E+03  0.0000E+00 -3.1211E-04  7.4973E-01  7.5015E-01 -2.8631E+03  2.8606E+03
  9.7283E-01  3.2450E+00  1.0005E+03  0.0000E+00 -3.1327E-04  7.4973E-01  7.5015E-01 -2.8748E+03  2.8722E+03
  9.7313E-01  3.2460E+00  1.0005E+03  3.8756E-10 -3.1444E-04  7.4973E-01  7.5015E-01 -2.8864E+03  2.8839E+03
  9.7343E-01  3.2470E+00  1.0005E+03  0.0000E+00 -3.1561E-04  7.4972E-01  7.5015E-01 -2.8981E+03  2.8955E+03
  9.7373E-01  3.2480E+00  1.0005E+03 -3.8756E-10 -3.1679E-04  7.4972E-01  7.5015E-01 -2.9098E+03  2.9072E+03
  9.7403E-01  3.2490E+00  1.0005E+03  3.8756E-10 -3.1798E-04  7.4972E-01  7.5015E-01 -2.9216E+03  2.9190E+03
  9.7433E-01  3.2500E+00  1.0005E+03  0.0000E+00 -3.1917E-04  7.4972E-01  7.5015E-01 -2.9334E+03  2.9308E+03
  9.7463E-01  3.2510E+00  1.0005E+03  0.0000E+00 -3.2036E-04  7.4972E-01  7.5016E-01 -2.9452E+03  2.9426E+03
  9.7492E-01  3.2520E+00  1.0005E+03  0.0000E+00 -3.2156E-04  7.4972E-01  7.5016E-01 -2.9572E+03  2.9545E+03
  9.7522E-01  3.2530E+00  1.0005E+03  0.0000E+00 -3.2276E-04  7.4972E-01  7.5016E-01 -2.9691E+03  2.9664E+03
  9.7552E-01  3.2540E+00  1.0005E+03  0.0000E+00 -3.2397E-04  7.4972E-01  7.5016E-01 -2.9811E+03  2.9784E+03
  9.7582E-01  3.2550E+00  1.0005E+03  0.0000E+00 -3.2518E-04  7.4972E-01  7.5016E-01 -2.9931E+03  2.9904E+03
  9.7612E-01  3.2560E+00  1.0005E+03  0.0000E+00 -3.2639E-04  7.4972E-01  7.5016E-01 -3.0052E+03  3.0025E+03
  9.7642E-01  3.2570E+00  1.0005E+03  0.0000E+00 -3.2762E-04  7.4972E-01  7.5016E-01 -3.0174E+03  3.0146E+03
  9.7672E-01  3.2580E+00  1.0005E+03  0.0000E+00 -3.2884E-04  7.4971E-01  7.5016E-01 -3.0296E+03  3.0269E+03
  9.7702E-01  3.2590E+00  1.0005E+03  0.0000E+00 -3.3007E-04  7.4971E-01  7.5016E-01 -3.0420E+03  3.0391E+03
  9.7732E-01  3.2600E+00  1.0005E+03 -3.8756E-10 -3.3131E-04  7.4971E-01  7.5016E-01 -3.0543E+03  3.0515E+03
  9.7762E-01  3.2610E+00  1.0005E+03  0.0000E+00 -3.3255E-04  7.4971E-01  7.5016E-01 -3.0667E+03  3.0639E+03
  9.7792E-01  3.2620E+00  1.0005E+03  0.0000E+00 -3.3380E-04  7.4971E-01  7.5017E-01 -3.0793E+03  3.0764E+03
  9.7822E-01  3.2630E+00  1.0005E+03  0.0000E+00 -3.3505E-04  7.4971E-01  7.5017E-01 -3.0918E+03  3.0889E+03
  9.7852E-01  3.2640E+00  1.0005E+03  0.0000E+00 -3.3630E-04  7.4971E-01  7.5017E-01 -3.1045E+03  3.1016E+03
  9.7882E-01  3.2650E+00  1.0005E+03  0.0000E+00 -3.3757E-04  7.4971E-01  7.5017E-01 -3.1172E+03  3.1143E+03
  9.7912E-01  3.2660E+00  1.0005E+03  3.8756E-10 -3.3883E-04  7.4971E-01  7.5017E-01 -3.1301E+03  3.1271E+03
  9.7942E-01  3.2670E+00  1.0005E+03  0.0000E+00 -3.4010E-04  7.4971E-01  7.5017E-01 -3.1430E+03  3.1400E+03
  9.7972E-01  3.2680E+00  1.0005E+03  0.0000E+00 -3.4138E-04  7.4971E-01  7.5017E-01 -3.1560E+03  3.1530E+03
  9.8002E-01  3.2690E+00  1.0005E+03  0.0000E+00 -3.4266E-04  7.4970E-01  7.5017E-01 -3.1690E+03  3.1660E+03
  9.8032E-01  3.2700E+00  1.0005E+03 -3.8756E-10 -3.4395E-04  7.4970E-01  7.5017E-01 -3.1822E+03  3.1791E+03
  9.8062E-01  3.2710E+00  1.0005E+03  0.0000E+00 -3.4524E-04  7.4970E-01  7.5017E-01 -3.1954E+03  3.1923E+03
  9.8092E-01  3.2720E+00  1.0005E+03  0.0000E+00 -3.4654E-04  7.4970E-01  7.5018E-01 -3.2087E+03  3.2055E+03
  9.8122E-01  3.2730E+00  1.0005E+03  0.0000E+00 -3.4784E-04  7.4970E-01  7.5018E-01 -3.2220E+03  3.2189E+03
  9.8152E-01  3.2740E+00  1.0005E+03  0.0000E+00 -3.4915E-04  7.4970E-01  7.5018E-01 -3.2355E+03  3.2323E+03
  9.8182E-01  3.2750E+00  1.0005E+03  0.0000E+00 -3.5047E-04  7.4970E-01  7.5018E-01 -3.2490E+03  3.2458E+03
  9.8212E-01  3.2760E+00  1.0005E+03  0.0000E+00 -3.5178E-04  7.4970E-01  7.5018E-01 -3.2626E+03  3.2594E+03
  9.8242E-01  3.2770E+00  1.0005E+03  0.0000E+00 -3.5311E-04  7.4970E-01  7.5018E-01 -3.2763E+03  3.2730E+03
  9.8272E-01  3.2780E+00  1.0005E+03 -3.8756E-10 -3.5444E-04  7.4970E-01  7.5018E-01 -3.2900E+03  3.2867E+03
  9.8302E-01  3.2790E+00  1.0005E+03  0.0000E+00 -3.5578E-04  7.4969E-01  7.5018E-01 -3.3038E+03  3.3005E+03
  9.8332E-01  3.2800E+00  1.0005E+03  3.8756E-10 -3.5712E-04  7.4969E-01  7.5018E-01 -3.3177E+03  3.3143E+03
  9.8362E-01  3.2810E+00  1.0005E+03  0.0000E+00 -3.5846E-04  7.4969E-01  7.5018E-01 -3.3316E+03  3.3283E+03
  9.8392E-01  3.2820E+00  1.0005E+03  0.0000E+00 -3.5982E-04  7.4969E-01  7.5018E-01 -3.3457E+03  3.3423E+03
  9.8422E-01  3.2830E+00  1.0005E+03 -3.8756E-10 -3.6117E-04  7.4969E-01  7.5019E-01 -3.3598E+03  3.3564E+03
  9.8452E-01  3.2840E+00  1.0005E+03  0.0000E+00 -3.6254E-04  7.4969E-01  7.5019E-01 -3.3739E+03  3.3705E+03
  9.8482E-01  3.2850E+00  1.0005E+03  0.0000E+00 -3.6391E-04  7.4969E-01  7.5019E-01 -3.3882E+03  3.3847E+03
  9.8512E-01  3.2860E+00  1.0005E+03  0.0000E+00 -3.6528E-04  7.4969E-01  7.5019E-01 -3.4026E+03  3.3991E+03
  9.8542E-01  3.2870E+00  1.0005E+03  3.8756E-10 -3.6666E-04  7.4969E-01  7.5019E-01 -3.4170E+03  3.4135E+03
  9.8572E-01  3.2880E+00  1.0005E+03  0.0000E+00 -3.6805E-04  7.4969E-01  7.5019E-01 -3.4315E+03  3.4280E+03
  9.8602E-01  3.2890E+00  1.0005E+03  3.8756E-10 -3.6944E-04  7.4968E-01  7.5019E-01 -3.4462E+03  3.4426E+03
  9.8632E-01  3.2900E+00  1.0005E+03  0.0000E+00 -3.7084E-04  7.4968E-01  7.5019E-01 -3.4609E+03  3.4573E+03
  9.8662E-01  3.2910E+00  1.0005E+03  0.0000E+00 -3.7224E-04  7.4968E-01  7.5019E-01 -3.4758E+03  3.4722E+03
  9.8692E-01  3.2920E+00  1.0005E+03  0.0000E+00 -3.7365E-04  7.4968E-01  7.5020E-01 -3.4908E+03  3.4871E+03
  9.8722E-01  3.2930E+00  1.0005E+03  0.0000E+00 -3.7507E-04  7.4968E-01  7.5020E-01 -3.5058E+03  3.5021E+03
  9.8752E-01  3.2940E+00  1.0005E+03  0.0000E+00 -3.7649E-04  7.4968E-01  7.5020E-01 -3.5210E+03  3.5173E+03
  9.8782E-01  3.2950E+00  1.0005E+03  0.0000E+00 -3.7792E-04  7.4968E-01  7.5020E-01 -3.5363E+03  3.5326E+03
  9.8812E-01  3.2960E+00  1.0005E+03  0.0000E+00 -3.7935E-04  7.4968E-01  7.5020E-01 -3.5518E+03  3.5480E+03
  9.8842E-01  3.2970E+00  1.0005E+03  0.0000E+00 -3.8079E-04  7.4968E-01  7.5020E-01 -3.5673E+03  3.5635E+03
  9.8872E-01  3.2980E+00  1.0005E+03  0.0000E+00 -3.8224E-04  7.4967E-01  7.5020E-01 -3.5830E+03  3.5791E+03
  9.8902E-01  3.2990E+00  1.0005E+03  0.0000E+00 -3.8369E-04  7.4967E-01  7.5020E-01 -3.5988E+03  3.5949E+03
  9.8931E-01  3.3000E+00  1.0005E+03  0.0000E+00 -3.8515E-04  7.4967E-01  7.5020E-01 -3.6147E+03  3.6107E+03
  9.8961E-01  3.3010E+00  1.0005E+03  0.0000E+00 -3.8662E-04  7.4967E-01  7.5020E-01 -3.6307E+03  3.6267E+03
  9.8991E-01  3.3020E+00  1.0005E+03  0.0000E+00 -3.8809E-04  7.4967E-01  7.5021E-01 -3.6468E+03  3.6428E+03
  9.9021E-01  3.3030E+00  1.0005E+03  0.0000E+00 -3.8957E-04  7.4967E-01  7.5021E-01 -3.6630E+03  3.6590E+03
  9.9051E-01  3.3040E+00  1.0005E+03  0.0000E+00 -3.9105E-04  7.4967E-01  7.5021E-01 -3.6793E+03  3.6753E+03
  9.9081E-01  3.3050E+00  1.0005E+03  0.0000E+00 -3.9254E-04  7.4967E-01  7.5021E-01 -3.6957E+03  3.6916E+03
  9.9111E-01  3.3060E+00  1.0005E+03  0.0000E+00 -3.9404E-04  7.4967E-01  7.5021E-01 -3.7122E+03  3.7081E+03
  9.9141E-01  3.3070E+00  1.0005E+03  0.0000E+00 -3.9555E-04  7.4967E-01  7.5021E-01 -3.7288E+03  3.7247E+03
  9.9171E-01  3.3080E+00  1.0005E+03 -3.8756E-10 -3.9706E-04  7.4966E-01  7.5021E-01 -3.7455E+03  3.7413E+03
  9.9201E-01  3.3090E+00  1.0005E+03  0.0000E+00 -3.9858E-04  7.4966E-01  7.5021E-01 -3.7622E+03  3.7580E+03
  9.9231E-01  3.3100E+00  1.0005E+03  3.8756E-10 -4.0010E-04  7.4966E-01  7.5021E-01 -3.7791E+03  3.7748E+03
  9.9261E-01  3.3110E+00  1.0005E+03  0.0000E+00 -4.0163E-04  7.4966E-01  7.5022E-01 -3.7960E+03  3.7917E+03
  9.9291E-01  3.3120E+00  1.0005E+03  0.0000E+00 -4.0317E-04  7.4966E-01  7.5022E-01 -3.8129E+03  3.8086E+03
  9.9321E-01  3.3130E+00  1.0005E+03  0.0000E+00 -4.0472E-04  7.4966E-01  7.5022E-01 -3.8299E+03  3.8256E+03
  9.9351E-01  3.3140E+00  1.0005E+03  0.0000E+00 -4.0627E-04  7.4966E-01  7.5022E-01 -3.8470E+03  3.8426E+03
  9.9381E-01  3.3150E+00  1.0005E+03  0.0000E+00 -4.0783E-04  7.4966E-01  7.5022E-01 -3.8642E+03  3.8598E+03
  9.9411E-01  3.3160E+00  1.0005E+03  0.0000E+00 -4.0939E-04  7.4965E-01  7.5022E-01 -3.8814E+03  3.8769E+03
  9.9441E-01  3.3170E+00  1.0005E+03  0.0000E+00 -4.1096E-04  7.4965E-01  7.5022E-01 -3.8987E+03  3.8942E+03
  9.9471E-01  3.3180E+00  1.0005E+03  0.0000E+00 -4.1254E-04  7.4965E-01  7.5022E-01 -3.9160E+03  3.9115E+03
  9.9501E-01  3.3190E+00  1.0005E+03 -3.8756E-10 -4.1413E-04  7.4965E-01  7.5023E-01 -3.9334E+03  3.9288E+03
  9.9531E-01  3.3200E+00  1.0005E+03  0.0000E+00 -4.1572E-04  7.4965E-01  7.5023E-01 -3.9509E+03  3.9462E+03
  9.9561E-01  3.3210E+00  1.0005E+03  0.0000E+00 -4.1732E-04  7.4965E-01  7.5023E-01 -3.9684E+03  3.9637E+03
  9.9591E-01  3.3220E+00  1.0005E+03  0.0000E+00 -4.1893E-04  7.4965E-01  7.5023E-01 -3.9859E+03  3.9812E+03
  9.9621E-01  3.3230E+00  1.0005E+03  0.0000E+00 -4.2054E-04  7.4965E-01  7.5023E-01 -4.0036E+03  3.9988E+03
  9.9651E-01  3.3240E+00  1.0005E+03  3.8756E-10 -4.2217E-04  7.4965E-01  7.5023E-01 -4.0212E+03  4.0165E+03
  9.9681E-01  3.3250E+00  1.0005E+03  0.0000E+00 -4.2379E-04  7.4964E-01  7.5023E-01 -4.0390E+03  4.0342E+03
  9.9711E-01  3.3260E+00  1.0005E+03  0.0000E+00 -4.2543E-04  7.4964E-01  7.5023E-01 -4.0568E+03  4.0519E+03
  9.9741E-01  3.3270E+00  1.0005E+03  0.0000E+00 -4.2707E-04  7.4964E-01  7.5023E-01 -4.0747E+03  4.0698E+03
  9.9771E-01  3.3280E+00  1.0005E+03  3.8756E-10 -4.2872E-04  7.4964E-01  7.5024E-01 -4.0926E+03  4.0877E+03
  9.9801E-01  3.3290E+00  1.0005E+03  0.0000E+00 -4.3038E-04  7.4964E-01  7.5024E-01 -4.1106E+03  4.1056E+03
  9.9831E-01  3.3300E+00  1.0005E+03  0.0000E+00 -4.3204E-04  7.4964E-01  7.5024E-01 -4.1286E+03  4.1236E+03
  9.9861E-01  3.3310E+00  1.0005E+03 -3.8756E-10 -4.3371E-04  7.4964E-01  7.5024E-01 -4.1467E+03  4.1417E+03
  9.9891E-01  3.3320E+00  1.0005E+03  3.8756E-10 -4.3539E-04  7.4964E-01  7.5024E-01 -4.1649E+03  4.1598E+03
  9.9921E-01  3.3330E+00  1.0005E+03  0.0000E+00 -4.3708E-04  7.4963E-01  7.5024E-01 -4.1831E+03  4.1780E+03
  9.9951E-01  3.3340E+00  1.0005E+03  0.0000E+00 -4.3877E-04  7.4963E-01  7.5024E-01 -4.2014E+03  4.1962E+03
  9.9981E-01  3.3350E+00  1.0005E+03  3.8756E-10 -4.4047E-04  7.4963E-01  7.5024E-01 -4.2198E+03  4.2145E+03
  1.0001E+00  3.3360E+00  1.0005E+03 -3.8756E-10 -4.4218E-04  7.4963E-01  7.5025E-01 -4.2382E+03  4.2329E+03
  1.0004E+00  3.3370E+00  1.0005E+03  3.8756E-10 -4.4389E-04  7.4963E-01  7.5025E-01 -4.2567E+03  4.2513E+03
  1.0007E+00  3.3380E+00  1.0005E+03  0.0000E+00 -4.4562E-04  7.4963E-01  7.5025E-01 -4.2752E+03  4.2698E+03
  1.0010E+00  3.3390E+00  1.0005E+03  0.0000E+00 -4.4735E-04  7.4963E-01  7.5025E-01 -4.2938E+03  4.2884E+03
  1.0013E+00  3.3400E+00  1.0005E+03  3.8756E-10 -4.4908E-04  7.4963E-01  7.5025E-01 -4.3125E+03  4.3070E+03
  1.0016E+00  3.3410E+00  1.0005E+03  0.0000E+00 -4.5083E-04  7.4962E-01  7.5025E-01 -4.3313E+03  4.3258E+03
  1.0019E+00  3.3420E+00  1.0005E+03  0.0000E+00 -4.5258E-04  7.4962E-01  7.5025E-01 -4.3501E+03  4.3445E+03
  1.0022E+00  3.3430E+00  1.0005E+03  0.0000E+00 -4.5434E-04  7.4962E-01  7.5025E-01 -4.3690E+03  4.3634E+03
  1.0025E+00  3.3440E+00  1.0005E+03  3.8756E-10 -4.5611E-04  7.4962E-01  7.5026E-01 -4.3880E+03  4.3824E+03
  1.0028E+00  3.3450E+00  1.0005E+03 -3.8756E-10 -4.5788E-04  7.4962E-01  7.5026E-01 -4.4071E+03  4.4014E+03
  1.0031E+00  3.3460E+00  1.0005E+03  0.0000E+00 -4.5966E-04  7.4962E-01  7.5026E-01 -4.4263E+03  4.4205E+03
  1.0034E+00  3.3470E+00  1.0005E+03  0.0000E+00 -4.6145E-04  7.4962E-01  7.5026E-01 -4.4456E+03  4.4398E+03
  1.0037E+00  3.3480E+00  1.0005E+03  0.0000E+00 -4.6325E-04  7.4961E-01  7.5026E-01 -4.4650E+03  4.4591E+03
  1.0040E+00  3.3490E+00  1.0005E+03  0.0000E+00 -4.6506E-04  7.4961E-01  7.5026E-01 -4.4845E+03  4.4786E+03
  1.0043E+00  3.3500E+00  1.0005E+03  0.0000E+00 -4.6687E-04  7.4961E-01  7.5026E-01 -4.5041E+03  4.4982E+03
  1.0046E+00  3.3510E+00  1.0005E+03  0.0000E+00 -4.6869E-04  7.4961E-01  7.5027E-01 -4.5239E+03  4.5179E+03
  1.0049E+00  3.3520E+00  1.0005E+03  0.0000E+00 -4.7052E-04  7.4961E-01  7.5027E-01 -4.5437E+03  4.5377E+03
  1.0052E+00  3.3530E+00  1.0005E+03  3.8756E-10 -4.7236E-04  7.4961E-01  7.5027E-01 -4.5637E+03  4.5576E+03
  1.0055E+00  3.3540E+00  1.0005E+03 -3.8756E-10 -4.7420E-04  7.4961E-01  7.5027E-01 -4.5839E+03  4.5777E+03
  1.0058E+00  3.3550E+00  1.0005E+03  0.0000E+00 -4.7606E-04  7.4961E-01  7.5027E-01 -4.6041E+03  4.5979E+03
  1.0061E+00  3.3560E+00  1.0005E+03  0.0000E+00 -4.7792E-04  7.4960E-01  7.5027E-01 -4.6245E+03  4.6183E+03
  1.0064E+00  3.3570E+00  1.0005E+03  0.0000E+00 -4.7979E-04  7.4960E-01  7.5027E-01 -4.6450E+03  4.6387E+03
  1.0067E+00  3.3580E+00  1.0005E+03  0.0000E+00 -4.8167E-04  7.4960E-01  7.5028E-01 -4.6657E+03  4.6593E+03
  1.0070E+00  3.3590E+00  1.0005E+03  0.0000E+00 -4.8355E-04  7.4960E-01  7.5028E-01 -4.6865E+03  4.6801E+03
  1.0073E+00  3.3600E+00  1.0005E+03  3.8756E-10 -4.8545E-04  7.4960E-01  7.5028E-01 -4.7074E+03  4.7009E+03
  1.0076E+00  3.3610E+00  1.0005E+03  0.0000E+00 -4.8735E-04  7.4960E-01  7.5028E-01 -4.7284E+03  4.7219E+03
  1.0079E+00  3.3620E+00  1.0005E+03  0.0000E+00 -4.8926E-04  7.4960E-01  7.5028E-01 -4.7496E+03  4.7430E+03
  1.0082E+00  3.3630E+00  1.0005E+03 -3.8756E-10 -4.9118E-04  7.4959E-01  7.5028E-01 -4.7709E+03  4.7642E+03
  1.0085E+00  3.3640E+00  1.0005E+03  0.0000E+00 -4.9311E-04  7.4959E-01  7.5028E-01 -4.7923E+03  4.7856E+03
  1.0088E+00  3.3650E+00  1.0005E+03  0.0000E+00 -4.9504E-04  7.4959E-01  7.5029E-01 -4.8138E+03  4.8071E+03
  1.0091E+00  3.3660E+00  1.0005E+03 -3.8756E-10 -4.9699E-04  7.4959E-01  7.5029E-01 -4.8354E+03  4.8286E+03
  1.0094E+00  3.3670E+00  1.0005E+03  3.8756E-10 -4.9894E-04  7.4959E-01  7.5029E-01 -4.8571E+03  4.8503E+03
  1.0097E+00  3.3680E+00  1.0005E+03 -3.8756E-10 -5.0091E-04  7.4959E-01  7.5029E-01 -4.8789E+03  4.8720E+03
  1.0100E+00  3.3690E+00  1.0005E+03  0.0000E+00 -5.0288E-04  7.4959E-01  7.5029E-01 -4.9008E+03  4.8939E+03
  1.0103E+00  3.3700E+00  1.0005E+03  0.0000E+00 -5.0486E-04  7.4958E-01  7.5029E-01 -4.9228E+03  4.9158E+03
  1.0106E+00  3.3710E+00  1.0005E+03  0.0000E+00 -5.0685E-04  7.4958E-01  7.5029E-01 -4.9449E+03  4.9378E+03
  1.0109E+00  3.3720E+00  1.0005E+03  0.0000E+00 -5.0884E-04  7.4958E-01  7.5030E-01 -4.9671E+03  4.9599E+03
  1.0112E+00  3.3730E+00  1.0005E+03  0.0000E+00 -5.1085E-04  7.4958E-01  7.5030E-01 -4.9893E+03  4.9821E+03
  1.0115E+00  3.3740E+00  1.0005E+03  0.0000E+00 -5.1287E-04  7.4958E-01  7.5030E-01 -5.0117E+03  5.0044E+03
  1.0118E+00  3.3750E+00  1.0005E+03  0.0000E+00 -5.1489E-04  7.4958E-01  7.5030E-01 -5.0341E+03  5.0268E+03
  1.0121E+00  3.3760E+00  1.0005E+03  0.0000E+00 -5.1692E-04  7.4957E-01  7.5030E-01 -5.0566E+03  5.0492E+03
  1.0124E+00  3.3770E+00  1.0005E+03  0.0000E+00 -5.1897E-04  7.4957E-01  7.5030E-01 -5.0792E+03  5.0717E+03
  1.0127E+00  3.3780E+00  1.0005E+03  3.8756E-10 -5.2102E-04  7.4957E-01  7.5030E-01 -5.1019E+03  5.0943E+03
  1.0130E+00  3.3790E+00  1.0005E+03 -3.8756E-10 -5.2308E-04  7.4957E-01  7.5031E-01 -5.1246E+03  5.1170E+03
  1.0133E+00  3.3800E+00  1.0005E+03  3.8756E-10 -5.2515E-04  7.4957E-01  7.5031E-01 -5.1475E+03  5.1398E+03
  1.0136E+00  3.3810E+00  1.0005E+03  0.0000E+00 -5.2723E-04  7.4957E-01  7.5031E-01 -5.1704E+03  5.1626E+03
  1.0139E+00  3.3820E+00  1.0005E+03  0.0000E+00 -5.2931E-04  7.4957E-01  7.5031E-01 -5.1934E+03  5.1856E+03
  1.0142E+00  3.3830E+00  1.0005E+03 -3.8756E-10 -5.3141E-04  7.4956E-01  7.5031E-01 -5.2165E+03  5.2086E+03
  1.0145E+00  3.3840E+00  1.0005E+03  0.0000E+00 -5.3352E-04  7.4956E-01  7.5031E-01 -5.2397E+03  5.2317E+03
  1.0148E+00  3.3850E+00  1.0005E+03  0.0000E+00 -5.3563E-04  7.4956E-01  7.5032E-01 -5.2629E+03  5.2549E+03
  1.0151E+00  3.3860E+00  1.0005E+03  0.0000E+00 -5.3776E-04  7.4956E-01  7.5032E-01 -5.2863E+03  5.2782E+03
  1.0154E+00  3.3870E+00  1.0005E+03  3.8756E-10 -5.3989E-04  7.4956E-01  7.5032E-01 -5.3098E+03  5.3016E+03
  1.0157E+00  3.3880E+00  1.0005E+03  0.0000E+00 -5.4204E-04  7.4956E-01  7.5032E-01 -5.3333E+03  5.3251E+03
  1.0160E+00  3.3890E+00  1.0005E+03  0.0000E+00 -5.4419E-04  7.4955E-01  7.5032E-01 -5.3569E+03  5.3487E+03
  1.0163E+00  3.3900E+00  1.0005E+03  0.0000E+00 -5.4635E-04  7.4955E-01  7.5032E-01 -5.3806E+03  5.3723E+03
  1.0166E+00  3.3910E+00  1.0005E+03  3.8756E-10 -5.4852E-04  7.4955E-01  7.5032E-01 -5.4044E+03  5.3960E+03
  1.0169E+00  3.3920E+00  1.0005E+03  3.8756E-10 -5.5070E-04  7.4955E-01  7.5033E-01 -5.4283E+03  5.4198E+03
  1.0172E+00  3.3930E+00  1.0005E+03  0.0000E+00 -5.5290E-04  7.4955E-01  7.5033E-01 -5.4523E+03  5.4437E+03
  1.0175E+00  3.3940E+00  1.0005E+03  0.0000E+00 -5.5510E-04  7.4955E-01  7.5033E-01 -5.4764E+03  5.4677E+03
  1.0178E+00  3.3950E+00  1.0005E+03  0.0000E+00 -5.5731E-04  7.4954E-01  7.5033E-01 -5.5005E+03  5.4918E+03
  1.0181E+00  3.3960E+00  1.0005E+03  0.0000E+00 -5.5953E-04  7.4954E-01  7.5033E-01 -5.5248E+03  5.5160E+03
  1.0184E+00  3.3970E+00  1.0005E+03  0.0000E+00 -5.6176E-04  7.4954E-01  7.5033E-01 -5.5491E+03  5.5402E+03
  1.0187E+00  3.3980E+00  1.0005E+03  3.8756E-10 -5.6399E-04  7.4954E-01  7.5034E-01 -5.5735E+03  5.5645E+03
  1.0190E+00  3.3990E+00  1.0005E+03 -3.8756E-10 -5.6624E-04  7.4954E-01  7.5034E-01 -5.5980E+03  5.5890E+03
  1.0193E+00  3.4000E+00  1.0005E+03  0.0000E+00 -5.6850E-04  7.4954E-01  7.5034E-01 -5.6226E+03  5.6135E+03
  1.0196E+00  3.4010E+00  1.0005E+03  0.0000E+00 -5.7077E-04  7.4953E-01  7.5034E-01 -5.6473E+03  5.6381E+03
  1.0199E+00  3.4020E+00  1.0005E+03 -3.8756E-10 -5.7305E-04  7.4953E-01  7.5034E-01 -5.6721E+03  5.6628E+03
  1.0202E+00  3.4030E+00  1.0005E+03  3.8756E-10 -5.7534E-04  7.4953E-01  7.5034E-01 -5.6969E+03  5.6876E+03
  1.0205E+00  3.4040E+00  1.0005E+03  0.0000E+00 -5.7764E-04  7.4953E-01  7.5035E-01 -5.7219E+03  5.7125E+03
  1.0208E+00  3.4050E+00  1.0005E+03  0.0000E+00 -5.7994E-04  7.4953E-01  7.5035E-01 -5.7470E+03  5.7375E+03
  1.0211E+00  3.4060E+00  1.0005E+03  0.0000E+00 -5.8226E-04  7.4953E-01  7.5035E-01 -5.7722E+03  5.7627E+03
  1.0214E+00  3.4070E+00  1.0005E+03  0.0000E+00 -5.8459E-04  7.4952E-01  7.5035E-01 -5.7976E+03  5.7880E+03
  1.0217E+00  3.4080E+00  1.0005E+03  3.8756E-10 -5.8693E-04  7.4952E-01  7.5035E-01 -5.8231E+03  5.8134E+03
  1.0220E+00  3.4090E+00  1.0005E+03  0.0000E+00 -5.8928E-04  7.4952E-01  7.5035E-01 -5.8487E+03  5.8389E+03
  1.0223E+00  3.4100E+00  1.0005E+03  0.0000E+00 -5.9164E-04  7.4952E-01  7.5036E-01 -5.8745E+03  5.8646E+03
  1.0226E+00  3.4110E+00  1.0005E+03  3.8756E-10 -5.9401E-04  7.4952E-01  7.5036E-01 -5.9003E+03  5.8904E+03
  1.0229E+00  3.4120E+00  1.0005E+03 -3.8756E-10 -5.9639E-04  7.4952E-01  7.5036E-01 -5.9264E+03  5.9163E+03
  1.0232E+00  3.4130E+00  1.0005E+03  0.0000E+00 -5.9878E-04  7.4951E-01  7.5036E-01 -5.9526E+03  5.9424E+03
  1.0235E+00  3.4140E+00  1.0005E+03  0.0000E+00 -6.0118E-04  7.4951E-01  7.5036E-01 -5.9789E+03  5.9686E+03
  1.0238E+00  3.4150E+00  1.0005E+03 -3.8756E-10 -6.0359E-04  7.4951E-01  7.5037E-01 -6.0054E+03  5.9950E+03
  1.0241E+00  3.4160E+00  1.0005E+03  3.8756E-10 -6.0601E-04  7.4951E-01  7.5037E-01 -6.0320E+03  6.0216E+03
  1.0244E+00  3.4170E+00  1.0005E+03  0.0000E+00 -6.0844E-04  7.4951E-01  7.5037E-01 -6.0588E+03  6.0483E+03
  1.0247E+00  3.4180E+00  1.0005E+03  0.0000E+00 -6.1088E-04  7.4951E-01  7.5037E-01 -6.0858E+03  6.0752E+03
  1.0250E+00  3.4190E+00  1.0005E+03  3.8756E-10 -6.1334E-04  7.4950E-01  7.5037E-01 -6.1128E+03  6.1022E+03
  1.0253E+00  3.4200E+00  1.0005E+03  0.0000E+00 -6.1580E-04  7.4950E-01  7.5037E-01 -6.1401E+03  6.1293E+03
  1.0256E+00  3.4210E+00  1.0005E+03  0.0000E+00 -6.1828E-04  7.4950E-01  7.5038E-01 -6.1674E+03  6.1566E+03
  1.0259E+00  3.4220E+00  1.0005E+03  0.0000E+00 -6.2076E-04  7.4950E-01  7.5038E-01 -6.1949E+03  6.1840E+03
  1.0262E+00  3.4230E+00  1.0005E+03  0.0000E+00 -6.2326E-04  7.4950E-01  7.5038E-01 -6.2226E+03  6.2115E+03
  1.0265E+00  3.4240E+00  1.0005E+03  0.0000E+00 -6.2577E-04  7.4949E-01  7.5038E-01 -6.2504E+03  6.2392E+03
  1.0268E+00  3.4250E+00  1.0005E+03  0.0000E+00 -6.2829E-04  7.4949E-01  7.5038E-01 -6.2783E+03  6.2671E+03
  1.0271E+00  3.4260E+00  1.0005E+03  0.0000E+00 -6.3082E-04  7.4949E-01  7.5039E-01 -6.3064E+03  6.2950E+03
  1.0274E+00  3.4270E+00  1.0005E+03  0.0000E+00 -6.3336E-04  7.4949E-01  7.5039E-01 -6.3345E+03  6.3231E+03
  1.0277E+00  3.4280E+00  1.0005E+03  3.8756E-10 -6.3592E-04  7.4949E-01  7.5039E-01 -6.3628E+03  6.3513E+03
  1.0280E+00  3.4290E+00  1.0005E+03  0.0000E+00 -6.3848E-04  7.4948E-01  7.5039E-01 -6.3912E+03  6.3796E+03
  1.0283E+00  3.4300E+00  1.0005E+03  0.0000E+00 -6.4106E-04  7.4948E-01  7.5039E-01 -6.4197E+03  6.4080E+03
  1.0286E+00  3.4310E+00  1.0005E+03  0.0000E+00 -6.4364E-04  7.4948E-01  7.5040E-01 -6.4484E+03  6.4366E+03
  1.0289E+00  3.4320E+00  1.0005E+03  0.0000E+00 -6.4624E-04  7.4948E-01  7.5040E-01 -6.4772E+03  6.4653E+03
  1.0292E+00  3.4330E+00  1.0005E+03  0.0000E+00 -6.4885E-04  7.4948E-01  7.5040E-01 -6.5061E+03  6.4940E+03
  1.0295E+00  3.4340E+00  1.0005E+03  0.0000E+00 -6.5148E-04  7.4947E-01  7.5040E-01 -6.5351E+03  6.5229E+03
  1.0298E+00  3.4350E+00  1.0005E+03  0.0000E+00 -6.5411E-04  7.4947E-01  7.5040E-01 -6.5642E+03  6.5520E+03
  1.0301E+00  3.4360E+00  1.0005E+03 -3.8756E-10 -6.5675E-04  7.4947E-01  7.5041E-01 -6.5935E+03  6.5811E+03
  1.0304E+00  3.4370E+00  1.0005E+03  0.0000E+00 -6.5941E-04  7.4947E-01  7.5041E-01 -6.6229E+03  6.6104E+03
  1.0307E+00  3.4380E+00  1.0005E+03  0.0000E+00 -6.6208E-04  7.4947E-01  7.5041E-01 -6.6525E+03  6.6399E+03
  1.0310E+00  3.4390E+00  1.0005E+03 -3.8756E-10 -6.6476E-04  7.4946E-01  7.5041E-01 -6.6822E+03  6.6695E+03
  1.0313E+00  3.4400E+00  1.0005E+03  3.8756E-10 -6.6745E-04  7.4946E-01  7.5041E-01 -6.7120E+03  6.6992E+03
  1.0316E+00  3.4410E+00  1.0005E+03 -3.8756E-10 -6.7016E-04  7.4946E-01  7.5042E-01 -6.7419E+03  6.7290E+03
  1.0319E+00  3.4420E+00  1.0005E+03  3.8756E-10 -6.7287E-04  7.4946E-01  7.5042E-01 -6.7721E+03  6.7590E+03
  1.0322E+00  3.4430E+00  1.0005E+03  0.0000E+00 -6.7560E-04  7.4946E-01  7.5042E-01 -6.8023E+03  6.7892E+03
  1.0325E+00  3.4440E+00  1.0005E+03  0.0000E+00 -6.7834E-04  7.4945E-01  7.5042E-01 -6.8327E+03  6.8195E+03
  1.0328E+00  3.4450E+00  1.0005E+03  0.0000E+00 -6.8109E-04  7.4945E-01  7.5042E-01 -6.8633E+03  6.8500E+03
  1.0331E+00  3.4460E+00  1.0005E+03  0.0000E+00 -6.8386E-04  7.4945E-01  7.5043E-01 -6.8940E+03  6.8806E+03
  1.0334E+00  3.4470E+00  1.0005E+03  0.0000E+00 -6.8663E-04  7.4945E-01  7.5043E-01 -6.9249E+03  6.9113E+03
  1.0337E+00  3.4480E+00  1.0005E+03  3.8756E-10 -6.8942E-04  7.4945E-01  7.5043E-01 -6.9559E+03  6.9422E+03
  1.0340E+00  3.4490E+00  1.0005E+03  0.0000E+00 -6.9222E-04  7.4944E-01  7.5043E-01 -6.9871E+03  6.9733E+03
  1.0343E+00  3.4500E+00  1.0005E+03  3.8756E-10 -6.9504E-04  7.4944E-01  7.5043E-01 -7.0184E+03  7.0045E+03
  1.0346E+00  3.4510E+00  1.0005E+03  3.8756E-10 -6.9787E-04  7.4944E-01  7.5044E-01 -7.0498E+03  7.0358E+03
  1.0349E+00  3.4520E+00  1.0005E+03  0.0000E+00 -7.0070E-04  7.4944E-01  7.5044E-01 -7.0814E+03  7.0672E+03
  1.0352E+00  3.4530E+00  1.0005E+03  0.0000E+00 -7.0356E-04  7.4944E-01  7.5044E-01 -7.1131E+03  7.0988E+03
  1.0355E+00  3.4540E+00  1.0005E+03  0.0000E+00 -7.0642E-04  7.4943E-01  7.5044E-01 -7.1450E+03  7.1306E+03
  1.0358E+00  3.4550E+00  1.0005E+03  0.0000E+00 -7.0930E-04  7.4943E-01  7.5044E-01 -7.1770E+03  7.1624E+03
  1.0361E+00  3.4560E+00  1.0005E+03  0.0000E+00 -7.1219E-04  7.4943E-01  7.5045E-01 -7.2091E+03  7.1944E+03
  1.0364E+00  3.4570E+00  1.0005E+03  0.0000E+00 -7.1509E-04  7.4943E-01  7.5045E-01 -7.2413E+03  7.2265E+03
  1.0367E+00  3.4580E+00  1.0005E+03  3.8756E-10 -7.1801E-04  7.4943E-01  7.5045E-01 -7.2736E+03  7.2587E+03
  1.0370E+00  3.4590E+00  1.0005E+03 -3.8756E-10 -7.2094E-04  7.4942E-01  7.5045E-01 -7.3061E+03  7.2910E+03
  1.0373E+00  3.4600E+00  1.0005E+03  0.0000E+00 -7.2388E-04  7.4942E-01  7.5046E-01 -7.3387E+03  7.3235E+03
  1.0376E+00  3.4610E+00  1.0005E+03  3.8756E-10 -7.2683E-04  7.4942E-01  7.5046E-01 -7.3714E+03  7.3561E+03
  1.0379E+00  3.4620E+00  1.0005E+03  0.0000E+00 -7.2980E-04  7.4942E-01  7.5046E-01 -7.4043E+03  7.3888E+03
  1.0382E+00  3.4630E+00  1.0005E+03  0.0000E+00 -7.3278E-04  7.4941E-01  7.5046E-01 -7.4372E+03  7.4216E+03
  1.0385E+00  3.4640E+00  1.0005E+03  0.0000E+00 -7.3577E-04  7.4941E-01  7.5046E-01 -7.4703E+03  7.4546E+03
  1.0388E+00  3.4650E+00  1.0005E+03  0.0000E+00 -7.3878E-04  7.4941E-01  7.5047E-01 -7.5035E+03  7.4876E+03
  1.0391E+00  3.4660E+00  1.0005E+03  0.0000E+00 -7.4180E-04  7.4941E-01  7.5047E-01 -7.5368E+03  7.5208E+03
  1.0394E+00  3.4670E+00  1.0005E+03  0.0000E+00 -7.4484E-04  7.4941E-01  7.5047E-01 -7.5703E+03  7.5542E+03
  1.0397E+00  3.4680E+00  1.0005E+03  0.0000E+00 -7.4788E-04  7.4940E-01  7.5047E-01 -7.6040E+03  7.5877E+03
  1.0400E+00  3.4690E+00  1.0005E+03  0.0000E+00 -7.5094E-04  7.4940E-01  7.5048E-01 -7.6377E+03  7.6213E+03
  1.0403E+00  3.4700E+00  1.0005E+03  0.0000E+00 -7.5402E-04  7.4940E-01  7.5048E-01 -7.6717E+03  7.6551E+03
  1.0406E+00  3.4710E+00  1.0005E+03  0.0000E+00 -7.5710E-04  7.4940E-01  7.5048E-01 -7.7057E+03  7.6890E+03
  1.0409E+00  3.4720E+00  1.0005E+03  0.0000E+00 -7.6021E-04  7.4939E-01  7.5048E-01 -7.7399E+03  7.7230E+03
  1.0412E+00  3.4730E+00  1.0005E+03 -3.8756E-10 -7.6332E-04  7.4939E-01  7.5048E-01 -7.7743E+03  7.7573E+03
  1.0415E+00  3.4740E+00  1.0005E+03  0.0000E+00 -7.6645E-04  7.4939E-01  7.5049E-01 -7.8088E+03  7.7916E+03
  1.0418E+00  3.4750E+00  1.0005E+03  0.0000E+00 -7.6959E-04  7.4939E-01  7.5049E-01 -7.8435E+03  7.8262E+03
  1.0421E+00  3.4760E+00  1.0005E+03  3.8756E-10 -7.7275E-04  7.4938E-01  7.5049E-01 -7.8783E+03  7.8609E+03
  1.0424E+00  3.4770E+00  1.0005E+03  0.0000E+00 -7.7592E-04  7.4938E-01  7.5049E-01 -7.9133E+03  7.8957E+03
  1.0427E+00  3.4780E+00  1.0005E+03  0.0000E+00 -7.7910E-04  7.4938E-01  7.5050E-01 -7.9484E+03  7.9307E+03
  1.0430E+00  3.4790E+00  1.0005E+03  0.0000E+00 -7.8230E-04  7.4938E-01  7.5050E-01 -7.9837E+03  7.9658E+03
  1.0433E+00  3.4800E+00  1.0005E+03  0.0000E+00 -7.8551E-04  7.4937E-01  7.5050E-01 -8.0192E+03  8.0011E+03
  1.0436E+00  3.4810E+00  1.0005E+03 -3.8756E-10 -7.8874E-04  7.4937E-01  7.5050E-01 -8.0547E+03  8.0365E+03
  1.0439E+00  3.4820E+00  1.0005E+03  0.0000E+00 -7.9198E-04  7.4937E-01  7.5051E-01 -8.0905E+03  8.0721E+03
  1.0442E+00  3.4830E+00  1.0005E+03  0.0000E+00 -7.9524E-04  7.4937E-01  7.5051E-01 -8.1264E+03  8.1078E+03
  1.0445E+00  3.4840E+00  1.0005E+03  0.0000E+00 -7.9850E-04  7.4937E-01  7.5051E-01 -8.1624E+03  8.1437E+03
  1.0448E+00  3.4850E+00  1.0005E+03 -3.8756E-10 -8.0179E-04  7.4936E-01  7.5051E-01 -8.1986E+03  8.1797E+03
  1.0451E+00  3.4860E+00  1.0005E+03  0.0000E+00 -8.0509E-04  7.4936E-01  7.5052E-01 -8.2349E+03  8.2159E+03
  1.0454E+00  3.4870E+00  1.0005E+03  3.8756E-10 -8.0840E-04  7.4936E-01  7.5052E-01 -8.2714E+03  8.2522E+03
  1.0457E+00  3.4880E+00  1.0005E+03  0.0000E+00 -8.1173E-04  7.4936E-01  7.5052E-01 -8.3080E+03  8.2886E+03
  1.0460E+00  3.4890E+00  1.0005E+03  0.0000E+00 -8.1507E-04  7.4935E-01  7.5052E-01 -8.3448E+03  8.3252E+03
  1.0463E+00  3.4900E+00  1.0005E+03  0.0000E+00 -8.1842E-04  7.4935E-01  7.5053E-01 -8.3817E+03  8.3620E+03
  1.0466E+00  3.4910E+00  1.0005E+03  0.0000E+00 -8.2180E-04  7.4935E-01  7.5053E-01 -8.4188E+03  8.3990E+03
  1.0469E+00  3.4920E+00  1.0005E+03  3.8756E-10 -8.2518E-04  7.4935E-01  7.5053E-01 -8.4561E+03  8.4361E+03
  1.0472E+00  3.4930E+00  1.0005E+03  0.0000E+00 -8.2858E-04  7.4934E-01  7.5053E-01 -8.4936E+03  8.4734E+03
  1.0475E+00  3.4940E+00  1.0005E+03  0.0000E+00 -8.3200E-04  7.4934E-01  7.5054E-01 -8.5312E+03  8.5108E+03
  1.0478E+00  3.4950E+00  1.0005E+03  0.0000E+00 -8.3543E-04  7.4934E-01  7.5054E-01 -8.5691E+03  8.5485E+03
  1.0481E+00  3.4960E+00  1.0005E+03  0.0000E+00 -8.3888E-04  7.4933E-01  7.5054E-01 -8.6071E+03  8.5863E+03
  1.0484E+00  3.4970E+00  1.0005E+03 -3.8756E-10 -8.4234E-04  7.4933E-01  7.5054E-01 -8.6453E+03  8.6244E+03
  1.0487E+00  3.4980E+00  1.0005E+03  0.0000E+00 -8.4581E-04  7.4933E-01  7.5055E-01 -8.6838E+03  8.6627E+03
  1.0490E+00  3.4990E+00  1.0005E+03  0.0000E+00 -8.4931E-04  7.4933E-01  7.5055E-01 -8.7225E+03  8.7012E+03
  1.0493E+00  3.5000E+00  1.0005E+03  0.0000E+00 -8.5281E-04  7.4932E-01  7.5055E-01 -8.7614E+03  8.7399E+03
  1.0496E+00  3.5010E+00  1.0005E+03  0.0000E+00 -8.5634E-04  7.4932E-01  7.5055E-01 -8.8005E+03  8.7788E+03
  1.0499E+00  3.5020E+00  1.0005E+03 -3.8756E-10 -8.5987E-04  7.4932E-01  7.5056E-01 -8.8398E+03  8.8180E+03
  1.0502E+00  3.5030E+00  1.0005E+03  0.0000E+00 -8.6343E-04  7.4932E-01  7.5056E-01 -8.8794E+03  8.8574E+03
  1.0505E+00  3.5040E+00  1.0005E+03  0.0000E+00 -8.6700E-04  7.4931E-01  7.5056E-01 -8.9192E+03  8.8970E+03
  1.0508E+00  3.5050E+00  1.0005E+03  0.0000E+00 -8.7058E-04  7.4931E-01  7.5056E-01 -8.9593E+03  8.9368E+03
  1.0511E+00  3.5060E+00  1.0005E+03  0.0000E+00 -8.7419E-04  7.4931E-01  7.5057E-01 -8.9995E+03  8.9769E+03
  1.0514E+00  3.5070E+00  1.0005E+03 -3.8756E-10 -8.7781E-04  7.4931E-01  7.5057E-01 -9.0400E+03  9.0172E+03
  1.0517E+00  3.5080E+00  1.0005E+03  3.8756E-10 -8.8144E-04  7.4930E-01  7.5057E-01 -9.0807E+03  9.0577E+03
  1.0520E+00  3.5090E+00  1.0005E+03 -3.8756E-10 -8.8509E-04  7.4930E-01  7.5058E-01 -9.1217E+03  9.0984E+03
  1.0523E+00  3.5100E+00  1.0005E+03  0.0000E+00 -8.8876E-04  7.4930E-01  7.5058E-01 -9.1628E+03  9.1394E+03
  1.0526E+00  3.5110E+00  1.0005E+03 -3.8756E-10 -8.9244E-04  7.4929E-01  7.5058E-01 -9.2042E+03  9.1805E+03
  1.0529E+00  3.5120E+00  1.0005E+03  0.0000E+00 -8.9614E-04  7.4929E-01  7.5058E-01 -9.2457E+03  9.2218E+03
  1.0532E+00  3.5130E+00  1.0005E+03  0.0000E+00 -8.9986E-04  7.4929E-01  7.5059E-01 -9.2874E+03  9.2634E+03
  1.0535E+00  3.5140E+00  1.0005E+03 -3.8756E-10 -9.0359E-04  7.4929E-01  7.5059E-01 -9.3293E+03  9.3051E+03
  1.0538E+00  3.5150E+00  1.0005E+03  0.0000E+00 -9.0734E-04  7.4928E-01  7.5059E-01 -9.3714E+03  9.3470E+03
  1.0541E+00  3.5160E+00  1.0005E+03  0.0000E+00 -9.1111E-04  7.4928E-01  7.5059E-01 -9.4137E+03  9.3890E+03
  1.0544E+00  3.5170E+00  1.0005E+03 -3.8756E-10 -9.1489E-04  7.4928E-01  7.5060E-01 -9.4562E+03  9.4313E+03
  1.0547E+00  3.5180E+00  1.0005E+03  0.0000E+00 -9.1869E-04  7.4928E-01  7.5060E-01 -9.4988E+03  9.4737E+03
  1.0550E+00  3.5190E+00  1.0005E+03  0.0000E+00 -9.2251E-04  7.4927E-01  7.5060E-01 -9.5416E+03  9.5163E+03
  1.0553E+00  3.5200E+00  1.0005E+03  0.0000E+00 -9.2634E-04  7.4927E-01  7.5061E-01 -9.5846E+03  9.5590E+03
  1.0556E+00  3.5210E+00  1.0005E+03  0.0000E+00 -9.3020E-04  7.4927E-01  7.5061E-01 -9.6277E+03  9.6019E+03
  1.0559E+00  3.5220E+00  1.0005E+03  0.0000E+00 -9.3406E-04  7.4926E-01  7.5061E-01 -9.6710E+03  9.6450E+03
  1.0562E+00  3.5230E+00  1.0005E+03  0.0000E+00 -9.3795E-04  7.4926E-01  7.5061E-01 -9.7145E+03  9.6883E+03
  1.0565E+00  3.5240E+00  1.0005E+03  0.0000E+00 -9.4185E-04  7.4926E-01  7.5062E-01 -9.7582E+03  9.7317E+03
  1.0568E+00  3.5250E+00  1.0005E+03  0.0000E+00 -9.4578E-04  7.4926E-01  7.5062E-01 -9.8021E+03  9.7753E+03
  1.0571E+00  3.5260E+00  1.0005E+03  0.0000E+00 -9.4971E-04  7.4925E-01  7.5062E-01 -9.8461E+03  9.8191E+03
  1.0574E+00  3.5270E+00  1.0005E+03  0.0000E+00 -9.5367E-04  7.4925E-01  7.5063E-01 -9.8903E+03  9.8631E+03
  1.0577E+00  3.5280E+00  1.0005E+03  0.0000E+00 -9.5765E-04  7.4925E-01  7.5063E-01 -9.9347E+03  9.9072E+03
  1.0580E+00  3.5290E+00  1.0005E+03  3.8756E-10 -9.6164E-04  7.4924E-01  7.5063E-01 -9.9793E+03  9.9516E+03
  1.0583E+00  3.5300E+00  1.0005E+03  0.0000E+00 -9.6565E-04  7.4924E-01  7.5064E-01 -1.0024E+04  9.9961E+03
  1.0586E+00  3.5310E+00  1.0005E+03 -3.8756E-10 -9.6967E-04  7.4924E-01  7.5064E-01 -1.0069E+04  1.0041E+04
  1.0589E+00  3.5320E+00  1.0005E+03  3.8756E-10 -9.7372E-04  7.4923E-01  7.5064E-01 -1.0114E+04  1.0086E+04
  1.0592E+00  3.5330E+00  1.0005E+03 -3.8756E-10 -9.7778E-04  7.4923E-01  7.5064E-01 -1.0159E+04  1.0131E+04
  1.0595E+00  3.5340E+00  1.0005E+03  0.0000E+00 -9.8186E-04  7.4923E-01  7.5065E-01 -1.0205E+04  1.0176E+04
  1.0598E+00  3.5350E+00  1.0005E+03 -3.8756E-10 -9.8596E-04  7.4923E-01  7.5065E-01 -1.0251E+04  1.0222E+04
  1.0601E+00  3.5360E+00  1.0005E+03  0.0000E+00 -9.9008E-04  7.4922E-01  7.5065E-01 -1.0297E+04  1.0267E+04
  1.0604E+00  3.5370E+00  1.0005E+03  3.8756E-10 -9.9422E-04  7.4922E-01  7.5066E-01 -1.0343E+04  1.0313E+04
  1.0607E+00  3.5380E+00  1.0005E+03  0.0000E+00 -9.9837E-04  7.4922E-01  7.5066E-01 -1.0389E+04  1.0359E+04
  1.0610E+00  3.5390E+00  1.0005E+03  0.0000E+00 -1.0025E-03  7.4921E-01  7.5066E-01 -1.0436E+04  1.0405E+04
  1.0613E+00  3.5400E+00  1.0005E+03  0.0000E+00 -1.0067E-03  7.4921E-01  7.5067E-01 -1.0482E+04  1.0452E+04
  1.0616E+00  3.5410E+00  1.0005E+03  0.0000E+00 -1.0109E-03  7.4921E-01  7.5067E-01 -1.0529E+04  1.0498E+04
  1.0619E+00  3.5420E+00  1.0005E+03  0.0000E+00 -1.0152E-03  7.4920E-01  7.5067E-01 -1.0576E+04  1.0545E+04
  1.0622E+00  3.5430E+00  1.0005E+03  0.0000E+00 -1.0194E-03  7.4920E-01  7.5068E-01 -1.0623E+04  1.0592E+04
  1.0625E+00  3.5440E+00  1.0005E+03  0.0000E+00 -1.0237E-03  7.4920E-01  7.5068E-01 -1.0670E+04  1.0639E+04
  1.0628E+00  3.5450E+00  1.0005E+03  3.8756E-10 -1.0280E-03  7.4919E-01  7.5068E-01 -1.0718E+04  1.0686E+04
  1.0631E+00  3.5460E+00  1.0005E+03 -3.8756E-10 -1.0323E-03  7.4919E-01  7.5068E-01 -1.0766E+04  1.0733E+04
  1.0634E+00  3.5470E+00  1.0005E+03  3.8756E-10 -1.0366E-03  7.4919E-01  7.5069E-01 -1.0813E+04  1.0781E+04
  1.0637E+00  3.5480E+00  1.0005E+03  0.0000E+00 -1.0409E-03  7.4918E-01  7.5069E-01 -1.0861E+04  1.0829E+04
  1.0640E+00  3.5490E+00  1.0005E+03  3.8756E-10 -1.0453E-03  7.4918E-01  7.5069E-01 -1.0910E+04  1.0877E+04
  1.0643E+00  3.5500E+00  1.0005E+03  0.0000E+00 -1.0497E-03  7.4918E-01  7.5070E-01 -1.0958E+04  1.0925E+04
  1.0646E+00  3.5510E+00  1.0005E+03 -3.8756E-10 -1.0541E-03  7.4917E-01  7.5070E-01 -1.1006E+04  1.0973E+04
  1.0649E+00  3.5520E+00  1.0005E+03  0.0000E+00 -1.0585E-03  7.4917E-01  7.5070E-01 -1.1055E+04  1.1021E+04
  1.0652E+00  3.5530E+00  1.0005E+03  0.0000E+00 -1.0629E-03  7.4917E-01  7.5071E-01 -1.1104E+04  1.1070E+04
  1.0655E+00  3.5540E+00  1.0005E+03  0.0000E+00 -1.0674E-03  7.4916E-01  7.5071E-01 -1.1153E+04  1.1119E+04
  1.0658E+00  3.5550E+00  1.0005E+03  0.0000E+00 -1.0719E-03  7.4916E-01  7.5071E-01 -1.1203E+04  1.1168E+04
  1.0661E+00  3.5560E+00  1.0005E+03  0.0000E+00 -1.0764E-03  7.4916E-01  7.5072E-01 -1.1252E+04  1.1217E+04
  1.0664E+00  3.5570E+00  1.0005E+03  0.0000E+00 -1.0809E-03  7.4915E-01  7.5072E-01 -1.1302E+04  1.1266E+04
  1.0667E+00  3.5580E+00  1.0005E+03  3.8756E-10 -1.0854E-03  7.4915E-01  7.5072E-01 -1.1352E+04  1.1316E+04
  1.0670E+00  3.5590E+00  1.0005E+03  0.0000E+00 -1.0900E-03  7.4915E-01  7.5073E-01 -1.1402E+04  1.1366E+04
  1.0673E+00  3.5600E+00  1.0005E+03 -3.8756E-10 -1.0946E-03  7.4914E-01  7.5073E-01 -1.1452E+04  1.1416E+04
  1.0676E+00  3.5610E+00  1.0005E+03  0.0000E+00 -1.0992E-03  7.4914E-01  7.5073E-01 -1.1503E+04  1.1466E+04
  1.0679E+00  3.5620E+00  1.0005E+03  3.8756E-10 -1.1038E-03  7.4914E-01  7.5074E-01 -1.1554E+04  1.1517E+04
  1.0682E+00  3.5630E+00  1.0005E+03  0.0000E+00 -1.1084E-03  7.4913E-01  7.5074E-01 -1.1605E+04  1.1568E+04
  1.0685E+00  3.5640E+00  1.0005E+03  0.0000E+00 -1.1131E-03  7.4913E-01  7.5075E-01 -1.1656E+04  1.1618E+04
  1.0688E+00  3.5650E+00  1.0005E+03  0.0000E+00 -1.1178E-03  7.4913E-01  7.5075E-01 -1.1708E+04  1.1670E+04
  1.0691E+00  3.5660E+00  1.0005E+03  0.0000E+00 -1.1225E-03  7.4912E-01  7.5075E-01 -1.1759E+04  1.1721E+04
  1.0694E+00  3.5670E+00  1.0005E+03 -3.8756E-10 -1.1272E-03  7.4912E-01  7.5076E-01 -1.1811E+04  1.1773E+04
  1.0697E+00  3.5680E+00  1.0005E+03  3.8756E-10 -1.1319E-03  7.4912E-01  7.5076E-01 -1.1863E+04  1.1824E+04
  1.0700E+00  3.5690E+00  1.0005E+03 -3.8756E-10 -1.1367E-03  7.4911E-01  7.5076E-01 -1.1916E+04  1.1876E+04
  1.0703E+00  3.5700E+00  1.0005E+03  0.0000E+00 -1.1415E-03  7.4911E-01  7.5077E-01 -1.1968E+04  1.1929E+04
  1.0706E+00  3.5710E+00  1.0005E+03  3.8756E-10 -1.1463E-03  7.4911E-01  7.5077E-01 -1.2021E+04  1.1981E+04
  1.0709E+00  3.5720E+00  1.0005E+03  0.0000E+00 -1.1511E-03  7.4910E-01  7.5077E-01 -1.2074E+04  1.2034E+04
  1.0712E+00  3.5730E+00  1.0005E+03  3.8756E-10 -1.1559E-03  7.4910E-01  7.5078E-01 -1.2127E+04  1.2086E+04
  1.0715E+00  3.5740E+00  1.0005E+03  0.0000E+00 -1.1608E-03  7.4909E-01  7.5078E-01 -1.2180E+04  1.2139E+04
  1.0718E+00  3.5750E+00  1.0005E+03  0.0000E+00 -1.1657E-03  7.4909E-01  7.5078E-01 -1.2234E+04  1.2192E+04
  1.0721E+00  3.5760E+00  1.0005E+03 -3.8756E-10 -1.1706E-03  7.4909E-01  7.5079E-01 -1.2287E+04  1.2246E+04
  1.0724E+00  3.5770E+00  1.0005E+03  0.0000E+00 -1.1755E-03  7.4908E-01  7.5079E-01 -1.2341E+04  1.2299E+04
  1.0727E+00  3.5780E+00  1.0005E+03  0.0000E+00 -1.1805E-03  7.4908E-01  7.5080E-01 -1.2395E+04  1.2353E+04
  1.0730E+00  3.5790E+00  1.0005E+03  0.0000E+00 -1.1855E-03  7.4908E-01  7.5080E-01 -1.2450E+04  1.2407E+04
  1.0733E+00  3.5800E+00  1.0005E+03 -3.8756E-10 -1.1905E-03  7.4907E-01  7.5080E-01 -1.2504E+04  1.2461E+04
  1.0736E+00  3.5810E+00  1.0005E+03  3.8756E-10 -1.1955E-03  7.4907E-01  7.5081E-01 -1.2559E+04  1.2515E+04
  1.0739E+00  3.5820E+00  1.0005E+03  0.0000E+00 -1.2005E-03  7.4906E-01  7.5081E-01 -1.2613E+04  1.2570E+04
  1.0742E+00  3.5830E+00  1.0005E+03  0.0000E+00 -1.2056E-03  7.4906E-01  7.5081E-01 -1.2669E+04  1.2624E+04
  1.0745E+00  3.5840E+00  1.0005E+03  0.0000E+00 -1.2107E-03  7.4906E-01  7.5082E-01 -1.2724E+04  1.2679E+04
  1.0748E+00  3.5850E+00  1.0005E+03  0.0000E+00 -1.2158E-03  7.4905E-01  7.5082E-01 -1.2779E+04  1.2734E+04
  1.0751E+00  3.5860E+00  1.0005E+03  0.0000E+00 -1.2209E-03  7.4905E-01  7.5083E-01 -1.2835E+04  1.2790E+04
  1.0754E+00  3.5870E+00  1.0005E+03  0.0000E+00 -1.2260E-03  7.4905E-01  7.5083E-01 -1.2891E+04  1.2845E+04
  1.0757E+00  3.5880E+00  1.0005E+03  0.0000E+00 -1.2312E-03  7.4904E-01  7.5083E-01 -1.2947E+04  1.2901E+04
  1.0760E+00  3.5890E+00  1.0005E+03  0.0000E+00 -1.2364E-03  7.4904E-01  7.5084E-01 -1.3004E+04  1.2957E+04
  1.0763E+00  3.5900E+00  1.0005E+03  0.0000E+00 -1.2416E-03  7.4903E-01  7.5084E-01 -1.3060E+04  1.3013E+04
  1.0766E+00  3.5910E+00  1.0005E+03  0.0000E+00 -1.2469E-03  7.4903E-01  7.5084E-01 -1.3117E+04  1.3070E+04
  1.0769E+00  3.5920E+00  1.0005E+03  0.0000E+00 -1.2521E-03  7.4903E-01  7.5085E-01 -1.3174E+04  1.3126E+04
  1.0772E+00  3.5930E+00  1.0005E+03  0.0000E+00 -1.2574E-03  7.4902E-01  7.5085E-01 -1.3232E+04  1.3183E+04
  1.0775E+00  3.5940E+00  1.0005E+03 -3.8756E-10 -1.2627E-03  7.4902E-01  7.5086E-01 -1.3289E+04  1.3240E+04
  1.0778E+00  3.5950E+00  1.0005E+03  3.8756E-10 -1.2680E-03  7.4901E-01  7.5086E-01 -1.3347E+04  1.3298E+04
  1.0781E+00  3.5960E+00  1.0005E+03  0.0000E+00 -1.2734E-03  7.4901E-01  7.5086E-01 -1.3405E+04  1.3355E+04
  1.0784E+00  3.5970E+00  1.0005E+03  0.0000E+00 -1.2788E-03  7.4901E-01  7.5087E-01 -1.3463E+04  1.3413E+04
  1.0787E+00  3.5980E+00  1.0005E+03  0.0000E+00 -1.2842E-03  7.4900E-01  7.5087E-01 -1.3522E+04  1.3471E+04
  1.0790E+00  3.5990E+00  1.0005E+03 -3.8756E-10 -1.2896E-03  7.4900E-01  7.5088E-01 -1.3580E+04  1.3529E+04
  1.0793E+00  3.6000E+00  1.0005E+03  0.0000E+00 -1.2950E-03  7.4899E-01  7.5088E-01 -1.3639E+04  1.3588E+04
  1.0796E+00  3.6010E+00  1.0005E+03  3.8756E-10 -1.3005E-03  7.4899E-01  7.5088E-01 -1.3698E+04  1.3646E+04
  1.0799E+00  3.6020E+00  1.0005E+03 -3.8756E-10 -1.3060E-03  7.4899E-01  7.5089E-01 -1.3757E+04  1.3705E+04
  1.0802E+00  3.6030E+00  1.0005E+03  0.0000E+00 -1.3115E-03  7.4898E-01  7.5089E-01 -1.3817E+04  1.3764E+04
  1.0805E+00  3.6040E+00  1.0005E+03  0.0000E+00 -1.3171E-03  7.4898E-01  7.5090E-01 -1.3877E+04  1.3823E+04
  1.0808E+00  3.6050E+00  1.0005E+03  0.0000E+00 -1.3226E-03  7.4897E-01  7.5090E-01 -1.3936E+04  1.3883E+04
  1.0811E+00  3.6060E+00  1.0005E+03 -3.8756E-10 -1.3282E-03  7.4897E-01  7.5091E-01 -1.3996E+04  1.3942E+04
  1.0814E+00  3.6070E+00  1.0005E+03  3.8756E-10 -1.3338E-03  7.4896E-01  7.5091E-01 -1.4057E+04  1.4002E+04
  1.0817E+00  3.6080E+00  1.0005E+03 -3.8756E-10 -1.3395E-03  7.4896E-01  7.5091E-01 -1.4117E+04  1.4062E+04
  1.0820E+00  3.6090E+00  1.0005E+03  0.0000E+00 -1.3451E-03  7.4896E-01  7.5092E-01 -1.4178E+04  1.4122E+04
  1.0823E+00  3.6100E+00  1.0005E+03  0.0000E+00 -1.3508E-03  7.4895E-01  7.5092E-01 -1.4239E+04  1.4183E+04
  1.0826E+00  3.6110E+00  1.0005E+03  0.0000E+00 -1.3565E-03  7.4895E-01  7.5093E-01 -1.4300E+04  1.4243E+04
  1.0829E+00  3.6120E+00  1.0005E+03 -3.8756E-10 -1.3622E-03  7.4894E-01  7.5093E-01 -1.4361E+04  1.4304E+04
  1.0832E+00  3.6130E+00  1.0005E+03  0.0000E+00 -1.3680E-03  7.4894E-01  7.5094E-01 -1.4422E+04  1.4365E+04
  1.0834E+00  3.6140E+00  1.0005E+03  0.0000E+00 -1.3738E-03  7.4893E-01  7.5094E-01 -1.4484E+04  1.4426E+04
  1.0837E+00  3.6150E+00  1.0005E+03  3.8756E-10 -1.3796E-03  7.4893E-01  7.5094E-01 -1.4546E+04  1.4488E+04
  1.0840E+00  3.6160E+00  1.0005E+03  0.0000E+00 -1.3854E-03  7.4893E-01  7.5095E-01 -1.4608E+04  1.4549E+04
  1.0843E+00  3.6170E+00  1.0005E+03  0.0000E+00 -1.3913E-03  7.4892E-01  7.5095E-01 -1.4671E+04  1.4611E+04
  1.0846E+00  3.6180E+00  1.0005E+03  0.0000E+00 -1.3972E-03  7.4892E-01  7.5096E-01 -1.4733E+04  1.4673E+04
  1.0849E+00  3.6190E+00  1.0005E+03  0.0000E+00 -1.4031E-03  7.4891E-01  7.5096E-01 -1.4796E+04  1.4736E+04
  1.0852E+00  3.6200E+00  1.0005E+03  0.0000E+00 -1.4090E-03  7.4891E-01  7.5097E-01 -1.4859E+04  1.4798E+04
  1.0855E+00  3.6210E+00  1.0005E+03  0.0000E+00 -1.4150E-03  7.4890E-01  7.5097E-01 -1.4923E+04  1.4861E+04
  1.0858E+00  3.6220E+00  1.0005E+03  0.0000E+00 -1.4209E-03  7.4890E-01  7.5097E-01 -1.4986E+04  1.4924E+04
  1.0861E+00  3.6230E+00  1.0005E+03  0.0000E+00 -1.4269E-03  7.4890E-01  7.5098E-01 -1.5050E+04  1.4988E+04
  1.0864E+00  3.6240E+00  1.0005E+03  0.0000E+00 -1.4330E-03  7.4889E-01  7.5098E-01 -1.5114E+04  1.5051E+04
  1.0867E+00  3.6250E+00  1.0005E+03  3.8756E-10 -1.4390E-03  7.4889E-01  7.5099E-01 -1.5179E+04  1.5115E+04
  1.0870E+00  3.6260E+00  1.0005E+03 -3.8756E-10 -1.4451E-03  7.4888E-01  7.5099E-01 -1.5243E+04  1.5179E+04
  1.0873E+00  3.6270E+00  1.0005E+03  0.0000E+00 -1.4512E-03  7.4888E-01  7.5100E-01 -1.5308E+04  1.5243E+04
  1.0876E+00  3.6280E+00  1.0005E+03  0.0000E+00 -1.4574E-03  7.4887E-01  7.5100E-01 -1.5373E+04  1.5307E+04
  1.0879E+00  3.6290E+00  1.0005E+03  0.0000E+00 -1.4635E-03  7.4887E-01  7.5101E-01 -1.5438E+04  1.5372E+04
  1.0882E+00  3.6300E+00  1.0005E+03 -3.8756E-10 -1.4697E-03  7.4886E-01  7.5101E-01 -1.5503E+04  1.5437E+04
  1.0885E+00  3.6310E+00  1.0005E+03  0.0000E+00 -1.4759E-03  7.4886E-01  7.5102E-01 -1.5569E+04  1.5501E+04
  1.0888E+00  3.6320E+00  1.0005E+03  0.0000E+00 -1.4822E-03  7.4885E-01  7.5102E-01 -1.5634E+04  1.5567E+04
  1.0891E+00  3.6330E+00  1.0005E+03  0.0000E+00 -1.4884E-03  7.4885E-01  7.5103E-01 -1.5700E+04  1.5632E+04
  1.0894E+00  3.6340E+00  1.0005E+03  0.0000E+00 -1.4947E-03  7.4884E-01  7.5103E-01 -1.5766E+04  1.5697E+04
  1.0897E+00  3.6350E+00  1.0005E+03  0.0000E+00 -1.5010E-03  7.4884E-01  7.5103E-01 -1.5832E+04  1.5763E+04
  1.0900E+00  3.6360E+00  1.0005E+03  0.0000E+00 -1.5074E-03  7.4883E-01  7.5104E-01 -1.5899E+04  1.5829E+04
  1.0903E+00  3.6370E+00  1.0005E+03  3.8756E-10 -1.5138E-03  7.4883E-01  7.5104E-01 -1.5966E+04  1.5895E+04
  1.0906E+00  3.6380E+00  1.0005E+03  0.0000E+00 -1.5202E-03  7.4883E-01  7.5105E-01 -1.6032E+04  1.5961E+04
  1.0909E+00  3.6390E+00  1.0005E+03  0.0000E+00 -1.5266E-03  7.4882E-01  7.5105E-01 -1.6099E+04  1.6028E+04
  1.0912E+00  3.6400E+00  1.0005E+03  0.0000E+00 -1.5330E-03  7.4882E-01  7.5106E-01 -1.6167E+04  1.6094E+04
  1.0915E+00  3.6410E+00  1.0005E+03 -3.8756E-10 -1.5395E-03  7.4881E-01  7.5106E-01 -1.6234E+04  1.6161E+04
  1.0918E+00  3.6420E+00  1.0005E+03  0.0000E+00 -1.5460E-03  7.4881E-01  7.5107E-01 -1.6302E+04  1.6228E+04
  1.0921E+00  3.6430E+00  1.0005E+03  0.0000E+00 -1.5525E-03  7.4880E-01  7.5107E-01 -1.6370E+04  1.6296E+04
  1.0924E+00  3.6440E+00  1.0005E+03  0.0000E+00 -1.5591E-03  7.4880E-01  7.5108E-01 -1.6438E+04  1.6363E+04
  1.0927E+00  3.6450E+00  1.0005E+03 -3.8756E-10 -1.5657E-03  7.4879E-01  7.5108E-01 -1.6506E+04  1.6431E+04
  1.0930E+00  3.6460E+00  1.0005E+03  3.8756E-10 -1.5723E-03  7.4879E-01  7.5109E-01 -1.6575E+04  1.6499E+04
  1.0933E+00  3.6470E+00  1.0005E+03  0.0000E+00 -1.5789E-03  7.4878E-01  7.5109E-01 -1.6644E+04  1.6567E+04
  1.0936E+00  3.6480E+00  1.0005E+03 -3.8756E-10 -1.5856E-03  7.4878E-01  7.5110E-01 -1.6713E+04  1.6635E+04
  1.0939E+00  3.6490E+00  1.0005E+03  0.0000E+00 -1.5923E-03  7.4877E-01  7.5110E-01 -1.6782E+04  1.6704E+04
  1.0942E+00  3.6500E+00  1.0005E+03  3.8756E-10 -1.5990E-03  7.4877E-01  7.5111E-01 -1.6851E+04  1.6773E+04
  1.0945E+00  3.6510E+00  1.0005E+03  0.0000E+00 -1.6058E-03  7.4876E-01  7.5111E-01 -1.6921E+04  1.6842E+04
  1.0948E+00  3.6520E+00  1.0005E+03  0.0000E+00 -1.6125E-03  7.4876E-01  7.5112E-01 -1.6991E+04  1.6911E+04
  1.0951E+00  3.6530E+00  1.0005E+03  0.0000E+00 -1.6194E-03  7.4875E-01  7.5112E-01 -1.7061E+04  1.6980E+04
  1.0954E+00  3.6540E+00  1.0005E+03  0.0000E+00 -1.6262E-03  7.4875E-01  7.5113E-01 -1.7131E+04  1.7050E+04
  1.0957E+00  3.6550E+00  1.0005E+03  3.8756E-10 -1.6330E-03  7.4874E-01  7.5113E-01 -1.7202E+04  1.7120E+04
  1.0960E+00  3.6560E+00  1.0005E+03  0.0000E+00 -1.6399E-03  7.4874E-01  7.5114E-01 -1.7273E+04  1.7190E+04
  1.0963E+00  3.6570E+00  1.0005E+03 -3.8756E-10 -1.6469E-03  7.4873E-01  7.5114E-01 -1.7344E+04  1.7260E+04
  1.0966E+00  3.6580E+00  1.0005E+03  3.8756E-10 -1.6538E-03  7.4873E-01  7.5115E-01 -1.7415E+04  1.7330E+04
  1.0969E+00  3.6590E+00  1.0005E+03 -3.8756E-10 -1.6608E-03  7.4872E-01  7.5115E-01 -1.7486E+04  1.7401E+04
  1.0972E+00  3.6600E+00  1.0005E+03  0.0000E+00 -1.6678E-03  7.4871E-01  7.5116E-01 -1.7557E+04  1.7471E+04
  1.0975E+00  3.6610E+00  1.0005E+03  3.8756E-10 -1.6748E-03  7.4871E-01  7.5116E-01 -1.7629E+04  1.7542E+04
  1.0978E+00  3.6620E+00  1.0005E+03 -3.8756E-10 -1.6819E-03  7.4870E-01  7.5117E-01 -1.7701E+04  1.7613E+04
  1.0981E+00  3.6630E+00  1.0005E+03  0.0000E+00 -1.6890E-03  7.4870E-01  7.5117E-01 -1.7773E+04  1.7685E+04
  1.0984E+00  3.6640E+00  1.0005E+03  0.0000E+00 -1.6961E-03  7.4869E-01  7.5118E-01 -1.7845E+04  1.7756E+04
  1.0987E+00  3.6650E+00  1.0005E+03  3.8756E-10 -1.7032E-03  7.4869E-01  7.5119E-01 -1.7917E+04  1.7828E+04
  1.0990E+00  3.6660E+00  1.0005E+03  0.0000E+00 -1.7104E-03  7.4868E-01  7.5119E-01 -1.7990E+04  1.7899E+04
  1.0993E+00  3.6670E+00  1.0005E+03  0.0000E+00 -1.7176E-03  7.4868E-01  7.5120E-01 -1.8062E+04  1.7971E+04
  1.0996E+00  3.6680E+00  1.0005E+03  0.0000E+00 -1.7248E-03  7.4867E-01  7.5120E-01 -1.8135E+04  1.8044E+04
  1.0999E+00  3.6690E+00  1.0005E+03  0.0000E+00 -1.7321E-03  7.4867E-01  7.5121E-01 -1.8208E+04  1.8116E+04
  1.1002E+00  3.6700E+00  1.0005E+03  0.0000E+00 -1.7394E-03  7.4866E-01  7.5121E-01 -1.8282E+04  1.8188E+04
  1.1005E+00  3.6710E+00  1.0005E+03  0.0000E+00 -1.7467E-03  7.4866E-01  7.5122E-01 -1.8355E+04  1.8261E+04
  1.1008E+00  3.6720E+00  1.0005E+03  3.8756E-10 -1.7540E-03  7.4865E-01  7.5122E-01 -1.8429E+04  1.8334E+04
  1.1011E+00  3.6730E+00  1.0005E+03 -3.8756E-10 -1.7614E-03  7.4864E-01  7.5123E-01 -1.8503E+04  1.8407E+04
  1.1014E+00  3.6740E+00  1.0005E+03  0.0000E+00 -1.7688E-03  7.4864E-01  7.5123E-01 -1.8577E+04  1.8480E+04
  1.1017E+00  3.6750E+00  1.0005E+03  0.0000E+00 -1.7763E-03  7.4863E-01  7.5124E-01 -1.8651E+04  1.8554E+04
  1.1020E+00  3.6760E+00  1.0005E+03  3.8756E-10 -1.7837E-03  7.4863E-01  7.5125E-01 -1.8726E+04  1.8628E+04
  1.1023E+00  3.6770E+00  1.0005E+03  0.0000E+00 -1.7912E-03  7.4862E-01  7.5125E-01 -1.8801E+04  1.8702E+04
  1.1026E+00  3.6780E+00  1.0005E+03  3.8756E-10 -1.7988E-03  7.4862E-01  7.5126E-01 -1.8875E+04  1.8776E+04
  1.1029E+00  3.6790E+00  1.0005E+03  0.0000E+00 -1.8063E-03  7.4861E-01  7.5126E-01 -1.8951E+04  1.8850E+04
  1.1032E+00  3.6800E+00  1.0005E+03  0.0000E+00 -1.8139E-03  7.4860E-01  7.5127E-01 -1.9026E+04  1.8924E+04
  1.1035E+00  3.6810E+00  1.0005E+03 -3.8756E-10 -1.8215E-03  7.4860E-01  7.5127E-01 -1.9101E+04  1.8999E+04
  1.1038E+00  3.6820E+00  1.0005E+03  0.0000E+00 -1.8292E-03  7.4859E-01  7.5128E-01 -1.9177E+04  1.9074E+04
  1.1041E+00  3.6830E+00  1.0005E+03  0.0000E+00 -1.8368E-03  7.4859E-01  7.5129E-01 -1.9253E+04  1.9149E+04
  1.1044E+00  3.6840E+00  1.0005E+03  0.0000E+00 -1.8445E-03  7.4858E-01  7.5129E-01 -1.9329E+04  1.9224E+04
  1.1047E+00  3.6850E+00  1.0005E+03  0.0000E+00 -1.8523E-03  7.4858E-01  7.5130E-01 -1.9405E+04  1.9299E+04
  1.1050E+00  3.6860E+00  1.0005E+03  3.8756E-10 -1.8600E-03  7.4857E-01  7.5130E-01 -1.9482E+04  1.9375E+04
  1.1053E+00  3.6870E+00  1.0005E+03  0.0000E+00 -1.8678E-03  7.4856E-01  7.5131E-01 -1.9558E+04  1.9451E+04
  1.1056E+00  3.6880E+00  1.0005E+03 -3.8756E-10 -1.8757E-03  7.4856E-01  7.5131E-01 -1.9635E+04  1.9527E+04
  1.1059E+00  3.6890E+00  1.0005E+03  0.0000E+00 -1.8835E-03  7.4855E-01  7.5132E-01 -1.9712E+04  1.9603E+04
  1.1062E+00  3.6900E+00  1.0005E+03  3.8756E-10 -1.8914E-03  7.4855E-01  7.5133E-01 -1.9789E+04  1.9679E+04
  1.1065E+00  3.6910E+00  1.0005E+03  3.8756E-10 -1.8993E-03  7.4854E-01  7.5133E-01 -1.9866E+04  1.9755E+04
  1.1068E+00  3.6920E+00  1.0005E+03  0.0000E+00 -1.9073E-03  7.4853E-01  7.5134E-01 -1.9944E+04  1.9831E+04
  1.1071E+00  3.6930E+00  1.0005E+03  0.0000E+00 -1.9153E-03  7.4853E-01  7.5134E-01 -2.0021E+04  1.9908E+04
  1.1074E+00  3.6940E+00  1.0005E+03  0.0000E+00 -1.9233E-03  7.4852E-01  7.5135E-01 -2.0099E+04  1.9985E+04
  1.1077E+00  3.6950E+00  1.0005E+03  0.0000E+00 -1.9313E-03  7.4852E-01  7.5136E-01 -2.0177E+04  2.0062E+04
  1.1080E+00  3.6960E+00  1.0005E+03  0.0000E+00 -1.9394E-03  7.4851E-01  7.5136E-01 -2.0255E+04  2.0139E+04
  1.1083E+00  3.6970E+00  1.0005E+03  0.0000E+00 -1.9475E-03  7.4850E-01  7.5137E-01 -2.0333E+04  2.0216E+04
  1.1086E+00  3.6980E+00  1.0005E+03  0.0000E+00 -1.9556E-03  7.4850E-01  7.5137E-01 -2.0411E+04  2.0293E+04
  1.1089E+00  3.6990E+00  1.0005E+03  0.0000E+00 -1.9638E-03  7.4849E-01  7.5138E-01 -2.0490E+04  2.0371E+04
  1.1092E+00  3.7000E+00  1.0005E+03  0.0000E+00 -1.9720E-03  7.4849E-01  7.5139E-01 -2.0568E+04  2.0449E+04
  1.1095E+00  3.7010E+00  1.0005E+03  0.0000E+00 -1.9802E-03  7.4848E-01  7.5139E-01 -2.0647E+04  2.0527E+04
  1.1098E+00  3.7020E+00  1.0005E+03  0.0000E+00 -1.9885E-03  7.4847E-01  7.5140E-01 -2.0726E+04  2.0605E+04
  1.1101E+00  3.7030E+00  1.0005E+03 -3.8756E-10 -1.9968E-03  7.4847E-01  7.5140E-01 -2.0806E+04  2.0683E+04
  1.1104E+00  3.7040E+00  1.0005E+03  0.0000E+00 -2.0051E-03  7.4846E-01  7.5141E-01 -2.0885E+04  2.0761E+04
  1.1107E+00  3.7050E+00  1.0005E+03  0.0000E+00 -2.0135E-03  7.4846E-01  7.5142E-01 -2.0965E+04  2.0840E+04
  1.1110E+00  3.7060E+00  1.0005E+03  0.0000E+00 -2.0218E-03  7.4845E-01  7.5142E-01 -2.1044E+04  2.0919E+04
  1.1113E+00  3.7070E+00  1.0005E+03  3.8756E-10 -2.0303E-03  7.4844E-01  7.5143E-01 -2.1124E+04  2.0998E+04
  1.1116E+00  3.7080E+00  1.0005E+03  0.0000E+00 -2.0387E-03  7.4844E-01  7.5144E-01 -2.1204E+04  2.1077E+04
  1.1119E+00  3.7090E+00  1.0005E+03  0.0000E+00 -2.0472E-03  7.4843E-01  7.5144E-01 -2.1285E+04  2.1156E+04
  1.1122E+00  3.7100E+00  1.0005E+03  0.0000E+00 -2.0557E-03  7.4842E-01  7.5145E-01 -2.1365E+04  2.1235E+04
  1.1125E+00  3.7110E+00  1.0005E+03  3.8756E-10 -2.0642E-03  7.4842E-01  7.5145E-01 -2.1446E+04  2.1315E+04
  1.1128E+00  3.7120E+00  1.0005E+03  0.0000E+00 -2.0728E-03  7.4841E-01  7.5146E-01 -2.1527E+04  2.1395E+04
  1.1131E+00  3.7130E+00  1.0005E+03 -3.8756E-10 -2.0814E-03  7.4840E-01  7.5147E-01 -2.1608E+04  2.1475E+04
  1.1134E+00  3.7140E+00  1.0005E+03  0.0000E+00 -2.0901E-03  7.4840E-01  7.5147E-01 -2.1689E+04  2.1555E+04
  1.1137E+00  3.7150E+00  1.0005E+03  3.8756E-10 -2.0987E-03  7.4839E-01  7.5148E-01 -2.1770E+04  2.1635E+04
  1.1140E+00  3.7160E+00  1.0005E+03  0.0000E+00 -2.1075E-03  7.4838E-01  7.5149E-01 -2.1851E+04  2.1715E+04
  1.1143E+00  3.7170E+00  1.0005E+03  3.8756E-10 -2.1162E-03  7.4838E-01  7.5149E-01 -2.1933E+04  2.1795E+04
  1.1146E+00  3.7180E+00  1.0005E+03  0.0000E+00 -2.1250E-03  7.4837E-01  7.5150E-01 -2.2014E+04  2.1876E+04
  1.1149E+00  3.7190E+00  1.0005E+03  0.0000E+00 -2.1338E-03  7.4836E-01  7.5151E-01 -2.2096E+04  2.1957E+04
  1.1152E+00  3.7200E+00  1.0005E+03  3.8756E-10 -2.1426E-03  7.4836E-01  7.5151E-01 -2.2178E+04  2.2038E+04
  1.1155E+00  3.7210E+00  1.0005E+03  0.0000E+00 -2.1515E-03  7.4835E-01  7.5152E-01 -2.2260E+04  2.2119E+04
  1.1158E+00  3.7220E+00  1.0005E+03 -3.8756E-10 -2.1604E-03  7.4834E-01  7.5153E-01 -2.2343E+04  2.2200E+04
  1.1161E+00  3.7230E+00  1.0005E+03  3.8756E-10 -2.1693E-03  7.4834E-01  7.5153E-01 -2.2425E+04  2.2281E+04
  1.1164E+00  3.7240E+00  1.0005E+03 -3.8756E-10 -2.1783E-03  7.4833E-01  7.5154E-01 -2.2508E+04  2.2363E+04
  1.1167E+00  3.7250E+00  1.0005E+03  3.8756E-10 -2.1873E-03  7.4832E-01  7.5155E-01 -2.2591E+04  2.2444E+04
  1.1170E+00  3.7260E+00  1.0005E+03  0.0000E+00 -2.1963E-03  7.4832E-01  7.5155E-01 -2.2674E+04  2.2526E+04
  1.1173E+00  3.7270E+00  1.0005E+03  0.0000E+00 -2.2054E-03  7.4831E-01  7.5156E-01 -2.2757E+04  2.2608E+04
  1.1176E+00  3.7280E+00  1.0005E+03  0.0000E+00 -2.2145E-03  7.4830E-01  7.5157E-01 -2.2840E+04  2.2690E+04
  1.1179E+00  3.7290E+00  1.0005E+03  0.0000E+00 -2.2236E-03  7.4830E-01  7.5157E-01 -2.2923E+04  2.2772E+04
  1.1182E+00  3.7300E+00  1.0005E+03  3.8756E-10 -2.2328E-03  7.4829E-01  7.5158E-01 -2.3007E+04  2.2855E+04
  1.1185E+00  3.7310E+00  1.0005E+03  0.0000E+00 -2.2420E-03  7.4828E-01  7.5159E-01 -2.3091E+04  2.2937E+04
  1.1188E+00  3.7320E+00  1.0005E+03  0.0000E+00 -2.2512E-03  7.4828E-01  7.5159E-01 -2.3175E+04  2.3020E+04
  1.1191E+00  3.7330E+00  1.0005E+03  0.0000E+00 -2.2605E-03  7.4827E-01  7.5160E-01 -2.3259E+04  2.3103E+04
  1.1194E+00  3.7340E+00  1.0005E+03 -3.8756E-10 -2.2698E-03  7.4826E-01  7.5161E-01 -2.3343E+04  2.3186E+04
  1.1197E+00  3.7350E+00  1.0005E+03  0.0000E+00 -2.2791E-03  7.4826E-01  7.5161E-01 -2.3428E+04  2.3269E+04
  1.1200E+00  3.7360E+00  1.0005E+03  0.0000E+00 -2.2885E-03  7.4825E-01  7.5162E-01 -2.3512E+04  2.3353E+04
  1.1203E+00  3.7370E+00  1.0005E+03  0.0000E+00 -2.2979E-03  7.4824E-01  7.5163E-01 -2.3597E+04  2.3436E+04
  1.1206E+00  3.7380E+00  1.0005E+03 -3.8756E-10 -2.3073E-03  7.4823E-01  7.5164E-01 -2.3682E+04  2.3520E+04
  1.1209E+00  3.7390E+00  1.0005E+03  0.0000E+00 -2.3167E-03  7.4823E-01  7.5164E-01 -2.3767E+04  2.3603E+04
  1.1212E+00  3.7400E+00  1.0005E+03  0.0000E+00 -2.3262E-03  7.4822E-01  7.5165E-01 -2.3852E+04  2.3687E+04
  1.1215E+00  3.7410E+00  1.0005E+03  0.0000E+00 -2.3358E-03  7.4821E-01  7.5166E-01 -2.3937E+04  2.3771E+04
  1.1218E+00  3.7420E+00  1.0005E+03  0.0000E+00 -2.3453E-03  7.4821E-01  7.5166E-01 -2.4023E+04  2.3855E+04
  1.1221E+00  3.7430E+00  1.0005E+03 -3.8756E-10 -2.3550E-03  7.4820E-01  7.5167E-01 -2.4108E+04  2.3939E+04
  1.1224E+00  3.7440E+00  1.0005E+03  3.8756E-10 -2.3646E-03  7.4819E-01  7.5168E-01 -2.4193E+04  2.4023E+04
  1.1227E+00  3.7450E+00  1.0005E+03 -3.8756E-10 -2.3743E-03  7.4818E-01  7.5169E-01 -2.4279E+04  2.4107E+04
  1.1230E+00  3.7460E+00  1.0005E+03  0.0000E+00 -2.3840E-03  7.4818E-01  7.5169E-01 -2.4364E+04  2.4191E+04
  1.1233E+00  3.7470E+00  1.0005E+03  3.8756E-10 -2.3937E-03  7.4817E-01  7.5170E-01 -2.4450E+04  2.4276E+04
  1.1236E+00  3.7480E+00  1.0005E+03  0.0000E+00 -2.4035E-03  7.4816E-01  7.5171E-01 -2.4535E+04  2.4360E+04
  1.1239E+00  3.7490E+00  1.0005E+03  0.0000E+00 -2.4133E-03  7.4816E-01  7.5172E-01 -2.4620E+04  2.4444E+04
  1.1242E+00  3.7500E+00  1.0005E+03  3.8756E-10 -2.4231E-03  7.4815E-01  7.5172E-01 -2.4706E+04  2.4528E+04
  1.1245E+00  3.7510E+00  1.0005E+03  0.0000E+00 -2.4330E-03  7.4814E-01  7.5173E-01 -2.4791E+04  2.4611E+04
  1.1248E+00  3.7520E+00  1.0005E+03  3.8756E-10 -2.4429E-03  7.4813E-01  7.5174E-01 -2.4876E+04  2.4695E+04
  1.1251E+00  3.7530E+00  1.0005E+03 -3.8756E-10 -2.4528E-03  7.4813E-01  7.5174E-01 -2.4961E+04  2.4779E+04
  1.1254E+00  3.7540E+00  1.0005E+03  0.0000E+00 -2.4628E-03  7.4812E-01  7.5175E-01 -2.5046E+04  2.4863E+04
  1.1257E+00  3.7550E+00  1.0005E+03  0.0000E+00 -2.4728E-03  7.4811E-01  7.5176E-01 -2.5131E+04  2.4946E+04
  1.1260E+00  3.7560E+00  1.0005E+03  0.0000E+00 -2.4828E-03  7.4810E-01  7.5177E-01 -2.5216E+04  2.5029E+04
  1.1263E+00  3.7570E+00  1.0005E+03  0.0000E+00 -2.4929E-03  7.4810E-01  7.5177E-01 -2.5301E+04  2.5113E+04
  1.1266E+00  3.7580E+00  1.0005E+03  3.8756E-10 -2.5030E-03  7.4809E-01  7.5178E-01 -2.5385E+04  2.5196E+04
  1.1269E+00  3.7590E+00  1.0005E+03 -3.8756E-10 -2.5132E-03  7.4808E-01  7.5179E-01 -2.5470E+04  2.5279E+04
  1.1272E+00  3.7600E+00  1.0005E+03  0.0000E+00 -2.5233E-03  7.4807E-01  7.5180E-01 -2.5554E+04  2.5362E+04
  1.1275E+00  3.7610E+00  1.0005E+03  0.0000E+00 -2.5335E-03  7.4806E-01  7.5180E-01 -2.5638E+04  2.5444E+04
  1.1278E+00  3.7620E+00  1.0005E+03  3.8756E-10 -2.5438E-03  7.4806E-01  7.5181E-01 -2.5722E+04  2.5527E+04
  1.1281E+00  3.7630E+00  1.0005E+03  0.0000E+00 -2.5541E-03  7.4805E-01  7.5182E-01 -2.5806E+04  2.5609E+04
  1.1284E+00  3.7640E+00  1.0005E+03 -3.8756E-10 -2.5644E-03  7.4804E-01  7.5183E-01 -2.5890E+04  2.5692E+04
  1.1287E+00  3.7650E+00  1.0005E+03  0.0000E+00 -2.5747E-03  7.4803E-01  7.5184E-01 -2.5974E+04  2.5774E+04
  1.1290E+00  3.7660E+00  1.0005E+03  3.8756E-10 -2.5851E-03  7.4803E-01  7.5184E-01 -2.6057E+04  2.5856E+04
  1.1293E+00  3.7670E+00  1.0005E+03 -3.8756E-10 -2.5955E-03  7.4802E-01  7.5185E-01 -2.6141E+04  2.5938E+04
  1.1296E+00  3.7680E+00  1.0005E+03  0.0000E+00 -2.6059E-03  7.4801E-01  7.5186E-01 -2.6224E+04  2.6020E+04
  1.1299E+00  3.7690E+00  1.0005E+03  0.0000E+00 -2.6164E-03  7.4800E-01  7.5187E-01 -2.6308E+04  2.6102E+04
  1.1302E+00  3.7700E+00  1.0005E+03  0.0000E+00 -2.6269E-03  7.4799E-01  7.5187E-01 -2.6391E+04  2.6184E+04
  1.1305E+00  3.7710E+00  1.0005E+03  0.0000E+00 -2.6375E-03  7.4799E-01  7.5188E-01 -2.6474E+04  2.6265E+04
  1.1308E+00  3.7720E+00  1.0005E+03  0.0000E+00 -2.6480E-03  7.4798E-01  7.5189E-01 -2.6557E+04  2.6347E+04
  1.1311E+00  3.7730E+00  1.0005E+03  0.0000E+00 -2.6586E-03  7.4797E-01  7.5190E-01 -2.6641E+04  2.6429E+04
  1.1314E+00  3.7740E+00  1.0005E+03  0.0000E+00 -2.6693E-03  7.4796E-01  7.5191E-01 -2.6724E+04  2.6510E+04
  1.1317E+00  3.7750E+00  1.0005E+03  0.0000E+00 -2.6799E-03  7.4795E-01  7.5191E-01 -2.6807E+04  2.6592E+04
  1.1320E+00  3.7760E+00  1.0005E+03  0.0000E+00 -2.6906E-03  7.4795E-01  7.5192E-01 -2.6890E+04  2.6674E+04
  1.1323E+00  3.7770E+00  1.0005E+03 -3.8756E-10 -2.7014E-03  7.4794E-01  7.5193E-01 -2.6974E+04  2.6755E+04
  1.1326E+00  3.7780E+00  1.0005E+03  3.8756E-10 -2.7121E-03  7.4793E-01  7.5194E-01 -2.7057E+04  2.6837E+04
  1.1329E+00  3.7790E+00  1.0005E+03  3.8756E-10 -2.7229E-03  7.4792E-01  7.5195E-01 -2.7140E+04  2.6919E+04
  1.1332E+00  3.7800E+00  1.0005E+03  0.0000E+00 -2.7338E-03  7.4791E-01  7.5195E-01 -2.7224E+04  2.7001E+04
  1.1335E+00  3.7810E+00  1.0005E+03  3.8756E-10 -2.7447E-03  7.4791E-01  7.5196E-01 -2.7307E+04  2.7083E+04
  1.1338E+00  3.7820E+00  1.0005E+03  0.0000E+00 -2.7556E-03  7.4790E-01  7.5197E-01 -2.7391E+04  2.7164E+04
  1.1341E+00  3.7830E+00  1.0005E+03  0.0000E+00 -2.7665E-03  7.4789E-01  7.5198E-01 -2.7474E+04  2.7246E+04
  1.1344E+00  3.7840E+00  1.0005E+03  3.8756E-10 -2.7775E-03  7.4788E-01  7.5199E-01 -2.7558E+04  2.7329E+04
  1.1347E+00  3.7850E+00  1.0005E+03  0.0000E+00 -2.7885E-03  7.4787E-01  7.5199E-01 -2.7642E+04  2.7411E+04
  1.1350E+00  3.7860E+00  1.0005E+03 -3.8756E-10 -2.7995E-03  7.4786E-01  7.5200E-01 -2.7726E+04  2.7493E+04
  1.1353E+00  3.7870E+00  1.0005E+03 -3.8756E-10 -2.8106E-03  7.4786E-01  7.5201E-01 -2.7810E+04  2.7575E+04
  1.1356E+00  3.7880E+00  1.0005E+03  0.0000E+00 -2.8217E-03  7.4785E-01  7.5202E-01 -2.7894E+04  2.7658E+04
  1.1359E+00  3.7890E+00  1.0005E+03  3.8756E-10 -2.8328E-03  7.4784E-01  7.5203E-01 -2.7978E+04  2.7740E+04
  1.1362E+00  3.7900E+00  1.0005E+03 -3.8756E-10 -2.8440E-03  7.4783E-01  7.5204E-01 -2.8063E+04  2.7823E+04
  1.1365E+00  3.7910E+00  1.0005E+03  0.0000E+00 -2.8552E-03  7.4782E-01  7.5204E-01 -2.8147E+04  2.7906E+04
  1.1368E+00  3.7920E+00  1.0005E+03  0.0000E+00 -2.8664E-03  7.4781E-01  7.5205E-01 -2.8231E+04  2.7988E+04
  1.1371E+00  3.7930E+00  1.0005E+03 -3.8756E-10 -2.8777E-03  7.4781E-01  7.5206E-01 -2.8316E+04  2.8071E+04
  1.1374E+00  3.7940E+00  1.0005E+03  0.0000E+00 -2.8890E-03  7.4780E-01  7.5207E-01 -2.8401E+04  2.8154E+04
  1.1377E+00  3.7950E+00  1.0005E+03  0.0000E+00 -2.9003E-03  7.4779E-01  7.5208E-01 -2.8486E+04  2.8237E+04
  1.1380E+00  3.7960E+00  1.0005E+03  0.0000E+00 -2.9117E-03  7.4778E-01  7.5209E-01 -2.8570E+04  2.8320E+04
  1.1383E+00  3.7970E+00  1.0005E+03 -3.8756E-10 -2.9231E-03  7.4777E-01  7.5210E-01 -2.8655E+04  2.8403E+04
  1.1386E+00  3.7980E+00  1.0005E+03  3.8756E-10 -2.9345E-03  7.4776E-01  7.5210E-01 -2.8740E+04  2.8486E+04
  1.1389E+00  3.7990E+00  1.0005E+03  0.0000E+00 -2.9460E-03  7.4775E-01  7.5211E-01 -2.8825E+04  2.8570E+04
  1.1392E+00  3.8000E+00  1.0005E+03  0.0000E+00 -2.9575E-03  7.4775E-01  7.5212E-01 -2.8910E+04  2.8653E+04
  1.1395E+00  3.8010E+00  1.0005E+03  3.8756E-10 -2.9690E-03  7.4774E-01  7.5213E-01 -2.8995E+04  2.8736E+04
  1.1398E+00  3.8020E+00  1.0005E+03  0.0000E+00 -2.9806E-03  7.4773E-01  7.5214E-01 -2.9080E+04  2.8819E+04
  1.1401E+00  3.8030E+00  1.0005E+03  0.0000E+00 -2.9922E-03  7.4772E-01  7.5215E-01 -2.9165E+04  2.8902E+04
  1.1404E+00  3.8040E+00  1.0005E+03  0.0000E+00 -3.0038E-03  7.4771E-01  7.5216E-01 -2.9250E+04  2.8985E+04
  1.1407E+00  3.8050E+00  1.0005E+03  0.0000E+00 -3.0155E-03  7.4770E-01  7.5216E-01 -2.9335E+04  2.9068E+04
  1.1410E+00  3.8060E+00  1.0005E+03  0.0000E+00 -3.0272E-03  7.4769E-01  7.5217E-01 -2.9420E+04  2.9151E+04
  1.1413E+00  3.8070E+00  1.0005E+03  0.0000E+00 -3.0389E-03  7.4768E-01  7.5218E-01 -2.9505E+04  2.9234E+04
  1.1416E+00  3.8080E+00  1.0005E+03  0.0000E+00 -3.0507E-03  7.4768E-01  7.5219E-01 -2.9589E+04  2.9317E+04
  1.1419E+00  3.8090E+00  1.0005E+03  0.0000E+00 -3.0625E-03  7.4767E-01  7.5220E-01 -2.9674E+04  2.9400E+04
  1.1422E+00  3.8100E+00  1.0005E+03 -3.8756E-10 -3.0743E-03  7.4766E-01  7.5221E-01 -2.9759E+04  2.9483E+04
  1.1425E+00  3.8110E+00  1.0005E+03  0.0000E+00 -3.0862E-03  7.4765E-01  7.5222E-01 -2.9843E+04  2.9565E+04
  1.1428E+00  3.8120E+00  1.0005E+03  0.0000E+00 -3.0981E-03  7.4764E-01  7.5223E-01 -2.9928E+04  2.9648E+04
  1.1431E+00  3.8130E+00  1.0005E+03  0.0000E+00 -3.1101E-03  7.4763E-01  7.5223E-01 -3.0012E+04  2.9731E+04
  1.1434E+00  3.8140E+00  1.0005E+03  3.8756E-10 -3.1220E-03  7.4762E-01  7.5224E-01 -3.0097E+04  2.9813E+04
  1.1437E+00  3.8150E+00  1.0005E+03  0.0000E+00 -3.1340E-03  7.4761E-01  7.5225E-01 -3.0181E+04  2.9895E+04
  1.1440E+00  3.8160E+00  1.0005E+03  0.0000E+00 -3.1461E-03  7.4760E-01  7.5226E-01 -3.0265E+04  2.9977E+04
  1.1443E+00  3.8170E+00  1.0005E+03  0.0000E+00 -3.1581E-03  7.4760E-01  7.5227E-01 -3.0349E+04  3.0059E+04
  1.1446E+00  3.8180E+00  1.0005E+03 -3.8756E-10 -3.1702E-03  7.4759E-01  7.5228E-01 -3.0433E+04  3.0141E+04
  1.1449E+00  3.8190E+00  1.0005E+03  0.0000E+00 -3.1824E-03  7.4758E-01  7.5229E-01 -3.0517E+04  3.0223E+04
  1.1452E+00  3.8200E+00  1.0005E+03  0.0000E+00 -3.1945E-03  7.4757E-01  7.5230E-01 -3.0600E+04  3.0305E+04
  1.1455E+00  3.8210E+00  1.0005E+03  0.0000E+00 -3.2068E-03  7.4756E-01  7.5231E-01 -3.0684E+04  3.0386E+04
  1.1458E+00  3.8220E+00  1.0005E+03  0.0000E+00 -3.2190E-03  7.4755E-01  7.5232E-01 -3.0767E+04  3.0468E+04
  1.1461E+00  3.8230E+00  1.0005E+03  3.8756E-10 -3.2313E-03  7.4754E-01  7.5232E-01 -3.0851E+04  3.0549E+04
  1.1464E+00  3.8240E+00  1.0005E+03  0.0000E+00 -3.2436E-03  7.4753E-01  7.5233E-01 -3.0934E+04  3.0630E+04
  1.1467E+00  3.8250E+00  1.0005E+03  0.0000E+00 -3.2559E-03  7.4752E-01  7.5234E-01 -3.1017E+04  3.0711E+04
  1.1470E+00  3.8260E+00  1.0005E+03  0.0000E+00 -3.2683E-03  7.4751E-01  7.5235E-01 -3.1100E+04  3.0792E+04
  1.1473E+00  3.8270E+00  1.0005E+03  0.0000E+00 -3.2807E-03  7.4750E-01  7.5236E-01 -3.1183E+04  3.0873E+04
  1.1476E+00  3.8280E+00  1.0005E+03 -3.8756E-10 -3.2931E-03  7.4749E-01  7.5237E-01 -3.1266E+04  3.0954E+04
  1.1479E+00  3.8290E+00  1.0005E+03  3.8756E-10 -3.3056E-03  7.4748E-01  7.5238E-01 -3.1348E+04  3.1034E+04
  1.1482E+00  3.8300E+00  1.0005E+03  0.0000E+00 -3.3181E-03  7.4747E-01  7.5239E-01 -3.1431E+04  3.1115E+04
  1.1485E+00  3.8310E+00  1.0005E+03 -3.8756E-10 -3.3306E-03  7.4747E-01  7.5240E-01 -3.1513E+04  3.1195E+04
  1.1488E+00  3.8320E+00  1.0005E+03  3.8756E-10 -3.3432E-03  7.4746E-01  7.5241E-01 -3.1595E+04  3.1275E+04
  1.1491E+00  3.8330E+00  1.0005E+03  0.0000E+00 -3.3558E-03  7.4745E-01  7.5242E-01 -3.1677E+04  3.1355E+04
  1.1494E+00  3.8340E+00  1.0005E+03  0.0000E+00 -3.3684E-03  7.4744E-01  7.5243E-01 -3.1759E+04  3.1435E+04
  1.1497E+00  3.8350E+00  1.0005E+03  0.0000E+00 -3.3810E-03  7.4743E-01  7.5244E-01 -3.1841E+04  3.1514E+04
  1.1500E+00  3.8360E+00  1.0005E+03  3.8756E-10 -3.3937E-03  7.4742E-01  7.5245E-01 -3.1922E+04  3.1593E+04
  1.1503E+00  3.8370E+00  1.0005E+03  0.0000E+00 -3.4065E-03  7.4741E-01  7.5246E-01 -3.2004E+04  3.1673E+04
  1.1506E+00  3.8380E+00  1.0005E+03  0.0000E+00 -3.4192E-03  7.4740E-01  7.5246E-01 -3.2085E+04  3.1751E+04
  1.1509E+00  3.8390E+00  1.0005E+03  0.0000E+00 -3.4320E-03  7.4739E-01  7.5247E-01 -3.2165E+04  3.1830E+04
  1.1512E+00  3.8400E+00  1.0005E+03  3.8756E-10 -3.4448E-03  7.4738E-01  7.5248E-01 -3.2246E+04  3.1909E+04
  1.1515E+00  3.8410E+00  1.0005E+03  0.0000E+00 -3.4577E-03  7.4737E-01  7.5249E-01 -3.2327E+04  3.1987E+04
  1.1518E+00  3.8420E+00  1.0005E+03  0.0000E+00 -3.4706E-03  7.4736E-01  7.5250E-01 -3.2407E+04  3.2065E+04
  1.1521E+00  3.8430E+00  1.0005E+03  0.0000E+00 -3.4835E-03  7.4735E-01  7.5251E-01 -3.2487E+04  3.2143E+04
  1.1524E+00  3.8440E+00  1.0005E+03  0.0000E+00 -3.4964E-03  7.4734E-01  7.5252E-01 -3.2566E+04  3.2220E+04
  1.1527E+00  3.8450E+00  1.0005E+03  0.0000E+00 -3.5094E-03  7.4733E-01  7.5253E-01 -3.2646E+04  3.2297E+04
  1.1530E+00  3.8460E+00  1.0005E+03  0.0000E+00 -3.5224E-03  7.4732E-01  7.5254E-01 -3.2725E+04  3.2374E+04
  1.1533E+00  3.8470E+00  1.0005E+03  0.0000E+00 -3.5354E-03  7.4731E-01  7.5255E-01 -3.2804E+04  3.2451E+04
  1.1536E+00  3.8480E+00  1.0005E+03 -3.8756E-10 -3.5485E-03  7.4730E-01  7.5256E-01 -3.2883E+04  3.2528E+04
  1.1539E+00  3.8490E+00  1.0005E+03  0.0000E+00 -3.5616E-03  7.4729E-01  7.5257E-01 -3.2961E+04  3.2604E+04
  1.1542E+00  3.8500E+00  1.0005E+03  3.8756E-10 -3.5748E-03  7.4728E-01  7.5258E-01 -3.3040E+04  3.2680E+04
  1.1545E+00  3.8510E+00  1.0005E+03 -3.8756E-10 -3.5879E-03  7.4727E-01  7.5259E-01 -3.3118E+04  3.2756E+04
  1.1548E+00  3.8520E+00  1.0005E+03  0.0000E+00 -3.6011E-03  7.4726E-01  7.5260E-01 -3.3195E+04  3.2831E+04
  1.1551E+00  3.8530E+00  1.0005E+03  0.0000E+00 -3.6143E-03  7.4725E-01  7.5261E-01 -3.3273E+04  3.2906E+04
  1.1554E+00  3.8540E+00  1.0005E+03  3.8756E-10 -3.6276E-03  7.4724E-01  7.5262E-01 -3.3350E+04  3.2981E+04
  1.1557E+00  3.8550E+00  1.0005E+03 -7.7513E-10 -3.6409E-03  7.4723E-01  7.5263E-01 -3.3427E+04  3.3055E+04
  1.1560E+00  3.8560E+00  1.0005E+03  0.0000E+00 -3.6542E-03  7.4722E-01  7.5264E-01 -3.3503E+04  3.3130E+04
  1.1563E+00  3.8570E+00  1.0005E+03  0.0000E+00 -3.6675E-03  7.4721E-01  7.5265E-01 -3.3580E+04  3.3204E+04
  1.1566E+00  3.8580E+00  1.0005E+03  0.0000E+00 -3.6809E-03  7.4720E-01  7.5266E-01 -3.3655E+04  3.3277E+04
  1.1569E+00  3.8590E+00  1.0005E+03  0.0000E+00 -3.6943E-03  7.4719E-01  7.5267E-01 -3.3731E+04  3.3350E+04
  1.1572E+00  3.8600E+00  1.0005E+03  0.0000E+00 -3.7078E-03  7.4718E-01  7.5268E-01 -3.3806E+04  3.3423E+04
  1.1575E+00  3.8610E+00  1.0005E+03  0.0000E+00 -3.7212E-03  7.4717E-01  7.5269E-01 -3.3881E+04  3.3495E+04
  1.1578E+00  3.8620E+00  1.0005E+03  0.0000E+00 -3.7347E-03  7.4716E-01  7.5270E-01 -3.3955E+04  3.3567E+04
  1.1581E+00  3.8630E+00  1.0005E+03 -3.8756E-10 -3.7483E-03  7.4715E-01  7.5271E-01 -3.4029E+04  3.3639E+04
  1.1584E+00  3.8640E+00  1.0005E+03  0.0000E+00 -3.7618E-03  7.4714E-01  7.5272E-01 -3.4102E+04  3.3710E+04
  1.1587E+00  3.8650E+00  1.0005E+03 -3.8756E-10 -3.7754E-03  7.4713E-01  7.5273E-01 -3.4175E+04  3.3780E+04
  1.1590E+00  3.8660E+00  1.0005E+03  0.0000E+00 -3.7890E-03  7.4712E-01  7.5274E-01 -3.4248E+04  3.3850E+04
  1.1593E+00  3.8670E+00  1.0005E+03  0.0000E+00 -3.8026E-03  7.4711E-01  7.5275E-01 -3.4320E+04  3.3920E+04
  1.1596E+00  3.8680E+00  1.0005E+03  0.0000E+00 -3.8163E-03  7.4710E-01  7.5276E-01 -3.4391E+04  3.3989E+04
  1.1599E+00  3.8690E+00  1.0005E+03  0.0000E+00 -3.8300E-03  7.4709E-01  7.5277E-01 -3.4462E+04  3.4058E+04
  1.1602E+00  3.8700E+00  1.0005E+03  0.0000E+00 -3.8437E-03  7.4708E-01  7.5278E-01 -3.4532E+04  3.4126E+04
  1.1605E+00  3.8710E+00  1.0005E+03 -3.8756E-10 -3.8575E-03  7.4707E-01  7.5279E-01 -3.4602E+04  3.4193E+04
  1.1608E+00  3.8720E+00  1.0005E+03  0.0000E+00 -3.8712E-03  7.4706E-01  7.5280E-01 -3.4672E+04  3.4260E+04
  1.1611E+00  3.8730E+00  1.0005E+03  0.0000E+00 -3.8851E-03  7.4705E-01  7.5281E-01 -3.4741E+04  3.4327E+04
  1.1614E+00  3.8740E+00  1.0005E+03  0.0000E+00 -3.8989E-03  7.4704E-01  7.5282E-01 -3.4809E+04  3.4393E+04
  1.1617E+00  3.8750E+00  1.0005E+03  0.0000E+00 -3.9127E-03  7.4703E-01  7.5283E-01 -3.4877E+04  3.4458E+04
  1.1620E+00  3.8760E+00  1.0005E+03 -3.8756E-10 -3.9266E-03  7.4702E-01  7.5284E-01 -3.4944E+04  3.4523E+04
  1.1623E+00  3.8770E+00  1.0005E+03  0.0000E+00 -3.9405E-03  7.4701E-01  7.5285E-01 -3.5011E+04  3.4588E+04
  1.1626E+00  3.8780E+00  1.0005E+03  0.0000E+00 -3.9545E-03  7.4700E-01  7.5286E-01 -3.5078E+04  3.4652E+04
  1.1629E+00  3.8790E+00  1.0005E+03 -3.8756E-10 -3.9684E-03  7.4699E-01  7.5287E-01 -3.5144E+04  3.4715E+04
  1.1632E+00  3.8800E+00  1.0005E+03  0.0000E+00 -3.9824E-03  7.4697E-01  7.5288E-01 -3.5209E+04  3.4778E+04
  1.1635E+00  3.8810E+00  1.0005E+03 -3.8756E-10 -3.9964E-03  7.4696E-01  7.5289E-01 -3.5274E+04  3.4841E+04
  1.1638E+00  3.8820E+00  1.0005E+03  3.8756E-10 -4.0105E-03  7.4695E-01  7.5291E-01 -3.5339E+04  3.4903E+04
  1.1641E+00  3.8830E+00  1.0005E+03 -3.8756E-10 -4.0245E-03  7.4694E-01  7.5292E-01 -3.5403E+04  3.4965E+04
  1.1644E+00  3.8840E+00  1.0005E+03  0.0000E+00 -4.0386E-03  7.4693E-01  7.5293E-01 -3.5467E+04  3.5026E+04
  1.1647E+00  3.8850E+00  1.0005E+03  0.0000E+00 -4.0528E-03  7.4692E-01  7.5294E-01 -3.5530E+04  3.5087E+04
  1.1650E+00  3.8860E+00  1.0005E+03 -3.8756E-10 -4.0669E-03  7.4691E-01  7.5295E-01 -3.5593E+04  3.5147E+04
  1.1653E+00  3.8870E+00  1.0005E+03  0.0000E+00 -4.0811E-03  7.4690E-01  7.5296E-01 -3.5656E+04  3.5207E+04
  1.1656E+00  3.8880E+00  1.0005E+03  0.0000E+00 -4.0952E-03  7.4689E-01  7.5297E-01 -3.5718E+04  3.5267E+04
  1.1659E+00  3.8890E+00  1.0005E+03  0.0000E+00 -4.1095E-03  7.4688E-01  7.5298E-01 -3.5779E+04  3.5326E+04
  1.1662E+00  3.8900E+00  1.0005E+03  0.0000E+00 -4.1237E-03  7.4687E-01  7.5299E-01 -3.5841E+04  3.5384E+04
  1.1665E+00  3.8910E+00  1.0005E+03  0.0000E+00 -4.1380E-03  7.4686E-01  7.5300E-01 -3.5901E+04  3.5443E+04
  1.1668E+00  3.8920E+00  1.0005E+03  0.0000E+00 -4.1522E-03  7.4685E-01  7.5301E-01 -3.5962E+04  3.5500E+04
  1.1671E+00  3.8930E+00  1.0005E+03  0.0000E+00 -4.1666E-03  7.4684E-01  7.5302E-01 -3.6021E+04  3.5558E+04
  1.1674E+00  3.8940E+00  1.0005E+03  0.0000E+00 -4.1809E-03  7.4682E-01  7.5303E-01 -3.6081E+04  3.5615E+04
  1.1677E+00  3.8950E+00  1.0005E+03  0.0000E+00 -4.1952E-03  7.4681E-01  7.5304E-01 -3.6140E+04  3.5671E+04
  1.1680E+00  3.8960E+00  1.0005E+03  0.0000E+00 -4.2096E-03  7.4680E-01  7.5305E-01 -3.6198E+04  3.5727E+04
  1.1683E+00  3.8970E+00  1.0005E+03  0.0000E+00 -4.2240E-03  7.4679E-01  7.5306E-01 -3.6256E+04  3.5782E+04
  1.1686E+00  3.8980E+00  1.0005E+03  0.0000E+00 -4.2384E-03  7.4678E-01  7.5307E-01 -3.6314E+04  3.5837E+04
  1.1689E+00  3.8990E+00  1.0005E+03  3.8756E-10 -4.2529E-03  7.4677E-01  7.5309E-01 -3.6371E+04  3.5892E+04
  1.1692E+00  3.9000E+00  1.0005E+03 -3.8756E-10 -4.2674E-03  7.4676E-01  7.5310E-01 -3.6427E+04  3.5946E+04
  1.1695E+00  3.9010E+00  1.0005E+03  0.0000E+00 -4.2818E-03  7.4675E-01  7.5311E-01 -3.6483E+04  3.5999E+04
  1.1698E+00  3.9020E+00  1.0005E+03  0.0000E+00 -4.2964E-03  7.4674E-01  7.5312E-01 -3.6539E+04  3.6053E+04
  1.1701E+00  3.9030E+00  1.0005E+03  0.0000E+00 -4.3109E-03  7.4673E-01  7.5313E-01 -3.6594E+04  3.6105E+04
  1.1704E+00  3.9040E+00  1.0005E+03  0.0000E+00 -4.3254E-03  7.4672E-01  7.5314E-01 -3.6649E+04  3.6158E+04
  1.1707E+00  3.9050E+00  1.0005E+03 -3.8756E-10 -4.3400E-03  7.4670E-01  7.5315E-01 -3.6704E+04  3.6209E+04
  1.1710E+00  3.9060E+00  1.0005E+03  3.8756E-10 -4.3546E-03  7.4669E-01  7.5316E-01 -3.6758E+04  3.6261E+04
  1.1713E+00  3.9070E+00  1.0005E+03  0.0000E+00 -4.3692E-03  7.4668E-01  7.5317E-01 -3.6811E+04  3.6312E+04
  1.1716E+00  3.9080E+00  1.0005E+03  3.8756E-10 -4.3839E-03  7.4667E-01  7.5318E-01 -3.6864E+04  3.6362E+04
  1.1719E+00  3.9090E+00  1.0005E+03  0.0000E+00 -4.3985E-03  7.4666E-01  7.5319E-01 -3.6917E+04  3.6413E+04
  1.1722E+00  3.9100E+00  1.0005E+03  0.0000E+00 -4.4132E-03  7.4665E-01  7.5320E-01 -3.6970E+04  3.6462E+04
  1.1725E+00  3.9110E+00  1.0005E+03 -3.8756E-10 -4.4279E-03  7.4664E-01  7.5322E-01 -3.7022E+04  3.6512E+04
  1.1728E+00  3.9120E+00  1.0005E+03  0.0000E+00 -4.4426E-03  7.4663E-01  7.5323E-01 -3.7073E+04  3.6561E+04
  1.1731E+00  3.9130E+00  1.0005E+03  0.0000E+00 -4.4574E-03  7.4662E-01  7.5324E-01 -3.7124E+04  3.6609E+04
  1.1734E+00  3.9140E+00  1.0005E+03  0.0000E+00 -4.4721E-03  7.4661E-01  7.5325E-01 -3.7175E+04  3.6658E+04
  1.1737E+00  3.9150E+00  1.0005E+03 -3.8756E-10 -4.4869E-03  7.4659E-01  7.5326E-01 -3.7226E+04  3.6705E+04
  1.1740E+00  3.9160E+00  1.0005E+03  0.0000E+00 -4.5017E-03  7.4658E-01  7.5327E-01 -3.7276E+04  3.6753E+04
  1.1743E+00  3.9170E+00  1.0005E+03  3.8756E-10 -4.5165E-03  7.4657E-01  7.5328E-01 -3.7325E+04  3.6800E+04
  1.1746E+00  3.9180E+00  1.0005E+03 -3.8756E-10 -4.5314E-03  7.4656E-01  7.5329E-01 -3.7375E+04  3.6846E+04
  1.1749E+00  3.9190E+00  1.0005E+03  3.8756E-10 -4.5462E-03  7.4655E-01  7.5330E-01 -3.7423E+04  3.6893E+04
  1.1752E+00  3.9200E+00  1.0005E+03  0.0000E+00 -4.5611E-03  7.4654E-01  7.5331E-01 -3.7472E+04  3.6938E+04
  1.1755E+00  3.9210E+00  1.0005E+03  0.0000E+00 -4.5760E-03  7.4653E-01  7.5333E-01 -3.7520E+04  3.6984E+04
  1.1758E+00  3.9220E+00  1.0005E+03 -3.8756E-10 -4.5909E-03  7.4652E-01  7.5334E-01 -3.7567E+04  3.7029E+04
  1.1761E+00  3.9230E+00  1.0005E+03  0.0000E+00 -4.6058E-03  7.4650E-01  7.5335E-01 -3.7615E+04  3.7073E+04
  1.1764E+00  3.9240E+00  1.0005E+03  0.0000E+00 -4.6208E-03  7.4649E-01  7.5336E-01 -3.7661E+04  3.7117E+04
  1.1767E+00  3.9250E+00  1.0005E+03  3.8756E-10 -4.6358E-03  7.4648E-01  7.5337E-01 -3.7707E+04  3.7161E+04
  1.1770E+00  3.9260E+00  1.0005E+03 -3.8756E-10 -4.6507E-03  7.4647E-01  7.5338E-01 -3.7753E+04  3.7204E+04
  1.1773E+00  3.9270E+00  1.0005E+03  0.0000E+00 -4.6657E-03  7.4646E-01  7.5339E-01 -3.7799E+04  3.7247E+04
  1.1776E+00  3.9280E+00  1.0005E+03  0.0000E+00 -4.6808E-03  7.4645E-01  7.5340E-01 -3.7844E+04  3.7289E+04
  1.1779E+00  3.9290E+00  1.0005E+03  0.0000E+00 -4.6958E-03  7.4644E-01  7.5341E-01 -3.7888E+04  3.7331E+04
  1.1782E+00  3.9300E+00  1.0005E+03 -3.8756E-10 -4.7109E-03  7.4643E-01  7.5343E-01 -3.7932E+04  3.7372E+04
  1.1785E+00  3.9310E+00  1.0005E+03  0.0000E+00 -4.7259E-03  7.4641E-01  7.5344E-01 -3.7976E+04  3.7413E+04
  1.1788E+00  3.9320E+00  1.0005E+03  0.0000E+00 -4.7410E-03  7.4640E-01  7.5345E-01 -3.8019E+04  3.7453E+04
  1.1791E+00  3.9330E+00  1.0005E+03  0.0000E+00 -4.7561E-03  7.4639E-01  7.5346E-01 -3.8062E+04  3.7493E+04
  1.1794E+00  3.9340E+00  1.0005E+03  0.0000E+00 -4.7713E-03  7.4638E-01  7.5347E-01 -3.8104E+04  3.7533E+04
  1.1797E+00  3.9350E+00  1.0005E+03  0.0000E+00 -4.7864E-03  7.4637E-01  7.5348E-01 -3.8146E+04  3.7572E+04
  1.1800E+00  3.9360E+00  1.0005E+03  0.0000E+00 -4.8015E-03  7.4636E-01  7.5349E-01 -3.8187E+04  3.7611E+04
  1.1803E+00  3.9370E+00  1.0005E+03  0.0000E+00 -4.8167E-03  7.4635E-01  7.5350E-01 -3.8228E+04  3.7649E+04
  1.1806E+00  3.9380E+00  1.0005E+03  0.0000E+00 -4.8319E-03  7.4633E-01  7.5352E-01 -3.8268E+04  3.7687E+04
  1.1809E+00  3.9390E+00  1.0005E+03  0.0000E+00 -4.8471E-03  7.4632E-01  7.5353E-01 -3.8308E+04  3.7724E+04
  1.1812E+00  3.9400E+00  1.0005E+03  3.8756E-10 -4.8623E-03  7.4631E-01  7.5354E-01 -3.8348E+04  3.7761E+04
  1.1815E+00  3.9410E+00  1.0005E+03  0.0000E+00 -4.8776E-03  7.4630E-01  7.5355E-01 -3.8387E+04  3.7797E+04
  1.1818E+00  3.9420E+00  1.0005E+03  0.0000E+00 -4.8928E-03  7.4629E-01  7.5356E-01 -3.8425E+04  3.7833E+04
  1.1821E+00  3.9430E+00  1.0005E+03  0.0000E+00 -4.9081E-03  7.4628E-01  7.5357E-01 -3.8463E+04  3.7868E+04
  1.1824E+00  3.9440E+00  1.0005E+03  0.0000E+00 -4.9233E-03  7.4626E-01  7.5358E-01 -3.8501E+04  3.7903E+04
  1.1827E+00  3.9450E+00  1.0005E+03  3.8756E-10 -4.9386E-03  7.4625E-01  7.5360E-01 -3.8537E+04  3.7937E+04
  1.1830E+00  3.9460E+00  1.0005E+03  0.0000E+00 -4.9539E-03  7.4624E-01  7.5361E-01 -3.8573E+04  3.7971E+04
  1.1833E+00  3.9470E+00  1.0005E+03  0.0000E+00 -4.9693E-03  7.4623E-01  7.5362E-01 -3.8609E+04  3.8003E+04
  1.1836E+00  3.9480E+00  1.0005E+03  0.0000E+00 -4.9846E-03  7.4622E-01  7.5363E-01 -3.8644E+04  3.8036E+04
  1.1839E+00  3.9490E+00  1.0005E+03  0.0000E+00 -4.9999E-03  7.4621E-01  7.5364E-01 -3.8678E+04  3.8067E+04
  1.1842E+00  3.9500E+00  1.0005E+03  0.0000E+00 -5.0153E-03  7.4620E-01  7.5365E-01 -3.8712E+04  3.8098E+04
  1.1845E+00  3.9510E+00  1.0005E+03 -3.8756E-10 -5.0307E-03  7.4618E-01  7.5366E-01 -3.8745E+04  3.8129E+04
  1.1848E+00  3.9520E+00  1.0005E+03  3.8756E-10 -5.0461E-03  7.4617E-01  7.5368E-01 -3.8778E+04  3.8159E+04
  1.1851E+00  3.9530E+00  1.0005E+03  0.0000E+00 -5.0615E-03  7.4616E-01  7.5369E-01 -3.8809E+04  3.8188E+04
  1.1854E+00  3.9540E+00  1.0005E+03  0.0000E+00 -5.0769E-03  7.4615E-01  7.5370E-01 -3.8841E+04  3.8216E+04
  1.1857E+00  3.9550E+00  1.0005E+03  0.0000E+00 -5.0923E-03  7.4614E-01  7.5371E-01 -3.8871E+04  3.8244E+04
  1.1860E+00  3.9560E+00  1.0005E+03  0.0000E+00 -5.1077E-03  7.4613E-01  7.5372E-01 -3.8901E+04  3.8271E+04
  1.1863E+00  3.9570E+00  1.0005E+03  0.0000E+00 -5.1232E-03  7.4611E-01  7.5373E-01 -3.8930E+04  3.8298E+04
  1.1866E+00  3.9580E+00  1.0005E+03  0.0000E+00 -5.1386E-03  7.4610E-01  7.5374E-01 -3.8959E+04  3.8324E+04
  1.1869E+00  3.9590E+00  1.0005E+03  0.0000E+00 -5.1541E-03  7.4609E-01  7.5376E-01 -3.8987E+04  3.8349E+04
  1.1872E+00  3.9600E+00  1.0005E+03  3.8756E-10 -5.1696E-03  7.4608E-01  7.5377E-01 -3.9015E+04  3.8374E+04
  1.1875E+00  3.9610E+00  1.0005E+03 -3.8756E-10 -5.1850E-03  7.4607E-01  7.5378E-01 -3.9042E+04  3.8399E+04
  1.1878E+00  3.9620E+00  1.0005E+03  0.0000E+00 -5.2005E-03  7.4606E-01  7.5379E-01 -3.9068E+04  3.8422E+04
  1.1881E+00  3.9630E+00  1.0005E+03  0.0000E+00 -5.2160E-03  7.4604E-01  7.5380E-01 -3.9094E+04  3.8445E+04
  1.1884E+00  3.9640E+00  1.0005E+03  0.0000E+00 -5.2316E-03  7.4603E-01  7.5381E-01 -3.9119E+04  3.8468E+04
  1.1887E+00  3.9650E+00  1.0005E+03  3.8756E-10 -5.2471E-03  7.4602E-01  7.5382E-01 -3.9144E+04  3.8490E+04
  1.1890E+00  3.9660E+00  1.0005E+03  0.0000E+00 -5.2626E-03  7.4601E-01  7.5384E-01 -3.9168E+04  3.8511E+04
  1.1893E+00  3.9670E+00  1.0005E+03  3.8756E-10 -5.2782E-03  7.4600E-01  7.5385E-01 -3.9191E+04  3.8532E+04
  1.1896E+00  3.9680E+00  1.0005E+03 -3.8756E-10 -5.2937E-03  7.4599E-01  7.5386E-01 -3.9214E+04  3.8553E+04
  1.1899E+00  3.9690E+00  1.0005E+03  0.0000E+00 -5.3093E-03  7.4597E-01  7.5387E-01 -3.9237E+04  3.8573E+04
  1.1902E+00  3.9700E+00  1.0005E+03  0.0000E+00 -5.3248E-03  7.4596E-01  7.5388E-01 -3.9259E+04  3.8592E+04
  1.1905E+00  3.9710E+00  1.0005E+03  0.0000E+00 -5.3404E-03  7.4595E-01  7.5389E-01 -3.9280E+04  3.8611E+04
  1.1908E+00  3.9720E+00  1.0005E+03  0.0000E+00 -5.3560E-03  7.4594E-01  7.5391E-01 -3.9301E+04  3.8629E+04
  1.1911E+00  3.9730E+00  1.0005E+03 -3.8756E-10 -5.3716E-03  7.4593E-01  7.5392E-01 -3.9321E+04  3.8647E+04
  1.1914E+00  3.9740E+00  1.0005E+03  0.0000E+00 -5.3872E-03  7.4591E-01  7.5393E-01 -3.9341E+04  3.8664E+04
  1.1917E+00  3.9750E+00  1.0005E+03  0.0000E+00 -5.4028E-03  7.4590E-01  7.5394E-01 -3.9360E+04  3.8680E+04
  1.1920E+00  3.9760E+00  1.0005E+03  0.0000E+00 -5.4184E-03  7.4589E-01  7.5395E-01 -3.9379E+04  3.8696E+04
  1.1923E+00  3.9770E+00  1.0005E+03  3.8756E-10 -5.4340E-03  7.4588E-01  7.5396E-01 -3.9397E+04  3.8711E+04
  1.1926E+00  3.9780E+00  1.0005E+03  0.0000E+00 -5.4497E-03  7.4587E-01  7.5397E-01 -3.9414E+04  3.8726E+04
  1.1929E+00  3.9790E+00  1.0005E+03  0.0000E+00 -5.4653E-03  7.4586E-01  7.5399E-01 -3.9431E+04  3.8740E+04
  1.1932E+00  3.9800E+00  1.0005E+03  0.0000E+00 -5.4809E-03  7.4584E-01  7.5400E-01 -3.9447E+04  3.8754E+04
  1.1935E+00  3.9810E+00  1.0005E+03  0.0000E+00 -5.4966E-03  7.4583E-01  7.5401E-01 -3.9462E+04  3.8767E+04
  1.1938E+00  3.9820E+00  1.0005E+03  0.0000E+00 -5.5122E-03  7.4582E-01  7.5402E-01 -3.9477E+04  3.8779E+04
  1.1941E+00  3.9830E+00  1.0005E+03  0.0000E+00 -5.5279E-03  7.4581E-01  7.5403E-01 -3.9492E+04  3.8791E+04
  1.1944E+00  3.9840E+00  1.0005E+03  0.0000E+00 -5.5436E-03  7.4580E-01  7.5404E-01 -3.9505E+04  3.8802E+04
  1.1947E+00  3.9850E+00  1.0005E+03  0.0000E+00 -5.5592E-03  7.4578E-01  7.5406E-01 -3.9519E+04  3.8813E+04
  1.1950E+00  3.9860E+00  1.0005E+03  0.0000E+00 -5.5749E-03  7.4577E-01  7.5407E-01 -3.9532E+04  3.8823E+04
  1.1953E+00  3.9870E+00  1.0005E+03  3.8756E-10 -5.5906E-03  7.4576E-01  7.5408E-01 -3.9544E+04  3.8833E+04
  1.1956E+00  3.9880E+00  1.0005E+03  0.0000E+00 -5.6063E-03  7.4575E-01  7.5409E-01 -3.9555E+04  3.8842E+04
  1.1959E+00  3.9890E+00  1.0005E+03  0.0000E+00 -5.6219E-03  7.4574E-01  7.5410E-01 -3.9567E+04  3.8850E+04
  1.1962E+00  3.9900E+00  1.0005E+03  0.0000E+00 -5.6376E-03  7.4573E-01  7.5411E-01 -3.9577E+04  3.8858E+04
  1.1965E+00  3.9910E+00  1.0005E+03  0.0000E+00 -5.6533E-03  7.4571E-01  7.5413E-01 -3.9587E+04  3.8866E+04
  1.1968E+00  3.9920E+00  1.0005E+03  0.0000E+00 -5.6690E-03  7.4570E-01  7.5414E-01 -3.9597E+04  3.8873E+04
  1.1971E+00  3.9930E+00  1.0005E+03  0.0000E+00 -5.6847E-03  7.4569E-01  7.5415E-01 -3.9606E+04  3.8880E+04
  1.1974E+00  3.9940E+00  1.0005E+03  0.0000E+00 -5.7004E-03  7.4568E-01  7.5416E-01 -3.9615E+04  3.8886E+04
  1.1977E+00  3.9950E+00  1.0005E+03 -3.8756E-10 -5.7161E-03  7.4567E-01  7.5417E-01 -3.9623E+04  3.8891E+04
  1.1980E+00  3.9960E+00  1.0005E+03  3.8756E-10 -5.7318E-03  7.4565E-01  7.5418E-01 -3.9631E+04  3.8896E+04
  1.1983E+00  3.9970E+00  1.0005E+03  0.0000E+00 -5.7475E-03  7.4564E-01  7.5420E-01 -3.9638E+04  3.8901E+04
  1.1986E+00  3.9980E+00  1.0005E+03  0.0000E+00 -5.7632E-03  7.4563E-01  7.5421E-01 -3.9644E+04  3.8905E+04
  1.1989E+00  3.9990E+00  1.0005E+03  3.8756E-10 -5.7790E-03  7.4562E-01  7.5422E-01 -3.9650E+04  3.8908E+04
  1.1992E+00  4.0000E+00  1.0005E+03  0.0000E+00 -5.7947E-03  7.4561E-01  7.5423E-01 -3.9655E+04  3.8911E+04
  1.1995E+00  4.0010E+00  1.0005E+03  0.0000E+00 -5.8104E-03  7.4559E-01  7.5424E-01 -3.9660E+04  3.8913E+04
  1.1998E+00  4.0020E+00  1.0005E+03 -3.8756E-10 -5.8261E-03  7.4558E-01  7.5425E-01 -3.9664E+04  3.8915E+04
  1.2001E+00  4.0030E+00  1.0005E+03  3.8756E-10 -5.8418E-03  7.4557E-01  7.5427E-01 -3.9668E+04  3.8916E+04
  1.2004E+00  4.0040E+00  1.0005E+03  0.0000E+00 -5.8576E-03  7.4556E-01  7.5428E-01 -3.9671E+04  3.8916E+04
  1.2007E+00  4.0050E+00  1.0005E+03  0.0000E+00 -5.8733E-03  7.4555E-01  7.5429E-01 -3.9673E+04  3.8916E+04
  1.2010E+00  4.0060E+00  1.0005E+03  0.0000E+00 -5.8890E-03  7.4554E-01  7.5430E-01 -3.9675E+04  3.8915E+04
  1.2013E+00  4.0070E+00  1.0005E+03  0.0000E+00 -5.9047E-03  7.4552E-01  7.5431E-01 -3.9676E+04  3.8914E+04
  1.2016E+00  4.0080E+00  1.0005E+03 -3.8756E-10 -5.9204E-03  7.4551E-01  7.5432E-01 -3.9676E+04  3.8912E+04
  1.2019E+00  4.0090E+00  1.0005E+03  3.8756E-10 -5.9362E-03  7.4550E-01  7.5434E-01 -3.9675E+04  3.8909E+04
  1.2022E+00  4.0100E+00  1.0005E+03  0.0000E+00 -5.9519E-03  7.4549E-01  7.5435E-01 -3.9675E+04  3.8905E+04
  1.2025E+00  4.0110E+00  1.0005E+03 -3.8756E-10 -5.9676E-03  7.4548E-01  7.5436E-01 -3.9673E+04  3.8901E+04
  1.2028E+00  4.0120E+00  1.0005E+03  0.0000E+00 -5.9833E-03  7.4546E-01  7.5437E-01 -3.9671E+04  3.8897E+04
  1.2031E+00  4.0130E+00  1.0005E+03 -3.8756E-10 -5.9990E-03  7.4545E-01  7.5438E-01 -3.9668E+04  3.8892E+04
  1.2034E+00  4.0140E+00  1.0005E+03  0.0000E+00 -6.0147E-03  7.4544E-01  7.5439E-01 -3.9665E+04  3.8886E+04
  1.2037E+00  4.0150E+00  1.0005E+03  3.8756E-10 -6.0305E-03  7.4543E-01  7.5441E-01 -3.9661E+04  3.8880E+04
  1.2040E+00  4.0160E+00  1.0005E+03  0.0000E+00 -6.0462E-03  7.4542E-01  7.5442E-01 -3.9656E+04  3.8873E+04
  1.2043E+00  4.0170E+00  1.0005E+03  0.0000E+00 -6.0619E-03  7.4540E-01  7.5443E-01 -3.9651E+04  3.8865E+04
  1.2046E+00  4.0180E+00  1.0005E+03  0.0000E+00 -6.0776E-03  7.4539E-01  7.5444E-01 -3.9646E+04  3.8857E+04
  1.2049E+00  4.0190E+00  1.0005E+03  3.8756E-10 -6.0933E-03  7.4538E-01  7.5445E-01 -3.9640E+04  3.8849E+04
  1.2052E+00  4.0200E+00  1.0005E+03 -3.8756E-10 -6.1090E-03  7.4537E-01  7.5446E-01 -3.9633E+04  3.8840E+04
  1.2055E+00  4.0210E+00  1.0005E+03  0.0000E+00 -6.1247E-03  7.4536E-01  7.5448E-01 -3.9626E+04  3.8830E+04
  1.2058E+00  4.0220E+00  1.0005E+03 -3.8756E-10 -6.1404E-03  7.4535E-01  7.5449E-01 -3.9618E+04  3.8820E+04
  1.2061E+00  4.0230E+00  1.0005E+03  3.8756E-10 -6.1561E-03  7.4533E-01  7.5450E-01 -3.9610E+04  3.8810E+04
  1.2064E+00  4.0240E+00  1.0005E+03 -3.8756E-10 -6.1717E-03  7.4532E-01  7.5451E-01 -3.9602E+04  3.8799E+04
  1.2067E+00  4.0250E+00  1.0005E+03  0.0000E+00 -6.1874E-03  7.4531E-01  7.5452E-01 -3.9592E+04  3.8788E+04
  1.2070E+00  4.0260E+00  1.0005E+03  3.8756E-10 -6.2031E-03  7.4530E-01  7.5453E-01 -3.9583E+04  3.8776E+04
  1.2073E+00  4.0270E+00  1.0005E+03  0.0000E+00 -6.2188E-03  7.4529E-01  7.5455E-01 -3.9573E+04  3.8763E+04
  1.2076E+00  4.0280E+00  1.0005E+03  0.0000E+00 -6.2344E-03  7.4527E-01  7.5456E-01 -3.9562E+04  3.8750E+04
  1.2079E+00  4.0290E+00  1.0005E+03  0.0000E+00 -6.2501E-03  7.4526E-01  7.5457E-01 -3.9550E+04  3.8736E+04
  1.2082E+00  4.0300E+00  1.0005E+03  0.0000E+00 -6.2658E-03  7.4525E-01  7.5458E-01 -3.9538E+04  3.8722E+04
  1.2085E+00  4.0310E+00  1.0005E+03  0.0000E+00 -6.2814E-03  7.4524E-01  7.5459E-01 -3.9526E+04  3.8707E+04
  1.2088E+00  4.0320E+00  1.0005E+03  0.0000E+00 -6.2971E-03  7.4523E-01  7.5460E-01 -3.9513E+04  3.8692E+04
  1.2091E+00  4.0330E+00  1.0005E+03  0.0000E+00 -6.3127E-03  7.4521E-01  7.5462E-01 -3.9500E+04  3.8676E+04
  1.2094E+00  4.0340E+00  1.0005E+03  3.8756E-10 -6.3283E-03  7.4520E-01  7.5463E-01 -3.9485E+04  3.8660E+04
  1.2097E+00  4.0350E+00  1.0005E+03  0.0000E+00 -6.3440E-03  7.4519E-01  7.5464E-01 -3.9471E+04  3.8643E+04
  1.2100E+00  4.0360E+00  1.0005E+03  0.0000E+00 -6.3596E-03  7.4518E-01  7.5465E-01 -3.9455E+04  3.8625E+04
  1.2103E+00  4.0370E+00  1.0005E+03  0.0000E+00 -6.3752E-03  7.4517E-01  7.5466E-01 -3.9439E+04  3.8607E+04
  1.2106E+00  4.0380E+00  1.0005E+03  3.8756E-10 -6.3908E-03  7.4516E-01  7.5467E-01 -3.9423E+04  3.8588E+04
  1.2109E+00  4.0390E+00  1.0005E+03  0.0000E+00 -6.4064E-03  7.4514E-01  7.5468E-01 -3.9405E+04  3.8569E+04
  1.2112E+00  4.0400E+00  1.0005E+03  0.0000E+00 -6.4220E-03  7.4513E-01  7.5470E-01 -3.9388E+04  3.8549E+04
  1.2115E+00  4.0410E+00  1.0005E+03  3.8756E-10 -6.4376E-03  7.4512E-01  7.5471E-01 -3.9369E+04  3.8528E+04
  1.2118E+00  4.0420E+00  1.0005E+03 -3.8756E-10 -6.4532E-03  7.4511E-01  7.5472E-01 -3.9350E+04  3.8507E+04
  1.2121E+00  4.0430E+00  1.0005E+03  0.0000E+00 -6.4688E-03  7.4510E-01  7.5473E-01 -3.9331E+04  3.8486E+04
  1.2124E+00  4.0440E+00  1.0005E+03  0.0000E+00 -6.4843E-03  7.4508E-01  7.5474E-01 -3.9311E+04  3.8464E+04
  1.2127E+00  4.0450E+00  1.0005E+03  0.0000E+00 -6.4999E-03  7.4507E-01  7.5475E-01 -3.9290E+04  3.8441E+04
  1.2130E+00  4.0460E+00  1.0005E+03 -3.8756E-10 -6.5154E-03  7.4506E-01  7.5477E-01 -3.9269E+04  3.8418E+04
  1.2133E+00  4.0470E+00  1.0005E+03  0.0000E+00 -6.5310E-03  7.4505E-01  7.5478E-01 -3.9248E+04  3.8394E+04
  1.2136E+00  4.0480E+00  1.0005E+03  3.8756E-10 -6.5465E-03  7.4504E-01  7.5479E-01 -3.9225E+04  3.8369E+04
  1.2139E+00  4.0490E+00  1.0005E+03 -3.8756E-10 -6.5620E-03  7.4503E-01  7.5480E-01 -3.9203E+04  3.8345E+04
  1.2142E+00  4.0500E+00  1.0005E+03  0.0000E+00 -6.5775E-03  7.4501E-01  7.5481E-01 -3.9179E+04  3.8319E+04
  1.2145E+00  4.0510E+00  1.0005E+03  3.8756E-10 -6.5930E-03  7.4500E-01  7.5482E-01 -3.9155E+04  3.8293E+04
  1.2148E+00  4.0520E+00  1.0005E+03 -3.8756E-10 -6.6085E-03  7.4499E-01  7.5483E-01 -3.9131E+04  3.8267E+04
  1.2151E+00  4.0530E+00  1.0005E+03  0.0000E+00 -6.6240E-03  7.4498E-01  7.5485E-01 -3.9106E+04  3.8240E+04
  1.2154E+00  4.0540E+00  1.0005E+03  0.0000E+00 -6.6394E-03  7.4497E-01  7.5486E-01 -3.9080E+04  3.8212E+04
  1.2157E+00  4.0550E+00  1.0005E+03  0.0000E+00 -6.6549E-03  7.4496E-01  7.5487E-01 -3.9054E+04  3.8184E+04
  1.2160E+00  4.0560E+00  1.0005E+03  0.0000E+00 -6.6703E-03  7.4494E-01  7.5488E-01 -3.9027E+04  3.8155E+04
  1.2163E+00  4.0570E+00  1.0005E+03  0.0000E+00 -6.6858E-03  7.4493E-01  7.5489E-01 -3.9000E+04  3.8125E+04
  1.2166E+00  4.0580E+00  1.0005E+03  0.0000E+00 -6.7012E-03  7.4492E-01  7.5490E-01 -3.8972E+04  3.8095E+04
  1.2169E+00  4.0590E+00  1.0005E+03 -3.8756E-10 -6.7166E-03  7.4491E-01  7.5491E-01 -3.8943E+04  3.8064E+04
  1.2172E+00  4.0600E+00  1.0005E+03  0.0000E+00 -6.7320E-03  7.4490E-01  7.5493E-01 -3.8913E+04  3.8033E+04
  1.2175E+00  4.0610E+00  1.0005E+03  0.0000E+00 -6.7474E-03  7.4489E-01  7.5494E-01 -3.8883E+04  3.8001E+04
  1.2178E+00  4.0620E+00  1.0005E+03  3.8756E-10 -6.7628E-03  7.4487E-01  7.5495E-01 -3.8853E+04  3.7969E+04
  1.2181E+00  4.0630E+00  1.0005E+03  0.0000E+00 -6.7781E-03  7.4486E-01  7.5496E-01 -3.8822E+04  3.7935E+04
  1.2184E+00  4.0640E+00  1.0005E+03  0.0000E+00 -6.7935E-03  7.4485E-01  7.5497E-01 -3.8790E+04  3.7901E+04
  1.2187E+00  4.0650E+00  1.0005E+03  0.0000E+00 -6.8088E-03  7.4484E-01  7.5498E-01 -3.8757E+04  3.7867E+04
  1.2190E+00  4.0660E+00  1.0005E+03  0.0000E+00 -6.8241E-03  7.4483E-01  7.5499E-01 -3.8724E+04  3.7832E+04
  1.2193E+00  4.0670E+00  1.0005E+03  3.8756E-10 -6.8394E-03  7.4482E-01  7.5501E-01 -3.8690E+04  3.7796E+04
  1.2196E+00  4.0680E+00  1.0005E+03 -3.8756E-10 -6.8547E-03  7.4480E-01  7.5502E-01 -3.8656E+04  3.7760E+04
  1.2199E+00  4.0690E+00  1.0005E+03  3.8756E-10 -6.8700E-03  7.4479E-01  7.5503E-01 -3.8621E+04  3.7723E+04
  1.2202E+00  4.0700E+00  1.0005E+03 -3.8756E-10 -6.8853E-03  7.4478E-01  7.5504E-01 -3.8585E+04  3.7686E+04
  1.2205E+00  4.0710E+00  1.0005E+03  3.8756E-10 -6.9005E-03  7.4477E-01  7.5505E-01 -3.8549E+04  3.7648E+04
  1.2208E+00  4.0720E+00  1.0005E+03  0.0000E+00 -6.9158E-03  7.4476E-01  7.5506E-01 -3.8512E+04  3.7609E+04
  1.2211E+00  4.0730E+00  1.0005E+03  0.0000E+00 -6.9310E-03  7.4475E-01  7.5507E-01 -3.8475E+04  3.7570E+04
  1.2214E+00  4.0740E+00  1.0005E+03  0.0000E+00 -6.9462E-03  7.4474E-01  7.5508E-01 -3.8437E+04  3.7531E+04
  1.2217E+00  4.0750E+00  1.0005E+03 -3.8756E-10 -6.9614E-03  7.4472E-01  7.5510E-01 -3.8399E+04  3.7491E+04
  1.2220E+00  4.0760E+00  1.0005E+03  0.0000E+00 -6.9766E-03  7.4471E-01  7.5511E-01 -3.8361E+04  3.7451E+04
  1.2223E+00  4.0770E+00  1.0005E+03  0.0000E+00 -6.9917E-03  7.4470E-01  7.5512E-01 -3.8322E+04  3.7410E+04
  1.2226E+00  4.0780E+00  1.0005E+03  0.0000E+00 -7.0069E-03  7.4469E-01  7.5513E-01 -3.8282E+04  3.7369E+04
  1.2229E+00  4.0790E+00  1.0005E+03  0.0000E+00 -7.0220E-03  7.4468E-01  7.5514E-01 -3.8242E+04  3.7327E+04
  1.2232E+00  4.0800E+00  1.0005E+03 -3.8756E-10 -7.0371E-03  7.4467E-01  7.5515E-01 -3.8202E+04  3.7285E+04
  1.2235E+00  4.0810E+00  1.0005E+03 -3.8756E-10 -7.0522E-03  7.4465E-01  7.5516E-01 -3.8161E+04  3.7242E+04
  1.2238E+00  4.0820E+00  1.0005E+03  0.0000E+00 -7.0673E-03  7.4464E-01  7.5517E-01 -3.8119E+04  3.7199E+04
  1.2241E+00  4.0830E+00  1.0005E+03  3.8756E-10 -7.0823E-03  7.4463E-01  7.5518E-01 -3.8078E+04  3.7156E+04
  1.2244E+00  4.0840E+00  1.0005E+03 -3.8756E-10 -7.0974E-03  7.4462E-01  7.5520E-01 -3.8035E+04  3.7112E+04
  1.2247E+00  4.0850E+00  1.0005E+03  3.8756E-10 -7.1124E-03  7.4461E-01  7.5521E-01 -3.7993E+04  3.7067E+04
  1.2250E+00  4.0860E+00  1.0005E+03 -3.8756E-10 -7.1274E-03  7.4460E-01  7.5522E-01 -3.7949E+04  3.7023E+04
  1.2253E+00  4.0870E+00  1.0005E+03  3.8756E-10 -7.1424E-03  7.4459E-01  7.5523E-01 -3.7906E+04  3.6977E+04
  1.2256E+00  4.0880E+00  1.0005E+03 -3.8756E-10 -7.1574E-03  7.4457E-01  7.5524E-01 -3.7862E+04  3.6932E+04
  1.2259E+00  4.0890E+00  1.0005E+03  0.0000E+00 -7.1723E-03  7.4456E-01  7.5525E-01 -3.7817E+04  3.6886E+04
  1.2262E+00  4.0900E+00  1.0005E+03 -3.8756E-10 -7.1873E-03  7.4455E-01  7.5526E-01 -3.7772E+04  3.6839E+04
  1.2265E+00  4.0910E+00  1.0005E+03  0.0000E+00 -7.2022E-03  7.4454E-01  7.5527E-01 -3.7727E+04  3.6792E+04
  1.2268E+00  4.0920E+00  1.0005E+03  0.0000E+00 -7.2171E-03  7.4453E-01  7.5528E-01 -3.7681E+04  3.6745E+04
  1.2271E+00  4.0930E+00  1.0005E+03  0.0000E+00 -7.2319E-03  7.4452E-01  7.5530E-01 -3.7635E+04  3.6697E+04
  1.2274E+00  4.0940E+00  1.0005E+03  0.0000E+00 -7.2468E-03  7.4451E-01  7.5531E-01 -3.7588E+04  3.6649E+04
  1.2276E+00  4.0950E+00  1.0005E+03  0.0000E+00 -7.2617E-03  7.4450E-01  7.5532E-01 -3.7541E+04  3.6600E+04
  1.2279E+00  4.0960E+00  1.0005E+03 -3.8756E-10 -7.2765E-03  7.4448E-01  7.5533E-01 -3.7494E+04  3.6551E+04
  1.2282E+00  4.0970E+00  1.0005E+03  3.8756E-10 -7.2913E-03  7.4447E-01  7.5534E-01 -3.7446E+04  3.6502E+04
  1.2285E+00  4.0980E+00  1.0005E+03 -3.8756E-10 -7.3061E-03  7.4446E-01  7.5535E-01 -3.7397E+04  3.6452E+04
  1.2288E+00  4.0990E+00  1.0005E+03  0.0000E+00 -7.3208E-03  7.4445E-01  7.5536E-01 -3.7349E+04  3.6402E+04
  1.2291E+00  4.1000E+00  1.0005E+03  0.0000E+00 -7.3356E-03  7.4444E-01  7.5537E-01 -3.7300E+04  3.6351E+04
  1.2294E+00  4.1010E+00  1.0005E+03  3.8756E-10 -7.3503E-03  7.4443E-01  7.5538E-01 -3.7250E+04  3.6300E+04
  1.2297E+00  4.1020E+00  1.0005E+03 -3.8756E-10 -7.3650E-03  7.4442E-01  7.5539E-01 -3.7200E+04  3.6249E+04
  1.2300E+00  4.1030E+00  1.0005E+03  0.0000E+00 -7.3797E-03  7.4441E-01  7.5540E-01 -3.7150E+04  3.6197E+04
  1.2303E+00  4.1040E+00  1.0005E+03  3.8756E-10 -7.3944E-03  7.4440E-01  7.5542E-01 -3.7099E+04  3.6145E+04
  1.2306E+00  4.1050E+00  1.0005E+03  0.0000E+00 -7.4090E-03  7.4438E-01  7.5543E-01 -3.7048E+04  3.6093E+04
  1.2309E+00  4.1060E+00  1.0005E+03  0.0000E+00 -7.4236E-03  7.4437E-01  7.5544E-01 -3.6996E+04  3.6040E+04
  1.2312E+00  4.1070E+00  1.0005E+03 -3.8756E-10 -7.4382E-03  7.4436E-01  7.5545E-01 -3.6944E+04  3.5986E+04
  1.2315E+00  4.1080E+00  1.0005E+03  0.0000E+00 -7.4528E-03  7.4435E-01  7.5546E-01 -3.6892E+04  3.5933E+04
  1.2318E+00  4.1090E+00  1.0005E+03  0.0000E+00 -7.4674E-03  7.4434E-01  7.5547E-01 -3.6839E+04  3.5878E+04
  1.2321E+00  4.1100E+00  1.0005E+03  0.0000E+00 -7.4819E-03  7.4433E-01  7.5548E-01 -3.6786E+04  3.5824E+04
  1.2324E+00  4.1110E+00  1.0005E+03  0.0000E+00 -7.4964E-03  7.4432E-01  7.5549E-01 -3.6732E+04  3.5769E+04
  1.2327E+00  4.1120E+00  1.0005E+03  0.0000E+00 -7.5109E-03  7.4431E-01  7.5550E-01 -3.6678E+04  3.5713E+04
  1.2330E+00  4.1130E+00  1.0005E+03  0.0000E+00 -7.5254E-03  7.4430E-01  7.5551E-01 -3.6623E+04  3.5658E+04
  1.2333E+00  4.1140E+00  1.0005E+03  0.0000E+00 -7.5398E-03  7.4428E-01  7.5552E-01 -3.6568E+04  3.5601E+04
  1.2336E+00  4.1150E+00  1.0005E+03  0.0000E+00 -7.5543E-03  7.4427E-01  7.5553E-01 -3.6513E+04  3.5544E+04
  1.2339E+00  4.1160E+00  1.0005E+03  0.0000E+00 -7.5687E-03  7.4426E-01  7.5554E-01 -3.6457E+04  3.5487E+04
  1.2342E+00  4.1170E+00  1.0005E+03  0.0000E+00 -7.5830E-03  7.4425E-01  7.5555E-01 -3.6400E+04  3.5430E+04
  1.2345E+00  4.1180E+00  1.0005E+03  0.0000E+00 -7.5974E-03  7.4424E-01  7.5557E-01 -3.6343E+04  3.5371E+04
  1.2348E+00  4.1190E+00  1.0005E+03  0.0000E+00 -7.6117E-03  7.4423E-01  7.5558E-01 -3.6286E+04  3.5313E+04
  1.2351E+00  4.1200E+00  1.0005E+03 -3.8756E-10 -7.6261E-03  7.4422E-01  7.5559E-01 -3.6228E+04  3.5254E+04
  1.2354E+00  4.1210E+00  1.0005E+03  0.0000E+00 -7.6403E-03  7.4421E-01  7.5560E-01 -3.6170E+04  3.5194E+04
  1.2357E+00  4.1220E+00  1.0005E+03  0.0000E+00 -7.6546E-03  7.4420E-01  7.5561E-01 -3.6111E+04  3.5134E+04
  1.2360E+00  4.1230E+00  1.0005E+03  0.0000E+00 -7.6688E-03  7.4419E-01  7.5562E-01 -3.6052E+04  3.5074E+04
  1.2363E+00  4.1240E+00  1.0005E+03  0.0000E+00 -7.6831E-03  7.4418E-01  7.5563E-01 -3.5992E+04  3.5013E+04
  1.2366E+00  4.1250E+00  1.0005E+03 -3.8756E-10 -7.6973E-03  7.4417E-01  7.5564E-01 -3.5932E+04  3.4952E+04
  1.2369E+00  4.1260E+00  1.0005E+03  0.0000E+00 -7.7114E-03  7.4415E-01  7.5565E-01 -3.5871E+04  3.4890E+04
  1.2372E+00  4.1270E+00  1.0005E+03  3.8756E-10 -7.7256E-03  7.4414E-01  7.5566E-01 -3.5810E+04  3.4828E+04
  1.2375E+00  4.1280E+00  1.0005E+03 -3.8756E-10 -7.7397E-03  7.4413E-01  7.5567E-01 -3.5748E+04  3.4765E+04
  1.2378E+00  4.1290E+00  1.0005E+03  0.0000E+00 -7.7538E-03  7.4412E-01  7.5568E-01 -3.5687E+04  3.4702E+04
  1.2381E+00  4.1300E+00  1.0005E+03  0.0000E+00 -7.7679E-03  7.4411E-01  7.5569E-01 -3.5624E+04  3.4639E+04
  1.2384E+00  4.1310E+00  1.0005E+03 -3.8756E-10 -7.7819E-03  7.4410E-01  7.5570E-01 -3.5561E+04  3.4575E+04
  1.2387E+00  4.1320E+00  1.0005E+03 -3.8756E-10 -7.7959E-03  7.4409E-01  7.5571E-01 -3.5498E+04  3.4511E+04
  1.2390E+00  4.1330E+00  1.0005E+03  3.8756E-10 -7.8099E-03  7.4408E-01  7.5572E-01 -3.5434E+04  3.4446E+04
  1.2393E+00  4.1340E+00  1.0005E+03 -3.8756E-10 -7.8239E-03  7.4407E-01  7.5573E-01 -3.5370E+04  3.4381E+04
  1.2396E+00  4.1350E+00  1.0005E+03  0.0000E+00 -7.8378E-03  7.4406E-01  7.5574E-01 -3.5305E+04  3.4315E+04
  1.2399E+00  4.1360E+00  1.0005E+03  0.0000E+00 -7.8518E-03  7.4405E-01  7.5575E-01 -3.5240E+04  3.4249E+04
  1.2402E+00  4.1370E+00  1.0005E+03  3.8756E-10 -7.8656E-03  7.4404E-01  7.5576E-01 -3.5175E+04  3.4183E+04
  1.2405E+00  4.1380E+00  1.0005E+03 -3.8756E-10 -7.8795E-03  7.4403E-01  7.5577E-01 -3.5108E+04  3.4116E+04
  1.2408E+00  4.1390E+00  1.0005E+03  0.0000E+00 -7.8933E-03  7.4402E-01  7.5578E-01 -3.5042E+04  3.4048E+04
  1.2411E+00  4.1400E+00  1.0005E+03  3.8756E-10 -7.9072E-03  7.4401E-01  7.5579E-01 -3.4975E+04  3.3980E+04
  1.2414E+00  4.1410E+00  1.0005E+03 -3.8756E-10 -7.9209E-03  7.4400E-01  7.5580E-01 -3.4907E+04  3.3912E+04
  1.2417E+00  4.1420E+00  1.0005E+03  3.8756E-10 -7.9347E-03  7.4399E-01  7.5581E-01 -3.4839E+04  3.3843E+04
  1.2420E+00  4.1430E+00  1.0005E+03  0.0000E+00 -7.9484E-03  7.4397E-01  7.5582E-01 -3.4770E+04  3.3773E+04
  1.2423E+00  4.1440E+00  1.0005E+03  3.8756E-10 -7.9621E-03  7.4396E-01  7.5583E-01 -3.4701E+04  3.3703E+04
  1.2426E+00  4.1450E+00  1.0005E+03  0.0000E+00 -7.9758E-03  7.4395E-01  7.5584E-01 -3.4631E+04  3.3633E+04
  1.2429E+00  4.1460E+00  1.0005E+03  0.0000E+00 -7.9894E-03  7.4394E-01  7.5586E-01 -3.4561E+04  3.3561E+04
  1.2432E+00  4.1470E+00  1.0005E+03  0.0000E+00 -8.0031E-03  7.4393E-01  7.5587E-01 -3.4490E+04  3.3490E+04
  1.2435E+00  4.1480E+00  1.0005E+03  0.0000E+00 -8.0166E-03  7.4392E-01  7.5588E-01 -3.4418E+04  3.3418E+04
  1.2438E+00  4.1490E+00  1.0005E+03  0.0000E+00 -8.0302E-03  7.4391E-01  7.5589E-01 -3.4347E+04  3.3345E+04
  1.2441E+00  4.1500E+00  1.0005E+03  3.8756E-10 -8.0437E-03  7.4390E-01  7.5590E-01 -3.4274E+04  3.3273E+04
  1.2444E+00  4.1510E+00  1.0005E+03 -3.8756E-10 -8.0572E-03  7.4389E-01  7.5591E-01 -3.4202E+04  3.3199E+04
  1.2447E+00  4.1520E+00  1.0005E+03  0.0000E+00 -8.0707E-03  7.4388E-01  7.5591E-01 -3.4128E+04  3.3125E+04
  1.2450E+00  4.1530E+00  1.0005E+03  0.0000E+00 -8.0841E-03  7.4387E-01  7.5592E-01 -3.4055E+04  3.3051E+04
  1.2453E+00  4.1540E+00  1.0005E+03  0.0000E+00 -8.0976E-03  7.4386E-01  7.5593E-01 -3.3981E+04  3.2977E+04
  1.2456E+00  4.1550E+00  1.0005E+03  0.0000E+00 -8.1109E-03  7.4385E-01  7.5594E-01 -3.3907E+04  3.2902E+04
  1.2459E+00  4.1560E+00  1.0005E+03  0.0000E+00 -8.1243E-03  7.4384E-01  7.5595E-01 -3.3832E+04  3.2826E+04
  1.2462E+00  4.1570E+00  1.0005E+03  0.0000E+00 -8.1376E-03  7.4383E-01  7.5596E-01 -3.3757E+04  3.2751E+04
  1.2465E+00  4.1580E+00  1.0005E+03 -7.7513E-10 -8.1509E-03  7.4382E-01  7.5597E-01 -3.3682E+04  3.2675E+04
  1.2468E+00  4.1590E+00  1.0005E+03  3.8756E-10 -8.1642E-03  7.4381E-01  7.5598E-01 -3.3606E+04  3.2599E+04
  1.2471E+00  4.1600E+00  1.0005E+03  0.0000E+00 -8.1774E-03  7.4380E-01  7.5599E-01 -3.3530E+04  3.2522E+04
  1.2474E+00  4.1610E+00  1.0005E+03 -3.8756E-10 -8.1906E-03  7.4379E-01  7.5600E-01 -3.3454E+04  3.2445E+04
  1.2477E+00  4.1620E+00  1.0005E+03 -3.8756E-10 -8.2038E-03  7.4378E-01  7.5601E-01 -3.3377E+04  3.2368E+04
  1.2480E+00  4.1630E+00  1.0005E+03  0.0000E+00 -8.2169E-03  7.4377E-01  7.5602E-01 -3.3300E+04  3.2291E+04
  1.2483E+00  4.1640E+00  1.0005E+03 -3.8756E-10 -8.2300E-03  7.4376E-01  7.5603E-01 -3.3223E+04  3.2214E+04
  1.2486E+00  4.1650E+00  1.0005E+03  3.8756E-10 -8.2431E-03  7.4375E-01  7.5604E-01 -3.3146E+04  3.2136E+04
  1.2489E+00  4.1660E+00  1.0005E+03  0.0000E+00 -8.2562E-03  7.4374E-01  7.5605E-01 -3.3068E+04  3.2058E+04
  1.2492E+00  4.1670E+00  1.0005E+03  0.0000E+00 -8.2692E-03  7.4373E-01  7.5606E-01 -3.2990E+04  3.1979E+04
  1.2495E+00  4.1680E+00  1.0005E+03  3.8756E-10 -8.2822E-03  7.4372E-01  7.5607E-01 -3.2912E+04  3.1901E+04
  1.2498E+00  4.1690E+00  1.0005E+03 -3.8756E-10 -8.2951E-03  7.4371E-01  7.5608E-01 -3.2834E+04  3.1822E+04
  1.2501E+00  4.1700E+00  1.0005E+03  3.8756E-10 -8.3080E-03  7.4370E-01  7.5609E-01 -3.2755E+04  3.1743E+04
  1.2504E+00  4.1710E+00  1.0005E+03 -3.8756E-10 -8.3209E-03  7.4369E-01  7.5610E-01 -3.2676E+04  3.1664E+04
  1.2507E+00  4.1720E+00  1.0005E+03  0.0000E+00 -8.3338E-03  7.4368E-01  7.5611E-01 -3.2597E+04  3.1584E+04
  1.2510E+00  4.1730E+00  1.0005E+03  0.0000E+00 -8.3466E-03  7.4367E-01  7.5612E-01 -3.2518E+04  3.1505E+04
  1.2513E+00  4.1740E+00  1.0005E+03  0.0000E+00 -8.3594E-03  7.4366E-01  7.5613E-01 -3.2438E+04  3.1425E+04
  1.2516E+00  4.1750E+00  1.0005E+03  0.0000E+00 -8.3722E-03  7.4365E-01  7.5614E-01 -3.2358E+04  3.1345E+04
  1.2519E+00  4.1760E+00  1.0005E+03  3.8756E-10 -8.3849E-03  7.4364E-01  7.5615E-01 -3.2278E+04  3.1264E+04
  1.2522E+00  4.1770E+00  1.0005E+03  0.0000E+00 -8.3976E-03  7.4363E-01  7.5616E-01 -3.2198E+04  3.1184E+04
  1.2525E+00  4.1780E+00  1.0005E+03  0.0000E+00 -8.4103E-03  7.4362E-01  7.5617E-01 -3.2118E+04  3.1103E+04
  1.2528E+00  4.1790E+00  1.0005E+03 -3.8756E-10 -8.4229E-03  7.4361E-01  7.5617E-01 -3.2037E+04  3.1022E+04
  1.2531E+00  4.1800E+00  1.0005E+03  0.0000E+00 -8.4355E-03  7.4360E-01  7.5618E-01 -3.1956E+04  3.0941E+04
  1.2534E+00  4.1810E+00  1.0005E+03  0.0000E+00 -8.4481E-03  7.4359E-01  7.5619E-01 -3.1875E+04  3.0860E+04
  1.2537E+00  4.1820E+00  1.0005E+03  0.0000E+00 -8.4606E-03  7.4359E-01  7.5620E-01 -3.1794E+04  3.0779E+04
  1.2540E+00  4.1830E+00  1.0005E+03 -3.8756E-10 -8.4731E-03  7.4358E-01  7.5621E-01 -3.1713E+04  3.0697E+04
  1.2543E+00  4.1840E+00  1.0005E+03  3.8756E-10 -8.4856E-03  7.4357E-01  7.5622E-01 -3.1631E+04  3.0616E+04
  1.2546E+00  4.1850E+00  1.0005E+03 -3.8756E-10 -8.4980E-03  7.4356E-01  7.5623E-01 -3.1550E+04  3.0534E+04
  1.2549E+00  4.1860E+00  1.0005E+03  0.0000E+00 -8.5104E-03  7.4355E-01  7.5624E-01 -3.1468E+04  3.0452E+04
  1.2552E+00  4.1870E+00  1.0005E+03 -3.8756E-10 -8.5228E-03  7.4354E-01  7.5625E-01 -3.1386E+04  3.0370E+04
  1.2555E+00  4.1880E+00  1.0005E+03  3.8756E-10 -8.5351E-03  7.4353E-01  7.5626E-01 -3.1304E+04  3.0288E+04
  1.2558E+00  4.1890E+00  1.0005E+03 -3.8756E-10 -8.5475E-03  7.4352E-01  7.5627E-01 -3.1222E+04  3.0206E+04
  1.2561E+00  4.1900E+00  1.0005E+03  0.0000E+00 -8.5597E-03  7.4351E-01  7.5628E-01 -3.1140E+04  3.0123E+04
  1.2564E+00  4.1910E+00  1.0005E+03  0.0000E+00 -8.5720E-03  7.4350E-01  7.5628E-01 -3.1057E+04  3.0041E+04
  1.2567E+00  4.1920E+00  1.0005E+03  0.0000E+00 -8.5842E-03  7.4349E-01  7.5629E-01 -3.0975E+04  2.9958E+04
  1.2570E+00  4.1930E+00  1.0005E+03  0.0000E+00 -8.5964E-03  7.4348E-01  7.5630E-01 -3.0892E+04  2.9875E+04
  1.2573E+00  4.1940E+00  1.0005E+03  3.8756E-10 -8.6085E-03  7.4347E-01  7.5631E-01 -3.0809E+04  2.9793E+04
  1.2576E+00  4.1950E+00  1.0005E+03  0.0000E+00 -8.6206E-03  7.4346E-01  7.5632E-01 -3.0726E+04  2.9710E+04
  1.2579E+00  4.1960E+00  1.0005E+03  3.8756E-10 -8.6327E-03  7.4345E-01  7.5633E-01 -3.0643E+04  2.9627E+04
  1.2582E+00  4.1970E+00  1.0005E+03  0.0000E+00 -8.6447E-03  7.4345E-01  7.5634E-01 -3.0560E+04  2.9543E+04
  1.2585E+00  4.1980E+00  1.0005E+03  0.0000E+00 -8.6568E-03  7.4344E-01  7.5635E-01 -3.0477E+04  2.9460E+04
  1.2588E+00  4.1990E+00  1.0005E+03  3.8756E-10 -8.6687E-03  7.4343E-01  7.5636E-01 -3.0394E+04  2.9377E+04
  1.2591E+00  4.2000E+00  1.0005E+03 -3.8756E-10 -8.6807E-03  7.4342E-01  7.5636E-01 -3.0310E+04  2.9293E+04
  1.2594E+00  4.2010E+00  1.0005E+03  0.0000E+00 -8.6926E-03  7.4341E-01  7.5637E-01 -3.0227E+04  2.9210E+04
  1.2597E+00  4.2020E+00  1.0005E+03  3.8756E-10 -8.7045E-03  7.4340E-01  7.5638E-01 -3.0143E+04  2.9126E+04
  1.2600E+00  4.2030E+00  1.0005E+03  0.0000E+00 -8.7163E-03  7.4339E-01  7.5639E-01 -3.0059E+04  2.9043E+04
  1.2603E+00  4.2040E+00  1.0005E+03  0.0000E+00 -8.7281E-03  7.4338E-01  7.5640E-01 -2.9976E+04  2.8959E+04
  1.2606E+00  4.2050E+00  1.0005E+03  0.0000E+00 -8.7399E-03  7.4337E-01  7.5641E-01 -2.9892E+04  2.8875E+04
  1.2609E+00  4.2060E+00  1.0005E+03  3.8756E-10 -8.7516E-03  7.4336E-01  7.5642E-01 -2.9808E+04  2.8791E+04
  1.2612E+00  4.2070E+00  1.0005E+03 -3.8756E-10 -8.7634E-03  7.4335E-01  7.5643E-01 -2.9724E+04  2.8707E+04
  1.2615E+00  4.2080E+00  1.0005E+03  0.0000E+00 -8.7750E-03  7.4335E-01  7.5643E-01 -2.9640E+04  2.8623E+04
  1.2618E+00  4.2090E+00  1.0005E+03  0.0000E+00 -8.7867E-03  7.4334E-01  7.5644E-01 -2.9556E+04  2.8539E+04
  1.2621E+00  4.2100E+00  1.0005E+03  0.0000E+00 -8.7983E-03  7.4333E-01  7.5645E-01 -2.9471E+04  2.8455E+04
  1.2624E+00  4.2110E+00  1.0005E+03  0.0000E+00 -8.8099E-03  7.4332E-01  7.5646E-01 -2.9387E+04  2.8371E+04
  1.2627E+00  4.2120E+00  1.0005E+03  0.0000E+00 -8.8214E-03  7.4331E-01  7.5647E-01 -2.9303E+04  2.8287E+04
  1.2630E+00  4.2130E+00  1.0005E+03 -3.8756E-10 -8.8329E-03  7.4330E-01  7.5648E-01 -2.9219E+04  2.8203E+04
  1.2633E+00  4.2140E+00  1.0005E+03  3.8756E-10 -8.8444E-03  7.4329E-01  7.5648E-01 -2.9135E+04  2.8119E+04
  1.2636E+00  4.2150E+00  1.0005E+03  0.0000E+00 -8.8558E-03  7.4328E-01  7.5649E-01 -2.9051E+04  2.8035E+04
  1.2639E+00  4.2160E+00  1.0005E+03 -3.8756E-10 -8.8672E-03  7.4328E-01  7.5650E-01 -2.8967E+04  2.7951E+04
  1.2642E+00  4.2170E+00  1.0005E+03  3.8756E-10 -8.8786E-03  7.4327E-01  7.5651E-01 -2.8883E+04  2.7868E+04
  1.2645E+00  4.2180E+00  1.0005E+03  0.0000E+00 -8.8900E-03  7.4326E-01  7.5652E-01 -2.8799E+04  2.7784E+04
  1.2648E+00  4.2190E+00  1.0005E+03  0.0000E+00 -8.9013E-03  7.4325E-01  7.5653E-01 -2.8715E+04  2.7700E+04
  1.2651E+00  4.2200E+00  1.0005E+03  0.0000E+00 -8.9125E-03  7.4324E-01  7.5653E-01 -2.8631E+04  2.7616E+04
  1.2654E+00  4.2210E+00  1.0005E+03  0.0000E+00 -8.9238E-03  7.4323E-01  7.5654E-01 -2.8547E+04  2.7533E+04
  1.2657E+00  4.2220E+00  1.0005E+03  0.0000E+00 -8.9350E-03  7.4322E-01  7.5655E-01 -2.8463E+04  2.7449E+04
  1.2660E+00  4.2230E+00  1.0005E+03 -3.8756E-10 -8.9462E-03  7.4322E-01  7.5656E-01 -2.8380E+04  2.7366E+04
  1.2663E+00  4.2240E+00  1.0005E+03  0.0000E+00 -8.9573E-03  7.4321E-01  7.5657E-01 -2.8296E+04  2.7283E+04
  1.2666E+00  4.2250E+00  1.0005E+03  0.0000E+00 -8.9684E-03  7.4320E-01  7.5658E-01 -2.8213E+04  2.7200E+04
  1.2669E+00  4.2260E+00  1.0005E+03  0.0000E+00 -8.9795E-03  7.4319E-01  7.5658E-01 -2.8129E+04  2.7116E+04
  1.2672E+00  4.2270E+00  1.0005E+03  0.0000E+00 -8.9905E-03  7.4318E-01  7.5659E-01 -2.8046E+04  2.7034E+04
  1.2675E+00  4.2280E+00  1.0005E+03  0.0000E+00 -9.0015E-03  7.4317E-01  7.5660E-01 -2.7963E+04  2.6951E+04
  1.2678E+00  4.2290E+00  1.0005E+03  0.0000E+00 -9.0125E-03  7.4316E-01  7.5661E-01 -2.7880E+04  2.6868E+04
  1.2681E+00  4.2300E+00  1.0005E+03  0.0000E+00 -9.0235E-03  7.4316E-01  7.5662E-01 -2.7797E+04  2.6785E+04
  1.2684E+00  4.2310E+00  1.0005E+03  0.0000E+00 -9.0344E-03  7.4315E-01  7.5662E-01 -2.7714E+04  2.6703E+04
  1.2687E+00  4.2320E+00  1.0005E+03  0.0000E+00 -9.0452E-03  7.4314E-01  7.5663E-01 -2.7631E+04  2.6620E+04
  1.2690E+00  4.2330E+00  1.0005E+03  0.0000E+00 -9.0561E-03  7.4313E-01  7.5664E-01 -2.7548E+04  2.6537E+04
  1.2693E+00  4.2340E+00  1.0005E+03  3.8756E-10 -9.0669E-03  7.4312E-01  7.5665E-01 -2.7466E+04  2.6455E+04
  1.2696E+00  4.2350E+00  1.0005E+03 -3.8756E-10 -9.0777E-03  7.4312E-01  7.5666E-01 -2.7383E+04  2.6373E+04
  1.2699E+00  4.2360E+00  1.0005E+03  0.0000E+00 -9.0884E-03  7.4311E-01  7.5666E-01 -2.7300E+04  2.6290E+04
  1.2702E+00  4.2370E+00  1.0005E+03  0.0000E+00 -9.0991E-03  7.4310E-01  7.5667E-01 -2.7218E+04  2.6208E+04
  1.2705E+00  4.2380E+00  1.0005E+03  3.8756E-10 -9.1098E-03  7.4309E-01  7.5668E-01 -2.7135E+04  2.6126E+04
  1.2708E+00  4.2390E+00  1.0005E+03  0.0000E+00 -9.1204E-03  7.4308E-01  7.5669E-01 -2.7053E+04  2.6044E+04
  1.2711E+00  4.2400E+00  1.0005E+03  0.0000E+00 -9.1311E-03  7.4307E-01  7.5670E-01 -2.6970E+04  2.5961E+04
  1.2714E+00  4.2410E+00  1.0005E+03  0.0000E+00 -9.1416E-03  7.4307E-01  7.5670E-01 -2.6887E+04  2.5879E+04
  1.2717E+00  4.2420E+00  1.0005E+03  0.0000E+00 -9.1522E-03  7.4306E-01  7.5671E-01 -2.6805E+04  2.5797E+04
  1.2720E+00  4.2430E+00  1.0005E+03  3.8756E-10 -9.1627E-03  7.4305E-01  7.5672E-01 -2.6722E+04  2.5714E+04
  1.2723E+00  4.2440E+00  1.0005E+03  0.0000E+00 -9.1732E-03  7.4304E-01  7.5673E-01 -2.6639E+04  2.5632E+04
  1.2726E+00  4.2450E+00  1.0005E+03  0.0000E+00 -9.1836E-03  7.4303E-01  7.5673E-01 -2.6556E+04  2.5550E+04
  1.2729E+00  4.2460E+00  1.0005E+03 -3.8756E-10 -9.1940E-03  7.4303E-01  7.5674E-01 -2.6473E+04  2.5467E+04
  1.2732E+00  4.2470E+00  1.0005E+03  3.8756E-10 -9.2044E-03  7.4302E-01  7.5675E-01 -2.6390E+04  2.5384E+04
  1.2735E+00  4.2480E+00  1.0005E+03 -3.8756E-10 -9.2148E-03  7.4301E-01  7.5676E-01 -2.6307E+04  2.5302E+04
  1.2738E+00  4.2490E+00  1.0005E+03  3.8756E-10 -9.2251E-03  7.4300E-01  7.5676E-01 -2.6224E+04  2.5219E+04
  1.2741E+00  4.2500E+00  1.0005E+03  0.0000E+00 -9.2354E-03  7.4299E-01  7.5677E-01 -2.6140E+04  2.5136E+04
  1.2744E+00  4.2510E+00  1.0005E+03  0.0000E+00 -9.2456E-03  7.4299E-01  7.5678E-01 -2.6057E+04  2.5053E+04
  1.2747E+00  4.2520E+00  1.0005E+03  3.8756E-10 -9.2558E-03  7.4298E-01  7.5679E-01 -2.5973E+04  2.4970E+04
  1.2750E+00  4.2530E+00  1.0005E+03  0.0000E+00 -9.2660E-03  7.4297E-01  7.5679E-01 -2.5889E+04  2.4886E+04
  1.2753E+00  4.2540E+00  1.0005E+03  0.0000E+00 -9.2761E-03  7.4296E-01  7.5680E-01 -2.5805E+04  2.4803E+04
  1.2756E+00  4.2550E+00  1.0005E+03  0.0000E+00 -9.2863E-03  7.4296E-01  7.5681E-01 -2.5721E+04  2.4719E+04
  1.2759E+00  4.2560E+00  1.0005E+03  0.0000E+00 -9.2963E-03  7.4295E-01  7.5682E-01 -2.5637E+04  2.4636E+04
  1.2762E+00  4.2570E+00  1.0005E+03  0.0000E+00 -9.3064E-03  7.4294E-01  7.5682E-01 -2.5553E+04  2.4552E+04
  1.2765E+00  4.2580E+00  1.0005E+03  0.0000E+00 -9.3164E-03  7.4293E-01  7.5683E-01 -2.5468E+04  2.4468E+04
  1.2768E+00  4.2590E+00  1.0005E+03  0.0000E+00 -9.3264E-03  7.4293E-01  7.5684E-01 -2.5383E+04  2.4384E+04
  1.2771E+00  4.2600E+00  1.0005E+03  0.0000E+00 -9.3363E-03  7.4292E-01  7.5685E-01 -2.5299E+04  2.4300E+04
  1.2774E+00  4.2610E+00  1.0005E+03  0.0000E+00 -9.3462E-03  7.4291E-01  7.5685E-01 -2.5214E+04  2.4216E+04
  1.2777E+00  4.2620E+00  1.0005E+03  0.0000E+00 -9.3561E-03  7.4290E-01  7.5686E-01 -2.5129E+04  2.4131E+04
  1.2780E+00  4.2630E+00  1.0005E+03  0.0000E+00 -9.3660E-03  7.4290E-01  7.5687E-01 -2.5044E+04  2.4047E+04
  1.2783E+00  4.2640E+00  1.0005E+03  0.0000E+00 -9.3758E-03  7.4289E-01  7.5687E-01 -2.4959E+04  2.3963E+04
  1.2786E+00  4.2650E+00  1.0005E+03  0.0000E+00 -9.3856E-03  7.4288E-01  7.5688E-01 -2.4874E+04  2.3878E+04
  1.2789E+00  4.2660E+00  1.0005E+03  0.0000E+00 -9.3953E-03  7.4287E-01  7.5689E-01 -2.4789E+04  2.3794E+04
  1.2792E+00  4.2670E+00  1.0005E+03  3.8756E-10 -9.4050E-03  7.4287E-01  7.5690E-01 -2.4704E+04  2.3709E+04
  1.2795E+00  4.2680E+00  1.0005E+03  0.0000E+00 -9.4147E-03  7.4286E-01  7.5690E-01 -2.4619E+04  2.3625E+04
  1.2798E+00  4.2690E+00  1.0005E+03  0.0000E+00 -9.4243E-03  7.4285E-01  7.5691E-01 -2.4534E+04  2.3541E+04
  1.2801E+00  4.2700E+00  1.0005E+03  0.0000E+00 -9.4339E-03  7.4284E-01  7.5692E-01 -2.4449E+04  2.3456E+04
  1.2804E+00  4.2710E+00  1.0005E+03  0.0000E+00 -9.4435E-03  7.4284E-01  7.5692E-01 -2.4364E+04  2.3372E+04
  1.2807E+00  4.2720E+00  1.0005E+03  0.0000E+00 -9.4531E-03  7.4283E-01  7.5693E-01 -2.4279E+04  2.3288E+04
  1.2810E+00  4.2730E+00  1.0005E+03  0.0000E+00 -9.4626E-03  7.4282E-01  7.5694E-01 -2.4194E+04  2.3203E+04
  1.2813E+00  4.2740E+00  1.0005E+03 -3.8756E-10 -9.4720E-03  7.4281E-01  7.5695E-01 -2.4109E+04  2.3119E+04
  1.2816E+00  4.2750E+00  1.0005E+03  0.0000E+00 -9.4815E-03  7.4281E-01  7.5695E-01 -2.4025E+04  2.3036E+04
  1.2819E+00  4.2760E+00  1.0005E+03  3.8756E-10 -9.4909E-03  7.4280E-01  7.5696E-01 -2.3940E+04  2.2952E+04
  1.2822E+00  4.2770E+00  1.0005E+03  0.0000E+00 -9.5002E-03  7.4279E-01  7.5697E-01 -2.3856E+04  2.2868E+04
  1.2825E+00  4.2780E+00  1.0005E+03  0.0000E+00 -9.5096E-03  7.4279E-01  7.5697E-01 -2.3772E+04  2.2785E+04
  1.2828E+00  4.2790E+00  1.0005E+03  3.8756E-10 -9.5189E-03  7.4278E-01  7.5698E-01 -2.3688E+04  2.2701E+04
  1.2831E+00  4.2800E+00  1.0005E+03  0.0000E+00 -9.5282E-03  7.4277E-01  7.5699E-01 -2.3604E+04  2.2618E+04
  1.2834E+00  4.2810E+00  1.0005E+03  0.0000E+00 -9.5374E-03  7.4276E-01  7.5699E-01 -2.3520E+04  2.2535E+04
  1.2837E+00  4.2820E+00  1.0005E+03  0.0000E+00 -9.5466E-03  7.4276E-01  7.5700E-01 -2.3436E+04  2.2452E+04
  1.2840E+00  4.2830E+00  1.0005E+03  0.0000E+00 -9.5558E-03  7.4275E-01  7.5701E-01 -2.3353E+04  2.2369E+04
  1.2843E+00  4.2840E+00  1.0005E+03  0.0000E+00 -9.5649E-03  7.4274E-01  7.5701E-01 -2.3269E+04  2.2287E+04
  1.2846E+00  4.2850E+00  1.0005E+03  0.0000E+00 -9.5740E-03  7.4274E-01  7.5702E-01 -2.3186E+04  2.2204E+04
  1.2849E+00  4.2860E+00  1.0005E+03  0.0000E+00 -9.5831E-03  7.4273E-01  7.5703E-01 -2.3103E+04  2.2122E+04
  1.2852E+00  4.2870E+00  1.0005E+03  0.0000E+00 -9.5921E-03  7.4272E-01  7.5703E-01 -2.3021E+04  2.2040E+04
  1.2855E+00  4.2880E+00  1.0005E+03  3.8756E-10 -9.6011E-03  7.4272E-01  7.5704E-01 -2.2938E+04  2.1958E+04
  1.2858E+00  4.2890E+00  1.0005E+03  0.0000E+00 -9.6101E-03  7.4271E-01  7.5705E-01 -2.2856E+04  2.1877E+04
  1.2861E+00  4.2900E+00  1.0005E+03  0.0000E+00 -9.6191E-03  7.4270E-01  7.5705E-01 -2.2773E+04  2.1795E+04
  1.2864E+00  4.2910E+00  1.0005E+03  0.0000E+00 -9.6280E-03  7.4270E-01  7.5706E-01 -2.2691E+04  2.1714E+04
  1.2867E+00  4.2920E+00  1.0005E+03  0.0000E+00 -9.6368E-03  7.4269E-01  7.5707E-01 -2.2609E+04  2.1632E+04
  1.2870E+00  4.2930E+00  1.0005E+03 -3.8756E-10 -9.6457E-03  7.4268E-01  7.5707E-01 -2.2527E+04  2.1551E+04
  1.2873E+00  4.2940E+00  1.0005E+03  0.0000E+00 -9.6545E-03  7.4267E-01  7.5708E-01 -2.2446E+04  2.1470E+04
  1.2876E+00  4.2950E+00  1.0005E+03  3.8756E-10 -9.6633E-03  7.4267E-01  7.5709E-01 -2.2364E+04  2.1390E+04
  1.2879E+00  4.2960E+00  1.0005E+03  0.0000E+00 -9.6720E-03  7.4266E-01  7.5709E-01 -2.2283E+04  2.1309E+04
  1.2882E+00  4.2970E+00  1.0005E+03  3.8756E-10 -9.6807E-03  7.4265E-01  7.5710E-01 -2.2201E+04  2.1229E+04
  1.2885E+00  4.2980E+00  1.0005E+03 -3.8756E-10 -9.6894E-03  7.4265E-01  7.5710E-01 -2.2120E+04  2.1148E+04
  1.2888E+00  4.2990E+00  1.0005E+03  3.8756E-10 -9.6981E-03  7.4264E-01  7.5711E-01 -2.2039E+04  2.1068E+04
  1.2891E+00  4.3000E+00  1.0005E+03  0.0000E+00 -9.7067E-03  7.4263E-01  7.5712E-01 -2.1958E+04  2.0988E+04
  1.2894E+00  4.3010E+00  1.0005E+03  0.0000E+00 -9.7153E-03  7.4263E-01  7.5712E-01 -2.1878E+04  2.0908E+04
  1.2897E+00  4.3020E+00  1.0005E+03  0.0000E+00 -9.7238E-03  7.4262E-01  7.5713E-01 -2.1797E+04  2.0828E+04
  1.2900E+00  4.3030E+00  1.0005E+03  0.0000E+00 -9.7323E-03  7.4262E-01  7.5714E-01 -2.1717E+04  2.0749E+04
  1.2903E+00  4.3040E+00  1.0005E+03  3.8756E-10 -9.7408E-03  7.4261E-01  7.5714E-01 -2.1636E+04  2.0670E+04
  1.2906E+00  4.3050E+00  1.0005E+03  0.0000E+00 -9.7493E-03  7.4260E-01  7.5715E-01 -2.1556E+04  2.0590E+04
  1.2909E+00  4.3060E+00  1.0005E+03  0.0000E+00 -9.7577E-03  7.4260E-01  7.5715E-01 -2.1477E+04  2.0511E+04
  1.2912E+00  4.3070E+00  1.0005E+03 -3.8756E-10 -9.7661E-03  7.4259E-01  7.5716E-01 -2.1397E+04  2.0432E+04
  1.2915E+00  4.3080E+00  1.0005E+03  0.0000E+00 -9.7745E-03  7.4258E-01  7.5717E-01 -2.1317E+04  2.0354E+04
  1.2918E+00  4.3090E+00  1.0005E+03  0.0000E+00 -9.7828E-03  7.4258E-01  7.5717E-01 -2.1238E+04  2.0275E+04
  1.2921E+00  4.3100E+00  1.0005E+03 -3.8756E-10 -9.7911E-03  7.4257E-01  7.5718E-01 -2.1159E+04  2.0197E+04
  1.2924E+00  4.3110E+00  1.0005E+03  0.0000E+00 -9.7993E-03  7.4256E-01  7.5718E-01 -2.1080E+04  2.0119E+04
  1.2927E+00  4.3120E+00  1.0005E+03  0.0000E+00 -9.8076E-03  7.4256E-01  7.5719E-01 -2.1001E+04  2.0041E+04
  1.2930E+00  4.3130E+00  1.0005E+03 -3.8756E-10 -9.8158E-03  7.4255E-01  7.5720E-01 -2.0922E+04  1.9963E+04
  1.2933E+00  4.3140E+00  1.0005E+03  3.8756E-10 -9.8240E-03  7.4255E-01  7.5720E-01 -2.0844E+04  1.9885E+04
  1.2936E+00  4.3150E+00  1.0005E+03  0.0000E+00 -9.8321E-03  7.4254E-01  7.5721E-01 -2.0765E+04  1.9808E+04
  1.2939E+00  4.3160E+00  1.0005E+03  0.0000E+00 -9.8402E-03  7.4253E-01  7.5721E-01 -2.0687E+04  1.9730E+04
  1.2942E+00  4.3170E+00  1.0005E+03  0.0000E+00 -9.8483E-03  7.4253E-01  7.5722E-01 -2.0609E+04  1.9653E+04
  1.2945E+00  4.3180E+00  1.0005E+03  0.0000E+00 -9.8563E-03  7.4252E-01  7.5723E-01 -2.0531E+04  1.9576E+04
  1.2948E+00  4.3190E+00  1.0005E+03  0.0000E+00 -9.8644E-03  7.4251E-01  7.5723E-01 -2.0454E+04  1.9499E+04
  1.2951E+00  4.3200E+00  1.0005E+03  0.0000E+00 -9.8723E-03  7.4251E-01  7.5724E-01 -2.0376E+04  1.9423E+04
  1.2954E+00  4.3210E+00  1.0005E+03  0.0000E+00 -9.8803E-03  7.4250E-01  7.5724E-01 -2.0299E+04  1.9346E+04
  1.2957E+00  4.3220E+00  1.0005E+03 -3.8756E-10 -9.8882E-03  7.4250E-01  7.5725E-01 -2.0221E+04  1.9270E+04
  1.2960E+00  4.3230E+00  1.0005E+03  0.0000E+00 -9.8961E-03  7.4249E-01  7.5726E-01 -2.0144E+04  1.9194E+04
  1.2963E+00  4.3240E+00  1.0005E+03  0.0000E+00 -9.9040E-03  7.4248E-01  7.5726E-01 -2.0067E+04  1.9118E+04
  1.2966E+00  4.3250E+00  1.0005E+03  3.8756E-10 -9.9118E-03  7.4248E-01  7.5727E-01 -1.9991E+04  1.9042E+04
  1.2969E+00  4.3260E+00  1.0005E+03  0.0000E+00 -9.9196E-03  7.4247E-01  7.5727E-01 -1.9914E+04  1.8966E+04
  1.2972E+00  4.3270E+00  1.0005E+03  0.0000E+00 -9.9274E-03  7.4247E-01  7.5728E-01 -1.9837E+04  1.8890E+04
  1.2975E+00  4.3280E+00  1.0005E+03  0.0000E+00 -9.9351E-03  7.4246E-01  7.5728E-01 -1.9761E+04  1.8815E+04
  1.2978E+00  4.3290E+00  1.0005E+03  3.8756E-10 -9.9428E-03  7.4245E-01  7.5729E-01 -1.9685E+04  1.8740E+04
  1.2981E+00  4.3300E+00  1.0005E+03  0.0000E+00 -9.9505E-03  7.4245E-01  7.5730E-01 -1.9609E+04  1.8665E+04
  1.2984E+00  4.3310E+00  1.0005E+03  0.0000E+00 -9.9582E-03  7.4244E-01  7.5730E-01 -1.9533E+04  1.8590E+04
  1.2987E+00  4.3320E+00  1.0005E+03  0.0000E+00 -9.9658E-03  7.4244E-01  7.5731E-01 -1.9458E+04  1.8515E+04
  1.2990E+00  4.3330E+00  1.0005E+03  0.0000E+00 -9.9734E-03  7.4243E-01  7.5731E-01 -1.9382E+04  1.8441E+04
  1.2993E+00  4.3340E+00  1.0005E+03  0.0000E+00 -9.9810E-03  7.4242E-01  7.5732E-01 -1.9307E+04  1.8366E+04
  1.2996E+00  4.3350E+00  1.0005E+03  3.8756E-10 -9.9885E-03  7.4242E-01  7.5732E-01 -1.9232E+04  1.8292E+04
  1.2999E+00  4.3360E+00  1.0005E+03 -3.8756E-10 -9.9960E-03  7.4241E-01  7.5733E-01 -1.9157E+04  1.8218E+04
  1.3002E+00  4.3370E+00  1.0005E+03  3.8756E-10 -1.0003E-02  7.4241E-01  7.5733E-01 -1.9083E+04  1.8145E+04
  1.3005E+00  4.3380E+00  1.0005E+03  0.0000E+00 -1.0011E-02  7.4240E-01  7.5734E-01 -1.9008E+04  1.8071E+04
  1.3008E+00  4.3390E+00  1.0005E+03  0.0000E+00 -1.0018E-02  7.4240E-01  7.5734E-01 -1.8934E+04  1.7998E+04
  1.3011E+00  4.3400E+00  1.0005E+03  0.0000E+00 -1.0026E-02  7.4239E-01  7.5735E-01 -1.8860E+04  1.7925E+04
  1.3014E+00  4.3410E+00  1.0005E+03  0.0000E+00 -1.0033E-02  7.4238E-01  7.5736E-01 -1.8786E+04  1.7852E+04
  1.3017E+00  4.3420E+00  1.0005E+03  0.0000E+00 -1.0040E-02  7.4238E-01  7.5736E-01 -1.8713E+04  1.7779E+04
  1.3020E+00  4.3430E+00  1.0005E+03  0.0000E+00 -1.0048E-02  7.4237E-01  7.5737E-01 -1.8639E+04  1.7707E+04
  1.3023E+00  4.3440E+00  1.0005E+03  0.0000E+00 -1.0055E-02  7.4237E-01  7.5737E-01 -1.8566E+04  1.7635E+04
  1.3026E+00  4.3450E+00  1.0005E+03  0.0000E+00 -1.0062E-02  7.4236E-01  7.5738E-01 -1.8493E+04  1.7562E+04
  1.3029E+00  4.3460E+00  1.0005E+03  0.0000E+00 -1.0069E-02  7.4236E-01  7.5738E-01 -1.8420E+04  1.7491E+04
  1.3032E+00  4.3470E+00  1.0005E+03  3.8756E-10 -1.0077E-02  7.4235E-01  7.5739E-01 -1.8348E+04  1.7419E+04
  1.3035E+00  4.3480E+00  1.0005E+03  0.0000E+00 -1.0084E-02  7.4235E-01  7.5739E-01 -1.8275E+04  1.7347E+04
  1.3038E+00  4.3490E+00  1.0005E+03  0.0000E+00 -1.0091E-02  7.4234E-01  7.5740E-01 -1.8203E+04  1.7276E+04
  1.3041E+00  4.3500E+00  1.0005E+03 -3.8756E-10 -1.0098E-02  7.4234E-01  7.5740E-01 -1.8131E+04  1.7205E+04
  1.3044E+00  4.3510E+00  1.0005E+03  0.0000E+00 -1.0105E-02  7.4233E-01  7.5741E-01 -1.8059E+04  1.7134E+04
  1.3047E+00  4.3520E+00  1.0005E+03  0.0000E+00 -1.0112E-02  7.4232E-01  7.5741E-01 -1.7987E+04  1.7063E+04
  1.3050E+00  4.3530E+00  1.0005E+03  0.0000E+00 -1.0119E-02  7.4232E-01  7.5742E-01 -1.7915E+04  1.6992E+04
  1.3053E+00  4.3540E+00  1.0005E+03  0.0000E+00 -1.0126E-02  7.4231E-01  7.5742E-01 -1.7844E+04  1.6922E+04
  1.3056E+00  4.3550E+00  1.0005E+03  0.0000E+00 -1.0133E-02  7.4231E-01  7.5743E-01 -1.7773E+04  1.6851E+04
  1.3059E+00  4.3560E+00  1.0005E+03  3.8756E-10 -1.0140E-02  7.4230E-01  7.5743E-01 -1.7702E+04  1.6781E+04
  1.3062E+00  4.3570E+00  1.0005E+03 -3.8756E-10 -1.0147E-02  7.4230E-01  7.5744E-01 -1.7631E+04  1.6711E+04
  1.3065E+00  4.3580E+00  1.0005E+03  3.8756E-10 -1.0154E-02  7.4229E-01  7.5744E-01 -1.7560E+04  1.6642E+04
  1.3068E+00  4.3590E+00  1.0005E+03  0.0000E+00 -1.0161E-02  7.4229E-01  7.5745E-01 -1.7490E+04  1.6572E+04
  1.3071E+00  4.3600E+00  1.0005E+03  0.0000E+00 -1.0167E-02  7.4228E-01  7.5745E-01 -1.7419E+04  1.6503E+04
  1.3074E+00  4.3610E+00  1.0005E+03  3.8756E-10 -1.0174E-02  7.4228E-01  7.5746E-01 -1.7349E+04  1.6434E+04
  1.3077E+00  4.3620E+00  1.0005E+03  0.0000E+00 -1.0181E-02  7.4227E-01  7.5746E-01 -1.7279E+04  1.6365E+04
  1.3080E+00  4.3630E+00  1.0005E+03  0.0000E+00 -1.0188E-02  7.4227E-01  7.5747E-01 -1.7210E+04  1.6296E+04
  1.3083E+00  4.3640E+00  1.0005E+03 -3.8756E-10 -1.0194E-02  7.4226E-01  7.5747E-01 -1.7140E+04  1.6228E+04
  1.3086E+00  4.3650E+00  1.0005E+03  0.0000E+00 -1.0201E-02  7.4226E-01  7.5748E-01 -1.7071E+04  1.6159E+04
  1.3089E+00  4.3660E+00  1.0005E+03  0.0000E+00 -1.0208E-02  7.4225E-01  7.5748E-01 -1.7002E+04  1.6091E+04
  1.3092E+00  4.3670E+00  1.0005E+03  0.0000E+00 -1.0214E-02  7.4225E-01  7.5749E-01 -1.6933E+04  1.6024E+04
  1.3095E+00  4.3680E+00  1.0005E+03  0.0000E+00 -1.0221E-02  7.4224E-01  7.5749E-01 -1.6865E+04  1.5956E+04
  1.3098E+00  4.3690E+00  1.0005E+03  0.0000E+00 -1.0227E-02  7.4224E-01  7.5750E-01 -1.6796E+04  1.5889E+04
  1.3101E+00  4.3700E+00  1.0005E+03  0.0000E+00 -1.0234E-02  7.4223E-01  7.5750E-01 -1.6728E+04  1.5821E+04
  1.3104E+00  4.3710E+00  1.0005E+03  0.0000E+00 -1.0240E-02  7.4223E-01  7.5751E-01 -1.6660E+04  1.5754E+04
  1.3107E+00  4.3720E+00  1.0005E+03  0.0000E+00 -1.0247E-02  7.4222E-01  7.5751E-01 -1.6593E+04  1.5688E+04
  1.3110E+00  4.3730E+00  1.0005E+03  0.0000E+00 -1.0253E-02  7.4222E-01  7.5752E-01 -1.6525E+04  1.5621E+04
  1.3113E+00  4.3740E+00  1.0005E+03  0.0000E+00 -1.0260E-02  7.4221E-01  7.5752E-01 -1.6458E+04  1.5555E+04
  1.3116E+00  4.3750E+00  1.0005E+03  0.0000E+00 -1.0266E-02  7.4221E-01  7.5753E-01 -1.6391E+04  1.5489E+04
  1.3119E+00  4.3760E+00  1.0005E+03  0.0000E+00 -1.0273E-02  7.4220E-01  7.5753E-01 -1.6324E+04  1.5423E+04
  1.3122E+00  4.3770E+00  1.0005E+03  0.0000E+00 -1.0279E-02  7.4220E-01  7.5753E-01 -1.6257E+04  1.5357E+04
  1.3125E+00  4.3780E+00  1.0005E+03 -3.8756E-10 -1.0285E-02  7.4219E-01  7.5754E-01 -1.6191E+04  1.5292E+04
  1.3128E+00  4.3790E+00  1.0005E+03  0.0000E+00 -1.0292E-02  7.4219E-01  7.5754E-01 -1.6125E+04  1.5226E+04
  1.3131E+00  4.3800E+00  1.0005E+03  0.0000E+00 -1.0298E-02  7.4218E-01  7.5755E-01 -1.6058E+04  1.5161E+04
  1.3134E+00  4.3810E+00  1.0005E+03  0.0000E+00 -1.0304E-02  7.4218E-01  7.5755E-01 -1.5993E+04  1.5096E+04
  1.3137E+00  4.3820E+00  1.0005E+03  0.0000E+00 -1.0310E-02  7.4217E-01  7.5756E-01 -1.5927E+04  1.5031E+04
  1.3140E+00  4.3830E+00  1.0005E+03  0.0000E+00 -1.0316E-02  7.4217E-01  7.5756E-01 -1.5861E+04  1.4967E+04
  1.3143E+00  4.3840E+00  1.0005E+03  0.0000E+00 -1.0323E-02  7.4216E-01  7.5757E-01 -1.5796E+04  1.4902E+04
  1.3146E+00  4.3850E+00  1.0005E+03 -3.8756E-10 -1.0329E-02  7.4216E-01  7.5757E-01 -1.5731E+04  1.4838E+04
  1.3149E+00  4.3860E+00  1.0005E+03  0.0000E+00 -1.0335E-02  7.4215E-01  7.5758E-01 -1.5666E+04  1.4774E+04
  1.3152E+00  4.3870E+00  1.0005E+03  0.0000E+00 -1.0341E-02  7.4215E-01  7.5758E-01 -1.5601E+04  1.4710E+04
  1.3155E+00  4.3880E+00  1.0005E+03  0.0000E+00 -1.0347E-02  7.4214E-01  7.5758E-01 -1.5537E+04  1.4647E+04
  1.3158E+00  4.3890E+00  1.0005E+03  0.0000E+00 -1.0353E-02  7.4214E-01  7.5759E-01 -1.5472E+04  1.4583E+04
  1.3161E+00  4.3900E+00  1.0005E+03  3.8756E-10 -1.0359E-02  7.4213E-01  7.5759E-01 -1.5408E+04  1.4520E+04
  1.3164E+00  4.3910E+00  1.0005E+03  0.0000E+00 -1.0365E-02  7.4213E-01  7.5760E-01 -1.5344E+04  1.4457E+04
  1.3167E+00  4.3920E+00  1.0005E+03  0.0000E+00 -1.0371E-02  7.4213E-01  7.5760E-01 -1.5281E+04  1.4395E+04
  1.3170E+00  4.3930E+00  1.0005E+03  3.8756E-10 -1.0377E-02  7.4212E-01  7.5761E-01 -1.5217E+04  1.4332E+04
  1.3173E+00  4.3940E+00  1.0005E+03  0.0000E+00 -1.0383E-02  7.4212E-01  7.5761E-01 -1.5154E+04  1.4270E+04
  1.3176E+00  4.3950E+00  1.0005E+03  0.0000E+00 -1.0389E-02  7.4211E-01  7.5761E-01 -1.5091E+04  1.4208E+04
  1.3179E+00  4.3960E+00  1.0005E+03  0.0000E+00 -1.0395E-02  7.4211E-01  7.5762E-01 -1.5029E+04  1.4146E+04
  1.3182E+00  4.3970E+00  1.0005E+03  0.0000E+00 -1.0400E-02  7.4210E-01  7.5762E-01 -1.4966E+04  1.4085E+04
  1.3185E+00  4.3980E+00  1.0005E+03 -3.8756E-10 -1.0406E-02  7.4210E-01  7.5763E-01 -1.4904E+04  1.4024E+04
  1.3188E+00  4.3990E+00  1.0005E+03  3.8756E-10 -1.0412E-02  7.4209E-01  7.5763E-01 -1.4842E+04  1.3962E+04
  1.3191E+00  4.4000E+00  1.0005E+03  0.0000E+00 -1.0418E-02  7.4209E-01  7.5764E-01 -1.4780E+04  1.3902E+04
  1.3194E+00  4.4010E+00  1.0005E+03  0.0000E+00 -1.0424E-02  7.4208E-01  7.5764E-01 -1.4719E+04  1.3841E+04
  1.3197E+00  4.4020E+00  1.0005E+03  0.0000E+00 -1.0429E-02  7.4208E-01  7.5764E-01 -1.4657E+04  1.3781E+04
  1.3200E+00  4.4030E+00  1.0005E+03  0.0000E+00 -1.0435E-02  7.4208E-01  7.5765E-01 -1.4596E+04  1.3720E+04
  1.3203E+00  4.4040E+00  1.0005E+03  0.0000E+00 -1.0441E-02  7.4207E-01  7.5765E-01 -1.4535E+04  1.3660E+04
  1.3206E+00  4.4050E+00  1.0005E+03  0.0000E+00 -1.0446E-02  7.4207E-01  7.5766E-01 -1.4475E+04  1.3601E+04
  1.3209E+00  4.4060E+00  1.0005E+03  0.0000E+00 -1.0452E-02  7.4206E-01  7.5766E-01 -1.4414E+04  1.3541E+04
  1.3212E+00  4.4070E+00  1.0005E+03  0.0000E+00 -1.0458E-02  7.4206E-01  7.5766E-01 -1.4354E+04  1.3482E+04
  1.3215E+00  4.4080E+00  1.0005E+03  0.0000E+00 -1.0463E-02  7.4205E-01  7.5767E-01 -1.4294E+04  1.3423E+04
  1.3218E+00  4.4090E+00  1.0005E+03 -3.8756E-10 -1.0469E-02  7.4205E-01  7.5767E-01 -1.4234E+04  1.3364E+04
  1.3221E+00  4.4100E+00  1.0005E+03  3.8756E-10 -1.0474E-02  7.4205E-01  7.5768E-01 -1.4174E+04  1.3305E+04
  1.3224E+00  4.4110E+00  1.0005E+03 -3.8756E-10 -1.0480E-02  7.4204E-01  7.5768E-01 -1.4114E+04  1.3246E+04
  1.3227E+00  4.4120E+00  1.0005E+03  0.0000E+00 -1.0485E-02  7.4204E-01  7.5768E-01 -1.4055E+04  1.3188E+04
  1.3230E+00  4.4130E+00  1.0005E+03  0.0000E+00 -1.0491E-02  7.4203E-01  7.5769E-01 -1.3996E+04  1.3130E+04
  1.3233E+00  4.4140E+00  1.0005E+03  0.0000E+00 -1.0496E-02  7.4203E-01  7.5769E-01 -1.3937E+04  1.3072E+04
  1.3236E+00  4.4150E+00  1.0005E+03  0.0000E+00 -1.0501E-02  7.4202E-01  7.5770E-01 -1.3878E+04  1.3014E+04
  1.3239E+00  4.4160E+00  1.0005E+03  0.0000E+00 -1.0507E-02  7.4202E-01  7.5770E-01 -1.3820E+04  1.2956E+04
  1.3242E+00  4.4170E+00  1.0005E+03  3.8756E-10 -1.0512E-02  7.4202E-01  7.5770E-01 -1.3761E+04  1.2899E+04
  1.3245E+00  4.4180E+00  1.0005E+03  0.0000E+00 -1.0517E-02  7.4201E-01  7.5771E-01 -1.3703E+04  1.2842E+04
  1.3248E+00  4.4190E+00  1.0005E+03  0.0000E+00 -1.0523E-02  7.4201E-01  7.5771E-01 -1.3646E+04  1.2785E+04
  1.3251E+00  4.4200E+00  1.0005E+03  0.0000E+00 -1.0528E-02  7.4200E-01  7.5771E-01 -1.3588E+04  1.2728E+04
  1.3254E+00  4.4210E+00  1.0005E+03  0.0000E+00 -1.0533E-02  7.4200E-01  7.5772E-01 -1.3530E+04  1.2671E+04
  1.3257E+00  4.4220E+00  1.0005E+03  0.0000E+00 -1.0539E-02  7.4200E-01  7.5772E-01 -1.3473E+04  1.2615E+04
  1.3260E+00  4.4230E+00  1.0005E+03  3.8756E-10 -1.0544E-02  7.4199E-01  7.5773E-01 -1.3416E+04  1.2559E+04
  1.3263E+00  4.4240E+00  1.0005E+03  0.0000E+00 -1.0549E-02  7.4199E-01  7.5773E-01 -1.3360E+04  1.2503E+04
  1.3266E+00  4.4250E+00  1.0005E+03  0.0000E+00 -1.0554E-02  7.4198E-01  7.5773E-01 -1.3303E+04  1.2448E+04
  1.3269E+00  4.4260E+00  1.0005E+03  0.0000E+00 -1.0559E-02  7.4198E-01  7.5774E-01 -1.3247E+04  1.2392E+04
  1.3272E+00  4.4270E+00  1.0005E+03  0.0000E+00 -1.0564E-02  7.4198E-01  7.5774E-01 -1.3191E+04  1.2337E+04
  1.3275E+00  4.4280E+00  1.0005E+03  0.0000E+00 -1.0570E-02  7.4197E-01  7.5774E-01 -1.3135E+04  1.2282E+04
  1.3278E+00  4.4290E+00  1.0005E+03  0.0000E+00 -1.0575E-02  7.4197E-01  7.5775E-01 -1.3079E+04  1.2228E+04
  1.3281E+00  4.4300E+00  1.0005E+03  0.0000E+00 -1.0580E-02  7.4196E-01  7.5775E-01 -1.3024E+04  1.2173E+04
  1.3284E+00  4.4310E+00  1.0005E+03  0.0000E+00 -1.0585E-02  7.4196E-01  7.5776E-01 -1.2969E+04  1.2119E+04
  1.3287E+00  4.4320E+00  1.0005E+03  3.8756E-10 -1.0590E-02  7.4196E-01  7.5776E-01 -1.2914E+04  1.2065E+04
  1.3290E+00  4.4330E+00  1.0005E+03  0.0000E+00 -1.0595E-02  7.4195E-01  7.5776E-01 -1.2859E+04  1.2011E+04
  1.3293E+00  4.4340E+00  1.0005E+03  3.8756E-10 -1.0600E-02  7.4195E-01  7.5777E-01 -1.2805E+04  1.1957E+04
  1.3296E+00  4.4350E+00  1.0005E+03  0.0000E+00 -1.0605E-02  7.4195E-01  7.5777E-01 -1.2750E+04  1.1904E+04
  1.3299E+00  4.4360E+00  1.0005E+03  0.0000E+00 -1.0610E-02  7.4194E-01  7.5777E-01 -1.2696E+04  1.1851E+04
  1.3302E+00  4.4370E+00  1.0005E+03  3.8756E-10 -1.0615E-02  7.4194E-01  7.5778E-01 -1.2642E+04  1.1798E+04
  1.3305E+00  4.4380E+00  1.0005E+03 -3.8756E-10 -1.0619E-02  7.4193E-01  7.5778E-01 -1.2588E+04  1.1745E+04
  1.3308E+00  4.4390E+00  1.0005E+03  0.0000E+00 -1.0624E-02  7.4193E-01  7.5778E-01 -1.2535E+04  1.1692E+04
  1.3311E+00  4.4400E+00  1.0005E+03  3.8756E-10 -1.0629E-02  7.4193E-01  7.5779E-01 -1.2481E+04  1.1639E+04
  1.3314E+00  4.4410E+00  1.0005E+03  0.0000E+00 -1.0634E-02  7.4192E-01  7.5779E-01 -1.2428E+04  1.1587E+04
  1.3317E+00  4.4420E+00  1.0005E+03  0.0000E+00 -1.0639E-02  7.4192E-01  7.5779E-01 -1.2375E+04  1.1535E+04
  1.3320E+00  4.4430E+00  1.0005E+03  0.0000E+00 -1.0644E-02  7.4192E-01  7.5780E-01 -1.2322E+04  1.1483E+04
  1.3323E+00  4.4440E+00  1.0005E+03 -3.8756E-10 -1.0648E-02  7.4191E-01  7.5780E-01 -1.2270E+04  1.1431E+04
  1.3326E+00  4.4450E+00  1.0005E+03  3.8756E-10 -1.0653E-02  7.4191E-01  7.5781E-01 -1.2217E+04  1.1380E+04
  1.3329E+00  4.4460E+00  1.0005E+03  0.0000E+00 -1.0658E-02  7.4190E-01  7.5781E-01 -1.2165E+04  1.1328E+04
  1.3332E+00  4.4470E+00  1.0005E+03 -3.8756E-10 -1.0663E-02  7.4190E-01  7.5781E-01 -1.2113E+04  1.1277E+04
  1.3335E+00  4.4480E+00  1.0005E+03  0.0000E+00 -1.0667E-02  7.4190E-01  7.5782E-01 -1.2061E+04  1.1226E+04
  1.3338E+00  4.4490E+00  1.0005E+03 -3.8756E-10 -1.0672E-02  7.4189E-01  7.5782E-01 -1.2009E+04  1.1175E+04
  1.3341E+00  4.4500E+00  1.0005E+03  0.0000E+00 -1.0677E-02  7.4189E-01  7.5782E-01 -1.1958E+04  1.1125E+04
  1.3344E+00  4.4510E+00  1.0005E+03  0.0000E+00 -1.0681E-02  7.4189E-01  7.5783E-01 -1.1907E+04  1.1075E+04
  1.3347E+00  4.4520E+00  1.0005E+03  3.8756E-10 -1.0686E-02  7.4188E-01  7.5783E-01 -1.1856E+04  1.1025E+04
  1.3350E+00  4.4530E+00  1.0005E+03 -3.8756E-10 -1.0690E-02  7.4188E-01  7.5783E-01 -1.1805E+04  1.0975E+04
  1.3353E+00  4.4540E+00  1.0005E+03  3.8756E-10 -1.0695E-02  7.4188E-01  7.5784E-01 -1.1755E+04  1.0925E+04
  1.3356E+00  4.4550E+00  1.0005E+03  0.0000E+00 -1.0699E-02  7.4187E-01  7.5784E-01 -1.1705E+04  1.0876E+04
  1.3359E+00  4.4560E+00  1.0005E+03  0.0000E+00 -1.0704E-02  7.4187E-01  7.5784E-01 -1.1655E+04  1.0827E+04
  1.3362E+00  4.4570E+00  1.0005E+03  0.0000E+00 -1.0708E-02  7.4186E-01  7.5784E-01 -1.1605E+04  1.0778E+04
  1.3365E+00  4.4580E+00  1.0005E+03  0.0000E+00 -1.0713E-02  7.4186E-01  7.5785E-01 -1.1555E+04  1.0729E+04
  1.3368E+00  4.4590E+00  1.0005E+03  0.0000E+00 -1.0717E-02  7.4186E-01  7.5785E-01 -1.1506E+04  1.0680E+04
  1.3371E+00  4.4600E+00  1.0005E+03  0.0000E+00 -1.0722E-02  7.4185E-01  7.5785E-01 -1.1456E+04  1.0632E+04
  1.3374E+00  4.4610E+00  1.0005E+03  3.8756E-10 -1.0726E-02  7.4185E-01  7.5786E-01 -1.1407E+04  1.0584E+04
  1.3377E+00  4.4620E+00  1.0005E+03  0.0000E+00 -1.0731E-02  7.4185E-01  7.5786E-01 -1.1359E+04  1.0536E+04
  1.3380E+00  4.4630E+00  1.0005E+03 -3.8756E-10 -1.0735E-02  7.4184E-01  7.5786E-01 -1.1310E+04  1.0488E+04
  1.3383E+00  4.4640E+00  1.0005E+03  0.0000E+00 -1.0739E-02  7.4184E-01  7.5787E-01 -1.1261E+04  1.0440E+04
  1.3386E+00  4.4650E+00  1.0005E+03  0.0000E+00 -1.0744E-02  7.4184E-01  7.5787E-01 -1.1213E+04  1.0393E+04
  1.3389E+00  4.4660E+00  1.0005E+03  0.0000E+00 -1.0748E-02  7.4183E-01  7.5787E-01 -1.1165E+04  1.0345E+04
  1.3392E+00  4.4670E+00  1.0005E+03 -3.8756E-10 -1.0752E-02  7.4183E-01  7.5788E-01 -1.1117E+04  1.0298E+04
  1.3395E+00  4.4680E+00  1.0005E+03  0.0000E+00 -1.0757E-02  7.4183E-01  7.5788E-01 -1.1069E+04  1.0251E+04
  1.3398E+00  4.4690E+00  1.0005E+03  0.0000E+00 -1.0761E-02  7.4182E-01  7.5788E-01 -1.1022E+04  1.0205E+04
  1.3401E+00  4.4700E+00  1.0005E+03  0.0000E+00 -1.0765E-02  7.4182E-01  7.5789E-01 -1.0974E+04  1.0158E+04
  1.3404E+00  4.4710E+00  1.0005E+03  0.0000E+00 -1.0769E-02  7.4182E-01  7.5789E-01 -1.0927E+04  1.0111E+04
  1.3407E+00  4.4720E+00  1.0005E+03  0.0000E+00 -1.0774E-02  7.4181E-01  7.5789E-01 -1.0880E+04  1.0065E+04
  1.3410E+00  4.4730E+00  1.0005E+03  0.0000E+00 -1.0778E-02  7.4181E-01  7.5789E-01 -1.0833E+04  1.0019E+04
  1.3413E+00  4.4740E+00  1.0005E+03  0.0000E+00 -1.0782E-02  7.4181E-01  7.5790E-01 -1.0786E+04  9.9730E+03
  1.3416E+00  4.4750E+00  1.0005E+03  0.0000E+00 -1.0786E-02  7.4180E-01  7.5790E-01 -1.0739E+04  9.9272E+03
  1.3419E+00  4.4760E+00  1.0005E+03  0.0000E+00 -1.0790E-02  7.4180E-01  7.5790E-01 -1.0693E+04  9.8816E+03
  1.3422E+00  4.4770E+00  1.0005E+03  0.0000E+00 -1.0794E-02  7.4180E-01  7.5791E-01 -1.0647E+04  9.8362E+03
  1.3425E+00  4.4780E+00  1.0005E+03  0.0000E+00 -1.0799E-02  7.4180E-01  7.5791E-01 -1.0601E+04  9.7910E+03
  1.3428E+00  4.4790E+00  1.0005E+03 -3.8756E-10 -1.0803E-02  7.4179E-01  7.5791E-01 -1.0555E+04  9.7459E+03
  1.3431E+00  4.4800E+00  1.0005E+03  0.0000E+00 -1.0807E-02  7.4179E-01  7.5792E-01 -1.0509E+04  9.7011E+03
  1.3434E+00  4.4810E+00  1.0005E+03  0.0000E+00 -1.0811E-02  7.4179E-01  7.5792E-01 -1.0464E+04  9.6564E+03
  1.3437E+00  4.4820E+00  1.0005E+03  0.0000E+00 -1.0815E-02  7.4178E-01  7.5792E-01 -1.0418E+04  9.6119E+03
  1.3440E+00  4.4830E+00  1.0005E+03  0.0000E+00 -1.0819E-02  7.4178E-01  7.5792E-01 -1.0373E+04  9.5676E+03
  1.3443E+00  4.4840E+00  1.0005E+03 -3.8756E-10 -1.0823E-02  7.4178E-01  7.5793E-01 -1.0328E+04  9.5235E+03
  1.3446E+00  4.4850E+00  1.0005E+03  3.8756E-10 -1.0827E-02  7.4177E-01  7.5793E-01 -1.0284E+04  9.4796E+03
  1.3449E+00  4.4860E+00  1.0005E+03  0.0000E+00 -1.0831E-02  7.4177E-01  7.5793E-01 -1.0239E+04  9.4359E+03
  1.3452E+00  4.4870E+00  1.0005E+03  0.0000E+00 -1.0835E-02  7.4177E-01  7.5794E-01 -1.0195E+04  9.3924E+03
  1.3455E+00  4.4880E+00  1.0005E+03  0.0000E+00 -1.0839E-02  7.4176E-01  7.5794E-01 -1.0151E+04  9.3490E+03
  1.3458E+00  4.4890E+00  1.0005E+03  0.0000E+00 -1.0843E-02  7.4176E-01  7.5794E-01 -1.0107E+04  9.3058E+03
  1.3461E+00  4.4900E+00  1.0005E+03  3.8756E-10 -1.0846E-02  7.4176E-01  7.5794E-01 -1.0063E+04  9.2628E+03
  1.3464E+00  4.4910E+00  1.0005E+03 -3.8756E-10 -1.0850E-02  7.4175E-01  7.5795E-01 -1.0019E+04  9.2199E+03
  1.3467E+00  4.4920E+00  1.0005E+03  0.0000E+00 -1.0854E-02  7.4175E-01  7.5795E-01 -9.9758E+03  9.1773E+03
  1.3470E+00  4.4930E+00  1.0005E+03 -3.8756E-10 -1.0858E-02  7.4175E-01  7.5795E-01 -9.9325E+03  9.1348E+03
  1.3473E+00  4.4940E+00  1.0005E+03  3.8756E-10 -1.0862E-02  7.4175E-01  7.5795E-01 -9.8894E+03  9.0924E+03
  1.3476E+00  4.4950E+00  1.0005E+03  0.0000E+00 -1.0866E-02  7.4174E-01  7.5796E-01 -9.8465E+03  9.0503E+03
  1.3479E+00  4.4960E+00  1.0005E+03  0.0000E+00 -1.0869E-02  7.4174E-01  7.5796E-01 -9.8037E+03  9.0083E+03
  1.3482E+00  4.4970E+00  1.0005E+03  0.0000E+00 -1.0873E-02  7.4174E-01  7.5796E-01 -9.7611E+03  8.9664E+03
  1.3485E+00  4.4980E+00  1.0005E+03  0.0000E+00 -1.0877E-02  7.4173E-01  7.5797E-01 -9.7187E+03  8.9248E+03
  1.3488E+00  4.4990E+00  1.0005E+03  0.0000E+00 -1.0881E-02  7.4173E-01  7.5797E-01 -9.6765E+03  8.8833E+03
  1.3491E+00  4.5000E+00  1.0005E+03  0.0000E+00 -1.0884E-02  7.4173E-01  7.5797E-01 -9.6344E+03  8.8420E+03
  1.3494E+00  4.5010E+00  1.0005E+03  0.0000E+00 -1.0888E-02  7.4173E-01  7.5797E-01 -9.5925E+03  8.8009E+03
  1.3497E+00  4.5020E+00  1.0005E+03  0.0000E+00 -1.0892E-02  7.4172E-01  7.5798E-01 -9.5509E+03  8.7600E+03
  1.3500E+00  4.5030E+00  1.0005E+03  0.0000E+00 -1.0895E-02  7.4172E-01  7.5798E-01 -9.5094E+03  8.7193E+03
  1.3503E+00  4.5040E+00  1.0005E+03  0.0000E+00 -1.0899E-02  7.4172E-01  7.5798E-01 -9.4682E+03  8.6788E+03
  1.3506E+00  4.5050E+00  1.0005E+03  0.0000E+00 -1.0903E-02  7.4171E-01  7.5798E-01 -9.4272E+03  8.6386E+03
  1.3509E+00  4.5060E+00  1.0005E+03  0.0000E+00 -1.0906E-02  7.4171E-01  7.5799E-01 -9.3863E+03  8.5985E+03
  1.3512E+00  4.5070E+00  1.0005E+03  0.0000E+00 -1.0910E-02  7.4171E-01  7.5799E-01 -9.3458E+03  8.5587E+03
  1.3515E+00  4.5080E+00  1.0005E+03  0.0000E+00 -1.0914E-02  7.4171E-01  7.5799E-01 -9.3054E+03  8.5190E+03
  1.3518E+00  4.5090E+00  1.0005E+03  0.0000E+00 -1.0917E-02  7.4170E-01  7.5799E-01 -9.2653E+03  8.4796E+03
  1.3521E+00  4.5100E+00  1.0005E+03  0.0000E+00 -1.0921E-02  7.4170E-01  7.5800E-01 -9.2254E+03  8.4405E+03
  1.3524E+00  4.5110E+00  1.0005E+03  3.8756E-10 -1.0924E-02  7.4170E-01  7.5800E-01 -9.1857E+03  8.4015E+03
  1.3527E+00  4.5120E+00  1.0005E+03 -3.8756E-10 -1.0928E-02  7.4169E-01  7.5800E-01 -9.1463E+03  8.3628E+03
  1.3530E+00  4.5130E+00  1.0005E+03  0.0000E+00 -1.0931E-02  7.4169E-01  7.5800E-01 -9.1071E+03  8.3244E+03
  1.3533E+00  4.5140E+00  1.0005E+03  0.0000E+00 -1.0935E-02  7.4169E-01  7.5801E-01 -9.0681E+03  8.2861E+03
  1.3536E+00  4.5150E+00  1.0005E+03 -3.8756E-10 -1.0938E-02  7.4169E-01  7.5801E-01 -9.0293E+03  8.2480E+03
  1.3539E+00  4.5160E+00  1.0005E+03 -3.8756E-10 -1.0942E-02  7.4168E-01  7.5801E-01 -8.9908E+03  8.2102E+03
  1.3542E+00  4.5170E+00  1.0005E+03  3.8756E-10 -1.0945E-02  7.4168E-01  7.5801E-01 -8.9524E+03  8.1726E+03
  1.3545E+00  4.5180E+00  1.0005E+03  0.0000E+00 -1.0949E-02  7.4168E-01  7.5802E-01 -8.9143E+03  8.1351E+03
  1.3548E+00  4.5190E+00  1.0005E+03  0.0000E+00 -1.0952E-02  7.4168E-01  7.5802E-01 -8.8763E+03  8.0979E+03
  1.3551E+00  4.5200E+00  1.0005E+03  0.0000E+00 -1.0955E-02  7.4167E-01  7.5802E-01 -8.8386E+03  8.0608E+03
  1.3554E+00  4.5210E+00  1.0005E+03  0.0000E+00 -1.0959E-02  7.4167E-01  7.5802E-01 -8.8010E+03  8.0239E+03
  1.3557E+00  4.5220E+00  1.0005E+03  0.0000E+00 -1.0962E-02  7.4167E-01  7.5803E-01 -8.7636E+03  7.9872E+03
  1.3560E+00  4.5230E+00  1.0005E+03 -3.8756E-10 -1.0966E-02  7.4167E-01  7.5803E-01 -8.7263E+03  7.9507E+03
  1.3563E+00  4.5240E+00  1.0005E+03  0.0000E+00 -1.0969E-02  7.4166E-01  7.5803E-01 -8.6893E+03  7.9143E+03
  1.3566E+00  4.5250E+00  1.0005E+03  0.0000E+00 -1.0972E-02  7.4166E-01  7.5803E-01 -8.6523E+03  7.8781E+03
  1.3569E+00  4.5260E+00  1.0005E+03  0.0000E+00 -1.0976E-02  7.4166E-01  7.5804E-01 -8.6156E+03  7.8420E+03
  1.3572E+00  4.5270E+00  1.0005E+03  3.8756E-10 -1.0979E-02  7.4165E-01  7.5804E-01 -8.5790E+03  7.8061E+03
  1.3575E+00  4.5280E+00  1.0005E+03  0.0000E+00 -1.0982E-02  7.4165E-01  7.5804E-01 -8.5425E+03  7.7703E+03
  1.3578E+00  4.5290E+00  1.0005E+03  0.0000E+00 -1.0985E-02  7.4165E-01  7.5804E-01 -8.5062E+03  7.7346E+03
  1.3581E+00  4.5300E+00  1.0005E+03  0.0000E+00 -1.0989E-02  7.4165E-01  7.5805E-01 -8.4700E+03  7.6991E+03
  1.3584E+00  4.5310E+00  1.0005E+03  0.0000E+00 -1.0992E-02  7.4164E-01  7.5805E-01 -8.4340E+03  7.6638E+03
  1.3587E+00  4.5320E+00  1.0005E+03  0.0000E+00 -1.0995E-02  7.4164E-01  7.5805E-01 -8.3981E+03  7.6286E+03
  1.3590E+00  4.5330E+00  1.0005E+03  3.8756E-10 -1.0998E-02  7.4164E-01  7.5805E-01 -8.3624E+03  7.5935E+03
  1.3593E+00  4.5340E+00  1.0005E+03 -3.8756E-10 -1.1002E-02  7.4164E-01  7.5805E-01 -8.3268E+03  7.5586E+03
  1.3596E+00  4.5350E+00  1.0005E+03  0.0000E+00 -1.1005E-02  7.4163E-01  7.5806E-01 -8.2914E+03  7.5239E+03
  1.3599E+00  4.5360E+00  1.0005E+03  0.0000E+00 -1.1008E-02  7.4163E-01  7.5806E-01 -8.2561E+03  7.4893E+03
  1.3602E+00  4.5370E+00  1.0005E+03  0.0000E+00 -1.1011E-02  7.4163E-01  7.5806E-01 -8.2210E+03  7.4548E+03
  1.3605E+00  4.5380E+00  1.0005E+03  0.0000E+00 -1.1014E-02  7.4163E-01  7.5806E-01 -8.1860E+03  7.4205E+03
  1.3608E+00  4.5390E+00  1.0005E+03  0.0000E+00 -1.1017E-02  7.4162E-01  7.5807E-01 -8.1512E+03  7.3864E+03
  1.3611E+00  4.5400E+00  1.0005E+03  0.0000E+00 -1.1020E-02  7.4162E-01  7.5807E-01 -8.1166E+03  7.3524E+03
  1.3614E+00  4.5410E+00  1.0005E+03 -3.8756E-10 -1.1024E-02  7.4162E-01  7.5807E-01 -8.0821E+03  7.3185E+03
  1.3617E+00  4.5420E+00  1.0005E+03  0.0000E+00 -1.1027E-02  7.4162E-01  7.5807E-01 -8.0477E+03  7.2848E+03
  1.3620E+00  4.5430E+00  1.0005E+03  0.0000E+00 -1.1030E-02  7.4162E-01  7.5807E-01 -8.0136E+03  7.2513E+03
  1.3623E+00  4.5440E+00  1.0005E+03  0.0000E+00 -1.1033E-02  7.4161E-01  7.5808E-01 -7.9795E+03  7.2179E+03
  1.3626E+00  4.5450E+00  1.0005E+03  0.0000E+00 -1.1036E-02  7.4161E-01  7.5808E-01 -7.9456E+03  7.1846E+03
  1.3629E+00  4.5460E+00  1.0005E+03  0.0000E+00 -1.1039E-02  7.4161E-01  7.5808E-01 -7.9118E+03  7.1515E+03
  1.3632E+00  4.5470E+00  1.0005E+03  0.0000E+00 -1.1042E-02  7.4161E-01  7.5808E-01 -7.8782E+03  7.1185E+03
  1.3635E+00  4.5480E+00  1.0005E+03  0.0000E+00 -1.1045E-02  7.4160E-01  7.5809E-01 -7.8447E+03  7.0857E+03
  1.3638E+00  4.5490E+00  1.0005E+03 -3.8756E-10 -1.1048E-02  7.4160E-01  7.5809E-01 -7.8114E+03  7.0530E+03
  1.3641E+00  4.5500E+00  1.0005E+03  0.0000E+00 -1.1051E-02  7.4160E-01  7.5809E-01 -7.7781E+03  7.0204E+03
  1.3644E+00  4.5510E+00  1.0005E+03  0.0000E+00 -1.1054E-02  7.4160E-01  7.5809E-01 -7.7450E+03  6.9879E+03
  1.3647E+00  4.5520E+00  1.0005E+03  0.0000E+00 -1.1057E-02  7.4159E-01  7.5809E-01 -7.7120E+03  6.9555E+03
  1.3650E+00  4.5530E+00  1.0005E+03  0.0000E+00 -1.1060E-02  7.4159E-01  7.5810E-01 -7.6791E+03  6.9233E+03
  1.3653E+00  4.5540E+00  1.0005E+03  0.0000E+00 -1.1063E-02  7.4159E-01  7.5810E-01 -7.6464E+03  6.8912E+03
  1.3656E+00  4.5550E+00  1.0005E+03 -3.8756E-10 -1.1066E-02  7.4159E-01  7.5810E-01 -7.6138E+03  6.8592E+03
  1.3659E+00  4.5560E+00  1.0005E+03  3.8756E-10 -1.1069E-02  7.4158E-01  7.5810E-01 -7.5813E+03  6.8273E+03
  1.3662E+00  4.5570E+00  1.0005E+03  0.0000E+00 -1.1071E-02  7.4158E-01  7.5810E-01 -7.5490E+03  6.7956E+03
  1.3665E+00  4.5580E+00  1.0005E+03 -3.8756E-10 -1.1074E-02  7.4158E-01  7.5811E-01 -7.5167E+03  6.7639E+03
  1.3668E+00  4.5590E+00  1.0005E+03  0.0000E+00 -1.1077E-02  7.4158E-01  7.5811E-01 -7.4845E+03  6.7324E+03
  1.3671E+00  4.5600E+00  1.0005E+03 -3.8756E-10 -1.1080E-02  7.4158E-01  7.5811E-01 -7.4525E+03  6.7010E+03
  1.3674E+00  4.5610E+00  1.0005E+03  3.8756E-10 -1.1083E-02  7.4157E-01  7.5811E-01 -7.4207E+03  6.6698E+03
  1.3677E+00  4.5620E+00  1.0005E+03 -3.8756E-10 -1.1086E-02  7.4157E-01  7.5811E-01 -7.3890E+03  6.6387E+03
  1.3680E+00  4.5630E+00  1.0005E+03  0.0000E+00 -1.1088E-02  7.4157E-01  7.5812E-01 -7.3574E+03  6.6077E+03
  1.3683E+00  4.5640E+00  1.0005E+03  3.8756E-10 -1.1091E-02  7.4157E-01  7.5812E-01 -7.3260E+03  6.5769E+03
  1.3686E+00  4.5650E+00  1.0005E+03  0.0000E+00 -1.1094E-02  7.4156E-01  7.5812E-01 -7.2947E+03  6.5462E+03
  1.3689E+00  4.5660E+00  1.0005E+03  0.0000E+00 -1.1097E-02  7.4156E-01  7.5812E-01 -7.2635E+03  6.5157E+03
  1.3692E+00  4.5670E+00  1.0005E+03  0.0000E+00 -1.1100E-02  7.4156E-01  7.5812E-01 -7.2325E+03  6.4853E+03
  1.3695E+00  4.5680E+00  1.0005E+03  0.0000E+00 -1.1102E-02  7.4156E-01  7.5813E-01 -7.2017E+03  6.4550E+03
  1.3698E+00  4.5690E+00  1.0005E+03 -3.8756E-10 -1.1105E-02  7.4156E-01  7.5813E-01 -7.1710E+03  6.4249E+03
  1.3701E+00  4.5700E+00  1.0005E+03  3.8756E-10 -1.1108E-02  7.4155E-01  7.5813E-01 -7.1405E+03  6.3950E+03
  1.3704E+00  4.5710E+00  1.0005E+03  0.0000E+00 -1.1111E-02  7.4155E-01  7.5813E-01 -7.1101E+03  6.3652E+03
  1.3707E+00  4.5720E+00  1.0005E+03  0.0000E+00 -1.1113E-02  7.4155E-01  7.5813E-01 -7.0799E+03  6.3356E+03
  1.3710E+00  4.5730E+00  1.0005E+03  0.0000E+00 -1.1116E-02  7.4155E-01  7.5814E-01 -7.0498E+03  6.3061E+03
  1.3713E+00  4.5740E+00  1.0005E+03  0.0000E+00 -1.1119E-02  7.4155E-01  7.5814E-01 -7.0198E+03  6.2767E+03
  1.3716E+00  4.5750E+00  1.0005E+03 -3.8756E-10 -1.1121E-02  7.4154E-01  7.5814E-01 -6.9900E+03  6.2474E+03
  1.3719E+00  4.5760E+00  1.0005E+03  3.8756E-10 -1.1124E-02  7.4154E-01  7.5814E-01 -6.9603E+03  6.2183E+03
  1.3721E+00  4.5770E+00  1.0005E+03  0.0000E+00 -1.1127E-02  7.4154E-01  7.5814E-01 -6.9308E+03  6.1894E+03
  1.3724E+00  4.5780E+00  1.0005E+03  0.0000E+00 -1.1129E-02  7.4154E-01  7.5814E-01 -6.9014E+03  6.1606E+03
  1.3727E+00  4.5790E+00  1.0005E+03  0.0000E+00 -1.1132E-02  7.4153E-01  7.5815E-01 -6.8721E+03  6.1319E+03
  1.3730E+00  4.5800E+00  1.0005E+03 -3.8756E-10 -1.1135E-02  7.4153E-01  7.5815E-01 -6.8430E+03  6.1033E+03
  1.3733E+00  4.5810E+00  1.0005E+03  3.8756E-10 -1.1137E-02  7.4153E-01  7.5815E-01 -6.8139E+03  6.0748E+03
  1.3736E+00  4.5820E+00  1.0005E+03  0.0000E+00 -1.1140E-02  7.4153E-01  7.5815E-01 -6.7850E+03  6.0465E+03
  1.3739E+00  4.5830E+00  1.0005E+03  0.0000E+00 -1.1142E-02  7.4153E-01  7.5815E-01 -6.7562E+03  6.0182E+03
  1.3742E+00  4.5840E+00  1.0005E+03  3.8756E-10 -1.1145E-02  7.4152E-01  7.5816E-01 -6.7275E+03  5.9901E+03
  1.3745E+00  4.5850E+00  1.0005E+03  0.0000E+00 -1.1147E-02  7.4152E-01  7.5816E-01 -6.6990E+03  5.9622E+03
  1.3748E+00  4.5860E+00  1.0005E+03  0.0000E+00 -1.1150E-02  7.4152E-01  7.5816E-01 -6.6706E+03  5.9343E+03
  1.3751E+00  4.5870E+00  1.0005E+03  0.0000E+00 -1.1152E-02  7.4152E-01  7.5816E-01 -6.6423E+03  5.9066E+03
  1.3754E+00  4.5880E+00  1.0005E+03  0.0000E+00 -1.1155E-02  7.4152E-01  7.5816E-01 -6.6141E+03  5.8790E+03
  1.3757E+00  4.5890E+00  1.0005E+03  0.0000E+00 -1.1158E-02  7.4151E-01  7.5816E-01 -6.5861E+03  5.8515E+03
  1.3760E+00  4.5900E+00  1.0005E+03  0.0000E+00 -1.1160E-02  7.4151E-01  7.5817E-01 -6.5581E+03  5.8241E+03
  1.3763E+00  4.5910E+00  1.0005E+03  0.0000E+00 -1.1163E-02  7.4151E-01  7.5817E-01 -6.5304E+03  5.7969E+03
  1.3766E+00  4.5920E+00  1.0005E+03  0.0000E+00 -1.1165E-02  7.4151E-01  7.5817E-01 -6.5028E+03  5.7698E+03
  1.3769E+00  4.5930E+00  1.0005E+03  0.0000E+00 -1.1167E-02  7.4151E-01  7.5817E-01 -6.4753E+03  5.7429E+03
  1.3772E+00  4.5940E+00  1.0005E+03  3.8756E-10 -1.1170E-02  7.4151E-01  7.5817E-01 -6.4479E+03  5.7161E+03
  1.3775E+00  4.5950E+00  1.0005E+03  0.0000E+00 -1.1172E-02  7.4150E-01  7.5817E-01 -6.4207E+03  5.6894E+03
  1.3778E+00  4.5960E+00  1.0005E+03  0.0000E+00 -1.1175E-02  7.4150E-01  7.5818E-01 -6.3937E+03  5.6629E+03
  1.3781E+00  4.5970E+00  1.0005E+03  0.0000E+00 -1.1177E-02  7.4150E-01  7.5818E-01 -6.3668E+03  5.6366E+03
  1.3784E+00  4.5980E+00  1.0005E+03  0.0000E+00 -1.1180E-02  7.4150E-01  7.5818E-01 -6.3401E+03  5.6103E+03
  1.3787E+00  4.5990E+00  1.0005E+03  0.0000E+00 -1.1182E-02  7.4150E-01  7.5818E-01 -6.3135E+03  5.5843E+03
  1.3790E+00  4.6000E+00  1.0005E+03  0.0000E+00 -1.1184E-02  7.4149E-01  7.5818E-01 -6.2870E+03  5.5584E+03
  1.3793E+00  4.6010E+00  1.0005E+03  0.0000E+00 -1.1187E-02  7.4149E-01  7.5818E-01 -6.2608E+03  5.5326E+03
  1.3796E+00  4.6020E+00  1.0005E+03  3.8756E-10 -1.1189E-02  7.4149E-01  7.5819E-01 -6.2346E+03  5.5070E+03
  1.3799E+00  4.6030E+00  1.0005E+03  0.0000E+00 -1.1192E-02  7.4149E-01  7.5819E-01 -6.2086E+03  5.4815E+03
  1.3802E+00  4.6040E+00  1.0005E+03  0.0000E+00 -1.1194E-02  7.4149E-01  7.5819E-01 -6.1828E+03  5.4562E+03
  1.3805E+00  4.6050E+00  1.0005E+03  0.0000E+00 -1.1196E-02  7.4148E-01  7.5819E-01 -6.1571E+03  5.4310E+03
  1.3808E+00  4.6060E+00  1.0005E+03  0.0000E+00 -1.1199E-02  7.4148E-01  7.5819E-01 -6.1315E+03  5.4059E+03
  1.3811E+00  4.6070E+00  1.0005E+03 -3.8756E-10 -1.1201E-02  7.4148E-01  7.5819E-01 -6.1060E+03  5.3809E+03
  1.3814E+00  4.6080E+00  1.0005E+03  3.8756E-10 -1.1203E-02  7.4148E-01  7.5820E-01 -6.0807E+03  5.3561E+03
  1.3817E+00  4.6090E+00  1.0005E+03  0.0000E+00 -1.1205E-02  7.4148E-01  7.5820E-01 -6.0555E+03  5.3314E+03
  1.3820E+00  4.6100E+00  1.0005E+03  0.0000E+00 -1.1208E-02  7.4148E-01  7.5820E-01 -6.0303E+03  5.3068E+03
  1.3823E+00  4.6110E+00  1.0005E+03 -3.8756E-10 -1.1210E-02  7.4147E-01  7.5820E-01 -6.0053E+03  5.2823E+03
  1.3826E+00  4.6120E+00  1.0005E+03  3.8756E-10 -1.1212E-02  7.4147E-01  7.5820E-01 -5.9804E+03  5.2578E+03
  1.3829E+00  4.6130E+00  1.0005E+03  0.0000E+00 -1.1215E-02  7.4147E-01  7.5820E-01 -5.9556E+03  5.2335E+03
  1.3832E+00  4.6140E+00  1.0005E+03  0.0000E+00 -1.1217E-02  7.4147E-01  7.5821E-01 -5.9308E+03  5.2093E+03
  1.3835E+00  4.6150E+00  1.0005E+03  0.0000E+00 -1.1219E-02  7.4147E-01  7.5821E-01 -5.9062E+03  5.1852E+03
  1.3838E+00  4.6160E+00  1.0005E+03  0.0000E+00 -1.1221E-02  7.4146E-01  7.5821E-01 -5.8817E+03  5.1611E+03
  1.3841E+00  4.6170E+00  1.0005E+03 -3.8756E-10 -1.1224E-02  7.4146E-01  7.5821E-01 -5.8572E+03  5.1372E+03
  1.3844E+00  4.6180E+00  1.0005E+03  0.0000E+00 -1.1226E-02  7.4146E-01  7.5821E-01 -5.8328E+03  5.1133E+03
  1.3847E+00  4.6190E+00  1.0005E+03  3.8756E-10 -1.1228E-02  7.4146E-01  7.5821E-01 -5.8085E+03  5.0895E+03
  1.3850E+00  4.6200E+00  1.0005E+03  0.0000E+00 -1.1230E-02  7.4146E-01  7.5821E-01 -5.7843E+03  5.0657E+03
  1.3853E+00  4.6210E+00  1.0005E+03 -3.8756E-10 -1.1232E-02  7.4146E-01  7.5822E-01 -5.7602E+03  5.0421E+03
  1.3856E+00  4.6220E+00  1.0005E+03  0.0000E+00 -1.1234E-02  7.4145E-01  7.5822E-01 -5.7362E+03  5.0186E+03
  1.3859E+00  4.6230E+00  1.0005E+03  3.8756E-10 -1.1237E-02  7.4145E-01  7.5822E-01 -5.7123E+03  4.9951E+03
  1.3862E+00  4.6240E+00  1.0005E+03  0.0000E+00 -1.1239E-02  7.4145E-01  7.5822E-01 -5.6884E+03  4.9718E+03
  1.3865E+00  4.6250E+00  1.0005E+03  0.0000E+00 -1.1241E-02  7.4145E-01  7.5822E-01 -5.6646E+03  4.9485E+03
  1.3868E+00  4.6260E+00  1.0005E+03  0.0000E+00 -1.1243E-02  7.4145E-01  7.5822E-01 -5.6410E+03  4.9253E+03
  1.3871E+00  4.6270E+00  1.0005E+03  0.0000E+00 -1.1245E-02  7.4145E-01  7.5823E-01 -5.6174E+03  4.9022E+03
  1.3874E+00  4.6280E+00  1.0005E+03  0.0000E+00 -1.1247E-02  7.4144E-01  7.5823E-01 -5.5939E+03  4.8791E+03
  1.3877E+00  4.6290E+00  1.0005E+03  0.0000E+00 -1.1249E-02  7.4144E-01  7.5823E-01 -5.5705E+03  4.8562E+03
  1.3880E+00  4.6300E+00  1.0005E+03  0.0000E+00 -1.1252E-02  7.4144E-01  7.5823E-01 -5.5472E+03  4.8334E+03
  1.3883E+00  4.6310E+00  1.0005E+03  0.0000E+00 -1.1254E-02  7.4144E-01  7.5823E-01 -5.5239E+03  4.8106E+03
  1.3886E+00  4.6320E+00  1.0005E+03  3.8756E-10 -1.1256E-02  7.4144E-01  7.5823E-01 -5.5008E+03  4.7879E+03
  1.3889E+00  4.6330E+00  1.0005E+03  0.0000E+00 -1.1258E-02  7.4144E-01  7.5823E-01 -5.4777E+03  4.7654E+03
  1.3892E+00  4.6340E+00  1.0005E+03  0.0000E+00 -1.1260E-02  7.4143E-01  7.5824E-01 -5.4548E+03  4.7429E+03
  1.3895E+00  4.6350E+00  1.0005E+03  0.0000E+00 -1.1262E-02  7.4143E-01  7.5824E-01 -5.4319E+03  4.7204E+03
  1.3898E+00  4.6360E+00  1.0005E+03  0.0000E+00 -1.1264E-02  7.4143E-01  7.5824E-01 -5.4091E+03  4.6981E+03
  1.3901E+00  4.6370E+00  1.0005E+03  0.0000E+00 -1.1266E-02  7.4143E-01  7.5824E-01 -5.3864E+03  4.6758E+03
  1.3904E+00  4.6380E+00  1.0005E+03  0.0000E+00 -1.1268E-02  7.4143E-01  7.5824E-01 -5.3637E+03  4.6537E+03
  1.3907E+00  4.6390E+00  1.0005E+03 -3.8756E-10 -1.1270E-02  7.4143E-01  7.5824E-01 -5.3412E+03  4.6316E+03
  1.3910E+00  4.6400E+00  1.0005E+03  0.0000E+00 -1.1272E-02  7.4142E-01  7.5824E-01 -5.3187E+03  4.6096E+03
  1.3913E+00  4.6410E+00  1.0005E+03  0.0000E+00 -1.1274E-02  7.4142E-01  7.5825E-01 -5.2963E+03  4.5876E+03
  1.3916E+00  4.6420E+00  1.0005E+03  3.8756E-10 -1.1276E-02  7.4142E-01  7.5825E-01 -5.2740E+03  4.5658E+03
  1.3919E+00  4.6430E+00  1.0005E+03  0.0000E+00 -1.1278E-02  7.4142E-01  7.5825E-01 -5.2518E+03  4.5440E+03
  1.3922E+00  4.6440E+00  1.0005E+03  0.0000E+00 -1.1280E-02  7.4142E-01  7.5825E-01 -5.2297E+03  4.5224E+03
  1.3925E+00  4.6450E+00  1.0005E+03  0.0000E+00 -1.1282E-02  7.4142E-01  7.5825E-01 -5.2077E+03  4.5008E+03
  1.3928E+00  4.6460E+00  1.0005E+03 -3.8756E-10 -1.1284E-02  7.4141E-01  7.5825E-01 -5.1857E+03  4.4793E+03
  1.3931E+00  4.6470E+00  1.0005E+03  3.8756E-10 -1.1286E-02  7.4141E-01  7.5825E-01 -5.1639E+03  4.4579E+03
  1.3934E+00  4.6480E+00  1.0005E+03 -3.8756E-10 -1.1288E-02  7.4141E-01  7.5825E-01 -5.1422E+03  4.4367E+03
  1.3937E+00  4.6490E+00  1.0005E+03  3.8756E-10 -1.1290E-02  7.4141E-01  7.5826E-01 -5.1206E+03  4.4155E+03
  1.3940E+00  4.6500E+00  1.0005E+03  0.0000E+00 -1.1292E-02  7.4141E-01  7.5826E-01 -5.0991E+03  4.3944E+03
  1.3943E+00  4.6510E+00  1.0005E+03 -3.8756E-10 -1.1294E-02  7.4141E-01  7.5826E-01 -5.0777E+03  4.3735E+03
  1.3946E+00  4.6520E+00  1.0005E+03  0.0000E+00 -1.1295E-02  7.4141E-01  7.5826E-01 -5.0564E+03  4.3527E+03
  1.3949E+00  4.6530E+00  1.0005E+03  0.0000E+00 -1.1297E-02  7.4140E-01  7.5826E-01 -5.0353E+03  4.3320E+03
  1.3952E+00  4.6540E+00  1.0005E+03  0.0000E+00 -1.1299E-02  7.4140E-01  7.5826E-01 -5.0143E+03  4.3114E+03
  1.3955E+00  4.6550E+00  1.0005E+03  3.8756E-10 -1.1301E-02  7.4140E-01  7.5826E-01 -4.9934E+03  4.2910E+03
  1.3958E+00  4.6560E+00  1.0005E+03  0.0000E+00 -1.1303E-02  7.4140E-01  7.5827E-01 -4.9727E+03  4.2706E+03
  1.3961E+00  4.6570E+00  1.0005E+03  3.8756E-10 -1.1305E-02  7.4140E-01  7.5827E-01 -4.9521E+03  4.2505E+03
  1.3964E+00  4.6580E+00  1.0005E+03  3.8756E-10 -1.1307E-02  7.4140E-01  7.5827E-01 -4.9316E+03  4.2304E+03
  1.3967E+00  4.6590E+00  1.0005E+03  0.0000E+00 -1.1309E-02  7.4140E-01  7.5827E-01 -4.9113E+03  4.2105E+03
  1.3970E+00  4.6600E+00  1.0005E+03  0.0000E+00 -1.1310E-02  7.4139E-01  7.5827E-01 -4.8911E+03  4.1907E+03
  1.3973E+00  4.6610E+00  1.0005E+03 -3.8756E-10 -1.1312E-02  7.4139E-01  7.5827E-01 -4.8710E+03  4.1710E+03
  1.3976E+00  4.6620E+00  1.0005E+03  0.0000E+00 -1.1314E-02  7.4139E-01  7.5827E-01 -4.8510E+03  4.1515E+03
  1.3979E+00  4.6630E+00  1.0005E+03  0.0000E+00 -1.1316E-02  7.4139E-01  7.5827E-01 -4.8312E+03  4.1321E+03
  1.3982E+00  4.6640E+00  1.0005E+03  0.0000E+00 -1.1318E-02  7.4139E-01  7.5828E-01 -4.8115E+03  4.1128E+03
  1.3985E+00  4.6650E+00  1.0005E+03  0.0000E+00 -1.1319E-02  7.4139E-01  7.5828E-01 -4.7919E+03  4.0936E+03
  1.3988E+00  4.6660E+00  1.0005E+03  0.0000E+00 -1.1321E-02  7.4138E-01  7.5828E-01 -4.7724E+03  4.0745E+03
  1.3991E+00  4.6670E+00  1.0005E+03  0.0000E+00 -1.1323E-02  7.4138E-01  7.5828E-01 -4.7530E+03  4.0555E+03
  1.3994E+00  4.6680E+00  1.0005E+03  0.0000E+00 -1.1325E-02  7.4138E-01  7.5828E-01 -4.7337E+03  4.0366E+03
  1.3997E+00  4.6690E+00  1.0005E+03  0.0000E+00 -1.1327E-02  7.4138E-01  7.5828E-01 -4.7146E+03  4.0178E+03
  1.4000E+00  4.6700E+00  1.0005E+03  0.0000E+00 -1.1328E-02  7.4138E-01  7.5828E-01 -4.6955E+03  3.9991E+03
  1.4003E+00  4.6710E+00  1.0005E+03  3.8756E-10 -1.1330E-02  7.4138E-01  7.5828E-01 -4.6764E+03  3.9805E+03
  1.4006E+00  4.6720E+00  1.0005E+03  0.0000E+00 -1.1332E-02  7.4138E-01  7.5828E-01 -4.6575E+03  3.9619E+03
  1.4009E+00  4.6730E+00  1.0005E+03  0.0000E+00 -1.1334E-02  7.4138E-01  7.5829E-01 -4.6386E+03  3.9435E+03
  1.4012E+00  4.6740E+00  1.0005E+03  0.0000E+00 -1.1335E-02  7.4137E-01  7.5829E-01 -4.6198E+03  3.9251E+03
  1.4015E+00  4.6750E+00  1.0005E+03  0.0000E+00 -1.1337E-02  7.4137E-01  7.5829E-01 -4.6011E+03  3.9067E+03
  1.4018E+00  4.6760E+00  1.0005E+03  0.0000E+00 -1.1339E-02  7.4137E-01  7.5829E-01 -4.5824E+03  3.8885E+03
  1.4021E+00  4.6770E+00  1.0005E+03  0.0000E+00 -1.1340E-02  7.4137E-01  7.5829E-01 -4.5638E+03  3.8702E+03
  1.4024E+00  4.6780E+00  1.0005E+03  0.0000E+00 -1.1342E-02  7.4137E-01  7.5829E-01 -4.5453E+03  3.8521E+03
  1.4027E+00  4.6790E+00  1.0005E+03  0.0000E+00 -1.1344E-02  7.4137E-01  7.5829E-01 -4.5268E+03  3.8340E+03
  1.4030E+00  4.6800E+00  1.0005E+03  0.0000E+00 -1.1346E-02  7.4137E-01  7.5829E-01 -4.5084E+03  3.8160E+03
  1.4033E+00  4.6810E+00  1.0005E+03  0.0000E+00 -1.1347E-02  7.4136E-01  7.5830E-01 -4.4901E+03  3.7980E+03
  1.4036E+00  4.6820E+00  1.0005E+03  3.8756E-10 -1.1349E-02  7.4136E-01  7.5830E-01 -4.4718E+03  3.7801E+03
  1.4039E+00  4.6830E+00  1.0005E+03 -3.8756E-10 -1.1351E-02  7.4136E-01  7.5830E-01 -4.4536E+03  3.7623E+03
  1.4042E+00  4.6840E+00  1.0005E+03  0.0000E+00 -1.1352E-02  7.4136E-01  7.5830E-01 -4.4354E+03  3.7445E+03
  1.4045E+00  4.6850E+00  1.0005E+03  3.8756E-10 -1.1354E-02  7.4136E-01  7.5830E-01 -4.4173E+03  3.7267E+03
  1.4048E+00  4.6860E+00  1.0005E+03  0.0000E+00 -1.1356E-02  7.4136E-01  7.5830E-01 -4.3992E+03  3.7091E+03
  1.4051E+00  4.6870E+00  1.0005E+03  0.0000E+00 -1.1357E-02  7.4136E-01  7.5830E-01 -4.3812E+03  3.6914E+03
  1.4054E+00  4.6880E+00  1.0005E+03  0.0000E+00 -1.1359E-02  7.4135E-01  7.5830E-01 -4.3633E+03  3.6739E+03
  1.4057E+00  4.6890E+00  1.0005E+03  0.0000E+00 -1.1360E-02  7.4135E-01  7.5830E-01 -4.3455E+03  3.6564E+03
  1.4060E+00  4.6900E+00  1.0005E+03  0.0000E+00 -1.1362E-02  7.4135E-01  7.5831E-01 -4.3276E+03  3.6390E+03
  1.4063E+00  4.6910E+00  1.0005E+03  0.0000E+00 -1.1364E-02  7.4135E-01  7.5831E-01 -4.3099E+03  3.6216E+03
  1.4066E+00  4.6920E+00  1.0005E+03  3.8756E-10 -1.1365E-02  7.4135E-01  7.5831E-01 -4.2922E+03  3.6043E+03
  1.4069E+00  4.6930E+00  1.0005E+03 -3.8756E-10 -1.1367E-02  7.4135E-01  7.5831E-01 -4.2746E+03  3.5870E+03
  1.4072E+00  4.6940E+00  1.0005E+03  0.0000E+00 -1.1368E-02  7.4135E-01  7.5831E-01 -4.2570E+03  3.5698E+03
  1.4075E+00  4.6950E+00  1.0005E+03  0.0000E+00 -1.1370E-02  7.4135E-01  7.5831E-01 -4.2395E+03  3.5527E+03
  1.4078E+00  4.6960E+00  1.0005E+03  0.0000E+00 -1.1372E-02  7.4134E-01  7.5831E-01 -4.2221E+03  3.5356E+03
  1.4081E+00  4.6970E+00  1.0005E+03 -3.8756E-10 -1.1373E-02  7.4134E-01  7.5831E-01 -4.2047E+03  3.5186E+03
  1.4084E+00  4.6980E+00  1.0005E+03  0.0000E+00 -1.1375E-02  7.4134E-01  7.5831E-01 -4.1873E+03  3.5016E+03
  1.4087E+00  4.6990E+00  1.0005E+03  0.0000E+00 -1.1376E-02  7.4134E-01  7.5831E-01 -4.1701E+03  3.4847E+03
  1.4090E+00  4.7000E+00  1.0005E+03  0.0000E+00 -1.1378E-02  7.4134E-01  7.5832E-01 -4.1529E+03  3.4679E+03
  1.4093E+00  4.7010E+00  1.0005E+03  0.0000E+00 -1.1379E-02  7.4134E-01  7.5832E-01 -4.1357E+03  3.4511E+03
  1.4096E+00  4.7020E+00  1.0005E+03  0.0000E+00 -1.1381E-02  7.4134E-01  7.5832E-01 -4.1187E+03  3.4344E+03
  1.4099E+00  4.7030E+00  1.0005E+03  0.0000E+00 -1.1382E-02  7.4134E-01  7.5832E-01 -4.1017E+03  3.4177E+03
  1.4102E+00  4.7040E+00  1.0005E+03  0.0000E+00 -1.1384E-02  7.4133E-01  7.5832E-01 -4.0847E+03  3.4012E+03
  1.4105E+00  4.7050E+00  1.0005E+03  0.0000E+00 -1.1385E-02  7.4133E-01  7.5832E-01 -4.0679E+03  3.3847E+03
  1.4108E+00  4.7060E+00  1.0005E+03  0.0000E+00 -1.1387E-02  7.4133E-01  7.5832E-01 -4.0511E+03  3.3683E+03
  1.4111E+00  4.7070E+00  1.0005E+03  0.0000E+00 -1.1388E-02  7.4133E-01  7.5832E-01 -4.0345E+03  3.3519E+03
  1.4114E+00  4.7080E+00  1.0005E+03 -3.8756E-10 -1.1390E-02  7.4133E-01  7.5832E-01 -4.0179E+03  3.3357E+03
  1.4117E+00  4.7090E+00  1.0005E+03  3.8756E-10 -1.1391E-02  7.4133E-01  7.5833E-01 -4.0014E+03  3.3196E+03
  1.4120E+00  4.7100E+00  1.0005E+03  0.0000E+00 -1.1393E-02  7.4133E-01  7.5833E-01 -3.9850E+03  3.3035E+03
  1.4123E+00  4.7110E+00  1.0005E+03  0.0000E+00 -1.1394E-02  7.4133E-01  7.5833E-01 -3.9687E+03  3.2876E+03
  1.4126E+00  4.7120E+00  1.0005E+03  0.0000E+00 -1.1396E-02  7.4132E-01  7.5833E-01 -3.9525E+03  3.2717E+03
  1.4129E+00  4.7130E+00  1.0005E+03  0.0000E+00 -1.1397E-02  7.4132E-01  7.5833E-01 -3.9364E+03  3.2560E+03
  1.4132E+00  4.7140E+00  1.0005E+03  0.0000E+00 -1.1399E-02  7.4132E-01  7.5833E-01 -3.9205E+03  3.2404E+03
  1.4135E+00  4.7150E+00  1.0005E+03 -3.8756E-10 -1.1400E-02  7.4132E-01  7.5833E-01 -3.9046E+03  3.2249E+03
  1.4138E+00  4.7160E+00  1.0005E+03  0.0000E+00 -1.1402E-02  7.4132E-01  7.5833E-01 -3.8889E+03  3.2095E+03
  1.4141E+00  4.7170E+00  1.0005E+03  0.0000E+00 -1.1403E-02  7.4132E-01  7.5833E-01 -3.8733E+03  3.1942E+03
  1.4144E+00  4.7180E+00  1.0005E+03  0.0000E+00 -1.1405E-02  7.4132E-01  7.5833E-01 -3.8578E+03  3.1791E+03
  1.4147E+00  4.7190E+00  1.0005E+03  0.0000E+00 -1.1406E-02  7.4132E-01  7.5833E-01 -3.8425E+03  3.1640E+03
  1.4150E+00  4.7200E+00  1.0005E+03  0.0000E+00 -1.1407E-02  7.4132E-01  7.5834E-01 -3.8272E+03  3.1491E+03
  1.4153E+00  4.7210E+00  1.0005E+03  0.0000E+00 -1.1409E-02  7.4131E-01  7.5834E-01 -3.8121E+03  3.1343E+03
  1.4156E+00  4.7220E+00  1.0005E+03  0.0000E+00 -1.1410E-02  7.4131E-01  7.5834E-01 -3.7971E+03  3.1196E+03
  1.4159E+00  4.7230E+00  1.0005E+03  0.0000E+00 -1.1412E-02  7.4131E-01  7.5834E-01 -3.7822E+03  3.1050E+03
  1.4162E+00  4.7240E+00  1.0005E+03 -3.8756E-10 -1.1413E-02  7.4131E-01  7.5834E-01 -3.7674E+03  3.0905E+03
  1.4165E+00  4.7250E+00  1.0005E+03  3.8756E-10 -1.1414E-02  7.4131E-01  7.5834E-01 -3.7526E+03  3.0761E+03
  1.4168E+00  4.7260E+00  1.0005E+03  0.0000E+00 -1.1416E-02  7.4131E-01  7.5834E-01 -3.7380E+03  3.0618E+03
  1.4171E+00  4.7270E+00  1.0005E+03  0.0000E+00 -1.1417E-02  7.4131E-01  7.5834E-01 -3.7235E+03  3.0476E+03
  1.4174E+00  4.7280E+00  1.0005E+03  0.0000E+00 -1.1418E-02  7.4131E-01  7.5834E-01 -3.7091E+03  3.0335E+03
  1.4177E+00  4.7290E+00  1.0005E+03  0.0000E+00 -1.1420E-02  7.4131E-01  7.5834E-01 -3.6948E+03  3.0195E+03
  1.4180E+00  4.7300E+00  1.0005E+03  3.8756E-10 -1.1421E-02  7.4130E-01  7.5835E-01 -3.6805E+03  3.0055E+03
  1.4183E+00  4.7310E+00  1.0005E+03  0.0000E+00 -1.1423E-02  7.4130E-01  7.5835E-01 -3.6663E+03  2.9916E+03
  1.4186E+00  4.7320E+00  1.0005E+03  0.0000E+00 -1.1424E-02  7.4130E-01  7.5835E-01 -3.6522E+03  2.9778E+03
  1.4189E+00  4.7330E+00  1.0005E+03  0.0000E+00 -1.1425E-02  7.4130E-01  7.5835E-01 -3.6382E+03  2.9641E+03
  1.4192E+00  4.7340E+00  1.0005E+03  0.0000E+00 -1.1427E-02  7.4130E-01  7.5835E-01 -3.6242E+03  2.9504E+03
  1.4195E+00  4.7350E+00  1.0005E+03  0.0000E+00 -1.1428E-02  7.4130E-01  7.5835E-01 -3.6104E+03  2.9368E+03
  1.4198E+00  4.7360E+00  1.0005E+03  0.0000E+00 -1.1429E-02  7.4130E-01  7.5835E-01 -3.5966E+03  2.9234E+03
  1.4201E+00  4.7370E+00  1.0005E+03  3.8756E-10 -1.1431E-02  7.4130E-01  7.5835E-01 -3.5829E+03  2.9099E+03
  1.4204E+00  4.7380E+00  1.0005E+03  0.0000E+00 -1.1432E-02  7.4130E-01  7.5835E-01 -3.5692E+03  2.8965E+03
  1.4207E+00  4.7390E+00  1.0005E+03 -3.8756E-10 -1.1433E-02  7.4129E-01  7.5835E-01 -3.5556E+03  2.8832E+03
  1.4210E+00  4.7400E+00  1.0005E+03  3.8756E-10 -1.1434E-02  7.4129E-01  7.5835E-01 -3.5420E+03  2.8700E+03
  1.4213E+00  4.7410E+00  1.0005E+03 -3.8756E-10 -1.1436E-02  7.4129E-01  7.5835E-01 -3.5286E+03  2.8568E+03
  1.4216E+00  4.7420E+00  1.0005E+03  3.8756E-10 -1.1437E-02  7.4129E-01  7.5836E-01 -3.5153E+03  2.8437E+03
  1.4219E+00  4.7430E+00  1.0005E+03 -3.8756E-10 -1.1438E-02  7.4129E-01  7.5836E-01 -3.5020E+03  2.8308E+03
  1.4222E+00  4.7440E+00  1.0005E+03  0.0000E+00 -1.1440E-02  7.4129E-01  7.5836E-01 -3.4888E+03  2.8178E+03
  1.4225E+00  4.7450E+00  1.0005E+03  3.8756E-10 -1.1441E-02  7.4129E-01  7.5836E-01 -3.4756E+03  2.8050E+03
  1.4228E+00  4.7460E+00  1.0005E+03 -3.8756E-10 -1.1442E-02  7.4129E-01  7.5836E-01 -3.4626E+03  2.7922E+03
  1.4231E+00  4.7470E+00  1.0005E+03  0.0000E+00 -1.1443E-02  7.4129E-01  7.5836E-01 -3.4496E+03  2.7795E+03
  1.4234E+00  4.7480E+00  1.0005E+03  3.8756E-10 -1.1445E-02  7.4129E-01  7.5836E-01 -3.4367E+03  2.7669E+03
  1.4237E+00  4.7490E+00  1.0005E+03 -3.8756E-10 -1.1446E-02  7.4128E-01  7.5836E-01 -3.4239E+03  2.7544E+03
  1.4240E+00  4.7500E+00  1.0005E+03  3.8756E-10 -1.1447E-02  7.4128E-01  7.5836E-01 -3.4112E+03  2.7419E+03
  1.4243E+00  4.7510E+00  1.0005E+03  3.8756E-10 -1.1448E-02  7.4128E-01  7.5836E-01 -3.3986E+03  2.7295E+03
  1.4246E+00  4.7520E+00  1.0005E+03 -3.8756E-10 -1.1450E-02  7.4128E-01  7.5836E-01 -3.3860E+03  2.7172E+03
  1.4249E+00  4.7530E+00  1.0005E+03  0.0000E+00 -1.1451E-02  7.4128E-01  7.5836E-01 -3.3735E+03  2.7050E+03
  1.4252E+00  4.7540E+00  1.0005E+03  0.0000E+00 -1.1452E-02  7.4128E-01  7.5837E-01 -3.3611E+03  2.6928E+03
  1.4255E+00  4.7550E+00  1.0005E+03  0.0000E+00 -1.1453E-02  7.4128E-01  7.5837E-01 -3.3487E+03  2.6807E+03
  1.4258E+00  4.7560E+00  1.0005E+03  0.0000E+00 -1.1455E-02  7.4128E-01  7.5837E-01 -3.3364E+03  2.6687E+03
  1.4261E+00  4.7570E+00  1.0005E+03  0.0000E+00 -1.1456E-02  7.4128E-01  7.5837E-01 -3.3241E+03  2.6567E+03
  1.4264E+00  4.7580E+00  1.0005E+03  0.0000E+00 -1.1457E-02  7.4128E-01  7.5837E-01 -3.3120E+03  2.6448E+03
  1.4267E+00  4.7590E+00  1.0005E+03  0.0000E+00 -1.1458E-02  7.4127E-01  7.5837E-01 -3.2999E+03  2.6329E+03
  1.4270E+00  4.7600E+00  1.0005E+03  0.0000E+00 -1.1459E-02  7.4127E-01  7.5837E-01 -3.2878E+03  2.6211E+03
  1.4273E+00  4.7610E+00  1.0005E+03  0.0000E+00 -1.1461E-02  7.4127E-01  7.5837E-01 -3.2758E+03  2.6093E+03
  1.4276E+00  4.7620E+00  1.0005E+03 -3.8756E-10 -1.1462E-02  7.4127E-01  7.5837E-01 -3.2638E+03  2.5976E+03
  1.4279E+00  4.7630E+00  1.0005E+03  3.8756E-10 -1.1463E-02  7.4127E-01  7.5837E-01 -3.2518E+03  2.5859E+03
  1.4282E+00  4.7640E+00  1.0005E+03  3.8756E-10 -1.1464E-02  7.4127E-01  7.5837E-01 -3.2399E+03  2.5743E+03
  1.4285E+00  4.7650E+00  1.0005E+03 -3.8756E-10 -1.1465E-02  7.4127E-01  7.5837E-01 -3.2281E+03  2.5627E+03
  1.4288E+00  4.7660E+00  1.0005E+03  0.0000E+00 -1.1467E-02  7.4127E-01  7.5837E-01 -3.2163E+03  2.5511E+03
  1.4291E+00  4.7670E+00  1.0005E+03  0.0000E+00 -1.1468E-02  7.4127E-01  7.5838E-01 -3.2045E+03  2.5396E+03
  1.4294E+00  4.7680E+00  1.0005E+03  0.0000E+00 -1.1469E-02  7.4127E-01  7.5838E-01 -3.1928E+03  2.5281E+03
  1.4297E+00  4.7690E+00  1.0005E+03  0.0000E+00 -1.1470E-02  7.4126E-01  7.5838E-01 -3.1811E+03  2.5167E+03
  1.4300E+00  4.7700E+00  1.0005E+03  0.0000E+00 -1.1471E-02  7.4126E-01  7.5838E-01 -3.1694E+03  2.5053E+03
  1.4303E+00  4.7710E+00  1.0005E+03  0.0000E+00 -1.1472E-02  7.4126E-01  7.5838E-01 -3.1578E+03  2.4939E+03
  1.4306E+00  4.7720E+00  1.0005E+03  0.0000E+00 -1.1474E-02  7.4126E-01  7.5838E-01 -3.1462E+03  2.4826E+03
  1.4309E+00  4.7730E+00  1.0005E+03  0.0000E+00 -1.1475E-02  7.4126E-01  7.5838E-01 -3.1347E+03  2.4713E+03
  1.4312E+00  4.7740E+00  1.0005E+03  0.0000E+00 -1.1476E-02  7.4126E-01  7.5838E-01 -3.1232E+03  2.4600E+03
  1.4315E+00  4.7750E+00  1.0005E+03  0.0000E+00 -1.1477E-02  7.4126E-01  7.5838E-01 -3.1117E+03  2.4488E+03
  1.4318E+00  4.7760E+00  1.0005E+03  0.0000E+00 -1.1478E-02  7.4126E-01  7.5838E-01 -3.1003E+03  2.4377E+03
  1.4321E+00  4.7770E+00  1.0005E+03  0.0000E+00 -1.1479E-02  7.4126E-01  7.5838E-01 -3.0889E+03  2.4265E+03
  1.4324E+00  4.7780E+00  1.0005E+03  0.0000E+00 -1.1480E-02  7.4126E-01  7.5838E-01 -3.0776E+03  2.4154E+03
  1.4327E+00  4.7790E+00  1.0005E+03  0.0000E+00 -1.1481E-02  7.4126E-01  7.5838E-01 -3.0663E+03  2.4044E+03
  1.4330E+00  4.7800E+00  1.0005E+03  0.0000E+00 -1.1483E-02  7.4125E-01  7.5839E-01 -3.0550E+03  2.3934E+03
  1.4333E+00  4.7810E+00  1.0005E+03 -3.8756E-10 -1.1484E-02  7.4125E-01  7.5839E-01 -3.0438E+03  2.3824E+03
  1.4336E+00  4.7820E+00  1.0005E+03  3.8756E-10 -1.1485E-02  7.4125E-01  7.5839E-01 -3.0327E+03  2.3715E+03
  1.4339E+00  4.7830E+00  1.0005E+03  0.0000E+00 -1.1486E-02  7.4125E-01  7.5839E-01 -3.0215E+03  2.3606E+03
  1.4342E+00  4.7840E+00  1.0005E+03  0.0000E+00 -1.1487E-02  7.4125E-01  7.5839E-01 -3.0104E+03  2.3497E+03
  1.4345E+00  4.7850E+00  1.0005E+03  0.0000E+00 -1.1488E-02  7.4125E-01  7.5839E-01 -2.9994E+03  2.3389E+03
  1.4348E+00  4.7860E+00  1.0005E+03  0.0000E+00 -1.1489E-02  7.4125E-01  7.5839E-01 -2.9884E+03  2.3281E+03
  1.4351E+00  4.7870E+00  1.0005E+03  0.0000E+00 -1.1490E-02  7.4125E-01  7.5839E-01 -2.9774E+03  2.3174E+03
  1.4354E+00  4.7880E+00  1.0005E+03 -3.8756E-10 -1.1491E-02  7.4125E-01  7.5839E-01 -2.9664E+03  2.3067E+03
  1.4357E+00  4.7890E+00  1.0005E+03  0.0000E+00 -1.1492E-02  7.4125E-01  7.5839E-01 -2.9555E+03  2.2960E+03
  1.4360E+00  4.7900E+00  1.0005E+03  3.8756E-10 -1.1493E-02  7.4125E-01  7.5839E-01 -2.9447E+03  2.2854E+03
  1.4363E+00  4.7910E+00  1.0005E+03  0.0000E+00 -1.1495E-02  7.4124E-01  7.5839E-01 -2.9338E+03  2.2748E+03
  1.4366E+00  4.7920E+00  1.0005E+03  0.0000E+00 -1.1496E-02  7.4124E-01  7.5839E-01 -2.9230E+03  2.2642E+03
  1.4369E+00  4.7930E+00  1.0005E+03 -3.8756E-10 -1.1497E-02  7.4124E-01  7.5839E-01 -2.9123E+03  2.2537E+03
  1.4372E+00  4.7940E+00  1.0005E+03  3.8756E-10 -1.1498E-02  7.4124E-01  7.5840E-01 -2.9016E+03  2.2432E+03
  1.4375E+00  4.7950E+00  1.0005E+03  0.0000E+00 -1.1499E-02  7.4124E-01  7.5840E-01 -2.8909E+03  2.2328E+03
  1.4378E+00  4.7960E+00  1.0005E+03 -3.8756E-10 -1.1500E-02  7.4124E-01  7.5840E-01 -2.8803E+03  2.2224E+03
  1.4381E+00  4.7970E+00  1.0005E+03  0.0000E+00 -1.1501E-02  7.4124E-01  7.5840E-01 -2.8697E+03  2.2120E+03
  1.4384E+00  4.7980E+00  1.0005E+03  0.0000E+00 -1.1502E-02  7.4124E-01  7.5840E-01 -2.8591E+03  2.2017E+03
  1.4387E+00  4.7990E+00  1.0005E+03  0.0000E+00 -1.1503E-02  7.4124E-01  7.5840E-01 -2.8486E+03  2.1914E+03
  1.4390E+00  4.8000E+00  1.0005E+03  0.0000E+00 -1.1504E-02  7.4124E-01  7.5840E-01 -2.8382E+03  2.1812E+03
  1.4393E+00  4.8010E+00  1.0005E+03  3.8756E-10 -1.1505E-02  7.4124E-01  7.5840E-01 -2.8278E+03  2.1710E+03
  1.4396E+00  4.8020E+00  1.0005E+03 -3.8756E-10 -1.1506E-02  7.4123E-01  7.5840E-01 -2.8174E+03  2.1609E+03
  1.4399E+00  4.8030E+00  1.0005E+03  0.0000E+00 -1.1507E-02  7.4123E-01  7.5840E-01 -2.8072E+03  2.1508E+03
  1.4402E+00  4.8040E+00  1.0005E+03  3.8756E-10 -1.1508E-02  7.4123E-01  7.5840E-01 -2.7969E+03  2.1408E+03
  1.4405E+00  4.8050E+00  1.0005E+03  0.0000E+00 -1.1509E-02  7.4123E-01  7.5840E-01 -2.7868E+03  2.1309E+03
  1.4408E+00  4.8060E+00  1.0005E+03 -3.8756E-10 -1.1510E-02  7.4123E-01  7.5840E-01 -2.7766E+03  2.1210E+03
  1.4411E+00  4.8070E+00  1.0005E+03  3.8756E-10 -1.1511E-02  7.4123E-01  7.5840E-01 -2.7666E+03  2.1111E+03
  1.4414E+00  4.8080E+00  1.0005E+03 -3.8756E-10 -1.1512E-02  7.4123E-01  7.5840E-01 -2.7566E+03  2.1014E+03
  1.4417E+00  4.8090E+00  1.0005E+03  3.8756E-10 -1.1513E-02  7.4123E-01  7.5840E-01 -2.7467E+03  2.0917E+03
  1.4420E+00  4.8100E+00  1.0005E+03  0.0000E+00 -1.1514E-02  7.4123E-01  7.5841E-01 -2.7368E+03  2.0820E+03
  1.4423E+00  4.8110E+00  1.0005E+03 -3.8756E-10 -1.1515E-02  7.4123E-01  7.5841E-01 -2.7270E+03  2.0724E+03
  1.4426E+00  4.8120E+00  1.0005E+03  3.8756E-10 -1.1516E-02  7.4123E-01  7.5841E-01 -2.7172E+03  2.0628E+03
  1.4429E+00  4.8130E+00  1.0005E+03  0.0000E+00 -1.1517E-02  7.4123E-01  7.5841E-01 -2.7075E+03  2.0534E+03
  1.4432E+00  4.8140E+00  1.0005E+03  3.8756E-10 -1.1518E-02  7.4122E-01  7.5841E-01 -2.6979E+03  2.0439E+03
  1.4435E+00  4.8150E+00  1.0005E+03 -3.8756E-10 -1.1519E-02  7.4122E-01  7.5841E-01 -2.6883E+03  2.0345E+03
  1.4438E+00  4.8160E+00  1.0005E+03  3.8756E-10 -1.1520E-02  7.4122E-01  7.5841E-01 -2.6787E+03  2.0252E+03
  1.4441E+00  4.8170E+00  1.0005E+03  0.0000E+00 -1.1521E-02  7.4122E-01  7.5841E-01 -2.6692E+03  2.0159E+03
  1.4444E+00  4.8180E+00  1.0005E+03  0.0000E+00 -1.1522E-02  7.4122E-01  7.5841E-01 -2.6597E+03  2.0066E+03
  1.4447E+00  4.8190E+00  1.0005E+03 -3.8756E-10 -1.1523E-02  7.4122E-01  7.5841E-01 -2.6503E+03  1.9974E+03
  1.4450E+00  4.8200E+00  1.0005E+03  3.8756E-10 -1.1524E-02  7.4122E-01  7.5841E-01 -2.6410E+03  1.9883E+03
  1.4453E+00  4.8210E+00  1.0005E+03  3.8756E-10 -1.1525E-02  7.4122E-01  7.5841E-01 -2.6316E+03  1.9791E+03
  1.4456E+00  4.8220E+00  1.0005E+03  0.0000E+00 -1.1525E-02  7.4122E-01  7.5841E-01 -2.6223E+03  1.9700E+03
  1.4459E+00  4.8230E+00  1.0005E+03  0.0000E+00 -1.1526E-02  7.4122E-01  7.5841E-01 -2.6131E+03  1.9610E+03
  1.4462E+00  4.8240E+00  1.0005E+03  0.0000E+00 -1.1527E-02  7.4122E-01  7.5841E-01 -2.6038E+03  1.9519E+03
  1.4465E+00  4.8250E+00  1.0005E+03  0.0000E+00 -1.1528E-02  7.4122E-01  7.5841E-01 -2.5946E+03  1.9429E+03
  1.4468E+00  4.8260E+00  1.0005E+03  0.0000E+00 -1.1529E-02  7.4122E-01  7.5842E-01 -2.5855E+03  1.9340E+03
  1.4471E+00  4.8270E+00  1.0005E+03  0.0000E+00 -1.1530E-02  7.4121E-01  7.5842E-01 -2.5763E+03  1.9250E+03
  1.4474E+00  4.8280E+00  1.0005E+03  0.0000E+00 -1.1531E-02  7.4121E-01  7.5842E-01 -2.5672E+03  1.9161E+03
  1.4477E+00  4.8290E+00  1.0005E+03 -3.8756E-10 -1.1532E-02  7.4121E-01  7.5842E-01 -2.5582E+03  1.9072E+03
  1.4480E+00  4.8300E+00  1.0005E+03  3.8756E-10 -1.1533E-02  7.4121E-01  7.5842E-01 -2.5491E+03  1.8984E+03
  1.4483E+00  4.8310E+00  1.0005E+03  0.0000E+00 -1.1534E-02  7.4121E-01  7.5842E-01 -2.5401E+03  1.8896E+03
  1.4486E+00  4.8320E+00  1.0005E+03  0.0000E+00 -1.1535E-02  7.4121E-01  7.5842E-01 -2.5311E+03  1.8808E+03
  1.4489E+00  4.8330E+00  1.0005E+03  3.8756E-10 -1.1536E-02  7.4121E-01  7.5842E-01 -2.5222E+03  1.8720E+03
  1.4492E+00  4.8340E+00  1.0005E+03 -3.8756E-10 -1.1536E-02  7.4121E-01  7.5842E-01 -2.5132E+03  1.8633E+03
  1.4495E+00  4.8350E+00  1.0005E+03  0.0000E+00 -1.1537E-02  7.4121E-01  7.5842E-01 -2.5044E+03  1.8546E+03
  1.4498E+00  4.8360E+00  1.0005E+03  3.8756E-10 -1.1538E-02  7.4121E-01  7.5842E-01 -2.4955E+03  1.8459E+03
  1.4501E+00  4.8370E+00  1.0005E+03  0.0000E+00 -1.1539E-02  7.4121E-01  7.5842E-01 -2.4867E+03  1.8373E+03
  1.4504E+00  4.8380E+00  1.0005E+03  0.0000E+00 -1.1540E-02  7.4121E-01  7.5842E-01 -2.4779E+03  1.8287E+03
  1.4507E+00  4.8390E+00  1.0005E+03  0.0000E+00 -1.1541E-02  7.4121E-01  7.5842E-01 -2.4691E+03  1.8201E+03
  1.4510E+00  4.8400E+00  1.0005E+03  0.0000E+00 -1.1542E-02  7.4120E-01  7.5842E-01 -2.4604E+03  1.8116E+03
  1.4513E+00  4.8410E+00  1.0005E+03 -3.8756E-10 -1.1543E-02  7.4120E-01  7.5842E-01 -2.4517E+03  1.8031E+03
  1.4516E+00  4.8420E+00  1.0005E+03  3.8756E-10 -1.1543E-02  7.4120E-01  7.5842E-01 -2.4430E+03  1.7946E+03
  1.4519E+00  4.8430E+00  1.0005E+03  0.0000E+00 -1.1544E-02  7.4120E-01  7.5842E-01 -2.4344E+03  1.7861E+03
  1.4522E+00  4.8440E+00  1.0005E+03  0.0000E+00 -1.1545E-02  7.4120E-01  7.5843E-01 -2.4257E+03  1.7777E+03
  1.4525E+00  4.8450E+00  1.0005E+03  0.0000E+00 -1.1546E-02  7.4120E-01  7.5843E-01 -2.4172E+03  1.7693E+03
  1.4528E+00  4.8460E+00  1.0005E+03  0.0000E+00 -1.1547E-02  7.4120E-01  7.5843E-01 -2.4086E+03  1.7610E+03
  1.4531E+00  4.8470E+00  1.0005E+03  3.8756E-10 -1.1548E-02  7.4120E-01  7.5843E-01 -2.4001E+03  1.7526E+03
  1.4534E+00  4.8480E+00  1.0005E+03 -3.8756E-10 -1.1549E-02  7.4120E-01  7.5843E-01 -2.3916E+03  1.7443E+03
  1.4537E+00  4.8490E+00  1.0005E+03  0.0000E+00 -1.1549E-02  7.4120E-01  7.5843E-01 -2.3831E+03  1.7360E+03
  1.4540E+00  4.8500E+00  1.0005E+03  0.0000E+00 -1.1550E-02  7.4120E-01  7.5843E-01 -2.3746E+03  1.7277E+03
  1.4543E+00  4.8510E+00  1.0005E+03  0.0000E+00 -1.1551E-02  7.4120E-01  7.5843E-01 -2.3662E+03  1.7195E+03
  1.4546E+00  4.8520E+00  1.0005E+03  0.0000E+00 -1.1552E-02  7.4120E-01  7.5843E-01 -2.3578E+03  1.7113E+03
  1.4549E+00  4.8530E+00  1.0005E+03  0.0000E+00 -1.1553E-02  7.4120E-01  7.5843E-01 -2.3494E+03  1.7031E+03
  1.4552E+00  4.8540E+00  1.0005E+03  0.0000E+00 -1.1554E-02  7.4119E-01  7.5843E-01 -2.3411E+03  1.6949E+03
  1.4555E+00  4.8550E+00  1.0005E+03 -3.8756E-10 -1.1554E-02  7.4119E-01  7.5843E-01 -2.3328E+03  1.6868E+03
  1.4558E+00  4.8560E+00  1.0005E+03  3.8756E-10 -1.1555E-02  7.4119E-01  7.5843E-01 -2.3245E+03  1.6787E+03
  1.4561E+00  4.8570E+00  1.0005E+03  0.0000E+00 -1.1556E-02  7.4119E-01  7.5843E-01 -2.3162E+03  1.6706E+03
  1.4564E+00  4.8580E+00  1.0005E+03 -3.8756E-10 -1.1557E-02  7.4119E-01  7.5843E-01 -2.3079E+03  1.6625E+03
  1.4567E+00  4.8590E+00  1.0005E+03  3.8756E-10 -1.1558E-02  7.4119E-01  7.5843E-01 -2.2997E+03  1.6545E+03
  1.4570E+00  4.8600E+00  1.0005E+03  0.0000E+00 -1.1559E-02  7.4119E-01  7.5843E-01 -2.2915E+03  1.6465E+03
  1.4573E+00  4.8610E+00  1.0005E+03  0.0000E+00 -1.1559E-02  7.4119E-01  7.5843E-01 -2.2834E+03  1.6385E+03
  1.4576E+00  4.8620E+00  1.0005E+03  0.0000E+00 -1.1560E-02  7.4119E-01  7.5843E-01 -2.2753E+03  1.6305E+03
  1.4579E+00  4.8630E+00  1.0005E+03  3.8756E-10 -1.1561E-02  7.4119E-01  7.5843E-01 -2.2672E+03  1.6226E+03
  1.4582E+00  4.8640E+00  1.0005E+03  0.0000E+00 -1.1562E-02  7.4119E-01  7.5844E-01 -2.2591E+03  1.6147E+03
  1.4585E+00  4.8650E+00  1.0005E+03  0.0000E+00 -1.1563E-02  7.4119E-01  7.5844E-01 -2.2511E+03  1.6069E+03
  1.4588E+00  4.8660E+00  1.0005E+03  0.0000E+00 -1.1563E-02  7.4119E-01  7.5844E-01 -2.2431E+03  1.5991E+03
  1.4591E+00  4.8670E+00  1.0005E+03  0.0000E+00 -1.1564E-02  7.4119E-01  7.5844E-01 -2.2351E+03  1.5913E+03
  1.4594E+00  4.8680E+00  1.0005E+03  0.0000E+00 -1.1565E-02  7.4119E-01  7.5844E-01 -2.2272E+03  1.5836E+03
  1.4597E+00  4.8690E+00  1.0005E+03  0.0000E+00 -1.1566E-02  7.4118E-01  7.5844E-01 -2.2194E+03  1.5759E+03
  1.4600E+00  4.8700E+00  1.0005E+03  0.0000E+00 -1.1566E-02  7.4118E-01  7.5844E-01 -2.2115E+03  1.5682E+03
  1.4603E+00  4.8710E+00  1.0005E+03  0.0000E+00 -1.1567E-02  7.4118E-01  7.5844E-01 -2.2037E+03  1.5606E+03
  1.4606E+00  4.8720E+00  1.0005E+03  3.8756E-10 -1.1568E-02  7.4118E-01  7.5844E-01 -2.1960E+03  1.5530E+03
  1.4609E+00  4.8730E+00  1.0005E+03 -3.8756E-10 -1.1569E-02  7.4118E-01  7.5844E-01 -2.1882E+03  1.5454E+03
  1.4612E+00  4.8740E+00  1.0005E+03  0.0000E+00 -1.1570E-02  7.4118E-01  7.5844E-01 -2.1805E+03  1.5379E+03
  1.4615E+00  4.8750E+00  1.0005E+03  0.0000E+00 -1.1570E-02  7.4118E-01  7.5844E-01 -2.1729E+03  1.5304E+03
  1.4618E+00  4.8760E+00  1.0005E+03  0.0000E+00 -1.1571E-02  7.4118E-01  7.5844E-01 -2.1653E+03  1.5230E+03
  1.4621E+00  4.8770E+00  1.0005E+03  0.0000E+00 -1.1572E-02  7.4118E-01  7.5844E-01 -2.1577E+03  1.5155E+03
  1.4624E+00  4.8780E+00  1.0005E+03  0.0000E+00 -1.1573E-02  7.4118E-01  7.5844E-01 -2.1501E+03  1.5081E+03
  1.4627E+00  4.8790E+00  1.0005E+03  0.0000E+00 -1.1573E-02  7.4118E-01  7.5844E-01 -2.1426E+03  1.5008E+03
  1.4630E+00  4.8800E+00  1.0005E+03  0.0000E+00 -1.1574E-02  7.4118E-01  7.5844E-01 -2.1351E+03  1.4935E+03
  1.4633E+00  4.8810E+00  1.0005E+03  0.0000E+00 -1.1575E-02  7.4118E-01  7.5844E-01 -2.1276E+03  1.4862E+03
  1.4636E+00  4.8820E+00  1.0005E+03  0.0000E+00 -1.1576E-02  7.4118E-01  7.5844E-01 -2.1202E+03  1.4789E+03
  1.4639E+00  4.8830E+00  1.0005E+03  3.8756E-10 -1.1576E-02  7.4118E-01  7.5844E-01 -2.1128E+03  1.4716E+03
  1.4642E+00  4.8840E+00  1.0005E+03  0.0000E+00 -1.1577E-02  7.4117E-01  7.5844E-01 -2.1054E+03  1.4644E+03
  1.4645E+00  4.8850E+00  1.0005E+03  0.0000E+00 -1.1578E-02  7.4117E-01  7.5844E-01 -2.0981E+03  1.4572E+03
  1.4648E+00  4.8860E+00  1.0005E+03  0.0000E+00 -1.1579E-02  7.4117E-01  7.5845E-01 -2.0908E+03  1.4501E+03
  1.4651E+00  4.8870E+00  1.0005E+03 -3.8756E-10 -1.1579E-02  7.4117E-01  7.5845E-01 -2.0835E+03  1.4430E+03
  1.4654E+00  4.8880E+00  1.0005E+03  3.8756E-10 -1.1580E-02  7.4117E-01  7.5845E-01 -2.0762E+03  1.4359E+03
  1.4657E+00  4.8890E+00  1.0005E+03  0.0000E+00 -1.1581E-02  7.4117E-01  7.5845E-01 -2.0690E+03  1.4288E+03
  1.4660E+00  4.8900E+00  1.0005E+03  0.0000E+00 -1.1581E-02  7.4117E-01  7.5845E-01 -2.0618E+03  1.4218E+03
  1.4663E+00  4.8910E+00  1.0005E+03  0.0000E+00 -1.1582E-02  7.4117E-01  7.5845E-01 -2.0547E+03  1.4148E+03
  1.4666E+00  4.8920E+00  1.0005E+03  0.0000E+00 -1.1583E-02  7.4117E-01  7.5845E-01 -2.0476E+03  1.4079E+03
  1.4669E+00  4.8930E+00  1.0005E+03  3.8756E-10 -1.1584E-02  7.4117E-01  7.5845E-01 -2.0405E+03  1.4009E+03
  1.4672E+00  4.8940E+00  1.0005E+03  0.0000E+00 -1.1584E-02  7.4117E-01  7.5845E-01 -2.0335E+03  1.3941E+03
  1.4675E+00  4.8950E+00  1.0005E+03  0.0000E+00 -1.1585E-02  7.4117E-01  7.5845E-01 -2.0265E+03  1.3872E+03
  1.4678E+00  4.8960E+00  1.0005E+03  0.0000E+00 -1.1586E-02  7.4117E-01  7.5845E-01 -2.0195E+03  1.3804E+03
  1.4681E+00  4.8970E+00  1.0005E+03  0.0000E+00 -1.1586E-02  7.4117E-01  7.5845E-01 -2.0126E+03  1.3737E+03
  1.4684E+00  4.8980E+00  1.0005E+03  3.8756E-10 -1.1587E-02  7.4117E-01  7.5845E-01 -2.0058E+03  1.3670E+03
  1.4687E+00  4.8990E+00  1.0005E+03 -3.8756E-10 -1.1588E-02  7.4117E-01  7.5845E-01 -1.9989E+03  1.3603E+03
  1.4690E+00  4.9000E+00  1.0005E+03  3.8756E-10 -1.1588E-02  7.4116E-01  7.5845E-01 -1.9922E+03  1.3537E+03
  1.4693E+00  4.9010E+00  1.0005E+03  0.0000E+00 -1.1589E-02  7.4116E-01  7.5845E-01 -1.9854E+03  1.3471E+03
  1.4696E+00  4.9020E+00  1.0005E+03  0.0000E+00 -1.1590E-02  7.4116E-01  7.5845E-01 -1.9788E+03  1.3406E+03
  1.4699E+00  4.9030E+00  1.0005E+03  0.0000E+00 -1.1590E-02  7.4116E-01  7.5845E-01 -1.9721E+03  1.3341E+03
  1.4702E+00  4.9040E+00  1.0005E+03  3.8756E-10 -1.1591E-02  7.4116E-01  7.5845E-01 -1.9655E+03  1.3276E+03
  1.4705E+00  4.9050E+00  1.0005E+03  0.0000E+00 -1.1592E-02  7.4116E-01  7.5845E-01 -1.9590E+03  1.3212E+03
  1.4708E+00  4.9060E+00  1.0005E+03  0.0000E+00 -1.1593E-02  7.4116E-01  7.5845E-01 -1.9524E+03  1.3149E+03
  1.4711E+00  4.9070E+00  1.0005E+03  0.0000E+00 -1.1593E-02  7.4116E-01  7.5845E-01 -1.9460E+03  1.3085E+03
  1.4714E+00  4.9080E+00  1.0005E+03 -3.8756E-10 -1.1594E-02  7.4116E-01  7.5845E-01 -1.9395E+03  1.3022E+03
  1.4717E+00  4.9090E+00  1.0005E+03  3.8756E-10 -1.1595E-02  7.4116E-01  7.5845E-01 -1.9331E+03  1.2960E+03
  1.4720E+00  4.9100E+00  1.0005E+03  0.0000E+00 -1.1595E-02  7.4116E-01  7.5846E-01 -1.9268E+03  1.2897E+03
  1.4723E+00  4.9110E+00  1.0005E+03  0.0000E+00 -1.1596E-02  7.4116E-01  7.5846E-01 -1.9204E+03  1.2835E+03
  1.4726E+00  4.9120E+00  1.0005E+03  0.0000E+00 -1.1596E-02  7.4116E-01  7.5846E-01 -1.9141E+03  1.2773E+03
  1.4729E+00  4.9130E+00  1.0005E+03  0.0000E+00 -1.1597E-02  7.4116E-01  7.5846E-01 -1.9078E+03  1.2712E+03
  1.4732E+00  4.9140E+00  1.0005E+03  0.0000E+00 -1.1598E-02  7.4116E-01  7.5846E-01 -1.9016E+03  1.2651E+03
  1.4735E+00  4.9150E+00  1.0005E+03  0.0000E+00 -1.1598E-02  7.4116E-01  7.5846E-01 -1.8953E+03  1.2590E+03
  1.4738E+00  4.9160E+00  1.0005E+03  0.0000E+00 -1.1599E-02  7.4116E-01  7.5846E-01 -1.8891E+03  1.2529E+03
  1.4741E+00  4.9170E+00  1.0005E+03  0.0000E+00 -1.1600E-02  7.4116E-01  7.5846E-01 -1.8830E+03  1.2469E+03
  1.4744E+00  4.9180E+00  1.0005E+03  0.0000E+00 -1.1600E-02  7.4115E-01  7.5846E-01 -1.8768E+03  1.2409E+03
  1.4747E+00  4.9190E+00  1.0005E+03 -3.8756E-10 -1.1601E-02  7.4115E-01  7.5846E-01 -1.8707E+03  1.2349E+03
  1.4750E+00  4.9200E+00  1.0005E+03  3.8756E-10 -1.1602E-02  7.4115E-01  7.5846E-01 -1.8646E+03  1.2289E+03
  1.4753E+00  4.9210E+00  1.0005E+03  0.0000E+00 -1.1602E-02  7.4115E-01  7.5846E-01 -1.8585E+03  1.2230E+03
  1.4756E+00  4.9220E+00  1.0005E+03  0.0000E+00 -1.1603E-02  7.4115E-01  7.5846E-01 -1.8524E+03  1.2171E+03
  1.4759E+00  4.9230E+00  1.0005E+03 -3.8756E-10 -1.1604E-02  7.4115E-01  7.5846E-01 -1.8464E+03  1.2112E+03
  1.4762E+00  4.9240E+00  1.0005E+03  0.0000E+00 -1.1604E-02  7.4115E-01  7.5846E-01 -1.8404E+03  1.2053E+03
  1.4765E+00  4.9250E+00  1.0005E+03  0.0000E+00 -1.1605E-02  7.4115E-01  7.5846E-01 -1.8344E+03  1.1994E+03
  1.4768E+00  4.9260E+00  1.0005E+03  0.0000E+00 -1.1605E-02  7.4115E-01  7.5846E-01 -1.8285E+03  1.1936E+03
  1.4771E+00  4.9270E+00  1.0005E+03  0.0000E+00 -1.1606E-02  7.4115E-01  7.5846E-01 -1.8225E+03  1.1878E+03
  1.4774E+00  4.9280E+00  1.0005E+03  0.0000E+00 -1.1607E-02  7.4115E-01  7.5846E-01 -1.8166E+03  1.1821E+03
  1.4777E+00  4.9290E+00  1.0005E+03  0.0000E+00 -1.1607E-02  7.4115E-01  7.5846E-01 -1.8108E+03  1.1763E+03
  1.4780E+00  4.9300E+00  1.0005E+03  0.0000E+00 -1.1608E-02  7.4115E-01  7.5846E-01 -1.8049E+03  1.1706E+03
  1.4783E+00  4.9310E+00  1.0005E+03  0.0000E+00 -1.1609E-02  7.4115E-01  7.5846E-01 -1.7991E+03  1.1649E+03
  1.4786E+00  4.9320E+00  1.0005E+03  0.0000E+00 -1.1609E-02  7.4115E-01  7.5846E-01 -1.7933E+03  1.1592E+03
  1.4789E+00  4.9330E+00  1.0005E+03  0.0000E+00 -1.1610E-02  7.4115E-01  7.5846E-01 -1.7875E+03  1.1536E+03
  1.4792E+00  4.9340E+00  1.0005E+03  0.0000E+00 -1.1610E-02  7.4115E-01  7.5846E-01 -1.7818E+03  1.1480E+03
  1.4795E+00  4.9350E+00  1.0005E+03  3.8756E-10 -1.1611E-02  7.4115E-01  7.5846E-01 -1.7761E+03  1.1424E+03
  1.4798E+00  4.9360E+00  1.0005E+03 -3.8756E-10 -1.1612E-02  7.4114E-01  7.5846E-01 -1.7704E+03  1.1368E+03
  1.4801E+00  4.9370E+00  1.0005E+03  0.0000E+00 -1.1612E-02  7.4114E-01  7.5846E-01 -1.7647E+03  1.1313E+03
  1.4804E+00  4.9380E+00  1.0005E+03  0.0000E+00 -1.1613E-02  7.4114E-01  7.5847E-01 -1.7591E+03  1.1258E+03
  1.4807E+00  4.9390E+00  1.0005E+03  0.0000E+00 -1.1613E-02  7.4114E-01  7.5847E-01 -1.7535E+03  1.1203E+03
  1.4810E+00  4.9400E+00  1.0005E+03  0.0000E+00 -1.1614E-02  7.4114E-01  7.5847E-01 -1.7479E+03  1.1148E+03
  1.4813E+00  4.9410E+00  1.0005E+03  0.0000E+00 -1.1615E-02  7.4114E-01  7.5847E-01 -1.7423E+03  1.1093E+03
  1.4816E+00  4.9420E+00  1.0005E+03  0.0000E+00 -1.1615E-02  7.4114E-01  7.5847E-01 -1.7367E+03  1.1039E+03
  1.4819E+00  4.9430E+00  1.0005E+03  0.0000E+00 -1.1616E-02  7.4114E-01  7.5847E-01 -1.7312E+03  1.0985E+03
  1.4822E+00  4.9440E+00  1.0005E+03  0.0000E+00 -1.1616E-02  7.4114E-01  7.5847E-01 -1.7257E+03  1.0931E+03
  1.4825E+00  4.9450E+00  1.0005E+03  0.0000E+00 -1.1617E-02  7.4114E-01  7.5847E-01 -1.7202E+03  1.0877E+03
  1.4828E+00  4.9460E+00  1.0005E+03  0.0000E+00 -1.1617E-02  7.4114E-01  7.5847E-01 -1.7147E+03  1.0824E+03
  1.4831E+00  4.9470E+00  1.0005E+03  0.0000E+00 -1.1618E-02  7.4114E-01  7.5847E-01 -1.7092E+03  1.0770E+03
  1.4834E+00  4.9480E+00  1.0005E+03  0.0000E+00 -1.1619E-02  7.4114E-01  7.5847E-01 -1.7038E+03  1.0717E+03
  1.4837E+00  4.9490E+00  1.0005E+03  0.0000E+00 -1.1619E-02  7.4114E-01  7.5847E-01 -1.6983E+03  1.0664E+03
  1.4840E+00  4.9500E+00  1.0005E+03  0.0000E+00 -1.1620E-02  7.4114E-01  7.5847E-01 -1.6929E+03  1.0611E+03
  1.4843E+00  4.9510E+00  1.0005E+03 -3.8756E-10 -1.1620E-02  7.4114E-01  7.5847E-01 -1.6875E+03  1.0558E+03
  1.4846E+00  4.9520E+00  1.0005E+03  3.8756E-10 -1.1621E-02  7.4114E-01  7.5847E-01 -1.6822E+03  1.0506E+03
  1.4849E+00  4.9530E+00  1.0005E+03 -3.8756E-10 -1.1622E-02  7.4114E-01  7.5847E-01 -1.6768E+03  1.0453E+03
  1.4852E+00  4.9540E+00  1.0005E+03  0.0000E+00 -1.1622E-02  7.4114E-01  7.5847E-01 -1.6715E+03  1.0401E+03
  1.4855E+00  4.9550E+00  1.0005E+03  0.0000E+00 -1.1623E-02  7.4113E-01  7.5847E-01 -1.6662E+03  1.0349E+03
  1.4858E+00  4.9560E+00  1.0005E+03  3.8756E-10 -1.1623E-02  7.4113E-01  7.5847E-01 -1.6609E+03  1.0298E+03
  1.4861E+00  4.9570E+00  1.0005E+03 -3.8756E-10 -1.1624E-02  7.4113E-01  7.5847E-01 -1.6556E+03  1.0246E+03
  1.4864E+00  4.9580E+00  1.0005E+03  3.8756E-10 -1.1624E-02  7.4113E-01  7.5847E-01 -1.6504E+03  1.0195E+03
  1.4867E+00  4.9590E+00  1.0005E+03  0.0000E+00 -1.1625E-02  7.4113E-01  7.5847E-01 -1.6452E+03  1.0144E+03
  1.4870E+00  4.9600E+00  1.0005E+03 -3.8756E-10 -1.1625E-02  7.4113E-01  7.5847E-01 -1.6400E+03  1.0093E+03
  1.4873E+00  4.9610E+00  1.0005E+03  3.8756E-10 -1.1626E-02  7.4113E-01  7.5847E-01 -1.6348E+03  1.0043E+03
  1.4876E+00  4.9620E+00  1.0005E+03  0.0000E+00 -1.1626E-02  7.4113E-01  7.5847E-01 -1.6297E+03  9.9923E+02
  1.4879E+00  4.9630E+00  1.0005E+03 -3.8756E-10 -1.1627E-02  7.4113E-01  7.5847E-01 -1.6245E+03  9.9422E+02
  1.4882E+00  4.9640E+00  1.0005E+03  3.8756E-10 -1.1628E-02  7.4113E-01  7.5847E-01 -1.6194E+03  9.8923E+02
  1.4885E+00  4.9650E+00  1.0005E+03  0.0000E+00 -1.1628E-02  7.4113E-01  7.5847E-01 -1.6144E+03  9.8427E+02
  1.4888E+00  4.9660E+00  1.0005E+03  0.0000E+00 -1.1629E-02  7.4113E-01  7.5847E-01 -1.6093E+03  9.7933E+02
  1.4891E+00  4.9670E+00  1.0005E+03  0.0000E+00 -1.1629E-02  7.4113E-01  7.5847E-01 -1.6043E+03  9.7441E+02
  1.4894E+00  4.9680E+00  1.0005E+03  0.0000E+00 -1.1630E-02  7.4113E-01  7.5847E-01 -1.5992E+03  9.6950E+02
  1.4897E+00  4.9690E+00  1.0005E+03  0.0000E+00 -1.1630E-02  7.4113E-01  7.5847E-01 -1.5943E+03  9.6462E+02
  1.4900E+00  4.9700E+00  1.0005E+03 -3.8756E-10 -1.1631E-02  7.4113E-01  7.5848E-01 -1.5893E+03  9.5976E+02
  1.4903E+00  4.9710E+00  1.0005E+03  3.8756E-10 -1.1631E-02  7.4113E-01  7.5848E-01 -1.5843E+03  9.5492E+02
  1.4906E+00  4.9720E+00  1.0005E+03  0.0000E+00 -1.1632E-02  7.4113E-01  7.5848E-01 -1.5794E+03  9.5010E+02
  1.4909E+00  4.9730E+00  1.0005E+03  3.8756E-10 -1.1632E-02  7.4113E-01  7.5848E-01 -1.5745E+03  9.4529E+02
  1.4912E+00  4.9740E+00  1.0005E+03 -3.8756E-10 -1.1633E-02  7.4113E-01  7.5848E-01 -1.5696E+03  9.4050E+02
  1.4915E+00  4.9750E+00  1.0005E+03  3.8756E-10 -1.1633E-02  7.4113E-01  7.5848E-01 -1.5647E+03  9.3573E+02
  1.4918E+00  4.9760E+00  1.0005E+03  0.0000E+00 -1.1634E-02  7.4112E-01  7.5848E-01 -1.5598E+03  9.3097E+02
  1.4921E+00  4.9770E+00  1.0005E+03  3.8756E-10 -1.1634E-02  7.4112E-01  7.5848E-01 -1.5550E+03  9.2623E+02
  1.4924E+00  4.9780E+00  1.0005E+03  0.0000E+00 -1.1635E-02  7.4112E-01  7.5848E-01 -1.5502E+03  9.2151E+02
  1.4927E+00  4.9790E+00  1.0005E+03  0.0000E+00 -1.1635E-02  7.4112E-01  7.5848E-01 -1.5453E+03  9.1680E+02
  1.4930E+00  4.9800E+00  1.0005E+03  3.8756E-10 -1.1636E-02  7.4112E-01  7.5848E-01 -1.5405E+03  9.1211E+02
  1.4933E+00  4.9810E+00  1.0005E+03  0.0000E+00 -1.1637E-02  7.4112E-01  7.5848E-01 -1.5358E+03  9.0744E+02
  1.4936E+00  4.9820E+00  1.0005E+03  0.0000E+00 -1.1637E-02  7.4112E-01  7.5848E-01 -1.5310E+03  9.0278E+02
  1.4939E+00  4.9830E+00  1.0005E+03  0.0000E+00 -1.1638E-02  7.4112E-01  7.5848E-01 -1.5262E+03  8.9813E+02
  1.4942E+00  4.9840E+00  1.0005E+03  0.0000E+00 -1.1638E-02  7.4112E-01  7.5848E-01 -1.5215E+03  8.9351E+02
  1.4945E+00  4.9850E+00  1.0005E+03  3.8756E-10 -1.1639E-02  7.4112E-01  7.5848E-01 -1.5168E+03  8.8890E+02
  1.4948E+00  4.9860E+00  1.0005E+03  0.0000E+00 -1.1639E-02  7.4112E-01  7.5848E-01 -1.5121E+03  8.8432E+02
  1.4951E+00  4.9870E+00  1.0005E+03  0.0000E+00 -1.1640E-02  7.4112E-01  7.5848E-01 -1.5074E+03  8.7975E+02
  1.4954E+00  4.9880E+00  1.0005E+03  3.8756E-10 -1.1640E-02  7.4112E-01  7.5848E-01 -1.5028E+03  8.7520E+02
  1.4957E+00  4.9890E+00  1.0005E+03  0.0000E+00 -1.1641E-02  7.4112E-01  7.5848E-01 -1.4982E+03  8.7067E+02
  1.4960E+00  4.9900E+00  1.0005E+03  0.0000E+00 -1.1641E-02  7.4112E-01  7.5848E-01 -1.4935E+03  8.6617E+02
  1.4963E+00  4.9910E+00  1.0005E+03  0.0000E+00 -1.1642E-02  7.4112E-01  7.5848E-01 -1.4890E+03  8.6168E+02
  1.4966E+00  4.9920E+00  1.0005E+03 -3.8756E-10 -1.1642E-02  7.4112E-01  7.5848E-01 -1.4844E+03  8.5721E+02
  1.4969E+00  4.9930E+00  1.0005E+03  0.0000E+00 -1.1642E-02  7.4112E-01  7.5848E-01 -1.4798E+03  8.5277E+02
  1.4972E+00  4.9940E+00  1.0005E+03  0.0000E+00 -1.1643E-02  7.4112E-01  7.5848E-01 -1.4753E+03  8.4835E+02
  1.4975E+00  4.9950E+00  1.0005E+03  0.0000E+00 -1.1643E-02  7.4112E-01  7.5848E-01 -1.4708E+03  8.4395E+02
  1.4978E+00  4.9960E+00  1.0005E+03 -3.8756E-10 -1.1644E-02  7.4112E-01  7.5848E-01 -1.4663E+03  8.3957E+02
  1.4981E+00  4.9970E+00  1.0005E+03  0.0000E+00 -1.1644E-02  7.4112E-01  7.5848E-01 -1.4619E+03  8.3521E+02
  1.4984E+00  4.9980E+00  1.0005E+03  0.0000E+00 -1.1645E-02  7.4111E-01  7.5848E-01 -1.4574E+03  8.3086E+02
  1.4987E+00  4.9990E+00  1.0005E+03  0.0000E+00 -1.1645E-02  7.4111E-01  7.5848E-01 -1.4530E+03  8.2654E+02
  1.4990E+00  5.0000E+00  1.0005E+03 -3.8756E-10 -1.1646E-02  7.4111E-01  7.5848E-01 -1.4486E+03  8.2224E+02
  1.4993E+00  5.0010E+00  1.0005E+03  0.0000E+00 -1.1646E-02  7.4111E-01  7.5848E-01 -1.4442E+03  8.1795E+02
  1.4996E+00  5.0020E+00  1.0005E+03  0.0000E+00 -1.1647E-02  7.4111E-01  7.5848E-01 -1.4399E+03  8.1369E+02
  1.4999E+00  5.0030E+00  1.0005E+03  3.8756E-10 -1.1647E-02  7.4111E-01  7.5848E-01 -1.4355E+03  8.0944E+02
  1.5000E+00  5.0035E+00  1.0005E+03  8.3873E-10 -1.1647E-02  7.4111E-01  7.5848E-01 -1.4335E+03  8.0748E+02
