  8.549060000E-08  9.999891411E+02  5.624147302E-07  1.517753121E-11 -6.954139347E-09 -4.710377123E-09  1.787091593E-08 -3.730266502E-08  1.778048848E-06 -1.452267516E-08 -2.315300025E-08  3.652780049E-09 -2.306506845E-08  5.623999927E-07  4.619137816E-11 -8.818719523E-09 -2.297549852E-08  1.778092460E-06 -3.570740373E-08 -4.640122110E-08  4.349701980E-07 -2.229269113E-08  8.236915229E-06
  3.000000000E-03  9.999891411E+02  5.624147303E-07  2.064201834E-11 -6.954168816E-09 -4.710412356E-09  1.787092152E-08 -3.730225423E-08  1.778049018E-06 -1.452271039E-08 -2.315280274E-08  3.652799696E-09 -2.306511434E-08  5.623999929E-07  5.164006506E-11 -8.818774234E-09 -2.297559675E-08  1.778092135E-06 -3.570743366E-08 -4.640105608E-08  4.349701980E-07 -2.228070241E-08  8.236916527E-06
  5.997924189E-03  9.999891411E+02  5.624147303E-07  2.610288045E-11 -6.954198265E-09 -4.710447566E-09  1.787092712E-08 -3.730184372E-08  1.778049188E-06 -1.452274560E-08 -2.315260537E-08  3.652819329E-09 -2.306516022E-08  5.623999930E-07  5.708513601E-11 -8.818828908E-09 -2.297569489E-08  1.778091810E-06 -3.570746357E-08 -4.640089115E-08  4.349701980E-07 -2.226872166E-08  8.236917825E-06
  8.995848378E-03  9.999891411E+02  5.624147304E-07  3.156374299E-11 -6.954227715E-09 -4.710482775E-09  1.787093271E-08 -3.730143324E-08  1.778049358E-06 -1.452278081E-08 -2.315240799E-08  3.652838963E-09 -2.306520607E-08  5.623999932E-07  6.253020598E-11 -8.818883583E-09 -2.297579302E-08  1.778091486E-06 -3.570749348E-08 -4.640072619E-08  4.349701980E-07 -2.225674092E-08  8.236919124E-06
  1.199377257E-02  9.999891411E+02  5.624147305E-07  3.702460597E-11 -6.954257164E-09 -4.710517984E-09  1.787093830E-08 -3.730102276E-08  1.778049528E-06 -1.452281602E-08 -2.315221062E-08  3.652858596E-09 -2.306525195E-08  5.623999934E-07  6.797527498E-11 -8.818938258E-09 -2.297589114E-08  1.778091162E-06 -3.570752340E-08 -4.640056123E-08  4.349701980E-07 -2.224476017E-08  8.236920424E-06
  1.499169676E-02  9.999891411E+02  5.624147307E-07  4.248546458E-11 -6.954286614E-09 -4.710553192E-09  1.787094390E-08 -3.730061227E-08  1.778049698E-06 -1.452285123E-08 -2.315201324E-08  3.652878229E-09 -2.306529784E-08  5.623999936E-07  7.342033827E-11 -8.818992932E-09 -2.297598930E-08  1.778090837E-06 -3.570755331E-08 -4.640039624E-08  4.349701980E-07 -2.223277941E-08  8.236921726E-06
  1.798962094E-02  9.999891411E+02  5.624147308E-07  4.794632363E-11 -6.954316064E-09 -4.710588400E-09  1.787094949E-08 -3.730020178E-08  1.778049869E-06 -1.452288643E-08 -2.315181587E-08  3.652897862E-09 -2.306534368E-08  5.623999939E-07  7.886540059E-11 -8.819047607E-09 -2.297608747E-08  1.778090513E-06 -3.570758323E-08 -4.640023122E-08  4.349701980E-07 -2.222079868E-08  8.236923028E-06
  2.098754513E-02  9.999891411E+02  5.624147309E-07  5.340718312E-11 -6.954345514E-09 -4.710623607E-09  1.787095508E-08 -3.729979127E-08  1.778050039E-06 -1.452292164E-08 -2.315161850E-08  3.652917495E-09 -2.306538953E-08  5.623999941E-07  8.431046193E-11 -8.819102282E-09 -2.297618564E-08  1.778090189E-06 -3.570761314E-08 -4.640006620E-08  4.349701980E-07 -2.220881795E-08  8.236924332E-06
  2.398546932E-02  9.999891411E+02  5.624147311E-07  5.886804304E-11 -6.954374964E-09 -4.710658813E-09  1.787096068E-08 -3.729938072E-08  1.778050209E-06 -1.452295685E-08 -2.315142113E-08  3.652937128E-09 -2.306543533E-08  5.623999944E-07  8.975552231E-11 -8.819156957E-09 -2.297628383E-08  1.778089865E-06 -3.570764306E-08 -4.639990116E-08  4.349701980E-07 -2.219683722E-08  8.236925637E-06
  2.698339351E-02  9.999891411E+02  5.624147313E-07  6.432889898E-11 -6.954404414E-09 -4.710694019E-09  1.787096627E-08 -3.729897017E-08  1.778050380E-06 -1.452299205E-08 -2.315122376E-08  3.652956760E-09 -2.306548114E-08  5.623999947E-07  9.520057734E-11 -8.819211632E-09 -2.297638203E-08  1.778089541E-06 -3.570767297E-08 -4.639973607E-08  4.349701980E-07 -2.218485649E-08  8.236926944E-06
  2.998131770E-02  9.999891411E+02  5.624147315E-07  6.978975485E-11 -6.954433865E-09 -4.710729225E-09  1.787097186E-08 -3.729855960E-08  1.778050550E-06 -1.452302726E-08 -2.315102639E-08  3.652976393E-09 -2.306552697E-08  5.623999950E-07  1.006456309E-10 -8.819266307E-09 -2.297648023E-08  1.778089217E-06 -3.570770289E-08 -4.639957095E-08  4.349701980E-07 -2.217287575E-08  8.236928251E-06
  3.297924189E-02  9.999891411E+02  5.624147317E-07  7.525061117E-11 -6.954463315E-09 -4.710764429E-09  1.787097746E-08 -3.729814904E-08  1.778050721E-06 -1.452306246E-08 -2.315082902E-08  3.652996025E-09 -2.306557280E-08  5.623999953E-07  1.060906835E-10 -8.819320982E-09 -2.297657843E-08  1.778088893E-06 -3.570773281E-08 -4.639940582E-08  4.349701980E-07 -2.216089502E-08  8.236929560E-06
  3.597716608E-02  9.999891411E+02  5.624147320E-07  8.071146792E-11 -6.954492766E-09 -4.710799634E-09  1.787098305E-08 -3.729773847E-08  1.778050891E-06 -1.452309767E-08 -2.315063165E-08  3.653015657E-09 -2.306561865E-08  5.623999956E-07  1.115357351E-10 -8.819375657E-09 -2.297667662E-08  1.778088569E-06 -3.570776273E-08 -4.639924062E-08  4.349701980E-07 -2.214891431E-08  8.236930869E-06
  3.897509027E-02  9.999891411E+02  5.624147322E-07  8.617232117E-11 -6.954522216E-09 -4.710834837E-09  1.787098864E-08 -3.729732792E-08  1.778051062E-06 -1.452313287E-08 -2.315043428E-08  3.653035288E-09 -2.306566448E-08  5.623999960E-07  1.169807819E-10 -8.819430332E-09 -2.297677481E-08  1.778088245E-06 -3.570779264E-08 -4.639907541E-08  4.349701980E-07 -2.213693359E-08  8.236932180E-06
  4.197301446E-02  9.999891411E+02  5.624147325E-07  9.163317388E-11 -6.954551667E-09 -4.710870040E-09  1.787099424E-08 -3.729691737E-08  1.778051233E-06 -1.452316808E-08 -2.315023692E-08  3.653054920E-09 -2.306571033E-08  5.623999963E-07  1.224258268E-10 -8.819485007E-09 -2.297687300E-08  1.778087921E-06 -3.570782256E-08 -4.639891023E-08  4.349701980E-07 -2.212495287E-08  8.236933491E-06
  4.497093865E-02  9.999891411E+02  5.624147328E-07  9.709402702E-11 -6.954581118E-09 -4.710905243E-09  1.787099983E-08 -3.729650681E-08  1.778051403E-06 -1.452320328E-08 -2.315003955E-08  3.653074551E-09 -2.306575621E-08  5.623999967E-07  1.278708706E-10 -8.819539682E-09 -2.297697121E-08  1.778087598E-06 -3.570785248E-08 -4.639874504E-08  4.349701980E-07 -2.211297215E-08  8.236934804E-06
  4.796886283E-02  9.999891411E+02  5.624147331E-07  1.025548806E-10 -6.954610569E-09 -4.710940445E-09  1.787100542E-08 -3.729609625E-08  1.778051574E-06 -1.452323848E-08 -2.314984218E-08  3.653094182E-09 -2.306580203E-08  5.623999971E-07  1.333159135E-10 -8.819594357E-09 -2.297706942E-08  1.778087274E-06 -3.570788240E-08 -4.639857987E-08  4.349701980E-07 -2.210099142E-08  8.236936118E-06
  5.096678702E-02  9.999891411E+02  5.624147334E-07  1.080157312E-10 -6.954640020E-09 -4.710975646E-09  1.787101102E-08 -3.729568568E-08  1.778051745E-06 -1.452327368E-08 -2.314964482E-08  3.653113813E-09 -2.306584780E-08  5.623999975E-07  1.387609520E-10 -8.819649033E-09 -2.297716763E-08  1.778086950E-06 -3.570791232E-08 -4.639841468E-08  4.349701980E-07 -2.208901068E-08  8.236937433E-06
  5.396471121E-02  9.999891411E+02  5.624147338E-07  1.134765807E-10 -6.954669471E-09 -4.711010847E-09  1.787101661E-08 -3.729527508E-08  1.778051916E-06 -1.452330888E-08 -2.314944745E-08  3.653133444E-09 -2.306589358E-08  5.623999980E-07  1.442059881E-10 -8.819703708E-09 -2.297726583E-08  1.778086627E-06 -3.570794224E-08 -4.639824948E-08  4.349701980E-07 -2.207702995E-08  8.236938750E-06
  5.696263540E-02  9.999891411E+02  5.624147341E-07  1.189374307E-10 -6.954698922E-09 -4.711046048E-09  1.787102220E-08 -3.729486452E-08  1.778052087E-06 -1.452334408E-08 -2.314925009E-08  3.653153075E-09 -2.306593941E-08  5.623999984E-07  1.496510233E-10 -8.819758383E-09 -2.297736402E-08  1.778086303E-06 -3.570797216E-08 -4.639808425E-08  4.349701980E-07 -2.206504921E-08  8.236940067E-06
  5.996055959E-02  9.999891411E+02  5.624147345E-07  1.243982811E-10 -6.954728374E-09 -4.711081247E-09  1.787102780E-08 -3.729445395E-08  1.778052258E-06 -1.452337928E-08 -2.314905273E-08  3.653172705E-09 -2.306598525E-08  5.623999989E-07  1.550960574E-10 -8.819813059E-09 -2.297746219E-08  1.778085980E-06 -3.570800209E-08 -4.639791900E-08  4.349701980E-07 -2.205306847E-08  8.236941386E-06
  6.295848378E-02  9.999891411E+02  5.624147349E-07  1.298591290E-10 -6.954757825E-09 -4.711116447E-09  1.787103339E-08 -3.729404337E-08  1.778052429E-06 -1.452341448E-08 -2.314885537E-08  3.653192335E-09 -2.306603107E-08  5.623999994E-07  1.605410877E-10 -8.819867734E-09 -2.297756034E-08  1.778085657E-06 -3.570803201E-08 -4.639775381E-08  4.349701980E-07 -2.204108773E-08  8.236942706E-06
  6.595640797E-02  9.999891411E+02  5.624147353E-07  1.353199754E-10 -6.954787277E-09 -4.711151645E-09  1.787103899E-08 -3.729363282E-08  1.778052600E-06 -1.452344968E-08 -2.314865801E-08  3.653211966E-09 -2.306607693E-08  5.623999999E-07  1.659861150E-10 -8.819922410E-09 -2.297765848E-08  1.778085333E-06 -3.570806193E-08 -4.639758861E-08  4.349701980E-07 -2.202910701E-08  8.236944027E-06
  6.895433216E-02  9.999891411E+02  5.624147357E-07  1.407808222E-10 -6.954816729E-09 -4.711186844E-09  1.787104458E-08 -3.729322226E-08  1.778052772E-06 -1.452348488E-08 -2.314846064E-08  3.653231595E-09 -2.306612281E-08  5.624000004E-07  1.714311414E-10 -8.819977085E-09 -2.297775663E-08  1.778085010E-06 -3.570809186E-08 -4.639742345E-08  4.349701980E-07 -2.201712627E-08  8.236945350E-06
  7.195225635E-02  9.999891411E+02  5.624147361E-07  1.462416695E-10 -6.954846181E-09 -4.711222041E-09  1.787105017E-08 -3.729281171E-08  1.778052943E-06 -1.452352008E-08 -2.314826328E-08  3.653251225E-09 -2.306616873E-08  5.624000009E-07  1.768761669E-10 -8.820031761E-09 -2.297785477E-08  1.778084687E-06 -3.570812178E-08 -4.639725836E-08  4.349701980E-07 -2.200514554E-08  8.236946673E-06
  7.495018054E-02  9.999891411E+02  5.624147366E-07  1.517025147E-10 -6.954875633E-09 -4.711257238E-09  1.787105577E-08 -3.729240118E-08  1.778053114E-06 -1.452355527E-08 -2.314806593E-08  3.653270855E-09 -2.306621463E-08  5.624000015E-07  1.823211889E-10 -8.820086436E-09 -2.297795293E-08  1.778084364E-06 -3.570815170E-08 -4.639709320E-08  4.349701980E-07 -2.199316481E-08  8.236947998E-06
  7.794810472E-02  9.999891411E+02  5.624147371E-07  1.571633579E-10 -6.954905085E-09 -4.711292435E-09  1.787106136E-08 -3.729199063E-08  1.778053286E-06 -1.452359047E-08 -2.314786857E-08  3.653290484E-09 -2.306626047E-08  5.624000020E-07  1.877662075E-10 -8.820141112E-09 -2.297805112E-08  1.778084041E-06 -3.570818163E-08 -4.639692799E-08  4.349701980E-07 -2.198118407E-08  8.236949324E-06
  8.094602891E-02  9.999891411E+02  5.624147376E-07  1.626242015E-10 -6.954934537E-09 -4.711327630E-09  1.787106695E-08 -3.729158008E-08  1.778053457E-06 -1.452362567E-08 -2.314767121E-08  3.653310113E-09 -2.306630630E-08  5.624000026E-07  1.932112252E-10 -8.820195788E-09 -2.297814929E-08  1.778083718E-06 -3.570821156E-08 -4.639676273E-08  4.349701980E-07 -2.196920333E-08  8.236950650E-06
  8.394395310E-02  9.999891411E+02  5.624147381E-07  1.680850456E-10 -6.954963989E-09 -4.711362826E-09  1.787107255E-08 -3.729116953E-08  1.778053629E-06 -1.452366086E-08 -2.314747385E-08  3.653329742E-09 -2.306635213E-08  5.624000032E-07  1.986562418E-10 -8.820250463E-09 -2.297824744E-08  1.778083395E-06 -3.570824148E-08 -4.639659746E-08  4.349701980E-07 -2.195722256E-08  8.236951978E-06
  8.694187729E-02  9.999891411E+02  5.624147386E-07  1.735458882E-10 -6.954993441E-09 -4.711398021E-09  1.787107814E-08 -3.729075896E-08  1.778053801E-06 -1.452369606E-08 -2.314727650E-08  3.653349371E-09 -2.306639792E-08  5.624000038E-07  2.041012556E-10 -8.820305139E-09 -2.297834559E-08  1.778083072E-06 -3.570827141E-08 -4.639643219E-08  4.349701980E-07 -2.194524181E-08  8.236953308E-06
  8.993980148E-02  9.999891411E+02  5.624147391E-07  1.790067282E-10 -6.955022894E-09 -4.711433215E-09  1.787108374E-08 -3.729034838E-08  1.778053972E-06 -1.452373125E-08 -2.314707914E-08  3.653369000E-09 -2.306644372E-08  5.624000045E-07  2.095462655E-10 -8.820359815E-09 -2.297844375E-08  1.778082749E-06 -3.570830134E-08 -4.639626689E-08  4.349701980E-07 -2.193326105E-08  8.236954638E-06
  9.293772567E-02  9.999891411E+02  5.624147397E-07  1.844675687E-10 -6.955052347E-09 -4.711468409E-09  1.787108933E-08 -3.728993778E-08  1.778054144E-06 -1.452376644E-08 -2.314688179E-08  3.653388628E-09 -2.306648950E-08  5.624000051E-07  2.149912744E-10 -8.820414491E-09 -2.297854191E-08  1.778082427E-06 -3.570833126E-08 -4.639610153E-08  4.349701980E-07 -2.192128028E-08  8.236955970E-06
  9.593564986E-02  9.999891411E+02  5.624147403E-07  1.899284097E-10 -6.955081799E-09 -4.711503602E-09  1.787109492E-08 -3.728952720E-08  1.778054316E-06 -1.452380164E-08 -2.314668443E-08  3.653408256E-09 -2.306653527E-08  5.624000058E-07  2.204362824E-10 -8.820469167E-09 -2.297864007E-08  1.778082104E-06 -3.570836119E-08 -4.639593616E-08  4.349701980E-07 -2.190929951E-08  8.236957302E-06
  9.893357405E-02  9.999891411E+02  5.624147409E-07  1.953892495E-10 -6.955111252E-09 -4.711538794E-09  1.787110052E-08 -3.728911662E-08  1.778054488E-06 -1.452383683E-08 -2.314648708E-08  3.653427884E-09 -2.306658102E-08  5.624000065E-07  2.258812879E-10 -8.820523843E-09 -2.297873821E-08  1.778081781E-06 -3.570839112E-08 -4.639577079E-08  4.349701980E-07 -2.189731874E-08  8.236958636E-06
  1.019314982E-01  9.999891411E+02  5.624147415E-07  2.008500864E-10 -6.955140705E-09 -4.711573986E-09  1.787110611E-08 -3.728870601E-08  1.778054660E-06 -1.452387202E-08 -2.314628973E-08  3.653447512E-09 -2.306662672E-08  5.624000072E-07  2.313262891E-10 -8.820578519E-09 -2.297883638E-08  1.778081459E-06 -3.570842105E-08 -4.639560549E-08  4.349701980E-07 -2.188533798E-08  8.236959971E-06
  1.049294224E-01  9.999891411E+02  5.624147421E-07  2.063109238E-10 -6.955170158E-09 -4.711609178E-09  1.787111171E-08 -3.728829542E-08  1.778054832E-06 -1.452390721E-08 -2.314609237E-08  3.653467140E-09 -2.306667245E-08  5.624000079E-07  2.367712893E-10 -8.820633195E-09 -2.297893459E-08  1.778081136E-06 -3.570845098E-08 -4.639544020E-08  4.349701980E-07 -2.187335720E-08  8.236961307E-06
  1.079273466E-01  9.999891411E+02  5.624147427E-07  2.117717615E-10 -6.955199611E-09 -4.711644369E-09  1.787111730E-08 -3.728788482E-08  1.778055004E-06 -1.452394240E-08 -2.314589502E-08  3.653486767E-09 -2.306671825E-08  5.624000086E-07  2.422162885E-10 -8.820687871E-09 -2.297903280E-08  1.778080814E-06 -3.570848091E-08 -4.639527494E-08  4.349701980E-07 -2.186137643E-08  8.236962645E-06
  1.109252708E-01  9.999891411E+02  5.624147434E-07  2.172325988E-10 -6.955229064E-09 -4.711679559E-09  1.787112289E-08 -3.728747421E-08  1.778055176E-06 -1.452397759E-08 -2.314569767E-08  3.653506395E-09 -2.306676404E-08  5.624000094E-07  2.476612858E-10 -8.820742547E-09 -2.297913103E-08  1.778080492E-06 -3.570851084E-08 -4.639510969E-08  4.349701980E-07 -2.184939565E-08  8.236963983E-06
  1.139231950E-01  9.999891411E+02  5.624147441E-07  2.226934325E-10 -6.955258518E-09 -4.711714749E-09  1.787112849E-08 -3.728706360E-08  1.778055348E-06 -1.452401278E-08 -2.314550032E-08  3.653526022E-09 -2.306680983E-08  5.624000101E-07  2.531062782E-10 -8.820797224E-09 -2.297922926E-08  1.778080169E-06 -3.570854077E-08 -4.639494442E-08  4.349701980E-07 -2.183741486E-08  8.236965323E-06
  1.169211192E-01  9.999891411E+02  5.624147447E-07  2.281542667E-10 -6.955287971E-09 -4.711749938E-09  1.787113408E-08 -3.728665298E-08  1.778055520E-06 -1.452404797E-08 -2.314530297E-08  3.653545649E-09 -2.306685564E-08  5.624000109E-07  2.585512697E-10 -8.820851900E-09 -2.297932747E-08  1.778079847E-06 -3.570857070E-08 -4.639477912E-08  4.349701980E-07 -2.182543406E-08  8.236966663E-06
  1.199190434E-01  9.999891411E+02  5.624147454E-07  2.336151013E-10 -6.955317425E-09 -4.711785127E-09  1.787113968E-08 -3.728624236E-08  1.778055693E-06 -1.452408316E-08 -2.314510563E-08  3.653565276E-09 -2.306690145E-08  5.624000117E-07  2.639962602E-10 -8.820906576E-09 -2.297942568E-08  1.778079525E-06 -3.570860064E-08 -4.639461379E-08  4.349701980E-07 -2.181345327E-08  8.236968005E-06
  1.229169676E-01  9.999891411E+02  5.624147462E-07  2.390759358E-10 -6.955346878E-09 -4.711820315E-09  1.787114527E-08 -3.728583173E-08  1.778055865E-06 -1.452411835E-08 -2.314490828E-08  3.653584902E-09 -2.306694728E-08  5.624000125E-07  2.694412492E-10 -8.820961253E-09 -2.297952387E-08  1.778079203E-06 -3.570863057E-08 -4.639444842E-08  4.349701980E-07 -2.180147247E-08  8.236969348E-06
  1.259148917E-01  9.999891411E+02  5.624147469E-07  2.445367664E-10 -6.955376332E-09 -4.711855502E-09  1.787115087E-08 -3.728542110E-08  1.778056037E-06 -1.452415354E-08 -2.314471093E-08  3.653604529E-09 -2.306699311E-08  5.624000134E-07  2.748862330E-10 -8.821015929E-09 -2.297962206E-08  1.778078881E-06 -3.570866050E-08 -4.639428306E-08  4.349701980E-07 -2.178949169E-08  8.236970692E-06
  1.289128159E-01  9.999891411E+02  5.624147477E-07  2.499975974E-10 -6.955405786E-09 -4.711890689E-09  1.787115646E-08 -3.728501047E-08  1.778056210E-06 -1.452418872E-08 -2.314451359E-08  3.653624155E-09 -2.306703894E-08  5.624000142E-07  2.803312157E-10 -8.821070605E-09 -2.297972025E-08  1.778078559E-06 -3.570869044E-08 -4.639411772E-08  4.349701980E-07 -2.177751093E-08  8.236972038E-06
  1.319107401E-01  9.999891411E+02  5.624147484E-07  2.554584289E-10 -6.955435240E-09 -4.711925876E-09  1.787116205E-08 -3.728459982E-08  1.778056382E-06 -1.452422391E-08 -2.314431624E-08  3.653643781E-09 -2.306708477E-08  5.624000151E-07  2.857761975E-10 -8.821125282E-09 -2.297981844E-08  1.778078237E-06 -3.570872037E-08 -4.639395236E-08  4.349701980E-07 -2.176553017E-08  8.236973384E-06
  1.349086643E-01  9.999891411E+02  5.624147492E-07  2.609192608E-10 -6.955464694E-09 -4.711961062E-09  1.787116765E-08 -3.728418915E-08  1.778056555E-06 -1.452425910E-08 -2.314411890E-08  3.653663407E-09 -2.306713061E-08  5.624000160E-07  2.912211783E-10 -8.821179958E-09 -2.297991663E-08  1.778077915E-06 -3.570875031E-08 -4.639378691E-08  4.349701980E-07 -2.175354942E-08  8.236974732E-06
  1.379065885E-01  9.999891411E+02  5.624147500E-07  2.663800882E-10 -6.955494148E-09 -4.711996247E-09  1.787117324E-08 -3.728377848E-08  1.778056728E-06 -1.452429428E-08 -2.314392155E-08  3.653683033E-09 -2.306717648E-08  5.624000169E-07  2.966661533E-10 -8.821234635E-09 -2.298001483E-08  1.778077593E-06 -3.570878024E-08 -4.639362145E-08  4.349701980E-07 -2.174156865E-08  8.236976081E-06
  1.409045127E-01  9.999891411E+02  5.624147509E-07  2.718409161E-10 -6.955523603E-09 -4.712031432E-09  1.787117884E-08 -3.728336780E-08  1.778056901E-06 -1.452432947E-08 -2.314372421E-08  3.653702658E-09 -2.306722230E-08  5.624000178E-07  3.021111273E-10 -8.821289312E-09 -2.298011307E-08  1.778077271E-06 -3.570881018E-08 -4.639345599E-08  4.349701980E-07 -2.172958790E-08  8.236977431E-06
  1.439024369E-01  9.999891411E+02  5.624147517E-07  2.773017444E-10 -6.955553057E-09 -4.712066616E-09  1.787118443E-08 -3.728295713E-08  1.778057073E-06 -1.452436465E-08 -2.314352687E-08  3.653722284E-09 -2.306726808E-08  5.624000187E-07  3.075561004E-10 -8.821343988E-09 -2.298021130E-08  1.778076950E-06 -3.570884011E-08 -4.639329057E-08  4.349701980E-07 -2.171760713E-08  8.236978782E-06
  1.469003611E-01  9.999891411E+02  5.624147526E-07  2.827625732E-10 -6.955582512E-09 -4.712101800E-09  1.787119003E-08 -3.728254645E-08  1.778057246E-06 -1.452439983E-08 -2.314332953E-08  3.653741909E-09 -2.306731384E-08  5.624000197E-07  3.130010724E-10 -8.821398665E-09 -2.298030954E-08  1.778076628E-06 -3.570887005E-08 -4.639312511E-08  4.349701980E-07 -2.170562637E-08  8.236980134E-06
  1.500000000E-01  9.999891411E+02  5.624147535E-07  2.884086749E-10 -6.955612966E-09 -4.712138177E-09  1.787119581E-08 -3.728212185E-08  1.778057425E-06 -1.452443621E-08 -2.314312549E-08  3.653762200E-09 -2.306736112E-08  5.624000207E-07  3.186307781E-10 -8.821455197E-09 -2.298041110E-08  1.778076295E-06 -3.570890100E-08 -4.639295402E-08  4.349701980E-07 -2.169323914E-08  8.236981534E-06
  1.529979242E-01  9.999891411E+02  5.624147544E-07  2.938694996E-10 -6.955642420E-09 -4.712173359E-09  1.787120141E-08 -3.728171120E-08  1.778057598E-06 -1.452447139E-08 -2.314292815E-08  3.653781824E-09 -2.306740686E-08  5.624000216E-07  3.240757434E-10 -8.821509874E-09 -2.298050932E-08  1.778075974E-06 -3.570893094E-08 -4.639278853E-08  4.349701980E-07 -2.168125839E-08  8.236982888E-06
  1.559958484E-01  9.999891411E+02  5.624147553E-07  2.993303248E-10 -6.955671875E-09 -4.712208541E-09  1.787120700E-08 -3.728130054E-08  1.778057771E-06 -1.452450658E-08 -2.314273081E-08  3.653801449E-09 -2.306745261E-08  5.624000226E-07  3.295207077E-10 -8.821564551E-09 -2.298060756E-08  1.778075653E-06 -3.570896088E-08 -4.639262306E-08  4.349701980E-07 -2.166927764E-08  8.236984244E-06
  1.589937726E-01  9.999891411E+02  5.624147562E-07  3.047911504E-10 -6.955701330E-09 -4.712243723E-09  1.787121259E-08 -3.728088989E-08  1.778057944E-06 -1.452454176E-08 -2.314253347E-08  3.653821073E-09 -2.306749834E-08  5.624000237E-07  3.349656710E-10 -8.821619228E-09 -2.298070581E-08  1.778075331E-06 -3.570899082E-08 -4.639245756E-08  4.349701980E-07 -2.165729690E-08  8.236985601E-06
  1.619916968E-01  9.999891411E+02  5.624147571E-07  3.102519721E-10 -6.955730785E-09 -4.712278904E-09  1.787121819E-08 -3.728047924E-08  1.778058117E-06 -1.452457694E-08 -2.314233613E-08  3.653840698E-09 -2.306754405E-08  5.624000247E-07  3.404106291E-10 -8.821673905E-09 -2.298080406E-08  1.778075010E-06 -3.570902076E-08 -4.639229205E-08  4.349701980E-07 -2.164531615E-08  8.236986959E-06
  1.649896209E-01  9.999891411E+02  5.624147581E-07  3.157127938E-10 -6.955760241E-09 -4.712314084E-09  1.787122378E-08 -3.728006858E-08  1.778058290E-06 -1.452461212E-08 -2.314213880E-08  3.653860322E-09 -2.306758977E-08  5.624000257E-07  3.458555857E-10 -8.821728582E-09 -2.298090233E-08  1.778074689E-06 -3.570905070E-08 -4.639212658E-08  4.349701980E-07 -2.163333539E-08  8.236988318E-06
  1.679875451E-01  9.999891411E+02  5.624147591E-07  3.211736159E-10 -6.955789696E-09 -4.712349264E-09  1.787122938E-08 -3.727965791E-08  1.778058464E-06 -1.452464730E-08 -2.314194146E-08  3.653879946E-09 -2.306763549E-08  5.624000268E-07  3.513005414E-10 -8.821783259E-09 -2.298100057E-08  1.778074367E-06 -3.570908064E-08 -4.639196108E-08  4.349701980E-07 -2.162135463E-08  8.236989678E-06
  1.709854693E-01  9.999891411E+02  5.624147601E-07  3.266344385E-10 -6.955819151E-09 -4.712384443E-09  1.787123497E-08 -3.727924723E-08  1.778058637E-06 -1.452468248E-08 -2.314174412E-08  3.653899569E-09 -2.306768117E-08  5.624000279E-07  3.567454961E-10 -8.821837936E-09 -2.298109880E-08  1.778074046E-06 -3.570911058E-08 -4.639179556E-08  4.349701980E-07 -2.160937386E-08  8.236991039E-06
  1.739833935E-01  9.999891411E+02  5.624147611E-07  3.320952575E-10 -6.955848607E-09 -4.712419622E-09  1.787124057E-08 -3.727883655E-08  1.778058811E-06 -1.452471766E-08 -2.314154679E-08  3.653919193E-09 -2.306772687E-08  5.624000290E-07  3.621904459E-10 -8.821892613E-09 -2.298119703E-08  1.778073725E-06 -3.570914053E-08 -4.639163006E-08  4.349701980E-07 -2.159739310E-08  8.236992402E-06
  1.769813177E-01  9.999891411E+02  5.624147621E-07  3.375560760E-10 -6.955878062E-09 -4.712454800E-09  1.787124616E-08 -3.727842587E-08  1.778058984E-06 -1.452475283E-08 -2.314134945E-08  3.653938816E-09 -2.306777262E-08  5.624000301E-07  3.676353938E-10 -8.821947290E-09 -2.298129527E-08  1.778073404E-06 -3.570917047E-08 -4.639146454E-08  4.349701980E-07 -2.158541231E-08  8.236993765E-06
  1.799792419E-01  9.999891411E+02  5.624147631E-07  3.430168950E-10 -6.955907518E-09 -4.712489977E-09  1.787125176E-08 -3.727801517E-08  1.778059158E-06 -1.452478801E-08 -2.314115212E-08  3.653958439E-09 -2.306781831E-08  5.624000312E-07  3.730803408E-10 -8.822001967E-09 -2.298139353E-08  1.778073083E-06 -3.570920041E-08 -4.639129903E-08  4.349701980E-07 -2.157343154E-08  8.236995130E-06
  1.829771661E-01  9.999891411E+02  5.624147642E-07  3.484777144E-10 -6.955936974E-09 -4.712525154E-09  1.787125735E-08 -3.727760449E-08  1.778059331E-06 -1.452482319E-08 -2.314095479E-08  3.653978062E-09 -2.306786401E-08  5.624000324E-07  3.785252868E-10 -8.822056645E-09 -2.298149177E-08  1.778072762E-06 -3.570923035E-08 -4.639113348E-08  4.349701980E-07 -2.156145078E-08  8.236996496E-06
  1.859750903E-01  9.999891411E+02  5.624147653E-07  3.539385308E-10 -6.955966430E-09 -4.712560331E-09  1.787126295E-08 -3.727719380E-08  1.778059505E-06 -1.452485837E-08 -2.314075745E-08  3.653997685E-09 -2.306790970E-08  5.624000336E-07  3.839702284E-10 -8.822111322E-09 -2.298159000E-08  1.778072441E-06 -3.570926030E-08 -4.639096796E-08  4.349701980E-07 -2.154947002E-08  8.236997863E-06
  1.889730145E-01  9.999891411E+02  5.624147664E-07  3.593993462E-10 -6.955995886E-09 -4.712595507E-09  1.787126854E-08 -3.727678311E-08  1.778059678E-06 -1.452489354E-08 -2.314056012E-08  3.654017308E-09 -2.306795534E-08  5.624000347E-07  3.894151676E-10 -8.822165999E-09 -2.298168822E-08  1.778072120E-06 -3.570929024E-08 -4.639080250E-08  4.349701980E-07 -2.153748926E-08  8.236999231E-06
  1.919709386E-01  9.999891411E+02  5.624147675E-07  3.648601620E-10 -6.956025342E-09 -4.712630682E-09  1.787127414E-08 -3.727637242E-08  1.778059852E-06 -1.452492872E-08 -2.314036279E-08  3.654036930E-09 -2.306800097E-08  5.624000359E-07  3.948601058E-10 -8.822220677E-09 -2.298178644E-08  1.778071800E-06 -3.570932019E-08 -4.639063699E-08  4.349701980E-07 -2.152550852E-08  8.237000600E-06
  1.949688628E-01  9.999891411E+02  5.624147686E-07  3.703209783E-10 -6.956054798E-09 -4.712665857E-09  1.787127973E-08 -3.727596174E-08  1.778060026E-06 -1.452496389E-08 -2.314016546E-08  3.654056552E-09 -2.306804666E-08  5.624000372E-07  4.003050431E-10 -8.822275354E-09 -2.298188468E-08  1.778071479E-06 -3.570935013E-08 -4.639047151E-08  4.349701980E-07 -2.151352776E-08  8.237001971E-06
  1.979667870E-01  9.999891411E+02  5.624147697E-07  3.757840328E-10 -6.956084255E-09 -4.712701015E-09  1.787128533E-08 -3.727555237E-08  1.778060199E-06 -1.452499905E-08 -2.313996610E-08  3.654076223E-09 -2.306809069E-08  5.624000384E-07  4.057521868E-10 -8.822330032E-09 -2.298198302E-08  1.778071155E-06 -3.570938010E-08 -4.639030395E-08  4.349701980E-07 -2.150154761E-08  8.237003341E-06
  2.009647112E-01  9.999891411E+02  5.624147709E-07  3.812485796E-10 -6.956113711E-09 -4.712736161E-09  1.787129092E-08 -3.727514384E-08  1.778060370E-06 -1.452503420E-08 -2.313976538E-08  3.654095926E-09 -2.306813362E-08  5.624000396E-07  4.112008012E-10 -8.822384709E-09 -2.298208141E-08  1.778070828E-06 -3.570941009E-08 -4.639013498E-08  4.349701980E-07 -2.148956787E-08  8.237004712E-06
  2.039626354E-01  9.999891411E+02  5.624147721E-07  3.867131268E-10 -6.956143168E-09 -4.712771307E-09  1.787129652E-08 -3.727473531E-08  1.778060542E-06 -1.452506934E-08 -2.313956467E-08  3.654115629E-09 -2.306817656E-08  5.624000409E-07  4.166494145E-10 -8.822439387E-09 -2.298217982E-08  1.778070502E-06 -3.570944008E-08 -4.638996605E-08  4.349701980E-07 -2.147758813E-08  8.237006084E-06
  2.069605596E-01  9.999891411E+02  5.624147733E-07  3.921776744E-10 -6.956172624E-09 -4.712806453E-09  1.787130211E-08 -3.727432678E-08  1.778060713E-06 -1.452510449E-08 -2.313936395E-08  3.654135332E-09 -2.306821951E-08  5.624000422E-07  4.220980269E-10 -8.822494065E-09 -2.298227822E-08  1.778070175E-06 -3.570947007E-08 -4.638979711E-08  4.349701980E-07 -2.146560837E-08  8.237007457E-06
  2.099584838E-01  9.999891411E+02  5.624147745E-07  3.976422200E-10 -6.956202081E-09 -4.712841598E-09  1.787130771E-08 -3.727391825E-08  1.778060885E-06 -1.452513963E-08 -2.313916323E-08  3.654155035E-09 -2.306826245E-08  5.624000435E-07  4.275466358E-10 -8.822548742E-09 -2.298237662E-08  1.778069849E-06 -3.570950006E-08 -4.638962812E-08  4.349701980E-07 -2.145362862E-08  8.237008830E-06
  2.129564080E-01  9.999891411E+02  5.624147757E-07  4.031067637E-10 -6.956231538E-09 -4.712876742E-09  1.787131330E-08 -3.727350971E-08  1.778061057E-06 -1.452517478E-08 -2.313896252E-08  3.654174737E-09 -2.306830536E-08  5.624000448E-07  4.329952414E-10 -8.822603420E-09 -2.298247502E-08  1.778069522E-06 -3.570953005E-08 -4.638945913E-08  4.349701980E-07 -2.144164887E-08  8.237010205E-06
  2.159543322E-01  9.999891411E+02  5.624147769E-07  4.085713077E-10 -6.956260995E-09 -4.712911886E-09  1.787131890E-08 -3.727310117E-08  1.778061229E-06 -1.452520992E-08 -2.313876181E-08  3.654194440E-09 -2.306834819E-08  5.624000462E-07  4.384438460E-10 -8.822658098E-09 -2.298257342E-08  1.778069196E-06 -3.570956004E-08 -4.638929013E-08  4.349701980E-07 -2.142966910E-08  8.237011582E-06
  2.189522563E-01  9.999891411E+02  5.624147782E-07  4.140358522E-10 -6.956290452E-09 -4.712947030E-09  1.787132449E-08 -3.727269262E-08  1.778061401E-06 -1.452524506E-08 -2.313856109E-08  3.654214142E-09 -2.306839103E-08  5.624000475E-07  4.438924496E-10 -8.822712776E-09 -2.298267181E-08  1.778068869E-06 -3.570959003E-08 -4.638912114E-08  4.349701980E-07 -2.141768933E-08  8.237012959E-06
  2.219501805E-01  9.999891411E+02  5.624147795E-07  4.195003951E-10 -6.956319910E-09 -4.712982172E-09  1.787133009E-08 -3.727228407E-08  1.778061573E-06 -1.452528021E-08 -2.313836038E-08  3.654233844E-09 -2.306843387E-08  5.624000489E-07  4.493410502E-10 -8.822767453E-09 -2.298277022E-08  1.778068543E-06 -3.570962002E-08 -4.638895213E-08  4.349701980E-07 -2.140570955E-08  8.237014338E-06
  2.249481047E-01  9.999891411E+02  5.624147808E-07  4.249649356E-10 -6.956349367E-09 -4.713017315E-09  1.787133568E-08 -3.727187550E-08  1.778061745E-06 -1.452531535E-08 -2.313815967E-08  3.654253546E-09 -2.306847678E-08  5.624000503E-07  4.547896470E-10 -8.822822131E-09 -2.298286861E-08  1.778068217E-06 -3.570965002E-08 -4.638878307E-08  4.349701980E-07 -2.139372977E-08  8.237015717E-06
  2.279460289E-01  9.999891411E+02  5.624147821E-07  4.304294764E-10 -6.956378824E-09 -4.713052456E-09  1.787134128E-08 -3.727146695E-08  1.778061917E-06 -1.452535049E-08 -2.313795896E-08  3.654273247E-09 -2.306851972E-08  5.624000517E-07  4.602382428E-10 -8.822876809E-09 -2.298296699E-08  1.778067891E-06 -3.570968001E-08 -4.638861398E-08  4.349701980E-07 -2.138174999E-08  8.237017098E-06
  2.309439531E-01  9.999891411E+02  5.624147834E-07  4.358940177E-10 -6.956408282E-09 -4.713087597E-09  1.787134688E-08 -3.727105841E-08  1.778062089E-06 -1.452538563E-08 -2.313775825E-08  3.654292949E-09 -2.306856269E-08  5.624000531E-07  4.656868376E-10 -8.822931487E-09 -2.298306535E-08  1.778067565E-06 -3.570971000E-08 -4.638844489E-08  4.349701980E-07 -2.136977021E-08  8.237018480E-06
  2.339418773E-01  9.999891411E+02  5.624147848E-07  4.413585580E-10 -6.956437740E-09 -4.713122738E-09  1.787135247E-08 -3.727064985E-08  1.778062261E-06 -1.452542077E-08 -2.313755754E-08  3.654312650E-09 -2.306860564E-08  5.624000545E-07  4.711354300E-10 -8.822986165E-09 -2.298316371E-08  1.778067239E-06 -3.570974000E-08 -4.638827586E-08  4.349701980E-07 -2.135779045E-08  8.237019863E-06
  2.369398015E-01  9.999891411E+02  5.624147861E-07  4.468230953E-10 -6.956467197E-09 -4.713157878E-09  1.787135807E-08 -3.727024129E-08  1.778062433E-06 -1.452545591E-08 -2.313735683E-08  3.654332351E-09 -2.306864857E-08  5.624000560E-07  4.765840180E-10 -8.823040844E-09 -2.298326208E-08  1.778066913E-06 -3.570976999E-08 -4.638810678E-08  4.349701980E-07 -2.134581068E-08  8.237021248E-06
  2.399377257E-01  9.999891411E+02  5.624147875E-07  4.522876330E-10 -6.956496655E-09 -4.713193017E-09  1.787136366E-08 -3.726983272E-08  1.778062606E-06 -1.452549105E-08 -2.313715612E-08  3.654352052E-09 -2.306869147E-08  5.624000574E-07  4.820326050E-10 -8.823095522E-09 -2.298336045E-08  1.778066587E-06 -3.570979999E-08 -4.638793773E-08  4.349701980E-07 -2.133383092E-08  8.237022634E-06
  2.429356499E-01  9.999891411E+02  5.624147889E-07  4.577521711E-10 -6.956526113E-09 -4.713228156E-09  1.787136926E-08 -3.726942415E-08  1.778062778E-06 -1.452552619E-08 -2.313695542E-08  3.654371752E-09 -2.306873438E-08  5.624000589E-07  4.874811911E-10 -8.823150200E-09 -2.298345884E-08  1.778066261E-06 -3.570982998E-08 -4.638776865E-08  4.349701980E-07 -2.132185114E-08  8.237024021E-06
  2.459335740E-01  9.999891411E+02  5.624147903E-07  4.632167087E-10 -6.956555571E-09 -4.713263294E-09  1.787137485E-08 -3.726901559E-08  1.778062950E-06 -1.452556133E-08 -2.313675471E-08  3.654391453E-09 -2.306877727E-08  5.624000604E-07  4.929297751E-10 -8.823204878E-09 -2.298355724E-08  1.778065936E-06 -3.570985998E-08 -4.638759956E-08  4.349701980E-07 -2.130987137E-08  8.237025409E-06
  2.489314982E-01  9.999891411E+02  5.624147917E-07  4.686812428E-10 -6.956585029E-09 -4.713298432E-09  1.787138045E-08 -3.726860702E-08  1.778063123E-06 -1.452559647E-08 -2.313655400E-08  3.654411153E-09 -2.306882011E-08  5.624000619E-07  4.983783544E-10 -8.823259556E-09 -2.298365563E-08  1.778065610E-06 -3.570988998E-08 -4.638743049E-08  4.349701980E-07 -2.129789158E-08  8.237026799E-06
  2.519294224E-01  9.999891411E+02  5.624147932E-07  4.741457774E-10 -6.956614488E-09 -4.713333569E-09  1.787138604E-08 -3.726819846E-08  1.778063296E-06 -1.452563160E-08 -2.313635330E-08  3.654430853E-09 -2.306886289E-08  5.624000635E-07  5.038269326E-10 -8.823314235E-09 -2.298375404E-08  1.778065284E-06 -3.570991997E-08 -4.638726141E-08  4.349701980E-07 -2.128591181E-08  8.237028189E-06
  2.549273466E-01  9.999891411E+02  5.624147946E-07  4.796103123E-10 -6.956643946E-09 -4.713368705E-09  1.787139164E-08 -3.726778989E-08  1.778063468E-06 -1.452566674E-08 -2.313615260E-08  3.654450553E-09 -2.306890573E-08  5.624000650E-07  5.092755099E-10 -8.823368913E-09 -2.298385245E-08  1.778064959E-06 -3.570994997E-08 -4.638709230E-08  4.349701980E-07 -2.127393207E-08  8.237029581E-06
  2.579252708E-01  9.999891411E+02  5.624147961E-07  4.850748473E-10 -6.956673405E-09 -4.713403841E-09  1.787139723E-08 -3.726738132E-08  1.778063641E-06 -1.452570188E-08 -2.313595189E-08  3.654470253E-09 -2.306894862E-08  5.624000666E-07  5.147240857E-10 -8.823423592E-09 -2.298395086E-08  1.778064633E-06 -3.570997997E-08 -4.638692316E-08  4.349701980E-07 -2.126195232E-08  8.237030974E-06
  2.609231950E-01  9.999891411E+02  5.624147976E-07  4.905393782E-10 -6.956702863E-09 -4.713438977E-09  1.787140283E-08 -3.726697274E-08  1.778063814E-06 -1.452573701E-08 -2.313575119E-08  3.654489953E-09 -2.306899156E-08  5.624000682E-07  5.201726561E-10 -8.823478270E-09 -2.298404928E-08  1.778064308E-06 -3.571000997E-08 -4.638675399E-08  4.349701980E-07 -2.124997256E-08  8.237032368E-06
  2.639211192E-01  9.999891411E+02  5.624147991E-07  4.960039096E-10 -6.956732322E-09 -4.713474111E-09  1.787140843E-08 -3.726656415E-08  1.778063986E-06 -1.452577215E-08 -2.313555049E-08  3.654509652E-09 -2.306903453E-08  5.624000698E-07  5.256212256E-10 -8.823532949E-09 -2.298414771E-08  1.778063982E-06 -3.571003997E-08 -4.638658478E-08  4.349701980E-07 -2.123799280E-08  8.237033763E-06
  2.669190434E-01  9.999891411E+02  5.624148006E-07  5.014684414E-10 -6.956761781E-09 -4.713509246E-09  1.787141402E-08 -3.726615557E-08  1.778064159E-06 -1.452580728E-08 -2.313534979E-08  3.654529352E-09 -2.306907751E-08  5.624000714E-07  5.310697941E-10 -8.823587627E-09 -2.298424612E-08  1.778063657E-06 -3.571006997E-08 -4.638641558E-08  4.349701980E-07 -2.122601303E-08  8.237035159E-06
  2.699169676E-01  9.999891411E+02  5.624148022E-07  5.069329736E-10 -6.956791240E-09 -4.713544379E-09  1.787141962E-08 -3.726574697E-08  1.778064332E-06 -1.452584241E-08 -2.313514909E-08  3.654549051E-09 -2.306912042E-08  5.624000730E-07  5.365183616E-10 -8.823642306E-09 -2.298434452E-08  1.778063332E-06 -3.571009997E-08 -4.638624637E-08  4.349701980E-07 -2.121403326E-08  8.237036557E-06
  2.729148917E-01  9.999891411E+02  5.624148037E-07  5.123975014E-10 -6.956820699E-09 -4.713579512E-09  1.787142521E-08 -3.726533839E-08  1.778064505E-06 -1.452587755E-08 -2.313494839E-08  3.654568749E-09 -2.306916332E-08  5.624000747E-07  5.419669233E-10 -8.823696985E-09 -2.298444293E-08  1.778063007E-06 -3.571012997E-08 -4.638607711E-08  4.349701980E-07 -2.120205349E-08  8.237037955E-06
  2.759128159E-01  9.999891411E+02  5.624148053E-07  5.178620296E-10 -6.956850158E-09 -4.713614645E-09  1.787143081E-08 -3.726492978E-08  1.778064678E-06 -1.452591268E-08 -2.313474769E-08  3.654588448E-09 -2.306920622E-08  5.624000763E-07  5.474154840E-10 -8.823751663E-09 -2.298454131E-08  1.778062681E-06 -3.571015997E-08 -4.638590788E-08  4.349701980E-07 -2.119007371E-08  8.237039355E-06
  2.789107401E-01  9.999891411E+02  5.624148069E-07  5.233265583E-10 -6.956879617E-09 -4.713649777E-09  1.787143641E-08 -3.726452116E-08  1.778064852E-06 -1.452594781E-08 -2.313454699E-08  3.654608147E-09 -2.306924911E-08  5.624000780E-07  5.528640437E-10 -8.823806342E-09 -2.298463971E-08  1.778062356E-06 -3.571018997E-08 -4.638573864E-08  4.349701980E-07 -2.117809392E-08  8.237040756E-06
  2.819086643E-01  9.999891411E+02  5.624148085E-07  5.287910874E-10 -6.956909077E-09 -4.713684908E-09  1.787144200E-08 -3.726411256E-08  1.778065025E-06 -1.452598294E-08 -2.313434629E-08  3.654627845E-09 -2.306929201E-08  5.624000797E-07  5.583126024E-10 -8.823861021E-09 -2.298473811E-08  1.778062031E-06 -3.571021997E-08 -4.638556946E-08  4.349701980E-07 -2.116611414E-08  8.237042158E-06
  2.849065885E-01  9.999891411E+02  5.624148102E-07  5.342556125E-10 -6.956938536E-09 -4.713720039E-09  1.787144760E-08 -3.726370396E-08  1.778065198E-06 -1.452601807E-08 -2.313414559E-08  3.654647543E-09 -2.306933491E-08  5.624000814E-07  5.637611558E-10 -8.823915700E-09 -2.298483652E-08  1.778061706E-06 -3.571024998E-08 -4.638540026E-08  4.349701980E-07 -2.115413436E-08  8.237043562E-06
  2.879045127E-01  9.999891411E+02  5.624148118E-07  5.397201375E-10 -6.956967996E-09 -4.713755170E-09  1.787145319E-08 -3.726329536E-08  1.778065371E-06 -1.452605320E-08 -2.313394490E-08  3.654667241E-09 -2.306937778E-08  5.624000832E-07  5.692097078E-10 -8.823970379E-09 -2.298493493E-08  1.778061382E-06 -3.571027998E-08 -4.638523098E-08  4.349701980E-07 -2.114215459E-08  8.237044966E-06
  2.909024369E-01  9.999891411E+02  5.624148135E-07  5.451846630E-10 -6.956997456E-09 -4.713790299E-09  1.787145879E-08 -3.726288676E-08  1.778065545E-06 -1.452608833E-08 -2.313374420E-08  3.654686939E-09 -2.306942066E-08  5.624000849E-07  5.746582587E-10 -8.824025058E-09 -2.298503332E-08  1.778061057E-06 -3.571030998E-08 -4.638506166E-08  4.349701980E-07 -2.113017482E-08  8.237046371E-06
  2.939003611E-01  9.999891411E+02  5.624148151E-07  5.506491890E-10 -6.957026915E-09 -4.713825429E-09  1.787146438E-08 -3.726247819E-08  1.778065718E-06 -1.452612346E-08 -2.313354351E-08  3.654706637E-09 -2.306946359E-08  5.624000867E-07  5.801068087E-10 -8.824079737E-09 -2.298513170E-08  1.778060732E-06 -3.571033999E-08 -4.638489235E-08  4.349701980E-07 -2.111819505E-08  8.237047778E-06
  2.970000000E-01  9.999891411E+02  5.624148169E-07  5.562991138E-10 -6.957057375E-09 -4.713861749E-09  1.787147017E-08 -3.726205576E-08  1.778065897E-06 -1.452615978E-08 -2.313333601E-08  3.654727002E-09 -2.306950794E-08  5.624000885E-07  5.857402141E-10 -8.824136271E-09 -2.298523344E-08  1.778060396E-06 -3.571037101E-08 -4.638471733E-08  4.349701980E-07 -2.110580883E-08  8.237049234E-06
  2.999979242E-01  9.999891411E+02  5.624148186E-07  5.617636357E-10 -6.957086835E-09 -4.713896877E-09  1.787147577E-08 -3.726164719E-08  1.778066071E-06 -1.452619491E-08 -2.313313531E-08  3.654746700E-09 -2.306955080E-08  5.624000903E-07  5.911887573E-10 -8.824190950E-09 -2.298533183E-08  1.778060072E-06 -3.571040102E-08 -4.638454799E-08  4.349701980E-07 -2.109382906E-08  8.237050642E-06
  3.029958484E-01  9.999891411E+02  5.624148203E-07  5.672281581E-10 -6.957116295E-09 -4.713932005E-09  1.787148136E-08 -3.726123858E-08  1.778066245E-06 -1.452623004E-08 -2.313293462E-08  3.654766397E-09 -2.306959367E-08  5.624000922E-07  5.966372994E-10 -8.824245629E-09 -2.298543021E-08  1.778059747E-06 -3.571043102E-08 -4.638437864E-08  4.349701980E-07 -2.108184929E-08  8.237052052E-06
  3.059937726E-01  9.999891411E+02  5.624148221E-07  5.726926809E-10 -6.957145755E-09 -4.713967132E-09  1.787148696E-08 -3.726082995E-08  1.778066418E-06 -1.452626517E-08 -2.313273393E-08  3.654786094E-09 -2.306963656E-08  5.624000940E-07  6.020858406E-10 -8.824300308E-09 -2.298552859E-08  1.778059422E-06 -3.571046103E-08 -4.638420926E-08  4.349701980E-07 -2.106986952E-08  8.237053463E-06
  3.089916968E-01  9.999891411E+02  5.624148238E-07  5.781572003E-10 -6.957175216E-09 -4.714002258E-09  1.787149256E-08 -3.726042131E-08  1.778066592E-06 -1.452630029E-08 -2.313253324E-08  3.654805790E-09 -2.306967942E-08  5.624000959E-07  6.075343770E-10 -8.824354987E-09 -2.298562699E-08  1.778059098E-06 -3.571049104E-08 -4.638403989E-08  4.349701980E-07 -2.105788974E-08  8.237054875E-06
  3.119896209E-01  9.999891411E+02  5.624148256E-07  5.836217191E-10 -6.957204676E-09 -4.714037384E-09  1.787149815E-08 -3.726001268E-08  1.778066766E-06 -1.452633542E-08 -2.313233255E-08  3.654825487E-09 -2.306972233E-08  5.624000977E-07  6.129829114E-10 -8.824409667E-09 -2.298572538E-08  1.778058774E-06 -3.571052104E-08 -4.638387056E-08  4.349701980E-07 -2.104590998E-08  8.237056289E-06
  3.149875451E-01  9.999891411E+02  5.624148274E-07  5.890862384E-10 -6.957234137E-09 -4.714072509E-09  1.787150375E-08 -3.725960405E-08  1.778066940E-06 -1.452637054E-08 -2.313213186E-08  3.654845183E-09 -2.306976523E-08  5.624000996E-07  6.184314449E-10 -8.824464346E-09 -2.298582378E-08  1.778058449E-06 -3.571055105E-08 -4.638370124E-08  4.349701980E-07 -2.103393020E-08  8.237057703E-06
  3.179854693E-01  9.999891411E+02  5.624148292E-07  5.945507581E-10 -6.957263597E-09 -4.714107634E-09  1.787150934E-08 -3.725919542E-08  1.778067114E-06 -1.452640567E-08 -2.313193117E-08  3.654864879E-09 -2.306980812E-08  5.624001015E-07  6.238799774E-10 -8.824519025E-09 -2.298592218E-08  1.778058125E-06 -3.571058106E-08 -4.638353195E-08  4.349701980E-07 -2.102195043E-08  8.237059119E-06
  3.209833935E-01  9.999891411E+02  5.624148311E-07  6.000152748E-10 -6.957293058E-09 -4.714142758E-09  1.787151494E-08 -3.725878680E-08  1.778067288E-06 -1.452644079E-08 -2.313173048E-08  3.654884575E-09 -2.306985099E-08  5.624001034E-07  6.293285055E-10 -8.824573705E-09 -2.298602059E-08  1.778057801E-06 -3.571061107E-08 -4.638336264E-08  4.349701980E-07 -2.100997067E-08  8.237060536E-06
  3.239813177E-01  9.999891411E+02  5.624148329E-07  6.054797905E-10 -6.957322519E-09 -4.714177881E-09  1.787152054E-08 -3.725837817E-08  1.778067462E-06 -1.452647592E-08 -2.313152979E-08  3.654904271E-09 -2.306989385E-08  5.624001054E-07  6.347770312E-10 -8.824628384E-09 -2.298611901E-08  1.778057476E-06 -3.571064108E-08 -4.638319332E-08  4.349701980E-07 -2.099799090E-08  8.237061954E-06
  3.269792419E-01  9.999891411E+02  5.624148348E-07  6.109443066E-10 -6.957351980E-09 -4.714213004E-09  1.787152613E-08 -3.725796954E-08  1.778067636E-06 -1.452651104E-08 -2.313132911E-08  3.654923967E-09 -2.306993670E-08  5.624001073E-07  6.402255559E-10 -8.824683064E-09 -2.298621744E-08  1.778057152E-06 -3.571067109E-08 -4.638302397E-08  4.349701980E-07 -2.098601113E-08  8.237063373E-06
  3.299771661E-01  9.999891411E+02  5.624148366E-07  6.164088232E-10 -6.957381441E-09 -4.714248127E-09  1.787153173E-08 -3.725756089E-08  1.778067810E-06 -1.452654616E-08 -2.313112842E-08  3.654943662E-09 -2.306997955E-08  5.624001093E-07  6.456740796E-10 -8.824737743E-09 -2.298631585E-08  1.778056828E-06 -3.571070110E-08 -4.638285464E-08  4.349701980E-07 -2.097403135E-08  8.237064794E-06
  3.329750903E-01  9.999891411E+02  5.624148385E-07  6.218733373E-10 -6.957410902E-09 -4.714283249E-09  1.787153733E-08 -3.725715227E-08  1.778067984E-06 -1.452658128E-08 -2.313092774E-08  3.654963357E-09 -2.307002238E-08  5.624001113E-07  6.511225994E-10 -8.824792423E-09 -2.298641430E-08  1.778056504E-06 -3.571073111E-08 -4.638268531E-08  4.349701980E-07 -2.096205158E-08  8.237066216E-06
  3.359730145E-01  9.999891411E+02  5.624148404E-07  6.273378498E-10 -6.957440364E-09 -4.714318370E-09  1.787154292E-08 -3.725674364E-08  1.778068159E-06 -1.452661640E-08 -2.313072705E-08  3.654983053E-09 -2.307006521E-08  5.624001133E-07  6.565711164E-10 -8.824847102E-09 -2.298651275E-08  1.778056180E-06 -3.571076112E-08 -4.638251593E-08  4.349701980E-07 -2.095007180E-08  8.237067639E-06
  3.389709386E-01  9.999891411E+02  5.624148424E-07  6.328023628E-10 -6.957469825E-09 -4.714353491E-09  1.787154852E-08 -3.725633504E-08  1.778068333E-06 -1.452665153E-08 -2.313052637E-08  3.655002747E-09 -2.307010806E-08  5.624001153E-07  6.620196323E-10 -8.824901782E-09 -2.298661120E-08  1.778055857E-06 -3.571079114E-08 -4.638234650E-08  4.349701980E-07 -2.093809202E-08  8.237069063E-06
  3.419688628E-01  9.999891411E+02  5.624148443E-07  6.382668762E-10 -6.957499287E-09 -4.714388611E-09  1.787155411E-08 -3.725592642E-08  1.778068507E-06 -1.452668665E-08 -2.313032569E-08  3.655022442E-09 -2.307015091E-08  5.624001173E-07  6.674681473E-10 -8.824956462E-09 -2.298670966E-08  1.778055533E-06 -3.571082115E-08 -4.638217710E-08  4.349701980E-07 -2.092611224E-08  8.237070488E-06
  3.449667870E-01  9.999891411E+02  5.624148463E-07  6.437313876E-10 -6.957528748E-09 -4.714423730E-09  1.787155971E-08 -3.725551781E-08  1.778068682E-06 -1.452672177E-08 -2.313012500E-08  3.655042137E-09 -2.307019378E-08  5.624001194E-07  6.729166589E-10 -8.825011142E-09 -2.298680811E-08  1.778055209E-06 -3.571085116E-08 -4.638200772E-08  4.349701980E-07 -2.091413245E-08  8.237071914E-06
  3.479647112E-01  9.999891411E+02  5.624148483E-07  6.491958970E-10 -6.957558210E-09 -4.714458849E-09  1.787156531E-08 -3.725510918E-08  1.778068856E-06 -1.452675688E-08 -2.312992432E-08  3.655061831E-09 -2.307023666E-08  5.624001214E-07  6.783651670E-10 -8.825065821E-09 -2.298690656E-08  1.778054885E-06 -3.571088118E-08 -4.638183831E-08  4.349701980E-07 -2.090215268E-08  8.237073342E-06
  3.509626354E-01  9.999891411E+02  5.624148503E-07  6.546604068E-10 -6.957587672E-09 -4.714493968E-09  1.787157090E-08 -3.725470055E-08  1.778069031E-06 -1.452679200E-08 -2.312972364E-08  3.655081525E-09 -2.307027952E-08  5.624001235E-07  6.838136742E-10 -8.825120501E-09 -2.298700500E-08  1.778054562E-06 -3.571091119E-08 -4.638166893E-08  4.349701980E-07 -2.089017291E-08  8.237074770E-06
  3.539605596E-01  9.999891411E+02  5.624148523E-07  6.601249171E-10 -6.957617134E-09 -4.714529086E-09  1.787157650E-08 -3.725429191E-08  1.778069206E-06 -1.452682712E-08 -2.312952296E-08  3.655101219E-09 -2.307032239E-08  5.624001256E-07  6.892621804E-10 -8.825175181E-09 -2.298710343E-08  1.778054238E-06 -3.571094121E-08 -4.638149952E-08  4.349701980E-07 -2.087819314E-08  8.237076200E-06
  3.569584838E-01  9.999891411E+02  5.624148543E-07  6.655894258E-10 -6.957646596E-09 -4.714564203E-09  1.787158210E-08 -3.725388327E-08  1.778069380E-06 -1.452686224E-08 -2.312932228E-08  3.655120913E-09 -2.307036528E-08  5.624001278E-07  6.947106837E-10 -8.825229861E-09 -2.298720185E-08  1.778053915E-06 -3.571097122E-08 -4.638133008E-08  4.349701980E-07 -2.086621336E-08  8.237077631E-06
  3.599564080E-01  9.999891411E+02  5.624148564E-07  6.710539321E-10 -6.957676058E-09 -4.714599320E-09  1.787158769E-08 -3.725347465E-08  1.778069555E-06 -1.452689735E-08 -2.312912161E-08  3.655140607E-09 -2.307040818E-08  5.624001299E-07  7.001591832E-10 -8.825284541E-09 -2.298730027E-08  1.778053591E-06 -3.571100124E-08 -4.638116063E-08  4.349701980E-07 -2.085423356E-08  8.237079063E-06
  3.629543322E-01  9.999891411E+02  5.624148584E-07  6.765184388E-10 -6.957705520E-09 -4.714634436E-09  1.787159329E-08 -3.725306602E-08  1.778069730E-06 -1.452693247E-08 -2.312892093E-08  3.655160300E-09 -2.307045108E-08  5.624001320E-07  7.056076816E-10 -8.825339221E-09 -2.298739870E-08  1.778053268E-06 -3.571103125E-08 -4.638099114E-08  4.349701980E-07 -2.084225378E-08  8.237080496E-06
  3.659522563E-01  9.999891411E+02  5.624148605E-07  6.819829459E-10 -6.957734983E-09 -4.714669552E-09  1.787159889E-08 -3.725265737E-08  1.778069905E-06 -1.452696759E-08 -2.312872025E-08  3.655179993E-09 -2.307049393E-08  5.624001342E-07  7.110561791E-10 -8.825393901E-09 -2.298749712E-08  1.778052944E-06 -3.571106127E-08 -4.638082167E-08  4.349701980E-07 -2.083027401E-08  8.237081930E-06
  3.689501805E-01  9.999891411E+02  5.624148626E-07  6.874474520E-10 -6.957764445E-09 -4.714704667E-09  1.787160448E-08 -3.725224873E-08  1.778070080E-06 -1.452700270E-08 -2.312851957E-08  3.655199686E-09 -2.307053678E-08  5.624001364E-07  7.165046741E-10 -8.825448582E-09 -2.298759555E-08  1.778052621E-06 -3.571109129E-08 -4.638065219E-08  4.349701980E-07 -2.081829425E-08  8.237083365E-06
  3.719481047E-01  9.999891411E+02  5.624148647E-07  6.929119551E-10 -6.957793908E-09 -4.714739781E-09  1.787161008E-08 -3.725184008E-08  1.778070255E-06 -1.452703782E-08 -2.312831890E-08  3.655219379E-09 -2.307057961E-08  5.624001386E-07  7.219531647E-10 -8.825503262E-09 -2.298769398E-08  1.778052298E-06 -3.571112131E-08 -4.638048267E-08  4.349701980E-07 -2.080631448E-08  8.237084801E-06
  3.749460289E-01  9.999891411E+02  5.624148668E-07  6.983764586E-10 -6.957823371E-09 -4.714774895E-09  1.787161568E-08 -3.725143142E-08  1.778070430E-06 -1.452707293E-08 -2.312811822E-08  3.655239072E-09 -2.307062244E-08  5.624001408E-07  7.274016544E-10 -8.825557942E-09 -2.298779242E-08  1.778051975E-06 -3.571115133E-08 -4.638031317E-08  4.349701980E-07 -2.079433469E-08  8.237086238E-06
  3.779439531E-01  9.999891411E+02  5.624148690E-07  7.038409626E-10 -6.957852833E-09 -4.714810009E-09  1.787162128E-08 -3.725102276E-08  1.778070605E-06 -1.452710804E-08 -2.312791755E-08  3.655258765E-09 -2.307066525E-08  5.624001431E-07  7.328501431E-10 -8.825612622E-09 -2.298789087E-08  1.778051652E-06 -3.571118135E-08 -4.638014371E-08  4.349701980E-07 -2.078235489E-08  8.237087676E-06
  3.809418773E-01  9.999891411E+02  5.624148711E-07  7.093054661E-10 -6.957882296E-09 -4.714845121E-09  1.787162687E-08 -3.725061412E-08  1.778070780E-06 -1.452714316E-08 -2.312771688E-08  3.655278457E-09 -2.307070810E-08  5.624001453E-07  7.382986299E-10 -8.825667303E-09 -2.298798934E-08  1.778051329E-06 -3.571121137E-08 -4.637997425E-08  4.349701980E-07 -2.077037508E-08  8.237089116E-06
  3.839398015E-01  9.999891411E+02  5.624148733E-07  7.147699660E-10 -6.957911759E-09 -4.714880234E-09  1.787163247E-08 -3.725020546E-08  1.778070956E-06 -1.452717827E-08 -2.312751620E-08  3.655298149E-09 -2.307075096E-08  5.624001476E-07  7.437471118E-10 -8.825721983E-09 -2.298808779E-08  1.778051006E-06 -3.571124139E-08 -4.637980480E-08  4.349701980E-07 -2.075839526E-08  8.237090557E-06
  3.869377257E-01  9.999891411E+02  5.624148755E-07  7.202344664E-10 -6.957941223E-09 -4.714915345E-09  1.787163807E-08 -3.724979682E-08  1.778071131E-06 -1.452721338E-08 -2.312731553E-08  3.655317841E-09 -2.307079380E-08  5.624001499E-07  7.491955928E-10 -8.825776663E-09 -2.298818625E-08  1.778050683E-06 -3.571127141E-08 -4.637963536E-08  4.349701980E-07 -2.074641546E-08  8.237091999E-06
  3.899356499E-01  9.999891411E+02  5.624148777E-07  7.256989673E-10 -6.957970686E-09 -4.714950457E-09  1.787164366E-08 -3.724938817E-08  1.778071306E-06 -1.452724849E-08 -2.312711486E-08  3.655337533E-09 -2.307083664E-08  5.624001522E-07  7.546440727E-10 -8.825831344E-09 -2.298828467E-08  1.778050360E-06 -3.571130143E-08 -4.637946588E-08  4.349701980E-07 -2.073443564E-08  8.237093442E-06
  3.929335740E-01  9.999891411E+02  5.624148800E-07  7.311634681E-10 -6.958000149E-09 -4.714985567E-09  1.787164926E-08 -3.724897952E-08  1.778071482E-06 -1.452728360E-08 -2.312691419E-08  3.655357225E-09 -2.307087949E-08  5.624001545E-07  7.600925512E-10 -8.825886024E-09 -2.298838312E-08  1.778050037E-06 -3.571133145E-08 -4.637929640E-08  4.349701980E-07 -2.072245580E-08  8.237094886E-06
  3.959314982E-01  9.999891411E+02  5.624148822E-07  7.366279649E-10 -6.958029613E-09 -4.715020677E-09  1.787165486E-08 -3.724857085E-08  1.778071657E-06 -1.452731871E-08 -2.312671352E-08  3.655376916E-09 -2.307092232E-08  5.624001568E-07  7.655410244E-10 -8.825940705E-09 -2.298848154E-08  1.778049715E-06 -3.571136147E-08 -4.637912689E-08  4.349701980E-07 -2.071047596E-08  8.237096332E-06
  3.989294224E-01  9.999891411E+02  5.624148845E-07  7.420924622E-10 -6.958059076E-09 -4.715055787E-09  1.787166045E-08 -3.724816218E-08  1.778071833E-06 -1.452735382E-08 -2.312651285E-08  3.655396607E-09 -2.307096515E-08  5.624001592E-07  7.709894966E-10 -8.825995386E-09 -2.298857996E-08  1.778049392E-06 -3.571139150E-08 -4.637895734E-08  4.349701980E-07 -2.069849612E-08  8.237097778E-06
  4.019273466E-01  9.999891411E+02  5.624148868E-07  7.475569599E-10 -6.958088540E-09 -4.715090896E-09  1.787166605E-08 -3.724775350E-08  1.778072009E-06 -1.452738893E-08 -2.312631219E-08  3.655416298E-09 -2.307100803E-08  5.624001615E-07  7.764379678E-10 -8.826050066E-09 -2.298867839E-08  1.778049069E-06 -3.571142152E-08 -4.637878777E-08  4.349701980E-07 -2.068651628E-08  8.237099226E-06
  4.049252708E-01  9.999891411E+02  5.624148891E-07  7.530214580E-10 -6.958118004E-09 -4.715126004E-09  1.787167165E-08 -3.724734480E-08  1.778072184E-06 -1.452742404E-08 -2.312611152E-08  3.655435989E-09 -2.307105087E-08  5.624001639E-07  7.818864380E-10 -8.826104747E-09 -2.298877680E-08  1.778048747E-06 -3.571145154E-08 -4.637861816E-08  4.349701980E-07 -2.067453644E-08  8.237100675E-06
  4.079231950E-01  9.999891411E+02  5.624148914E-07  7.584859517E-10 -6.958147468E-09 -4.715161112E-09  1.787167725E-08 -3.724693611E-08  1.778072360E-06 -1.452745915E-08 -2.312591085E-08  3.655455680E-09 -2.307109365E-08  5.624001663E-07  7.873349024E-10 -8.826159428E-09 -2.298887524E-08  1.778048424E-06 -3.571148157E-08 -4.637844855E-08  4.349701980E-07 -2.066255660E-08  8.237102126E-06
  4.109211192E-01  9.999891411E+02  5.624148937E-07  7.639504458E-10 -6.958176932E-09 -4.715196219E-09  1.787168284E-08 -3.724652740E-08  1.778072536E-06 -1.452749425E-08 -2.312571019E-08  3.655475371E-09 -2.307113646E-08  5.624001688E-07  7.927833659E-10 -8.826214108E-09 -2.298897369E-08  1.778048102E-06 -3.571151159E-08 -4.637827892E-08  4.349701980E-07 -2.065057677E-08  8.237103577E-06
  4.139190434E-01  9.999891411E+02  5.624148961E-07  7.694149404E-10 -6.958206396E-09 -4.715231325E-09  1.787168844E-08 -3.724611868E-08  1.778072712E-06 -1.452752936E-08 -2.312550952E-08  3.655495061E-09 -2.307117926E-08  5.624001712E-07  7.982318284E-10 -8.826268789E-09 -2.298907213E-08  1.778047780E-06 -3.571154162E-08 -4.637810931E-08  4.349701980E-07 -2.063859695E-08  8.237105030E-06
  4.169169676E-01  9.999891411E+02  5.624148984E-07  7.748794354E-10 -6.958235860E-09 -4.715266431E-09  1.787169404E-08 -3.724570996E-08  1.778072888E-06 -1.452756447E-08 -2.312530886E-08  3.655514751E-09 -2.307122207E-08  5.624001736E-07  8.036802898E-10 -8.826323470E-09 -2.298917058E-08  1.778047457E-06 -3.571157164E-08 -4.637793974E-08  4.349701980E-07 -2.062661714E-08  8.237106483E-06
  4.199148917E-01  9.999891411E+02  5.624149008E-07  7.803439265E-10 -6.958265324E-09 -4.715301537E-09  1.787169963E-08 -3.724530124E-08  1.778073064E-06 -1.452759957E-08 -2.312510819E-08  3.655534441E-09 -2.307126484E-08  5.624001761E-07  8.091287460E-10 -8.826378151E-09 -2.298926901E-08  1.778047135E-06 -3.571160167E-08 -4.637777015E-08  4.349701980E-07 -2.061463733E-08  8.237107938E-06
  4.229128159E-01  9.999891411E+02  5.624149032E-07  7.858084175E-10 -6.958294789E-09 -4.715336642E-09  1.787170523E-08 -3.724489251E-08  1.778073240E-06 -1.452763468E-08 -2.312490753E-08  3.655554131E-09 -2.307130757E-08  5.624001786E-07  8.145772007E-10 -8.826432832E-09 -2.298936745E-08  1.778046813E-06 -3.571163170E-08 -4.637760054E-08  4.349701980E-07 -2.060265752E-08  8.237109394E-06
  4.259107401E-01  9.999891411E+02  5.624149056E-07  7.912729089E-10 -6.958324253E-09 -4.715371746E-09  1.787171083E-08 -3.724448379E-08  1.778073416E-06 -1.452766978E-08 -2.312470687E-08  3.655573821E-09 -2.307135027E-08  5.624001811E-07  8.200256544E-10 -8.826487513E-09 -2.298946587E-08  1.778046491E-06 -3.571166173E-08 -4.637743091E-08  4.349701980E-07 -2.059067772E-08  8.237110851E-06
  4.289086643E-01  9.999891411E+02  5.624149080E-07  7.967374008E-10 -6.958353718E-09 -4.715406850E-09  1.787171643E-08 -3.724407507E-08  1.778073592E-06 -1.452770488E-08 -2.312450621E-08  3.655593510E-09 -2.307139299E-08  5.624001836E-07  8.254741072E-10 -8.826542194E-09 -2.298956430E-08  1.778046169E-06 -3.571169175E-08 -4.637726130E-08  4.349701980E-07 -2.057869790E-08  8.237112309E-06
  4.319065885E-01  9.999891411E+02  5.624149105E-07  8.022018892E-10 -6.958383183E-09 -4.715441953E-09  1.787172202E-08 -3.724366636E-08  1.778073769E-06 -1.452773999E-08 -2.312430554E-08  3.655613200E-09 -2.307143575E-08  5.624001862E-07  8.309225551E-10 -8.826596875E-09 -2.298966273E-08  1.778045847E-06 -3.571172178E-08 -4.637709165E-08  4.349701980E-07 -2.056671807E-08  8.237113769E-06
  4.349045127E-01  9.999891411E+02  5.624149130E-07  8.076663771E-10 -6.958412648E-09 -4.715477056E-09  1.787172762E-08 -3.724325765E-08  1.778073945E-06 -1.452777509E-08 -2.312410488E-08  3.655632889E-09 -2.307147850E-08  5.624001887E-07  8.363710011E-10 -8.826651556E-09 -2.298976117E-08  1.778045525E-06 -3.571175181E-08 -4.637692200E-08  4.349701980E-07 -2.055473823E-08  8.237115230E-06
  4.379024369E-01  9.999891411E+02  5.624149154E-07  8.131308654E-10 -6.958442113E-09 -4.715512158E-09  1.787173322E-08 -3.724284897E-08  1.778074121E-06 -1.452781019E-08 -2.312390423E-08  3.655652578E-09 -2.307152127E-08  5.624001913E-07  8.418194460E-10 -8.826706238E-09 -2.298985963E-08  1.778045203E-06 -3.571178184E-08 -4.637675230E-08  4.349701980E-07 -2.054275839E-08  8.237116692E-06
  4.409003611E-01  9.999891411E+02  5.624149179E-07  8.185953541E-10 -6.958471578E-09 -4.715547260E-09  1.787173882E-08 -3.724244028E-08  1.778074298E-06 -1.452784529E-08 -2.312370357E-08  3.655672266E-09 -2.307156411E-08  5.624001939E-07  8.472678900E-10 -8.826760919E-09 -2.298995808E-08  1.778044881E-06 -3.571181187E-08 -4.637658259E-08  4.349701980E-07 -2.053077856E-08  8.237118155E-06
  4.440000000E-01  9.999891411E+02  5.624149205E-07  8.242452410E-10 -6.958502043E-09 -4.715583552E-09  1.787174460E-08 -3.724201773E-08  1.778074480E-06 -1.452788159E-08 -2.312349610E-08  3.655692623E-09 -2.307160845E-08  5.624001966E-07  8.529011864E-10 -8.826817455E-09 -2.299005987E-08  1.778044549E-06 -3.571184292E-08 -4.637640711E-08  4.349701980E-07 -2.051839227E-08  8.237119669E-06
  4.469979242E-01  9.999891411E+02  5.624149231E-07  8.297097258E-10 -6.958531508E-09 -4.715618652E-09  1.787175020E-08 -3.724160904E-08  1.778074657E-06 -1.452791669E-08 -2.312329544E-08  3.655712311E-09 -2.307165124E-08  5.624001992E-07  8.583496236E-10 -8.826872137E-09 -2.299015833E-08  1.778044227E-06 -3.571187295E-08 -4.637623736E-08  4.349701980E-07 -2.050641245E-08  8.237121135E-06
  4.499958484E-01  9.999891411E+02  5.624149256E-07  8.351742110E-10 -6.958560973E-09 -4.715653752E-09  1.787175580E-08 -3.724120036E-08  1.778074833E-06 -1.452795179E-08 -2.312309479E-08  3.655731999E-09 -2.307169394E-08  5.624002018E-07  8.637980598E-10 -8.826926818E-09 -2.299025677E-08  1.778043905E-06 -3.571190298E-08 -4.637606763E-08  4.349701980E-07 -2.049443265E-08  8.237122601E-06
  4.529937726E-01  9.999891411E+02  5.624149282E-07  8.406386966E-10 -6.958590439E-09 -4.715688851E-09  1.787176140E-08 -3.724079165E-08  1.778075010E-06 -1.452798689E-08 -2.312289413E-08  3.655751687E-09 -2.307173661E-08  5.624002045E-07  8.692464951E-10 -8.826981500E-09 -2.299035522E-08  1.778043584E-06 -3.571193302E-08 -4.637589788E-08  4.349701980E-07 -2.048245283E-08  8.237124069E-06
  4.559916968E-01  9.999891411E+02  5.624149308E-07  8.461031793E-10 -6.958619904E-09 -4.715723950E-09  1.787176699E-08 -3.724038292E-08  1.778075187E-06 -1.452802198E-08 -2.312269348E-08  3.655771375E-09 -2.307177928E-08  5.624002071E-07  8.746949260E-10 -8.827036181E-09 -2.299045367E-08  1.778043262E-06 -3.571196305E-08 -4.637572811E-08  4.349701980E-07 -2.047047301E-08  8.237125537E-06
  4.589896209E-01  9.999891411E+02  5.624149334E-07  8.515676611E-10 -6.958649370E-09 -4.715759048E-09  1.787177259E-08 -3.723997419E-08  1.778075364E-06 -1.452805708E-08 -2.312249282E-08  3.655791063E-09 -2.307182197E-08  5.624002098E-07  8.801433545E-10 -8.827090863E-09 -2.299055210E-08  1.778042941E-06 -3.571199308E-08 -4.637555832E-08  4.349701980E-07 -2.045849320E-08  8.237127007E-06
  4.619875451E-01  9.999891411E+02  5.624149360E-07  8.570321432E-10 -6.958678836E-09 -4.715794146E-09  1.787177819E-08 -3.723956544E-08  1.778075541E-06 -1.452809218E-08 -2.312229217E-08  3.655810750E-09 -2.307186463E-08  5.624002125E-07  8.855917821E-10 -8.827145544E-09 -2.299065055E-08  1.778042619E-06 -3.571202312E-08 -4.637538855E-08  4.349701980E-07 -2.044651337E-08  8.237128478E-06
  4.649854693E-01  9.999891411E+02  5.624149386E-07  8.624966258E-10 -6.958708302E-09 -4.715829243E-09  1.787178379E-08 -3.723915672E-08  1.778075718E-06 -1.452812728E-08 -2.312209152E-08  3.655830438E-09 -2.307190729E-08  5.624002152E-07  8.910402087E-10 -8.827200226E-09 -2.299074899E-08  1.778042298E-06 -3.571205315E-08 -4.637521876E-08  4.349701980E-07 -2.043453355E-08  8.237129950E-06
  4.679833935E-01  9.999891411E+02  5.624149413E-07  8.679611059E-10 -6.958737768E-09 -4.715864339E-09  1.787178938E-08 -3.723874798E-08  1.778075895E-06 -1.452816237E-08 -2.312189087E-08  3.655850125E-09 -2.307194998E-08  5.624002180E-07  8.964886314E-10 -8.827254907E-09 -2.299084745E-08  1.778041977E-06 -3.571208319E-08 -4.637504898E-08  4.349701980E-07 -2.042255372E-08  8.237131424E-06
  4.709813177E-01  9.999891411E+02  5.624149439E-07  8.734255845E-10 -6.958767234E-09 -4.715899435E-09  1.787179498E-08 -3.723833924E-08  1.778076072E-06 -1.452819747E-08 -2.312169021E-08  3.655869812E-09 -2.307199267E-08  5.624002207E-07  9.019370512E-10 -8.827309589E-09 -2.299094592E-08  1.778041656E-06 -3.571211322E-08 -4.637487918E-08  4.349701980E-07 -2.041057391E-08  8.237132898E-06
  4.739792419E-01  9.999891411E+02  5.624149466E-07  8.788900635E-10 -6.958796700E-09 -4.715934530E-09  1.787180058E-08 -3.723793054E-08  1.778076249E-06 -1.452823257E-08 -2.312148956E-08  3.655889498E-09 -2.307203534E-08  5.624002235E-07  9.073854700E-10 -8.827364271E-09 -2.299104437E-08  1.778041335E-06 -3.571214326E-08 -4.637470934E-08  4.349701980E-07 -2.039859412E-08  8.237134373E-06
  4.769771661E-01  9.999891411E+02  5.624149493E-07  8.843545430E-10 -6.958826167E-09 -4.715969625E-09  1.787180618E-08 -3.723752183E-08  1.778076426E-06 -1.452826766E-08 -2.312128891E-08  3.655909185E-09 -2.307207807E-08  5.624002263E-07  9.128338879E-10 -8.827418953E-09 -2.299114284E-08  1.778041013E-06 -3.571217330E-08 -4.637453948E-08  4.349701980E-07 -2.038661433E-08  8.237135850E-06
  4.799750903E-01  9.999891411E+02  5.624149520E-07  8.898190204E-10 -6.958855633E-09 -4.716004719E-09  1.787181178E-08 -3.723711308E-08  1.778076603E-06 -1.452830275E-08 -2.312108827E-08  3.655928871E-09 -2.307212081E-08  5.624002291E-07  9.182823023E-10 -8.827473635E-09 -2.299124131E-08  1.778040692E-06 -3.571220333E-08 -4.637436969E-08  4.349701980E-07 -2.037463455E-08  8.237137328E-06
  4.829730145E-01  9.999891411E+02  5.624149548E-07  8.952834959E-10 -6.958885100E-09 -4.716039813E-09  1.787181737E-08 -3.723670430E-08  1.778076780E-06 -1.452833785E-08 -2.312088762E-08  3.655948558E-09 -2.307216353E-08  5.624002319E-07  9.237307134E-10 -8.827528316E-09 -2.299133977E-08  1.778040371E-06 -3.571223337E-08 -4.637419989E-08  4.349701980E-07 -2.036265475E-08  8.237138807E-06
  4.859709386E-01  9.999891411E+02  5.624149575E-07  9.007479718E-10 -6.958914567E-09 -4.716074906E-09  1.787182297E-08 -3.723629552E-08  1.778076958E-06 -1.452837294E-08 -2.312068697E-08  3.655968244E-09 -2.307220626E-08  5.624002348E-07  9.291791235E-10 -8.827582998E-09 -2.299143823E-08  1.778040051E-06 -3.571226341E-08 -4.637403007E-08  4.349701980E-07 -2.035067496E-08  8.237140287E-06
  4.889688628E-01  9.999891411E+02  5.624149603E-07  9.062124481E-10 -6.958944033E-09 -4.716109999E-09  1.787182857E-08 -3.723588675E-08  1.778077135E-06 -1.452840803E-08 -2.312048632E-08  3.655987930E-09 -2.307224901E-08  5.624002376E-07  9.346275326E-10 -8.827637680E-09 -2.299153671E-08  1.778039730E-06 -3.571229345E-08 -4.637386026E-08  4.349701980E-07 -2.033869515E-08  8.237141769E-06
  4.919667870E-01  9.999891411E+02  5.624149631E-07  9.116769230E-10 -6.958973500E-09 -4.716145091E-09  1.787183417E-08 -3.723547799E-08  1.778077313E-06 -1.452844313E-08 -2.312028568E-08  3.656007615E-09 -2.307229175E-08  5.624002405E-07  9.400759388E-10 -8.827692362E-09 -2.299163520E-08  1.778039409E-06 -3.571232349E-08 -4.637369042E-08  4.349701980E-07 -2.032671534E-08  8.237143251E-06
  4.949647112E-01  9.999891411E+02  5.624149659E-07  9.171413953E-10 -6.959002967E-09 -4.716180182E-09  1.787183977E-08 -3.723506924E-08  1.778077490E-06 -1.452847822E-08 -2.312008503E-08  3.656027301E-09 -2.307233444E-08  5.624002434E-07  9.455243411E-10 -8.827747044E-09 -2.299173371E-08  1.778039088E-06 -3.571235353E-08 -4.637352053E-08  4.349701980E-07 -2.031473552E-08  8.237144735E-06
  4.979626354E-01  9.999891411E+02  5.624149687E-07  9.226058681E-10 -6.959032435E-09 -4.716215273E-09  1.787184536E-08 -3.723466049E-08  1.778077668E-06 -1.452851331E-08 -2.311988439E-08  3.656046986E-09 -2.307237714E-08  5.624002463E-07  9.509727425E-10 -8.827801727E-09 -2.299183221E-08  1.778038768E-06 -3.571238357E-08 -4.637335065E-08  4.349701980E-07 -2.030275570E-08  8.237146220E-06
  5.009605596E-01  9.999891411E+02  5.624149715E-07  9.280703413E-10 -6.959061902E-09 -4.716250363E-09  1.787185096E-08 -3.723425173E-08  1.778077846E-06 -1.452854840E-08 -2.311968374E-08  3.656066671E-09 -2.307241985E-08  5.624002492E-07  9.564211429E-10 -8.827856409E-09 -2.299193073E-08  1.778038447E-06 -3.571241361E-08 -4.637318072E-08  4.349701980E-07 -2.029077588E-08  8.237147706E-06
  5.039584838E-01  9.999891411E+02  5.624149744E-07  9.335348135E-10 -6.959091369E-09 -4.716285453E-09  1.787185656E-08 -3.723384299E-08  1.778078023E-06 -1.452858349E-08 -2.311948310E-08  3.656086356E-09 -2.307246259E-08  5.624002521E-07  9.618695409E-10 -8.827911091E-09 -2.299202925E-08  1.778038127E-06 -3.571244365E-08 -4.637301081E-08  4.349701980E-07 -2.027879608E-08  8.237149192E-06
  5.069564080E-01  9.999891411E+02  5.624149772E-07  9.389992828E-10 -6.959120837E-09 -4.716320542E-09  1.787186216E-08 -3.723343421E-08  1.778078201E-06 -1.452861858E-08 -2.311928246E-08  3.656106041E-09 -2.307250533E-08  5.624002551E-07  9.673179345E-10 -8.827965773E-09 -2.299212776E-08  1.778037806E-06 -3.571247369E-08 -4.637284090E-08  4.349701980E-07 -2.026681628E-08  8.237150680E-06
  5.099543322E-01  9.999891411E+02  5.624149801E-07  9.444637524E-10 -6.959150304E-09 -4.716355630E-09  1.787186776E-08 -3.723302541E-08  1.778078379E-06 -1.452865367E-08 -2.311908182E-08  3.656125725E-09 -2.307254809E-08  5.624002581E-07  9.727663271E-10 -8.828020456E-09 -2.299222628E-08  1.778037486E-06 -3.571250373E-08 -4.637267100E-08  4.349701980E-07 -2.025483647E-08  8.237152169E-06
  5.129522563E-01  9.999891411E+02  5.624149830E-07  9.499282226E-10 -6.959179772E-09 -4.716390718E-09  1.787187335E-08 -3.723261661E-08  1.778078557E-06 -1.452868875E-08 -2.311888118E-08  3.656145410E-09 -2.307259082E-08  5.624002610E-07  9.782147188E-10 -8.828075138E-09 -2.299232479E-08  1.778037165E-06 -3.571253378E-08 -4.637250111E-08  4.349701980E-07 -2.024285665E-08  8.237153660E-06
  5.159501805E-01  9.999891411E+02  5.624149859E-07  9.553926921E-10 -6.959209240E-09 -4.716425806E-09  1.787187895E-08 -3.723220779E-08  1.778078735E-06 -1.452872384E-08 -2.311868054E-08  3.656165094E-09 -2.307263351E-08  5.624002640E-07  9.836631085E-10 -8.828129820E-09 -2.299242329E-08  1.778036845E-06 -3.571256382E-08 -4.637233117E-08  4.349701980E-07 -2.023087683E-08  8.237155151E-06
  5.189481047E-01  9.999891411E+02  5.624149889E-07  9.608571582E-10 -6.959238707E-09 -4.716460893E-09  1.787188455E-08 -3.723179900E-08  1.778078913E-06 -1.452875893E-08 -2.311847990E-08  3.656184778E-09 -2.307267618E-08  5.624002671E-07  9.891114934E-10 -8.828184503E-09 -2.299252178E-08  1.778036525E-06 -3.571259386E-08 -4.637216126E-08  4.349701980E-07 -2.021889701E-08  8.237156644E-06
  5.219460289E-01  9.999891411E+02  5.624149918E-07  9.663216248E-10 -6.959268175E-09 -4.716495979E-09  1.787189015E-08 -3.723139021E-08  1.778079091E-06 -1.452879401E-08 -2.311827926E-08  3.656204462E-09 -2.307271887E-08  5.624002701E-07  9.945598773E-10 -8.828239185E-09 -2.299262027E-08  1.778036205E-06 -3.571262391E-08 -4.637199135E-08  4.349701980E-07 -2.020691719E-08  8.237158138E-06
  5.249439531E-01  9.999891411E+02  5.624149948E-07  9.717860918E-10 -6.959297644E-09 -4.716531065E-09  1.787189575E-08 -3.723098143E-08  1.778079269E-06 -1.452882910E-08 -2.311807862E-08  3.656224145E-09 -2.307276153E-08  5.624002732E-07  1.000008260E-09 -8.828293868E-09 -2.299271878E-08  1.778035885E-06 -3.571265395E-08 -4.637182146E-08  4.349701980E-07 -2.019493737E-08  8.237159633E-06
  5.279418773E-01  9.999891411E+02  5.624149978E-07  9.772505587E-10 -6.959327112E-09 -4.716566150E-09  1.787190135E-08 -3.723057265E-08  1.778079447E-06 -1.452886418E-08 -2.311787798E-08  3.656243829E-09 -2.307280421E-08  5.624002762E-07  1.005456642E-09 -8.828348550E-09 -2.299281731E-08  1.778035564E-06 -3.571268400E-08 -4.637165148E-08  4.349701980E-07 -2.018295755E-08  8.237161130E-06
  5.309398015E-01  9.999891411E+02  5.624150008E-07  9.827150217E-10 -6.959356580E-09 -4.716601235E-09  1.787190694E-08 -3.723016387E-08  1.778079626E-06 -1.452889927E-08 -2.311767735E-08  3.656263512E-09 -2.307284692E-08  5.624002793E-07  1.010905018E-09 -8.828403233E-09 -2.299291583E-08  1.778035245E-06 -3.571271404E-08 -4.637148149E-08  4.349701980E-07 -2.017097773E-08  8.237162627E-06
  5.339377257E-01  9.999891411E+02  5.624150038E-07  9.881794852E-10 -6.959386048E-09 -4.716636319E-09  1.787191254E-08 -3.722975510E-08  1.778079804E-06 -1.452893435E-08 -2.311747671E-08  3.656283195E-09 -2.307288959E-08  5.624002824E-07  1.016353393E-09 -8.828457916E-09 -2.299301435E-08  1.778034925E-06 -3.571274409E-08 -4.637131153E-08  4.349701980E-07 -2.015899791E-08  8.237164125E-06
  5.369356499E-01  9.999891411E+02  5.624150068E-07  9.936439491E-10 -6.959415517E-09 -4.716671402E-09  1.787191814E-08 -3.722934632E-08  1.778079983E-06 -1.452896944E-08 -2.311727608E-08  3.656302878E-09 -2.307293221E-08  5.624002855E-07  1.021801767E-09 -8.828512598E-09 -2.299311288E-08  1.778034605E-06 -3.571277414E-08 -4.637114158E-08  4.349701980E-07 -2.014701809E-08  8.237165625E-06
  5.399335740E-01  9.999891411E+02  5.624150099E-07  9.991084134E-10 -6.959444986E-09 -4.716706485E-09  1.787192374E-08 -3.722893753E-08  1.778080161E-06 -1.452900452E-08 -2.311707544E-08  3.656322561E-09 -2.307297483E-08  5.624002887E-07  1.027250141E-09 -8.828567281E-09 -2.299321139E-08  1.778034285E-06 -3.571280419E-08 -4.637097159E-08  4.349701980E-07 -2.013503827E-08  8.237167126E-06
  5.429314982E-01  9.999891411E+02  5.624150129E-07  1.004572873E-09 -6.959474454E-09 -4.716741568E-09  1.787192934E-08 -3.722852875E-08  1.778080340E-06 -1.452903960E-08 -2.311687481E-08  3.656342244E-09 -2.307301744E-08  5.624002918E-07  1.032698508E-09 -8.828621964E-09 -2.299330990E-08  1.778033965E-06 -3.571283423E-08 -4.637080158E-08  4.349701980E-07 -2.012305844E-08  8.237168628E-06
  5.459294224E-01  9.999891411E+02  5.624150160E-07  1.010037334E-09 -6.959503923E-09 -4.716776649E-09  1.787193494E-08 -3.722811997E-08  1.778080518E-06 -1.452907468E-08 -2.311667418E-08  3.656361926E-09 -2.307306004E-08  5.624002950E-07  1.038146874E-09 -8.828676647E-09 -2.299340840E-08  1.778033646E-06 -3.571286428E-08 -4.637063159E-08  4.349701980E-07 -2.011107861E-08  8.237170131E-06
  5.489273466E-01  9.999891411E+02  5.624150191E-07  1.015501794E-09 -6.959533392E-09 -4.716811731E-09  1.787194054E-08 -3.722771121E-08  1.778080697E-06 -1.452910977E-08 -2.311647354E-08  3.656381608E-09 -2.307310267E-08  5.624002982E-07  1.043595240E-09 -8.828731330E-09 -2.299350691E-08  1.778033326E-06 -3.571289433E-08 -4.637046156E-08  4.349701980E-07 -2.009909877E-08  8.237171636E-06
  5.519252708E-01  9.999891411E+02  5.624150223E-07  1.020966256E-09 -6.959562861E-09 -4.716846811E-09  1.787194613E-08 -3.722730245E-08  1.778080876E-06 -1.452914485E-08 -2.311627291E-08  3.656401290E-09 -2.307314534E-08  5.624003014E-07  1.049043605E-09 -8.828786013E-09 -2.299360541E-08  1.778033006E-06 -3.571292438E-08 -4.637029145E-08  4.349701980E-07 -2.008711893E-08  8.237173141E-06
  5.549231950E-01  9.999891411E+02  5.624150254E-07  1.026430713E-09 -6.959592330E-09 -4.716881891E-09  1.787195173E-08 -3.722689368E-08  1.778081054E-06 -1.452917993E-08 -2.311607228E-08  3.656420972E-09 -2.307318798E-08  5.624003046E-07  1.054491964E-09 -8.828840696E-09 -2.299370390E-08  1.778032687E-06 -3.571295443E-08 -4.637012135E-08  4.349701980E-07 -2.007513908E-08  8.237174648E-06
  5.579211192E-01  9.999891410E+02  5.624150285E-07  1.031895170E-09 -6.959621800E-09 -4.716916971E-09  1.787195733E-08 -3.722648491E-08  1.778081233E-06 -1.452921501E-08 -2.311587165E-08  3.656440654E-09 -2.307323066E-08  5.624003079E-07  1.059940321E-09 -8.828895379E-09 -2.299380241E-08  1.778032367E-06 -3.571298448E-08 -4.636995122E-08  4.349701980E-07 -2.006315921E-08  8.237176155E-06
  5.609190434E-01  9.999891410E+02  5.624150317E-07  1.037359628E-09 -6.959651269E-09 -4.716952050E-09  1.787196293E-08 -3.722607612E-08  1.778081412E-06 -1.452925008E-08 -2.311567102E-08  3.656460335E-09 -2.307327337E-08  5.624003111E-07  1.065388678E-09 -8.828950062E-09 -2.299390089E-08  1.778032048E-06 -3.571301453E-08 -4.636978106E-08  4.349701980E-07 -2.005117934E-08  8.237177664E-06
  5.639169676E-01  9.999891410E+02  5.624150349E-07  1.042824086E-09 -6.959680739E-09 -4.716987128E-09  1.787196853E-08 -3.722566733E-08  1.778081591E-06 -1.452928516E-08 -2.311547039E-08  3.656480017E-09 -2.307331608E-08  5.624003144E-07  1.070837034E-09 -8.829004745E-09 -2.299399937E-08  1.778031729E-06 -3.571304459E-08 -4.636961094E-08  4.349701980E-07 -2.003919946E-08  8.237179175E-06
  5.669148917E-01  9.999891410E+02  5.624150381E-07  1.048288541E-09 -6.959710208E-09 -4.717022206E-09  1.787197413E-08 -3.722525853E-08  1.778081770E-06 -1.452932024E-08 -2.311526977E-08  3.656499698E-09 -2.307335884E-08  5.624003177E-07  1.076285385E-09 -8.829059428E-09 -2.299409780E-08  1.778031409E-06 -3.571307464E-08 -4.636944079E-08  4.349701980E-07 -2.002721959E-08  8.237180686E-06
  5.699128159E-01  9.999891410E+02  5.624150413E-07  1.053752995E-09 -6.959739678E-09 -4.717057284E-09  1.787197973E-08 -3.722484972E-08  1.778081949E-06 -1.452935532E-08 -2.311506914E-08  3.656519379E-09 -2.307340161E-08  5.624003210E-07  1.081733734E-09 -8.829114111E-09 -2.299419623E-08  1.778031090E-06 -3.571310469E-08 -4.636927064E-08  4.349701980E-07 -2.001523971E-08  8.237182199E-06
  5.729107401E-01  9.999891410E+02  5.624150445E-07  1.059217449E-09 -6.959769148E-09 -4.717092360E-09  1.787198532E-08 -3.722444093E-08  1.778082128E-06 -1.452939039E-08 -2.311486851E-08  3.656539059E-09 -2.307344436E-08  5.624003243E-07  1.087182082E-09 -8.829168795E-09 -2.299429464E-08  1.778030771E-06 -3.571313474E-08 -4.636910050E-08  4.349701980E-07 -2.000325985E-08  8.237183712E-06
  5.759086643E-01  9.999891410E+02  5.624150478E-07  1.064681904E-09 -6.959798618E-09 -4.717127436E-09  1.787199092E-08 -3.722403214E-08  1.778082308E-06 -1.452942547E-08 -2.311466789E-08  3.656558740E-09 -2.307348708E-08  5.624003276E-07  1.092630429E-09 -8.829223478E-09 -2.299439308E-08  1.778030452E-06 -3.571316480E-08 -4.636893037E-08  4.349701980E-07 -1.999127998E-08  8.237185227E-06
  5.789065885E-01  9.999891410E+02  5.624150511E-07  1.070146356E-09 -6.959828088E-09 -4.717162512E-09  1.787199652E-08 -3.722362333E-08  1.778082487E-06 -1.452946055E-08 -2.311446726E-08  3.656578420E-09 -2.307352974E-08  5.624003310E-07  1.098078772E-09 -8.829278161E-09 -2.299449152E-08  1.778030133E-06 -3.571319485E-08 -4.636876021E-08  4.349701980E-07 -1.997930010E-08  8.237186743E-06
  5.819045127E-01  9.999891410E+02  5.624150544E-07  1.075610807E-09 -6.959857558E-09 -4.717197587E-09  1.787200212E-08 -3.722321455E-08  1.778082666E-06 -1.452949562E-08 -2.311426664E-08  3.656598101E-09 -2.307357234E-08  5.624003344E-07  1.103527112E-09 -8.829332845E-09 -2.299458997E-08  1.778029814E-06 -3.571322491E-08 -4.636859002E-08  4.349701980E-07 -1.996732023E-08  8.237188260E-06
  5.849024369E-01  9.999891410E+02  5.624150577E-07  1.081075259E-09 -6.959887028E-09 -4.717232662E-09  1.787200772E-08 -3.722280576E-08  1.778082846E-06 -1.452953070E-08 -2.311406602E-08  3.656617781E-09 -2.307361493E-08  5.624003377E-07  1.108975452E-09 -8.829387528E-09 -2.299468840E-08  1.778029495E-06 -3.571325496E-08 -4.636841982E-08  4.349701980E-07 -1.995534037E-08  8.237189778E-06
  5.879003611E-01  9.999891410E+02  5.624150610E-07  1.086539711E-09 -6.959916498E-09 -4.717267736E-09  1.787201332E-08 -3.722239699E-08  1.778083025E-06 -1.452956577E-08 -2.311386539E-08  3.656637460E-09 -2.307365753E-08  5.624003411E-07  1.114423790E-09 -8.829442212E-09 -2.299478687E-08  1.778029176E-06 -3.571328502E-08 -4.636824966E-08  4.349701980E-07 -1.994336050E-08  8.237191298E-06
  5.910000000E-01  9.999891410E+02  5.624150644E-07  1.092189560E-09 -6.959946969E-09 -4.717303999E-09  1.787201911E-08 -3.722197436E-08  1.778083211E-06 -1.452960203E-08 -2.311365796E-08  3.656657808E-09 -2.307370163E-08  5.624003447E-07  1.120056978E-09 -8.829498751E-09 -2.299488867E-08  1.778028847E-06 -3.571331610E-08 -4.636807370E-08  4.349701980E-07 -1.993097418E-08  8.237192870E-06
  5.939979242E-01  9.999891410E+02  5.624150678E-07  1.097654008E-09 -6.959976439E-09 -4.717339072E-09  1.787202471E-08 -3.722156559E-08  1.778083390E-06 -1.452963711E-08 -2.311345734E-08  3.656677487E-09 -2.307374426E-08  5.624003481E-07  1.125505309E-09 -8.829553434E-09 -2.299498715E-08  1.778028528E-06 -3.571334615E-08 -4.636790347E-08  4.349701980E-07 -1.991899433E-08  8.237194391E-06
  5.969958484E-01  9.999891410E+02  5.624150711E-07  1.103118456E-09 -6.960005910E-09 -4.717374144E-09  1.787203031E-08 -3.722115682E-08  1.778083570E-06 -1.452967218E-08 -2.311325672E-08  3.656697167E-09 -2.307378690E-08  5.624003516E-07  1.130953640E-09 -8.829608118E-09 -2.299508563E-08  1.778028209E-06 -3.571337621E-08 -4.636773327E-08  4.349701980E-07 -1.990701447E-08  8.237195914E-06
  5.999937726E-01  9.999891410E+02  5.624150745E-07  1.102410146E-09 -6.960035383E-09 -4.662014997E-09  1.787203591E-08 -3.722074806E-08  1.778143072E-06 -1.458947079E-08 -2.313362502E-08  3.665182575E-09 -2.308494749E-08  5.624003550E-07  1.142569303E-09 -8.829662800E-09 -2.299518412E-08  1.778015574E-06 -3.570322000E-08 -4.634757305E-08  4.349701980E-07 -1.989503460E-08  8.237197438E-06
  6.029916968E-01  9.999891410E+02  5.624150779E-07  2.319474438E-10 -6.960064847E-09 -7.474157175E-08  1.787204153E-08 -3.722033931E-08  1.783371004E-06  5.549945032E-08 -2.295058948E-08  2.561365107E-09 -2.601537079E-08  5.624003585E-07  2.023929732E-09 -8.829717448E-09 -2.299528263E-08  1.787897732E-06 -3.794568588E-08 -4.169563328E-08  4.349701980E-07 -1.988305476E-08  8.237198964E-06
  6.059896209E-01  9.999891410E+02  5.624150814E-07  2.368930286E-10 -6.960094307E-09 -7.474108007E-08  1.787204721E-08 -3.721993049E-08  1.783377334E-06  5.549920276E-08 -2.294892158E-08  2.561581149E-09 -2.601806695E-08  5.624003620E-07  2.029890734E-09 -8.829772006E-09 -2.299538133E-08  1.787896630E-06 -3.794591866E-08 -4.169419843E-08  4.349701980E-07 -1.987107492E-08  8.237200490E-06
  6.089875451E-01  9.999891410E+02  5.624150850E-07  2.418820044E-10 -6.960123766E-09 -7.474100100E-08  1.787205293E-08 -3.721952153E-08  1.783384538E-06  5.549948865E-08 -2.294652796E-08  2.561690262E-09 -2.602139990E-08  5.624003654E-07  2.035806556E-09 -8.829826458E-09 -2.299548026E-08  1.787896066E-06 -3.794635935E-08 -4.169269850E-08  4.349701980E-07 -1.985909506E-08  8.237202017E-06
  6.119854693E-01  9.999891410E+02  5.624150887E-07  2.470192490E-10 -6.960153225E-09 -7.474121125E-08  1.787205871E-08 -3.721911243E-08  1.783389556E-06  5.549989884E-08 -2.294476128E-08  2.561767117E-09 -2.602368836E-08  5.624003687E-07  2.041572308E-09 -8.829880801E-09 -2.299557940E-08  1.787895812E-06 -3.794670779E-08 -4.169163926E-08  4.349701980E-07 -1.984711523E-08  8.237203546E-06
  6.149833935E-01  9.999891410E+02  5.624150924E-07  2.520009797E-10 -6.960182684E-09 -7.474061230E-08  1.787206455E-08 -3.721870319E-08  1.783395321E-06  5.549948165E-08 -2.294325811E-08  2.561971770E-09 -2.602609617E-08  5.624003719E-07  2.047491562E-09 -8.829935031E-09 -2.299567877E-08  1.787894759E-06 -3.794692537E-08 -4.169032211E-08  4.349701980E-07 -1.983513542E-08  8.237205076E-06
  6.179813177E-01  9.999891410E+02  5.624150963E-07  2.568501935E-10 -6.960212142E-09 -7.473967377E-08  1.787207044E-08 -3.721829380E-08  1.783403620E-06  5.549894656E-08 -2.294082472E-08  2.562166413E-09 -2.602979959E-08  5.624003751E-07  2.053541149E-09 -8.829989146E-09 -2.299577839E-08  1.787893527E-06 -3.794731336E-08 -4.168853830E-08  4.349701980E-07 -1.982315562E-08  8.237206606E-06
  6.209792419E-01  9.999891410E+02  5.624151003E-07  2.618697682E-10 -6.960241599E-09 -7.474025917E-08  1.787207640E-08 -3.721788427E-08  1.783410729E-06  5.549989138E-08 -2.293826195E-08  2.562234042E-09 -2.603310243E-08  5.624003782E-07  2.059418177E-09 -8.830043142E-09 -2.299587826E-08  1.787893420E-06 -3.794781910E-08 -4.168709389E-08  4.349701980E-07 -1.981117580E-08  8.237208139E-06
  6.239771661E-01  9.999891410E+02  5.624151044E-07  2.669133039E-10 -6.960271056E-09 -7.474068240E-08  1.787208241E-08 -3.721747458E-08  1.783416317E-06  5.550049234E-08 -2.293654894E-08  2.562374840E-09 -2.603552784E-08  5.624003812E-07  2.065268914E-09 -8.830097014E-09 -2.299597838E-08  1.787893076E-06 -3.794813854E-08 -4.168587350E-08  4.349701980E-07 -1.979919597E-08  8.237209672E-06
  6.269750903E-01  9.999891410E+02  5.624151086E-07  2.717578645E-10 -6.960300513E-09 -7.473858450E-08  1.787208849E-08 -3.721706472E-08  1.783423908E-06  5.549872348E-08 -2.293463155E-08  2.562625122E-09 -2.603882451E-08  5.624003842E-07  2.071316048E-09 -8.830150760E-09 -2.299607875E-08  1.787891200E-06 -3.794839466E-08 -4.168416706E-08  4.349701980E-07 -1.978721614E-08  8.237211206E-06
  6.299730145E-01  9.999891410E+02  5.624151130E-07  2.766251065E-10 -6.960329968E-09 -7.473930557E-08  1.787209463E-08 -3.721665470E-08  1.783432764E-06  5.549989596E-08 -2.293156585E-08  2.562747186E-09 -2.604284331E-08  5.624003870E-07  2.077337779E-09 -8.830204376E-09 -2.299617941E-08  1.787891021E-06 -3.794895308E-08 -4.168236912E-08  4.349701980E-07 -1.977523630E-08  8.237212741E-06
  6.329709386E-01  9.999891410E+02  5.624151174E-07  2.816333487E-10 -6.960359423E-09 -7.474023274E-08  1.787210084E-08 -3.721624449E-08  1.783439457E-06  5.550109408E-08 -2.292945035E-08  2.562849991E-09 -2.604588686E-08  5.624003898E-07  2.083215746E-09 -8.830257856E-09 -2.299628032E-08  1.787890881E-06 -3.794940340E-08 -4.168094195E-08  4.349701980E-07 -1.976325645E-08  8.237214278E-06
  6.359688628E-01  9.999891410E+02  5.624151220E-07  2.864917549E-10 -6.960388878E-09 -7.473692650E-08  1.787210712E-08 -3.721583410E-08  1.783446521E-06  5.549807556E-08 -2.292766737E-08  2.563128082E-09 -2.604892120E-08  5.624003925E-07  2.089240516E-09 -8.830311198E-09 -2.299638151E-08  1.787888666E-06 -3.794959356E-08 -4.167935311E-08  4.349701980E-07 -1.975127661E-08  8.237215815E-06
  6.389667870E-01  9.999891410E+02  5.624151267E-07  2.911639604E-10 -6.960418332E-09 -7.473879149E-08  1.787211347E-08 -3.721542354E-08  1.783457379E-06  5.550046229E-08 -2.292425912E-08  2.563312772E-09 -2.605366170E-08  5.624003950E-07  2.095448174E-09 -8.830364398E-09 -2.299648303E-08  1.787888522E-06 -3.795020762E-08 -4.167707991E-08  4.349701980E-07 -1.973929674E-08  8.237217354E-06
  6.419647112E-01  9.999891410E+02  5.624151316E-07  2.960711051E-10 -6.960447784E-09 -7.473837957E-08  1.787211989E-08 -3.721501279E-08  1.783466008E-06  5.550050208E-08 -2.292138779E-08  2.563421436E-09 -2.605776300E-08  5.624003975E-07  2.101417552E-09 -8.830417449E-09 -2.299658485E-08  1.787887965E-06 -3.795077978E-08 -4.167531828E-08  4.349701980E-07 -1.972731687E-08  8.237218894E-06
  6.449626354E-01  9.999891410E+02  5.624151365E-07  3.009806023E-10 -6.960477237E-09 -7.473816521E-08  1.787212639E-08 -3.721460187E-08  1.783473072E-06  5.550053726E-08 -2.291922289E-08  2.563615745E-09 -2.606081306E-08  5.624003999E-07  2.107380997E-09 -8.830470348E-09 -2.299668696E-08  1.787887373E-06 -3.795114652E-08 -4.167380923E-08  4.349701980E-07 -1.971533699E-08  8.237220435E-06
  6.479605596E-01  9.999891410E+02  5.624151417E-07  3.055896900E-10 -6.960506688E-09 -7.473723307E-08  1.787213297E-08 -3.721419074E-08  1.783483556E-06  5.550006388E-08 -2.291664171E-08  2.563920270E-09 -2.606532640E-08  5.624004022E-07  2.113640920E-09 -8.830523090E-09 -2.299678938E-08  1.787885636E-06 -3.795154606E-08 -4.167146898E-08  4.349701980E-07 -1.970335710E-08  8.237221978E-06
  6.509584838E-01  9.999891410E+02  5.624151469E-07  3.103209997E-10 -6.960536139E-09 -7.473501389E-08  1.787213963E-08 -3.721377942E-08  1.783494370E-06  5.549847563E-08 -2.291295861E-08  2.564091272E-09 -2.607038175E-08  5.624004044E-07  2.119774510E-09 -8.830575670E-09 -2.299689214E-08  1.787884319E-06 -3.795215448E-08 -4.166930851E-08  4.349701980E-07 -1.969137721E-08  8.237223521E-06
  6.539564080E-01  9.999891410E+02  5.624151523E-07  3.152093586E-10 -6.960565588E-09 -7.473878401E-08  1.787214637E-08 -3.721336790E-08  1.783502865E-06  5.550258896E-08 -2.291002343E-08  2.564160400E-09 -2.607411339E-08  5.624004064E-07  2.125746776E-09 -8.830628083E-09 -2.299699521E-08  1.787885375E-06 -3.795281320E-08 -4.166755762E-08  4.349701980E-07 -1.967939732E-08  8.237225066E-06
  6.569543322E-01  9.999891410E+02  5.624151578E-07  3.198995178E-10 -6.960595037E-09 -7.473567362E-08  1.787215320E-08 -3.721295616E-08  1.783511823E-06  5.549983216E-08 -2.290793903E-08  2.564505655E-09 -2.607800949E-08  5.624004084E-07  2.131912608E-09 -8.830680323E-09 -2.299709860E-08  1.787883073E-06 -3.795307698E-08 -4.166554610E-08  4.349701980E-07 -1.966741745E-08  8.237226612E-06
  6.599522563E-01  9.999891410E+02  5.624151635E-07  3.244430069E-10 -6.960624486E-09 -7.473459543E-08  1.787216012E-08 -3.721254420E-08  1.783524273E-06  5.549941699E-08 -2.290413535E-08  2.564753583E-09 -2.608357494E-08  5.624004102E-07  2.138220109E-09 -8.830732385E-09 -2.299720233E-08  1.787881715E-06 -3.795369408E-08 -4.166295828E-08  4.349701980E-07 -1.965543758E-08  8.237228159E-06
  6.629501805E-01  9.999891410E+02  5.624151694E-07  3.292248719E-10 -6.960653932E-09 -7.473644759E-08  1.787216713E-08 -3.721213203E-08  1.783534680E-06  5.550179646E-08 -2.290049826E-08  2.564843072E-09 -2.608836851E-08  5.624004119E-07  2.144284085E-09 -8.830784264E-09 -2.299730644E-08  1.787882111E-06 -3.795444611E-08 -4.166087819E-08  4.349701980E-07 -1.964345771E-08  8.237229708E-06
  6.659481047E-01  9.999891410E+02  5.624151754E-07  3.339720769E-10 -6.960683379E-09 -7.473547144E-08  1.787217423E-08 -3.721171963E-08  1.783543428E-06  5.550115047E-08 -2.289818118E-08  2.565104042E-09 -2.609216662E-08  5.624004135E-07  2.150377227E-09 -8.830835954E-09 -2.299741096E-08  1.787880892E-06 -3.795483734E-08 -4.165895675E-08  4.349701980E-07 -1.963147783E-08  8.237231257E-06
  6.689460289E-01  9.999891410E+02  5.624151816E-07  3.384079028E-10 -6.960712824E-09 -7.473311383E-08  1.787218143E-08 -3.721130701E-08  1.783556055E-06  5.549940117E-08 -2.289478753E-08  2.565466419E-09 -2.609765585E-08  5.624004149E-07  2.156775760E-09 -8.830887449E-09 -2.299751587E-08  1.787878717E-06 -3.795531572E-08 -4.165623757E-08  4.349701980E-07 -1.961949793E-08  8.237232808E-06
  6.719439531E-01  9.999891410E+02  5.624151880E-07  3.429430934E-10 -6.960742268E-09 -7.473425053E-08  1.787218873E-08 -3.721089414E-08  1.783569641E-06  5.550127620E-08 -2.289024209E-08  2.565626965E-09 -2.610387996E-08  5.624004162E-07  2.163068657E-09 -8.830938744E-09 -2.299762120E-08  1.787878614E-06 -3.795618182E-08 -4.165351884E-08  4.349701980E-07 -1.960751804E-08  8.237234360E-06
  6.749418773E-01  9.999891410E+02  5.624151945E-07  3.476631588E-10 -6.960771711E-09 -7.473453769E-08  1.787219613E-08 -3.721048100E-08  1.783579791E-06  5.550201700E-08 -2.288716672E-08  2.565806789E-09 -2.610845413E-08  5.624004174E-07  2.169170144E-09 -8.830989831E-09 -2.299772695E-08  1.787878112E-06 -3.795679491E-08 -4.165138544E-08  4.349701980E-07 -1.959553814E-08  8.237235913E-06
  6.779398015E-01  9.999891410E+02  5.624152012E-07  3.521132401E-10 -6.960801153E-09 -7.473196568E-08  1.787220364E-08 -3.721006758E-08  1.783591777E-06  5.549997299E-08 -2.288397254E-08  2.566191970E-09 -2.611360444E-08  5.624004184E-07  2.175534484E-09 -8.831040704E-09 -2.299783313E-08  1.787876010E-06 -3.795722791E-08 -4.164880443E-08  4.349701980E-07 -1.958355823E-08  8.237237467E-06
  6.809377257E-01  9.999891410E+02  5.624152081E-07  3.564446290E-10 -6.960830594E-09 -7.473301030E-08  1.787221126E-08 -3.720965388E-08  1.783607283E-06  5.550183016E-08 -2.287927944E-08  2.566443130E-09 -2.612055764E-08  5.624004192E-07  2.182009933E-09 -8.831091357E-09 -2.299793974E-08  1.787875376E-06 -3.795809225E-08 -4.164560050E-08  4.349701980E-07 -1.957157835E-08  8.237239022E-06
  6.839356499E-01  9.999891410E+02  5.624152152E-07  3.610797808E-10 -6.960860034E-09 -7.473199948E-08  1.787221899E-08 -3.720923988E-08  1.783619165E-06  5.550144034E-08 -2.287538251E-08  2.566620391E-09 -2.612609052E-08  5.624004199E-07  2.188173742E-09 -8.831141783E-09 -2.299804681E-08  1.787874627E-06 -3.795883137E-08 -4.164320960E-08  4.349701980E-07 -1.955959844E-08  8.237240578E-06
  6.869335740E-01  9.999891410E+02  5.624152225E-07  3.655056543E-10 -6.960889472E-09 -7.473135740E-08  1.787222684E-08 -3.720882559E-08  1.783631391E-06  5.550129688E-08 -2.287213426E-08  2.566973930E-09 -2.613124259E-08  5.624004205E-07  2.194538347E-09 -8.831191973E-09 -2.299815440E-08  1.787873222E-06 -3.795934650E-08 -4.164055048E-08  4.349701980E-07 -1.954761854E-08  8.237242135E-06
  6.899314982E-01  9.999891410E+02  5.624152300E-07  3.695747844E-10 -6.960918910E-09 -7.473038188E-08  1.787223481E-08 -3.720841101E-08  1.783649009E-06  5.550120200E-08 -2.286718039E-08  2.567396931E-09 -2.613899609E-08  5.624004208E-07  2.201250521E-09 -8.831241923E-09 -2.299826247E-08  1.787871528E-06 -3.796014057E-08 -4.163686299E-08  4.349701980E-07 -1.953563867E-08  8.237243694E-06
  6.929294224E-01  9.999891410E+02  5.624152377E-07  3.738946586E-10 -6.960948345E-09 -7.473090533E-08  1.787224291E-08 -3.720799611E-08  1.783665735E-06  5.550265672E-08 -2.286180890E-08  2.567586722E-09 -2.614676782E-08  5.624004210E-07  2.207702387E-09 -8.831291622E-09 -2.299837101E-08  1.787871105E-06 -3.796120029E-08 -4.163350264E-08  4.349701980E-07 -1.952365880E-08  8.237245253E-06
  6.959273466E-01  9.999891410E+02  5.624152456E-07  3.783927854E-10 -6.960977780E-09 -7.472921495E-08  1.787225113E-08 -3.720758090E-08  1.783678101E-06  5.550153539E-08 -2.285804301E-08  2.567865454E-09 -2.615227492E-08  5.624004210E-07  2.213965880E-09 -8.831341062E-09 -2.299848007E-08  1.787869898E-06 -3.796185141E-08 -4.163095072E-08  4.349701980E-07 -1.951167894E-08  8.237246814E-06
  6.989252708E-01  9.999891410E+02  5.624152538E-07  3.824113163E-10 -6.961007213E-09 -7.472889576E-08  1.787225949E-08 -3.720716538E-08  1.783695206E-06  5.550198077E-08 -2.285362594E-08  2.568337604E-09 -2.615952007E-08  5.624004208E-07  2.220697965E-09 -8.831390236E-09 -2.299858969E-08  1.787868111E-06 -3.796254165E-08 -4.162725727E-08  4.349701980E-07 -1.949969907E-08  8.237248376E-06
  7.019231950E-01  9.999891410E+02  5.624152621E-07  3.864381665E-10 -6.961036644E-09 -7.472748413E-08  1.787226798E-08 -3.720674952E-08  1.783715007E-06  5.550168561E-08 -2.284752770E-08  2.568665935E-09 -2.616861008E-08  5.624004205E-07  2.227410064E-09 -8.831439134E-09 -2.299869986E-08  1.787866676E-06 -3.796361633E-08 -4.162326372E-08  4.349701980E-07 -1.948771918E-08  8.237249939E-06
  7.049211192E-01  9.999891410E+02  5.624152707E-07  3.908559254E-10 -6.961066074E-09 -7.472837748E-08  1.787227662E-08 -3.720633332E-08  1.783729903E-06  5.550335203E-08 -2.284256969E-08  2.568831886E-09 -2.617544625E-08  5.624004199E-07  2.233719046E-09 -8.831487748E-09 -2.299881058E-08  1.787866692E-06 -3.796461485E-08 -4.162029780E-08  4.349701980E-07 -1.947573928E-08  8.237251504E-06
  7.079190434E-01  9.999891410E+02  5.624152796E-07  3.949943982E-10 -6.961095502E-09 -7.472688592E-08  1.787228540E-08 -3.720591675E-08  1.783745081E-06  5.550248970E-08 -2.283873650E-08  2.569294429E-09 -2.618186016E-08  5.624004191E-07  2.240294179E-09 -8.831536067E-09 -2.299892191E-08  1.787864724E-06 -3.796520508E-08 -4.161700015E-08  4.349701980E-07 -1.946375938E-08  8.237253069E-06
  7.109169676E-01  9.999891410E+02  5.624152887E-07  3.987648589E-10 -6.961124929E-09 -7.472482561E-08  1.787229433E-08 -3.720549981E-08  1.783766503E-06  5.550156025E-08 -2.283264142E-08  2.569781773E-09 -2.619135519E-08  5.624004181E-07  2.247223200E-09 -8.831584084E-09 -2.299903389E-08  1.787862525E-06 -3.796617203E-08 -4.161257352E-08  4.349701980E-07 -1.945177947E-08  8.237254635E-06
  7.139148917E-01  9.999891410E+02  5.624152980E-07  4.028937406E-10 -6.961154354E-09 -7.472629969E-08  1.787230342E-08 -3.720508246E-08  1.783785832E-06  5.550411702E-08 -2.282628163E-08  2.569965739E-09 -2.620030081E-08  5.624004168E-07  2.253779003E-09 -8.831631788E-09 -2.299914648E-08  1.787862618E-06 -3.796745204E-08 -4.160874636E-08  4.349701980E-07 -1.943979956E-08  8.237256203E-06
  7.169128159E-01  9.999891410E+02  5.624153076E-07  4.070918418E-10 -6.961183777E-09 -7.472497129E-08  1.787231267E-08 -3.720466471E-08  1.783801084E-06  5.550345465E-08 -2.282195801E-08  2.570347214E-09 -2.620695640E-08  5.624004154E-07  2.260249867E-09 -8.831679169E-09 -2.299925972E-08  1.787861293E-06 -3.796819909E-08 -4.160555571E-08  4.349701980E-07 -1.942781966E-08  8.237257772E-06
  7.199107401E-01  9.999891410E+02  5.624153175E-07  4.107032855E-10 -6.961213199E-09 -7.472327270E-08  1.787232209E-08 -3.720424658E-08  1.783822959E-06  5.550279956E-08 -2.281632065E-08  2.570943524E-09 -2.621633704E-08  5.624004137E-07  2.267290412E-09 -8.831726217E-09 -2.299937361E-08  1.787858737E-06 -3.796905732E-08 -4.160089187E-08  4.349701980E-07 -1.941583974E-08  8.237259342E-06
  7.229086643E-01  9.999891410E+02  5.624153277E-07  4.144636128E-10 -6.961242618E-09 -7.472221947E-08  1.787233167E-08 -3.720382806E-08  1.783846560E-06  5.550310431E-08 -2.280884608E-08  2.571277899E-09 -2.622721083E-08  5.624004117E-07  2.274164133E-09 -8.831772922E-09 -2.299948818E-08  1.787857627E-06 -3.797041740E-08 -4.159621320E-08  4.349701980E-07 -1.940385983E-08  8.237260914E-06
  7.259065885E-01  9.999891410E+02  5.624153382E-07  4.185514070E-10 -6.961272035E-09 -7.472303574E-08  1.787234144E-08 -3.720340909E-08  1.783864581E-06  5.550480566E-08 -2.280331581E-08  2.571550577E-09 -2.623526576E-08  5.624004095E-07  2.280691468E-09 -8.831819271E-09 -2.299960347E-08  1.787857290E-06 -3.797151092E-08 -4.159253731E-08  4.349701980E-07 -1.939187994E-08  8.237262486E-06
  7.289045127E-01  9.999891410E+02  5.624153489E-07  4.221247888E-10 -6.961301451E-09 -7.471988484E-08  1.787235138E-08 -3.720298968E-08  1.783886009E-06  5.550262256E-08 -2.279778193E-08  2.572210594E-09 -2.624437264E-08  5.624004070E-07  2.287712826E-09 -8.831865254E-09 -2.299971953E-08  1.787854445E-06 -3.797229397E-08 -4.158799354E-08  4.349701980E-07 -1.937990006E-08  8.237264059E-06
  7.319024369E-01  9.999891410E+02  5.624153600E-07  4.254285346E-10 -6.961330865E-09 -7.472049029E-08  1.787236152E-08 -3.720256979E-08  1.783914301E-06  5.550477292E-08 -2.278958566E-08  2.572690443E-09 -2.625702348E-08  5.624004043E-07  2.294982075E-09 -8.831910859E-09 -2.299983638E-08  1.787853100E-06 -3.797377455E-08 -4.158220577E-08  4.349701980E-07 -1.936792017E-08  8.237265634E-06
  7.349003611E-01  9.999891410E+02  5.624153714E-07  4.292984638E-10 -6.961360276E-09 -7.471926887E-08  1.787237185E-08 -3.720214945E-08  1.783936338E-06  5.550476667E-08 -2.278224895E-08  2.572979531E-09 -2.626727783E-08  5.624004012E-07  2.301662247E-09 -8.831956073E-09 -2.299995401E-08  1.787852644E-06 -3.797517171E-08 -4.157793698E-08  4.349701980E-07 -1.935594027E-08  8.237267210E-06
  7.380000000E-01  9.999891410E+02  5.624153835E-07  4.329112255E-10 -6.961390683E-09 -7.471662698E-08  1.787238274E-08 -3.720171430E-08  1.783959194E-06  5.550312389E-08 -2.277665212E-08  2.573649394E-09 -2.627691706E-08  5.624003978E-07  2.308931726E-09 -8.832002396E-09 -2.300007648E-08  1.787849642E-06 -3.797604327E-08 -4.157300239E-08  4.349701980E-07 -1.934355389E-08  8.237268841E-06
  7.409979242E-01  9.999891410E+02  5.624153955E-07  4.358135931E-10 -6.961420089E-09 -7.471582892E-08  1.787239349E-08 -3.720129293E-08  1.783991085E-06  5.550401867E-08 -2.276769353E-08  2.574316406E-09 -2.629085702E-08  5.624003941E-07  2.316527624E-09 -8.832046774E-09 -2.300019576E-08  1.787847391E-06 -3.797751620E-08 -4.156643678E-08  4.349701980E-07 -1.933157398E-08  8.237270419E-06
  7.439958484E-01  9.999891410E+02  5.624154079E-07  4.392616348E-10 -6.961449493E-09 -7.471749843E-08  1.787240445E-08 -3.720087105E-08  1.784019604E-06  5.550731876E-08 -2.275830161E-08  2.574589561E-09 -2.630407398E-08  5.624003902E-07  2.323549949E-09 -8.832090720E-09 -2.300031593E-08  1.787847875E-06 -3.797938764E-08 -4.156088604E-08  4.349701980E-07 -1.931959408E-08  8.237271998E-06
  7.469937726E-01  9.999891410E+02  5.624154207E-07  4.428043361E-10 -6.961478894E-09 -7.471579541E-08  1.787241563E-08 -3.720044859E-08  1.784042101E-06  5.550662056E-08 -2.275206464E-08  2.575138255E-09 -2.631388308E-08  5.624003859E-07  2.330447906E-09 -8.832134219E-09 -2.300043696E-08  1.787846284E-06 -3.798048391E-08 -4.155623361E-08  4.349701980E-07 -1.930761421E-08  8.237273579E-06
  7.499916968E-01  9.999891410E+02  5.624154339E-07  4.454985201E-10 -6.961508293E-09 -7.471194847E-08  1.787242705E-08 -3.720002557E-08  1.784074050E-06  5.550434160E-08 -2.274404794E-08  2.576018421E-09 -2.632755839E-08  5.624003813E-07  2.338162359E-09 -8.832177255E-09 -2.300055889E-08  1.787842228E-06 -3.798167095E-08 -4.154948182E-08  4.349701980E-07 -1.929563433E-08  8.237275161E-06
  7.529896209E-01  9.999891410E+02  5.624154474E-07  4.483924051E-10 -6.961537688E-09 -7.471146407E-08  1.787243870E-08 -3.719960196E-08  1.784108985E-06  5.550589333E-08 -2.273307953E-08  2.576469615E-09 -2.634351397E-08  5.624003763E-07  2.345643098E-09 -8.832219814E-09 -2.300068182E-08  1.787841283E-06 -3.798368996E-08 -4.154261201E-08  4.349701980E-07 -1.928365445E-08  8.237276744E-06
  7.559875451E-01  9.999891410E+02  5.624154613E-07  4.518062446E-10 -6.961567081E-09 -7.471194285E-08  1.787245060E-08 -3.719917775E-08  1.784135076E-06  5.550770839E-08 -2.272505750E-08  2.576847425E-09 -2.635518994E-08  5.624003709E-07  2.352567845E-09 -8.832261878E-09 -2.300080576E-08  1.787840947E-06 -3.798526083E-08 -4.153738521E-08  4.349701980E-07 -1.927167457E-08  8.237278328E-06
  7.589854693E-01  9.999891410E+02  5.624154756E-07  4.544670067E-10 -6.961596471E-09 -7.470927906E-08  1.787246276E-08 -3.719875293E-08  1.784166242E-06  5.550645549E-08 -2.271709527E-08  2.577755710E-09 -2.636833211E-08  5.624003652E-07  2.360206912E-09 -8.832303431E-09 -2.300093071E-08  1.787837877E-06 -3.798644747E-08 -4.153083319E-08  4.349701980E-07 -1.925969471E-08  8.237279913E-06
  7.619833935E-01  9.999891410E+02  5.624154904E-07  4.567781479E-10 -6.961625858E-09 -7.470886730E-08  1.787247518E-08 -3.719832742E-08  1.784206595E-06  5.550826682E-08 -2.270554861E-08  2.578457472E-09 -2.638637073E-08  5.624003591E-07  2.368154213E-09 -8.832344457E-09 -2.300105674E-08  1.787835987E-06 -3.798850871E-08 -4.152268494E-08  4.349701980E-07 -1.924771483E-08  8.237281499E-06
  7.649813177E-01  9.999891410E+02  5.624155056E-07  4.598700458E-10 -6.961655241E-09 -7.470601133E-08  1.787248787E-08 -3.719790123E-08  1.784238096E-06  5.550720606E-08 -2.269544001E-08  2.578857958E-09 -2.640091164E-08  5.624003526E-07  2.375276937E-09 -8.832384936E-09 -2.300118387E-08  1.787834884E-06 -3.799041963E-08 -4.151657328E-08  4.349701980E-07 -1.923573495E-08  8.237283086E-06
  7.679792419E-01  9.999891410E+02  5.624155212E-07  4.625143623E-10 -6.961684622E-09 -7.470659826E-08  1.787250084E-08 -3.719747438E-08  1.784269487E-06  5.550917628E-08 -2.268726683E-08  2.579644309E-09 -2.641405093E-08  5.624003456E-07  2.382800302E-09 -8.832424850E-09 -2.300131213E-08  1.787833168E-06 -3.799180320E-08 -4.150997327E-08  4.349701980E-07 -1.922375504E-08  8.237284675E-06
  7.709771661E-01  9.999891410E+02  5.624155373E-07  4.644445808E-10 -6.961713999E-09 -7.470111509E-08  1.787251410E-08 -3.719704681E-08  1.784311770E-06  5.550596205E-08 -2.267581445E-08  2.580624104E-09 -2.643262058E-08  5.624003383E-07  2.390987506E-09 -8.832464181E-09 -2.300144159E-08  1.787828898E-06 -3.799359572E-08 -4.150134642E-08  4.349701980E-07 -1.921177514E-08  8.237286264E-06
  7.739750903E-01  9.999891410E+02  5.624155539E-07  4.669382036E-10 -6.961743372E-09 -7.470404289E-08  1.787252766E-08 -3.719661851E-08  1.784351654E-06  5.551115970E-08 -2.266305212E-08  2.581018970E-09 -2.645075961E-08  5.624003305E-07  2.398557936E-09 -8.832502909E-09 -2.300157229E-08  1.787829787E-06 -3.799612079E-08 -4.149358586E-08  4.349701980E-07 -1.919979526E-08  8.237287855E-06
  7.769730145E-01  9.999891410E+02  5.624155709E-07  4.695065484E-10 -6.961772741E-09 -7.470129125E-08  1.787254154E-08 -3.719618948E-08  1.784384452E-06  5.550993679E-08 -2.265405509E-08  2.581795918E-09 -2.646497771E-08  5.624003222E-07  2.405996752E-09 -8.832541012E-09 -2.300170423E-08  1.787827676E-06 -3.799767913E-08 -4.148688291E-08  4.349701980E-07 -1.918781537E-08  8.237289447E-06
  7.799709386E-01  9.999891410E+02  5.624155885E-07  4.709688649E-10 -6.961802107E-09 -7.469767966E-08  1.787255573E-08 -3.719575964E-08  1.784429974E-06  5.550858231E-08 -2.264248090E-08  2.582962236E-09 -2.648438836E-08  5.624003134E-07  2.414480547E-09 -8.832578471E-09 -2.300183750E-08  1.787823391E-06 -3.799946784E-08 -4.147740958E-08  4.349701980E-07 -1.917583548E-08  8.237291041E-06
  7.829688628E-01  9.999891410E+02  5.624156066E-07  4.726857628E-10 -6.961831469E-09 -7.469575638E-08  1.787257026E-08 -3.719532903E-08  1.784478771E-06  5.550948779E-08 -2.262755924E-08  2.583635144E-09 -2.650649994E-08  5.624003041E-07  2.422644738E-09 -8.832615263E-09 -2.300197205E-08  1.787821987E-06 -3.800219034E-08 -4.146787251E-08  4.349701980E-07 -1.916385561E-08  8.237292635E-06
  7.859667870E-01  9.999891410E+02  5.624156253E-07  4.749012721E-10 -6.961860826E-09 -7.469621794E-08  1.787258514E-08 -3.719489751E-08  1.784517892E-06  5.551194351E-08 -2.261595521E-08  2.584257820E-09 -2.652371825E-08  5.624002944E-07  2.430241041E-09 -8.832651364E-09 -2.300210799E-08  1.787821553E-06 -3.800440139E-08 -4.146006687E-08  4.349701980E-07 -1.915187575E-08  8.237294231E-06
  7.889647112E-01  9.999891410E+02  5.624156445E-07  4.760848300E-10 -6.961890179E-09 -7.469274584E-08  1.787260037E-08 -3.719446514E-08  1.784565171E-06  5.551070218E-08 -2.260381391E-08  2.585528688E-09 -2.654369438E-08  5.624002841E-07  2.438794946E-09 -8.832686751E-09 -2.300224536E-08  1.787817818E-06 -3.800626868E-08 -4.145030390E-08  4.349701980E-07 -1.913989589E-08  8.237295828E-06
  7.919626354E-01  9.999891410E+02  5.624156643E-07  4.769767603E-10 -6.961919528E-09 -7.469152883E-08  1.787261596E-08 -3.719403184E-08  1.784622484E-06  5.551268308E-08 -2.258747369E-08  2.586465462E-09 -2.656922447E-08  5.624002732E-07  2.447561049E-09 -8.832721398E-09 -2.300238422E-08  1.787815686E-06 -3.800921620E-08 -4.143888121E-08  4.349701980E-07 -1.912791604E-08  8.237297426E-06
  7.949605596E-01  9.999891410E+02  5.624156847E-07  4.787499362E-10 -6.961948871E-09 -7.468789930E-08  1.787263194E-08 -3.719359763E-08  1.784668318E-06  5.551158737E-08 -2.257327053E-08  2.587121864E-09 -2.658990199E-08  5.624002617E-07  2.455361251E-09 -8.832755279E-09 -2.300252465E-08  1.787814537E-06 -3.801185336E-08 -4.143000066E-08  4.349701980E-07 -1.911593620E-08  8.237299025E-06
  7.979584838E-01  9.999891410E+02  5.624157058E-07  4.796050290E-10 -6.961978210E-09 -7.468768298E-08  1.787264832E-08 -3.719316244E-08  1.784718366E-06  5.551365042E-08 -2.256058678E-08  2.588380737E-09 -2.661073530E-08  5.624002497E-07  2.463988765E-09 -8.832788366E-09 -2.300266665E-08  1.787811799E-06 -3.801394233E-08 -4.141959433E-08  4.349701980E-07 -1.910395630E-08  8.237300625E-06
  8.009564080E-01  9.999891410E+02  5.624157275E-07  4.796588229E-10 -6.962007544E-09 -7.468161759E-08  1.787266510E-08 -3.719272625E-08  1.784783207E-06  5.551113759E-08 -2.254268064E-08  2.589697695E-09 -2.663920246E-08  5.624002371E-07  2.473320349E-09 -8.832820633E-09 -2.300281031E-08  1.787807496E-06 -3.801688647E-08 -4.140664533E-08  4.349701980E-07 -1.909197643E-08  8.237302226E-06
  8.039543322E-01  9.999891410E+02  5.624157498E-07  4.806503388E-10 -6.962036872E-09 -7.468471457E-08  1.787268231E-08 -3.719228904E-08  1.784840659E-06  5.551745775E-08 -2.252464280E-08  2.590289127E-09 -2.666511393E-08  5.624002238E-07  2.481610446E-09 -8.832852047E-09 -2.300295569E-08  1.787809166E-06 -3.802046298E-08 -4.139560051E-08  4.349701980E-07 -1.907999654E-08  8.237303829E-06
  8.069522563E-01  9.999891410E+02  5.624157728E-07  4.813645930E-10 -6.962066194E-09 -7.467907051E-08  1.787269996E-08 -3.719185074E-08  1.784891790E-06  5.551420597E-08 -2.251154003E-08  2.591568917E-09 -2.668681063E-08  5.624002098E-07  2.490066726E-09 -8.832882578E-09 -2.300310284E-08  1.787805164E-06 -3.802262366E-08 -4.138511094E-08  4.349701980E-07 -1.906801665E-08  8.237305432E-06
  8.099501805E-01  9.999891410E+02  5.624157966E-07  4.807136557E-10 -6.962095512E-09 -7.467356499E-08  1.787271807E-08 -3.719141136E-08  1.784961703E-06  5.551235516E-08 -2.249292502E-08  2.593142381E-09 -2.671671370E-08  5.624001952E-07  2.499769021E-09 -8.832912197E-09 -2.300325183E-08  1.787800440E-06 -3.802555387E-08 -4.137101763E-08  4.349701980E-07 -1.905603678E-08  8.237307037E-06
  8.129481047E-01  9.999891410E+02  5.624158211E-07  4.807897760E-10 -6.962124822E-09 -7.467564386E-08  1.787273665E-08 -3.719097081E-08  1.785030289E-06  5.551837140E-08 -2.247191522E-08  2.593886166E-09 -2.674752114E-08  5.624001798E-07  2.508616967E-09 -8.832940870E-09 -2.300340275E-08  1.787801454E-06 -3.802963059E-08 -4.135780185E-08  4.349701980E-07 -1.904405690E-08  8.237308643E-06
  8.159460289E-01  9.999891410E+02  5.624158464E-07  4.812032043E-10 -6.962154127E-09 -7.467260933E-08  1.787275571E-08 -3.719052903E-08  1.785085999E-06  5.551803621E-08 -2.245619830E-08  2.595022846E-09 -2.677152950E-08  5.624001637E-07  2.516991432E-09 -8.832968560E-09 -2.300355563E-08  1.787800090E-06 -3.803242397E-08 -4.134677607E-08  4.349701980E-07 -1.903207704E-08  8.237310251E-06
  8.189439531E-01  9.999891410E+02  5.624158724E-07  4.798451613E-10 -6.962183425E-09 -7.466920468E-08  1.787277529E-08 -3.719008605E-08  1.785160401E-06  5.551823723E-08 -2.243785370E-08  2.596865156E-09 -2.680272059E-08  5.624001468E-07  2.526991356E-09 -8.832995236E-09 -2.300371054E-08  1.787795239E-06 -3.803534718E-08 -4.133148305E-08  4.349701980E-07 -1.902009718E-08  8.237311859E-06
  8.219418773E-01  9.999891410E+02  5.624158993E-07  4.787581308E-10 -6.962212717E-09 -7.466138977E-08  1.787279538E-08 -3.718964179E-08  1.785241122E-06  5.551511355E-08 -2.241405828E-08  2.598066731E-09 -2.683878461E-08  5.624001292E-07  2.536564063E-09 -8.833020860E-09 -2.300386757E-08  1.787792309E-06 -3.803954282E-08 -4.131592411E-08  4.349701980E-07 -1.900811736E-08  8.237313468E-06
  8.249398015E-01  9.999891410E+02  5.624159270E-07  4.784748324E-10 -6.962242001E-09 -7.466403504E-08  1.787281603E-08 -3.718919618E-08  1.785307163E-06  5.552116375E-08 -2.239446104E-08  2.598996889E-09 -2.686738469E-08  5.624001107E-07  2.545165822E-09 -8.833045393E-09 -2.300402678E-08  1.787793707E-06 -3.804330291E-08 -4.130306609E-08  4.349701980E-07 -1.899613750E-08  8.237315079E-06
  8.279377257E-01  9.999891410E+02  5.624159557E-07  4.765227810E-10 -6.962271278E-09 -7.465887103E-08  1.787283723E-08 -3.718874917E-08  1.785385391E-06  5.551967106E-08 -2.237501063E-08  2.601033675E-09 -2.689989480E-08  5.624000914E-07  2.555257040E-09 -8.833068795E-09 -2.300418829E-08  1.787789018E-06 -3.804632991E-08 -4.128714263E-08  4.349701980E-07 -1.898415763E-08  8.237316690E-06
  8.309356499E-01  9.999891410E+02  5.624159852E-07  4.739722523E-10 -6.962300548E-09 -7.465582689E-08  1.787285902E-08 -3.718830077E-08  1.785481226E-06  5.552192619E-08 -2.234825397E-08  2.602604314E-09 -2.694182345E-08  5.624000711E-07  2.565754634E-09 -8.833091028E-09 -2.300435215E-08  1.787786971E-06 -3.805108932E-08 -4.126840825E-08  4.349701980E-07 -1.897217775E-08  8.237318303E-06
  8.339335740E-01  9.999891410E+02  5.624160157E-07  4.727290271E-10 -6.962329809E-09 -7.465099529E-08  1.787288142E-08 -3.718785089E-08  1.785559769E-06  5.552139615E-08 -2.232481935E-08  2.603681328E-09 -2.697651604E-08  5.624000500E-07  2.574739100E-09 -8.833112045E-09 -2.300451845E-08  1.787786626E-06 -3.805547958E-08 -4.125337664E-08  4.349701980E-07 -1.896019786E-08  8.237319917E-06
  8.369314982E-01  9.999891410E+02  5.624160471E-07  4.700153822E-10 -6.962359062E-09 -7.464727574E-08  1.787290444E-08 -3.718739946E-08  1.785644710E-06  5.552161811E-08 -2.230336459E-08  2.605777336E-09 -2.701142940E-08  5.624000279E-07  2.584973050E-09 -8.833131800E-09 -2.300468728E-08  1.787782965E-06 -3.805890151E-08 -4.123620885E-08  4.349701980E-07 -1.894821799E-08  8.237321532E-06
  8.399294224E-01  9.999891410E+02  5.624160796E-07  4.659234909E-10 -6.962388307E-09 -7.464362618E-08  1.787292812E-08 -3.718694643E-08  1.785755255E-06  5.552390371E-08 -2.227360220E-08  2.607808144E-09 -2.705889932E-08  5.624000048E-07  2.596348234E-09 -8.833150251E-09 -2.300485875E-08  1.787780193E-06 -3.806401937E-08 -4.121448889E-08  4.349701980E-07 -1.893623810E-08  8.237323148E-06
  8.429273466E-01  9.999891410E+02  5.624161131E-07  4.633378845E-10 -6.962417541E-09 -7.464152383E-08  1.787295247E-08 -3.718649176E-08  1.785851470E-06  5.552715330E-08 -2.224442344E-08  2.608961035E-09 -2.710155342E-08  5.623999806E-07  2.605962766E-09 -8.833167343E-09 -2.300503294E-08  1.787782367E-06 -3.806959616E-08 -4.119639204E-08  4.349701980E-07 -1.892425818E-08  8.237324766E-06
  8.459252708E-01  9.999891410E+02  5.624161477E-07  4.597777335E-10 -6.962446767E-09 -7.463646249E-08  1.787297753E-08 -3.718603540E-08  1.785944133E-06  5.552636745E-08 -2.222166803E-08  2.611144347E-09 -2.713967553E-08  5.623999554E-07  2.616278665E-09 -8.833183025E-09 -2.300520997E-08  1.787778336E-06 -3.807340744E-08 -4.117761241E-08  4.349701980E-07 -1.891227831E-08  8.237326384E-06
  8.489231950E-01  9.999891410E+02  5.624161834E-07  4.541461545E-10 -6.962475984E-09 -7.462195807E-08  1.787300331E-08 -3.718557726E-08  1.786067403E-06  5.551839977E-08 -2.218890870E-08  2.613807947E-09 -2.719176108E-08  5.623999291E-07  2.628372500E-09 -8.833197245E-09 -2.300538993E-08  1.787772059E-06 -3.807846942E-08 -4.115358610E-08  4.349701980E-07 -1.890029843E-08  8.237328004E-06
  8.519211192E-01  9.999891410E+02  5.624162204E-07  4.496708079E-10 -6.962505188E-09 -7.463395811E-08  1.787302986E-08 -3.718511728E-08  1.786187805E-06  5.553706073E-08 -2.215306094E-08  2.614933219E-09 -2.724435637E-08  5.623999017E-07  2.638994681E-09 -8.833209946E-09 -2.300557297E-08  1.787779513E-06 -3.808568965E-08 -4.113081932E-08  4.349701980E-07 -1.888831859E-08  8.237329625E-06
  8.549190434E-01  9.999891410E+02  5.624162585E-07  4.454370560E-10 -6.962534382E-09 -7.462066953E-08  1.787305719E-08 -3.718465535E-08  1.786287648E-06  5.552857366E-08 -2.212691325E-08  2.617148428E-09 -2.728638524E-08  5.623998730E-07  2.649036217E-09 -8.833221065E-09 -2.300575916E-08  1.787775673E-06 -3.809008409E-08 -4.111132411E-08  4.349701980E-07 -1.887633872E-08  8.237331247E-06
  8.579169676E-01  9.999891410E+02  5.624162979E-07  4.384123745E-10 -6.962563566E-09 -7.461344715E-08  1.787308534E-08 -3.718419143E-08  1.786420964E-06  5.552801307E-08 -2.209353914E-08  2.620086221E-09 -2.734132814E-08  5.623998431E-07  2.661504390E-09 -8.833230546E-09 -2.300594867E-08  1.787770929E-06 -3.809540253E-08 -4.108493063E-08  4.349701980E-07 -1.886435885E-08  8.237332870E-06
  8.609148917E-01  9.999891410E+02  5.624163386E-07  4.321928601E-10 -6.962592736E-09 -7.460881758E-08  1.787311434E-08 -3.718372547E-08  1.786558263E-06  5.553114893E-08 -2.205354831E-08  2.621799486E-09 -2.740104085E-08  5.623998118E-07  2.672775865E-09 -8.833238325E-09 -2.300614158E-08  1.787773322E-06 -3.810277909E-08 -4.105921149E-08  4.349701980E-07 -1.885237898E-08  8.237334494E-06
  8.639128159E-01  9.999891410E+02  5.624163807E-07  4.265926296E-10 -6.962621895E-09 -7.460957055E-08  1.787314422E-08 -3.718325735E-08  1.786674237E-06  5.553755420E-08 -2.202133552E-08  2.623763150E-09 -2.744960239E-08  5.623997793E-07  2.683006953E-09 -8.833244333E-09 -2.300633807E-08  1.787776798E-06 -3.810871842E-08 -4.103704438E-08  4.349701980E-07 -1.884039910E-08  8.237336120E-06
  8.669107401E-01  9.999891410E+02  5.624164242E-07  4.178286166E-10 -6.962651042E-09 -7.460189598E-08  1.787317502E-08 -3.718278699E-08  1.786820884E-06  5.553684795E-08 -2.198660649E-08  2.627218275E-09 -2.750927249E-08  5.623997453E-07  2.695949506E-09 -8.833248506E-09 -2.300653825E-08  1.787771901E-06 -3.811429220E-08 -4.100783386E-08  4.349701980E-07 -1.882841924E-08  8.237337746E-06
  8.699086643E-01  9.999891410E+02  5.624164692E-07  4.091954151E-10 -6.962680175E-09 -7.458532308E-08  1.787320677E-08 -3.718231431E-08  1.786982801E-06  5.552939393E-08 -2.194081804E-08  2.629629623E-09 -2.757892720E-08  5.623997098E-07  2.708274591E-09 -8.833250772E-09 -2.300674225E-08  1.787771162E-06 -3.812222473E-08 -4.097767253E-08  4.349701980E-07 -1.881643937E-08  8.237339374E-06
  8.729065885E-01  9.999891410E+02  5.624165157E-07  4.017603791E-10 -6.962709292E-09 -7.459196404E-08  1.787323951E-08 -3.718183924E-08  1.787120452E-06  5.554297693E-08 -2.190201817E-08  2.631467539E-09 -2.763648945E-08  5.623996729E-07  2.718877274E-09 -8.833251053E-09 -2.300695025E-08  1.787778580E-06 -3.812968865E-08 -4.095166567E-08  4.349701980E-07 -1.880445952E-08  8.237341003E-06
  8.759045127E-01  9.999891410E+02  5.624165638E-07  3.912656567E-10 -6.962738398E-09 -7.457838448E-08  1.787327328E-08 -3.718136165E-08  1.787280311E-06  5.553689987E-08 -2.186365422E-08  2.635329866E-09 -2.770092702E-08  5.623996344E-07  2.731976004E-09 -8.833249273E-09 -2.300716236E-08  1.787773901E-06 -3.813564529E-08 -4.092034750E-08  4.349701980E-07 -1.879247966E-08  8.237342634E-06
  8.789024369E-01  9.999891410E+02  5.624166135E-07  3.796955375E-10 -6.962767487E-09 -7.457422007E-08  1.787330812E-08 -3.718088145E-08  1.787472225E-06  5.554305808E-08 -2.181145496E-08  2.638212069E-09 -2.778173838E-08  5.623995942E-07  2.745543355E-09 -8.833245354E-09 -2.300737881E-08  1.787778385E-06 -3.814495842E-08 -4.088440343E-08  4.349701980E-07 -1.878049979E-08  8.237344265E-06
  8.819003611E-01  9.999891410E+02  5.624166650E-07  3.699038839E-10 -6.962796559E-09 -7.456893472E-08  1.787334407E-08 -3.718039857E-08  1.787634930E-06  5.554619357E-08 -2.176686356E-08  2.640455707E-09 -2.785005548E-08  5.623995523E-07  2.756677790E-09 -8.833239204E-09 -2.300759972E-08  1.787783789E-06 -3.815339493E-08 -4.085391845E-08  4.349701980E-07 -1.876851994E-08  8.237345897E-06
  8.850000000E-01  9.999891410E+02  5.624167201E-07  3.562785209E-10 -6.962826601E-09 -7.456008609E-08  1.787338245E-08 -3.717989634E-08  1.787825862E-06  5.554617400E-08 -2.172025965E-08  2.644821544E-09 -2.792572471E-08  5.623995071E-07  2.770949660E-09 -8.833230406E-09 -2.300783304E-08  1.787783296E-06 -3.816075084E-08 -4.081698263E-08  4.349701980E-07 -1.875613365E-08  8.237347587E-06
  8.879979242E-01  9.999891410E+02  5.624167752E-07  3.410126780E-10 -6.962855639E-09 -7.455276764E-08  1.787342080E-08 -3.717940762E-08  1.788056300E-06  5.555093018E-08 -2.165955716E-08  2.648567072E-09 -2.802137655E-08  5.623994616E-07  2.786066636E-09 -8.833219445E-09 -2.300806361E-08  1.787789329E-06 -3.817138317E-08 -4.077404388E-08  4.349701980E-07 -1.874415381E-08  8.237349221E-06
  8.909958484E-01  9.999891410E+02  5.624168323E-07  3.281815455E-10 -6.962884656E-09 -7.454055706E-08  1.787346041E-08 -3.717891586E-08  1.788253934E-06  5.554922012E-08 -2.160472792E-08  2.651090779E-09 -2.810441492E-08  5.623994141E-07  2.797924909E-09 -8.833205964E-09 -2.300829927E-08  1.787796872E-06 -3.818165378E-08 -4.073792745E-08  4.349701980E-07 -1.873217396E-08  8.237350858E-06
  8.939937726E-01  9.999891410E+02  5.624168914E-07  3.123367592E-10 -6.962913655E-09 -7.453288866E-08  1.787350133E-08 -3.717842090E-08  1.788461952E-06  5.555100574E-08 -2.155459357E-08  2.655625487E-09 -2.818600280E-08  5.623993646E-07  2.811907407E-09 -8.833189858E-09 -2.300854018E-08  1.787799551E-06 -3.818981744E-08 -4.069805770E-08  4.349701980E-07 -1.872019412E-08  8.237352495E-06
  8.969916968E-01  9.999891410E+02  5.624169525E-07  2.933005266E-10 -6.962942634E-09 -7.451988075E-08  1.787354361E-08 -3.717792264E-08  1.788726913E-06  5.555164154E-08 -2.148715350E-08  2.660195959E-09 -2.829362896E-08  5.623993130E-07  2.828121763E-09 -8.833171023E-09 -2.300878658E-08  1.787805635E-06 -3.820124964E-08 -4.064885034E-08  4.349701980E-07 -1.870821429E-08  8.237354134E-06
  8.999896209E-01  9.999891410E+02  5.624170159E-07  2.769106108E-10 -6.962971588E-09 -7.452261377E-08  1.787358732E-08 -3.717742095E-08  1.788965268E-06  5.556690166E-08 -2.141992636E-08  2.662769036E-09 -2.839273698E-08  5.623992592E-07  2.840650670E-09 -8.833149337E-09 -2.300903871E-08  1.787825528E-06 -3.821419969E-08 -4.060614952E-08  4.349701980E-07 -1.869623446E-08  8.237355773E-06
  9.029875451E-01  9.999891410E+02  5.624170815E-07  2.583887792E-10 -6.963000522E-09 -7.450004692E-08  1.787363250E-08 -3.717691565E-08  1.789193451E-06  5.555473947E-08 -2.136645017E-08  2.667736113E-09 -2.848210854E-08  5.623992031E-07  2.854188948E-09 -8.833124680E-09 -2.300929681E-08  1.787826172E-06 -3.822290070E-08 -4.056301482E-08  4.349701980E-07 -1.868425461E-08  8.237357414E-06
  9.059854693E-01  9.999891410E+02  5.624171495E-07  2.354001861E-10 -6.963029434E-09 -7.448501301E-08  1.787367923E-08 -3.717640661E-08  1.789491418E-06  5.555469732E-08 -2.129235891E-08  2.673039515E-09 -2.860025591E-08  5.623991446E-07  2.870982766E-09 -8.833096934E-09 -2.300956110E-08  1.787835103E-06 -3.823510810E-08 -4.050809053E-08  4.349701980E-07 -1.867227479E-08  8.237359056E-06
  9.089833935E-01  9.999891410E+02  5.624172199E-07  2.149832460E-10 -6.963058317E-09 -7.449693475E-08  1.787372757E-08 -3.717589368E-08  1.789771642E-06  5.558125637E-08 -2.121390145E-08  2.675781835E-09 -2.871523765E-08  5.623990837E-07  2.883893264E-09 -8.833065965E-09 -2.300983190E-08  1.787865056E-06 -3.825038064E-08 -4.045862483E-08  4.349701980E-07 -1.866029495E-08  8.237360699E-06
  9.119813177E-01  9.999891410E+02  5.624172930E-07  1.935592561E-10 -6.963087177E-09 -7.446814751E-08  1.787377758E-08 -3.717537666E-08  1.790021274E-06  5.556391862E-08 -2.115518612E-08  2.680860210E-09 -2.881268687E-08  5.623990201E-07  2.896393366E-09 -8.833031634E-09 -2.301010941E-08  1.787869259E-06 -3.826015896E-08 -4.041242757E-08  4.349701980E-07 -1.864831512E-08  8.237362344E-06
  9.149792419E-01  9.999891410E+02  5.624173686E-07  1.666848309E-10 -6.963116013E-09 -7.445202965E-08  1.787382934E-08 -3.717485540E-08  1.790345607E-06  5.556361447E-08 -2.107683865E-08  2.686807032E-09 -2.893845056E-08  5.623989539E-07  2.912815802E-09 -8.832993815E-09 -2.301039396E-08  1.787882194E-06 -3.827286546E-08 -4.035315021E-08  4.349701980E-07 -1.863633530E-08  8.237363989E-06
  9.179771661E-01  9.999891410E+02  5.624174471E-07  1.417157701E-10 -6.963144818E-09 -7.445923133E-08  1.787388291E-08 -3.717432976E-08  1.790665264E-06  5.558741019E-08 -2.098999381E-08  2.690083864E-09 -2.906730696E-08  5.623988849E-07  2.925680058E-09 -8.832952360E-09 -2.301068580E-08  1.787916354E-06 -3.828947390E-08 -4.029727587E-08  4.349701980E-07 -1.862435548E-08  8.237365636E-06
  9.209750903E-01  9.999891410E+02  5.624175284E-07  1.161270259E-10 -6.963173596E-09 -7.443880418E-08  1.787393837E-08 -3.717379951E-08  1.790948218E-06  5.557984153E-08 -2.092222282E-08  2.695296018E-09 -2.917640850E-08  5.623988129E-07  2.937378111E-09 -8.832907118E-09 -2.301098523E-08  1.787931658E-06 -3.830116172E-08 -4.024605139E-08  4.349701980E-07 -1.861237566E-08  8.237367284E-06
  9.239730145E-01  9.999891410E+02  5.624176127E-07  8.388872083E-11 -6.963202346E-09 -7.441681282E-08  1.787399579E-08 -3.717326450E-08  1.791312203E-06  5.557493330E-08 -2.083830624E-08  2.702343809E-09 -2.931469641E-08  5.623987379E-07  2.953801320E-09 -8.832857945E-09 -2.301129257E-08  1.787948228E-06 -3.831461526E-08 -4.017997854E-08  4.349701980E-07 -1.860039585E-08  8.237368933E-06
  9.269709386E-01  9.999891410E+02  5.624177002E-07  5.139601498E-11 -6.963231063E-09 -7.440773638E-08  1.787405525E-08 -3.717272452E-08  1.791699055E-06  5.558524484E-08 -2.073947125E-08  2.707411704E-09 -2.946601567E-08  5.623986598E-07  2.968396899E-09 -8.832804679E-09 -2.301160812E-08  1.787984285E-06 -3.833262938E-08 -4.011236468E-08  4.349701980E-07 -1.858841603E-08  8.237370583E-06
  9.299688628E-01  9.999891410E+02  5.624177908E-07  1.353780739E-11 -6.963259747E-09 -7.439908878E-08  1.787411685E-08 -3.717217938E-08  1.792107099E-06  5.559368824E-08 -2.064710609E-08  2.715967384E-09 -2.961726294E-08  5.623985783E-07  2.986100874E-09 -8.832747138E-09 -2.301193227E-08  1.788016419E-06 -3.834814237E-08 -4.003853193E-08  4.349701980E-07 -1.857643623E-08  8.237372234E-06
  9.329667870E-01  9.999891410E+02  5.624178849E-07 -3.745392528E-11 -6.963288392E-09 -7.435552026E-08  1.787418068E-08 -3.717162889E-08  1.792698539E-06  5.557674726E-08 -2.052011252E-08  2.728423420E-09 -2.983707268E-08  5.623984934E-07  3.014484641E-09 -8.832685127E-09 -2.301226536E-08  1.788046461E-06 -3.836801748E-08 -3.993226819E-08  4.349701980E-07 -1.856445644E-08  8.237373887E-06
  9.359647112E-01  9.999891410E+02  5.624179825E-07 -8.614775395E-11 -6.963316983E-09 -7.432261127E-08  1.787424689E-08 -3.717107277E-08  1.793330913E-06  5.557665596E-08 -2.035771800E-08  2.735105512E-09 -3.008297103E-08  5.623984049E-07  3.037871738E-09 -8.832618391E-09 -2.301260789E-08  1.788115507E-06 -3.839761713E-08 -3.982645369E-08  4.349701980E-07 -1.855247664E-08  8.237375540E-06
  9.389626354E-01  9.999891410E+02  5.624180839E-07 -1.289372553E-10 -6.963345524E-09 -7.434935497E-08  1.787431559E-08 -3.717051066E-08  1.793830364E-06  5.562661436E-08 -2.022722612E-08  2.739904069E-09 -3.027210714E-08  5.623983125E-07  3.052382985E-09 -8.832546649E-09 -2.301296049E-08  1.788197362E-06 -3.842307955E-08 -3.974314696E-08  4.349701980E-07 -1.854049685E-08  8.237377195E-06
  9.419605596E-01  9.999891410E+02  5.624181892E-07 -1.780035765E-10 -6.963374024E-09 -7.431003246E-08  1.787438692E-08 -3.716994220E-08  1.794355386E-06  5.561051229E-08 -2.011400088E-08  2.749422806E-09 -3.046387178E-08  5.623982160E-07  3.069934443E-09 -8.832469656E-09 -2.301332364E-08  1.788240184E-06 -3.844183561E-08 -3.965200278E-08  4.349701980E-07 -1.852851708E-08  8.237378851E-06
  9.449584838E-01  9.999891410E+02  5.624182988E-07 -2.261492814E-10 -6.963402476E-09 -7.426760412E-08  1.787446099E-08 -3.716936711E-08  1.794903082E-06  5.559596392E-08 -1.997757403E-08  2.755262206E-09 -3.067044921E-08  5.623981153E-07  3.083045798E-09 -8.832387175E-09 -2.301369779E-08  1.788305073E-06 -3.846597235E-08 -3.956238447E-08  4.349701980E-07 -1.851653729E-08  8.237380509E-06
  9.479564080E-01  9.999891410E+02  5.624184126E-07 -2.696604010E-10 -6.963430883E-09 -7.430013988E-08  1.787453791E-08 -3.716878508E-08  1.795338323E-06  5.564868190E-08 -1.986484941E-08  2.758676208E-09 -3.083117643E-08  5.623980101E-07  3.087701063E-09 -8.832298969E-09 -2.301408345E-08  1.788387540E-06 -3.848812021E-08 -3.949129208E-08  4.349701980E-07 -1.850455755E-08  8.237382167E-06
  9.509543322E-01  9.999891410E+02  5.624185310E-07 -3.187159100E-10 -6.963459252E-09 -7.426811082E-08  1.787461778E-08 -3.716819580E-08  1.795781222E-06  5.563577386E-08 -1.977102333E-08  2.766478274E-09 -3.098862881E-08  5.623979003E-07  3.093786261E-09 -8.832204828E-09 -2.301448104E-08  1.788432660E-06 -3.850354601E-08 -3.941574072E-08  4.349701980E-07 -1.849257779E-08  8.237383827E-06
  9.539522563E-01  9.999891410E+02  5.624186540E-07 -3.712564175E-10 -6.963487579E-09 -7.423254741E-08  1.787470070E-08 -3.716759905E-08  1.796277306E-06  5.562363537E-08 -1.965657534E-08  2.773219563E-09 -3.116765629E-08  5.623977857E-07  3.098933071E-09 -8.832104557E-09 -2.301489096E-08  1.788494647E-06 -3.852312162E-08 -3.933388567E-08  4.349701980E-07 -1.848059804E-08  8.237385487E-06
  9.569501805E-01  9.999891410E+02  5.624187818E-07 -4.312860652E-10 -6.963515862E-09 -7.423464467E-08  1.787478679E-08 -3.716699456E-08  1.796814664E-06  5.564722794E-08 -1.954121248E-08  2.782941199E-09 -3.135286709E-08  5.623976662E-07  3.106805547E-09 -8.831997941E-09 -2.301531362E-08  1.788572906E-06 -3.854276228E-08 -3.924283338E-08  4.349701980E-07 -1.846861831E-08  8.237387149E-06
  9.599481047E-01  9.999891410E+02  5.624189146E-07 -5.112117537E-10 -6.963544095E-09 -7.418460653E-08  1.787487617E-08 -3.716638214E-08  1.797614273E-06  5.562979887E-08 -1.938684062E-08  2.799557640E-09 -3.162630472E-08  5.623975415E-07  3.129430730E-09 -8.831884739E-09 -2.301574949E-08  1.788659707E-06 -3.856638979E-08 -3.910705198E-08  4.349701980E-07 -1.845663858E-08  8.237388812E-06
  9.629460289E-01  9.999891410E+02  5.624190525E-07 -5.935440053E-10 -6.963572256E-09 -7.413219971E-08  1.787496900E-08 -3.716576147E-08  1.798553055E-06  5.562230858E-08 -1.916985403E-08  2.809875895E-09 -3.196275495E-08  5.623974115E-07  3.148839463E-09 -8.831764630E-09 -2.301619917E-08  1.788810051E-06 -3.860489105E-08 -3.895961077E-08  4.349701980E-07 -1.844465887E-08  8.237390477E-06
  9.659439531E-01  9.999891410E+02  5.624191959E-07 -6.648515994E-10 -6.963600343E-09 -7.415292579E-08  1.787506547E-08 -3.716513203E-08  1.799280802E-06  5.567688594E-08 -1.898838513E-08  2.814055444E-09 -3.222258601E-08  5.623972759E-07  3.151047282E-09 -8.831637234E-09 -2.301666350E-08  1.788969528E-06 -3.864077705E-08 -3.884833769E-08  4.349701980E-07 -1.843267917E-08  8.237392142E-06
  9.689418773E-01  9.999891410E+02  5.624193451E-07 -7.394271983E-10 -6.963628373E-09 -7.412656493E-08  1.787516573E-08 -3.716449333E-08  1.799924908E-06  5.567748576E-08 -1.885129208E-08  2.822788419E-09 -3.244075965E-08  5.623971342E-07  3.149817974E-09 -8.831502221E-09 -2.301714314E-08  1.789077924E-06 -3.866446448E-08 -3.874587450E-08  4.349701980E-07 -1.842069948E-08  8.237393809E-06
  9.719398015E-01  9.999891410E+02  5.624195002E-07 -8.184205561E-10 -6.963656346E-09 -7.407898713E-08  1.787526992E-08 -3.716384502E-08  1.800610385E-06  5.566098294E-08 -1.870418413E-08  2.830860183E-09 -3.267398787E-08  5.623969863E-07  3.145775377E-09 -8.831359310E-09 -2.301763863E-08  1.789191608E-06 -3.868993436E-08 -3.863807479E-08  4.349701980E-07 -1.840871981E-08  8.237395477E-06
  9.749377257E-01  9.999891410E+02  5.624196615E-07 -9.064470348E-10 -6.963684259E-09 -7.408273780E-08  1.787537819E-08 -3.716318674E-08  1.801330673E-06  5.569217429E-08 -1.854996814E-08  2.842730622E-09 -3.290890301E-08  5.623968321E-07  3.142970184E-09 -8.831208221E-09 -2.301815056E-08  1.789339720E-06 -3.871584066E-08 -3.852507307E-08  4.349701980E-07 -1.839674014E-08  8.237397146E-06
  9.779356499E-01  9.999891410E+02  5.624198290E-07 -1.024515109E-09 -6.963712109E-09 -7.407546192E-08  1.787549069E-08 -3.716251819E-08  1.802442362E-06  5.572593397E-08 -1.836228798E-08  2.864478679E-09 -3.326394525E-08  5.623966712E-07  3.161789305E-09 -8.831048644E-09 -2.301867948E-08  1.789518331E-06 -3.874650475E-08 -3.834193661E-08  4.349701980E-07 -1.838476051E-08  8.237398816E-06
  9.809335740E-01  9.999891410E+02  5.624200032E-07 -1.150368096E-09 -6.963739862E-09 -7.385514255E-08  1.787560766E-08 -3.716183903E-08  1.803799380E-06  5.556627422E-08 -1.807896400E-08  2.883261667E-09 -3.371576658E-08  5.623965034E-07  3.179178946E-09 -8.830880161E-09 -2.301922621E-08  1.789751010E-06 -3.879146459E-08 -3.814201777E-08  4.349701980E-07 -1.837278087E-08  8.237400487E-06
  9.839314982E-01  9.999891410E+02  5.624201844E-07 -1.283211343E-09 -6.963767510E-09 -7.398520713E-08  1.787572934E-08 -3.716114862E-08  1.805161365E-06  5.574853446E-08 -1.779560823E-08  2.898153190E-09 -3.414932424E-08  5.623963282E-07  3.193382971E-09 -8.830702246E-09 -2.301979184E-08  1.790104664E-06 -3.884618593E-08 -3.793565750E-08  4.349701980E-07 -1.836080128E-08  8.237402160E-06
  9.869294224E-01  9.999891410E+02  5.624203730E-07 -1.448578599E-09 -6.963795056E-09 -7.383674657E-08  1.787585602E-08 -3.716044630E-08  1.806917166E-06  5.566456796E-08 -1.749172812E-08  2.930710016E-09 -3.469200922E-08  5.623961453E-07  3.228901640E-09 -8.830514346E-09 -2.302037744E-08  1.790439385E-06 -3.889317169E-08 -3.767024463E-08  4.349701980E-07 -1.834882168E-08  8.237403833E-06
  9.899273466E-01  9.999891410E+02  5.624205695E-07 -1.622438956E-09 -6.963822460E-09 -7.377420453E-08  1.787598805E-08 -3.715973147E-08  1.809037165E-06  5.569158186E-08 -1.706440935E-08  2.950790020E-09 -3.536548302E-08  5.623959541E-07  3.260429908E-09 -8.830315807E-09 -2.302098425E-08  1.790973431E-06 -3.897065785E-08 -3.737276481E-08  4.349701979E-07 -1.833684210E-08  8.237405508E-06
  9.929252708E-01  9.999891410E+02  5.624207744E-07 -1.767679086E-09 -6.963849717E-09 -7.377288482E-08  1.787612578E-08 -3.715900313E-08  1.810617614E-06  5.575839474E-08 -1.670917411E-08  2.955618560E-09 -3.587147210E-08  5.623957539E-07  3.249364166E-09 -8.830105872E-09 -2.302161391E-08  1.791456832E-06 -3.904189468E-08 -3.716378979E-08  4.349701979E-07 -1.832486256E-08  8.237407184E-06
  9.959231950E-01  9.999891410E+02  5.624209883E-07 -1.909073950E-09 -6.963876868E-09 -7.376325286E-08  1.787626950E-08 -3.715826020E-08  1.811787447E-06  5.579360159E-08 -1.647720489E-08  2.964726019E-09 -3.622262033E-08  5.623955443E-07  3.219093373E-09 -8.829883905E-09 -2.302226778E-08  1.791789239E-06 -3.908489210E-08 -3.700253889E-08  4.349701979E-07 -1.831288303E-08  8.237408861E-06
  9.989211192E-01  9.999891410E+02  5.624212115E-07 -2.060561957E-09 -6.963903925E-09 -7.371339261E-08  1.787641943E-08 -3.715750207E-08  1.812963461E-06  5.578901325E-08 -1.625904685E-08  2.976926567E-09 -3.656886308E-08  5.623953248E-07  3.182280346E-09 -8.829649437E-09 -2.302294678E-08  1.792108596E-06 -3.912277151E-08 -3.683965112E-08  4.349701979E-07 -1.830090354E-08  8.237410540E-06
  1.001919043E+00  9.999891410E+02  5.624214444E-07 -2.236214023E-09 -6.963930888E-09 -7.366306704E-08  1.787657580E-08 -3.715672815E-08  1.814320686E-06  5.578393667E-08 -1.603342620E-08  2.998414417E-09 -3.694999245E-08  5.623950950E-07  3.151661993E-09 -8.829402036E-09 -2.302365173E-08  1.792468850E-06 -3.915911638E-08 -3.664693356E-08  4.349701979E-07 -1.828892409E-08  8.237412219E-06
  1.004916968E+00  9.999891410E+02  5.624216872E-07 -2.463050470E-09 -6.963957738E-09 -7.357235726E-08  1.787673888E-08 -3.715593803E-08  1.816472446E-06  5.576550327E-08 -1.570327890E-08  3.034042253E-09 -3.754694908E-08  5.623948547E-07  3.152739061E-09 -8.829141202E-09 -2.302438354E-08  1.793031267E-06 -3.921001502E-08 -3.634551089E-08  4.349701979E-07 -1.827694466E-08  8.237413900E-06
  1.007914892E+00  9.999891410E+02  5.624219404E-07 -2.702841391E-09 -6.963984418E-09 -7.346558885E-08  1.787690903E-08 -3.715513111E-08  1.819098402E-06  5.576037101E-08 -1.522848093E-08  3.056801391E-09 -3.830311477E-08  5.623946033E-07  3.145293807E-09 -8.828866232E-09 -2.302514360E-08  1.793848016E-06 -3.929524518E-08 -3.600932452E-08  4.349701979E-07 -1.826496527E-08  8.237415581E-06
  1.010912816E+00  9.999891410E+02  5.624222046E-07 -2.922233083E-09 -6.964010922E-09 -7.347946662E-08  1.787708666E-08 -3.715430627E-08  1.821174991E-06  5.585364668E-08 -1.481939412E-08  3.064977422E-09 -3.889671039E-08  5.623943400E-07  3.093621362E-09 -8.828576271E-09 -2.302593375E-08  1.794594097E-06 -3.937574413E-08 -3.575418057E-08  4.349701979E-07 -1.825298591E-08  8.237417264E-06
  1.013910740E+00  9.999891410E+02  5.624224805E-07 -3.151661925E-09 -6.964037288E-09 -7.345111878E-08  1.787727213E-08 -3.715346236E-08  1.822975119E-06  5.588719547E-08 -1.451693270E-08  3.080731275E-09 -3.938041474E-08  5.623940642E-07  3.025903231E-09 -8.828270567E-09 -2.302675553E-08  1.795191656E-06 -3.942981276E-08 -3.552381171E-08  4.349701979E-07 -1.824100659E-08  8.237418948E-06
  1.016908664E+00  9.999891410E+02  5.624227684E-07 -3.396582247E-09 -6.964063515E-09 -7.334652690E-08  1.787746574E-08 -3.715259855E-08  1.824868777E-06  5.585083726E-08 -1.419956228E-08  3.096972934E-09 -3.988559576E-08  5.623937754E-07  2.945368383E-09 -8.827948492E-09 -2.302761015E-08  1.795823833E-06 -3.948443153E-08 -3.528816135E-08  4.349701979E-07 -1.822902729E-08  8.237420634E-06
  1.019906589E+00  9.999891410E+02  5.624230689E-07 -3.667563044E-09 -6.964089601E-09 -7.332202470E-08  1.787766780E-08 -3.715171410E-08  1.826880134E-06  5.589025221E-08 -1.387988558E-08  3.119649083E-09 -4.040045053E-08  5.623934729E-07  2.860198937E-09 -8.827609426E-09 -2.302849886E-08  1.796523429E-06 -3.953871287E-08 -3.503447928E-08  4.349701979E-07 -1.821704806E-08  8.237422320E-06
  1.022904513E+00  9.999891410E+02  5.624233823E-07 -3.996313538E-09 -6.964115532E-09 -7.326054518E-08  1.787787866E-08 -3.715080830E-08  1.829747929E-06  5.591770238E-08 -1.348433839E-08  3.156968223E-09 -4.111875775E-08  5.623931565E-07  2.799484239E-09 -8.827252699E-09 -2.302942293E-08  1.797486394E-06 -3.960361524E-08 -3.467114446E-08  4.349701979E-07 -1.820506888E-08  8.237424008E-06
  1.025902437E+00  9.999891410E+02  5.624237092E-07 -4.341998860E-09 -6.964141252E-09 -7.302064605E-08  1.787809877E-08 -3.714988036E-08  1.833081563E-06  5.579523236E-08 -1.294954150E-08  3.183044905E-09 -4.197359648E-08  5.623928253E-07  2.719144325E-09 -8.826877455E-09 -2.303038402E-08  1.798712576E-06 -3.969645303E-08 -3.428858115E-08  4.349701979E-07 -1.819308974E-08  8.237425696E-06
  1.028900361E+00  9.999891410E+02  5.624240504E-07 -4.691351647E-09 -6.964166755E-09 -7.311369581E-08  1.787832859E-08 -3.714892898E-08  1.836034772E-06  5.598384675E-08 -1.245805745E-08  3.199645612E-09 -4.270855220E-08  5.623924785E-07  2.602174266E-09 -8.826482698E-09 -2.303138426E-08  1.799934617E-06 -3.979036804E-08 -3.395060462E-08  4.349701979E-07 -1.818111067E-08  8.237427386E-06
  1.032000000E+00  9.999891410E+02  5.624244187E-07 -5.096406589E-09 -6.964192917E-09 -7.295176921E-08  1.787857694E-08 -3.714791933E-08  1.839397898E-06  5.592394078E-08 -1.200354270E-08  3.234281543E-09 -4.350717870E-08  5.623921027E-07  2.478701934E-09 -8.826053025E-09 -2.303246155E-08  1.801201710E-06 -3.986677734E-08 -3.355995936E-08  4.349701979E-07 -1.816872523E-08  8.237429134E-06
  1.034997924E+00  9.999891410E+02  5.624247909E-07 -5.507226320E-09 -6.964217987E-09 -7.285218527E-08  1.787882799E-08 -3.714691659E-08  1.842929929E-06  5.594223586E-08 -1.146636174E-08  3.253622080E-09 -4.435085264E-08  5.623917217E-07  2.329189170E-09 -8.825615652E-09 -2.303354713E-08  1.802663288E-06 -3.996425724E-08 -3.317465332E-08  4.349701979E-07 -1.815674627E-08  8.237430826E-06
  1.037995848E+00  9.999891410E+02  5.624251793E-07 -5.931405094E-09 -6.964242830E-09 -7.293314664E-08  1.787909020E-08 -3.714588669E-08  1.846054083E-06  5.611752938E-08 -1.099065433E-08  3.270648067E-09 -4.507202444E-08  5.623913226E-07  2.140090452E-09 -8.825155830E-09 -2.303467778E-08  1.804047999E-06 -4.005318471E-08 -3.283339261E-08  4.349701979E-07 -1.814476740E-08  8.237432519E-06
  1.040993773E+00  9.999891410E+02  5.624255847E-07 -6.406288367E-09 -6.964267459E-09 -7.272037812E-08  1.787936403E-08 -3.714482842E-08  1.849602267E-06  5.600864083E-08 -1.054177340E-08  3.303488472E-09 -4.585838246E-08  5.623909046E-07  1.944139749E-09 -8.824672619E-09 -2.303585529E-08  1.805489259E-06 -4.012626092E-08 -3.244594474E-08  4.349701979E-07 -1.813278861E-08  8.237434214E-06
  1.043991697E+00  9.999891410E+02  5.624260076E-07 -6.915033168E-09 -6.964291837E-09 -7.265598593E-08  1.787964999E-08 -3.714374074E-08  1.853541455E-06  5.606431385E-08 -9.992934664E-09  3.326459536E-09 -4.673110342E-08  5.623904668E-07  1.719354881E-09 -8.824165044E-09 -2.303708161E-08  1.807243060E-06 -4.022478451E-08 -3.203377785E-08  4.349701979E-07 -1.812080990E-08  8.237435909E-06
  1.046989621E+00  9.999891410E+02  5.624264489E-07 -7.478358788E-09 -6.964315961E-09 -7.259740252E-08  1.787994858E-08 -3.714262231E-08  1.857759087E-06  5.611840914E-08 -9.469518600E-09  3.363718906E-09 -4.762017502E-08  5.623900085E-07  1.480766947E-09 -8.823632039E-09 -2.303835889E-08  1.809114085E-06 -4.031468667E-08 -3.158620706E-08  4.349701979E-07 -1.810883127E-08  8.237437605E-06
  1.049987545E+00  9.999891410E+02  5.624269091E-07 -8.127808126E-09 -6.964339798E-09 -7.233879945E-08  1.788026041E-08 -3.714147191E-08  1.863484152E-06  5.601690300E-08 -8.804488960E-09  3.414936171E-09 -4.880654081E-08  5.623895286E-07  1.253626877E-09 -8.823072446E-09 -2.303968931E-08  1.811652435E-06 -4.042429429E-08 -3.100318689E-08  4.349701978E-07 -1.809685275E-08  8.237439302E-06
  1.052985469E+00  9.999891410E+02  5.624273892E-07 -8.797553239E-09 -6.964363275E-09 -7.233529901E-08  1.788058620E-08 -3.714028807E-08  1.869508694E-06  5.618964313E-08 -7.990437905E-09  3.436646272E-09 -5.007064050E-08  5.623890260E-07  9.644227015E-10 -8.822484862E-09 -2.304107569E-08  1.814636170E-06 -4.057947328E-08 -3.043323488E-08  4.349701978E-07 -1.808487433E-08  8.237441000E-06
  1.055983394E+00  9.999891410E+02  5.624278904E-07 -9.485203387E-09 -6.964386412E-09 -7.222521222E-08  1.788092664E-08 -3.713906870E-08  1.874564063E-06  5.621670525E-08 -7.358372085E-09  3.458476130E-09 -5.107985720E-08  5.623884992E-07  6.024072246E-10 -8.821867783E-09 -2.304252122E-08  1.817133465E-06 -4.069639606E-08 -2.995474250E-08  4.349701978E-07 -1.807289603E-08  8.237442700E-06
  1.058981318E+00  9.999891410E+02  5.624284135E-07 -1.023802959E-08 -6.964409231E-09 -7.204676358E-08  1.788128238E-08 -3.713781199E-08  1.880015141E-06  5.618405874E-08 -6.731451925E-09  3.488646253E-09 -5.212154912E-08  5.623879471E-07  2.066216368E-10 -8.821219872E-09 -2.304402853E-08  1.819809547E-06 -4.080244462E-08 -2.944393668E-08  4.349701978E-07 -1.806091785E-08  8.237444400E-06
  1.061979242E+00  9.999891410E+02  5.624289594E-07 -1.103060358E-08 -6.964431700E-09 -7.211673373E-08  1.788165406E-08 -3.713651643E-08  1.885463071E-06  5.640147943E-08 -6.054183999E-09  3.503582682E-09 -5.316326164E-08  5.623873686E-07 -2.572382062E-10 -8.820539837E-09 -2.304560019E-08  1.822682108E-06 -4.092932939E-08 -2.895111573E-08  4.349701978E-07 -1.804893981E-08  8.237446101E-06
  1.064977166E+00  9.999891410E+02  5.624295290E-07 -1.189189614E-08 -6.964453831E-09 -7.185068750E-08  1.788204231E-08 -3.713518023E-08  1.890847757E-06  5.626856153E-08 -5.502469930E-09  3.536026438E-09 -5.413094098E-08  5.623867624E-07 -7.695565179E-10 -8.819826381E-09 -2.304723885E-08  1.825376794E-06 -4.102051080E-08 -2.845612722E-08  4.349701978E-07 -1.803696191E-08  8.237447802E-06
  1.067975090E+00  9.999891410E+02  5.624301229E-07 -1.284958920E-08 -6.964475598E-09 -7.169489035E-08  1.788244776E-08 -3.713380197E-08  1.897581764E-06  5.628360926E-08 -4.788310744E-09  3.569396592E-09 -5.532459797E-08  5.623861275E-07 -1.312570308E-09 -8.819078214E-09 -2.304894698E-08  1.828887858E-06 -4.113983686E-08 -2.786254096E-08  4.349701978E-07 -1.802498416E-08  8.237449505E-06
  1.070973014E+00  9.999891410E+02  5.624307421E-07 -1.385472787E-08 -6.964496945E-09 -7.175565073E-08  1.788287114E-08 -3.713237999E-08  1.904231187E-06  5.651559926E-08 -4.026273932E-09  3.581839345E-09 -5.650672249E-08  5.623854624E-07 -1.946625760E-09 -8.818293897E-09 -2.305072750E-08  1.832572598E-06 -4.128357758E-08 -2.729880418E-08  4.349701977E-07 -1.801300659E-08  8.237451209E-06
  1.073970939E+00  9.999891410E+02  5.624313876E-07 -1.494146373E-08 -6.964517891E-09 -7.147785469E-08  1.788331314E-08 -3.713091227E-08  1.910681976E-06  5.639073502E-08 -3.399244601E-09  3.611194481E-09 -5.758015919E-08  5.623847659E-07 -2.649566092E-09 -8.817471951E-09 -2.305258346E-08  1.836018041E-06 -4.138671471E-08 -2.674753915E-08  4.349701977E-07 -1.800102921E-08  8.237452913E-06
  1.076968863E+00  9.999891410E+02  5.624320601E-07 -1.613403594E-08 -6.964538408E-09 -7.140381584E-08  1.788377448E-08 -3.712939715E-08  1.918359840E-06  5.650285565E-08 -2.630758077E-09  3.636145089E-09 -5.884538123E-08  5.623840366E-07 -3.409721477E-09 -8.816610938E-09 -2.305451759E-08  1.840282256E-06 -4.151869623E-08 -2.611384177E-08  4.349701977E-07 -1.798905202E-08  8.237454618E-06
  1.079966787E+00  9.999891410E+02  5.624327606E-07 -1.738761150E-08 -6.964558451E-09 -7.127342652E-08  1.788425591E-08 -3.712783278E-08  1.925622968E-06  5.655199432E-08 -1.882684089E-09  3.644651505E-09 -6.002654913E-08  5.623832729E-07 -4.286004648E-09 -8.815709321E-09 -2.305653306E-08  1.844433200E-06 -4.165389517E-08 -2.553455511E-08  4.349701977E-07 -1.797707506E-08  8.237456324E-06
  1.082964711E+00  9.999891410E+02  5.624334901E-07 -1.875061542E-08 -6.964578037E-09 -7.112286788E-08  1.788475816E-08 -3.712621704E-08  1.932915126E-06  5.656734982E-08 -1.202902267E-09  3.666354423E-09 -6.113858146E-08  5.623824736E-07 -5.244551317E-09 -8.814765569E-09 -2.305863294E-08  1.848567830E-06 -4.176331289E-08 -2.494739199E-08  4.349701977E-07 -1.796509832E-08  8.237458030E-06
  1.085962635E+00  9.999891410E+02  5.624342493E-07 -2.023231688E-08 -6.964597130E-09 -7.109427713E-08  1.788528195E-08 -3.712454827E-08  1.941336437E-06  5.673635309E-08 -4.175618289E-10  3.679920992E-09 -6.242587252E-08  5.623816371E-07 -6.291426136E-09 -8.813778195E-09 -2.306082015E-08  1.853479051E-06 -4.189995148E-08 -2.429147108E-08  4.349701976E-07 -1.795312180E-08  8.237459736E-06
  1.088960560E+00  9.999891410E+02  5.624350392E-07 -2.179157528E-08 -6.964615693E-09 -7.083022897E-08  1.788582806E-08 -3.712282447E-08  1.948956027E-06  5.665524233E-08  3.100979209E-10  3.679551291E-09 -6.355610799E-08  5.623807618E-07 -7.484707379E-09 -8.812745620E-09 -2.306309791E-08  1.857990575E-06 -4.202355125E-08 -2.371963315E-08  4.349701976E-07 -1.794114558E-08  8.237461443E-06
  1.091958484E+00  9.999891410E+02  5.624358607E-07 -2.348662647E-08 -6.964633743E-09 -7.079035238E-08  1.788639719E-08 -3.712104356E-08  1.956651337E-06  5.678743445E-08  9.865953839E-10  3.686692902E-09 -6.462914710E-08  5.623798462E-07 -8.783346514E-09 -8.811666327E-09 -2.306546926E-08  1.862550817E-06 -4.212957703E-08 -2.312671891E-08  4.349701976E-07 -1.792916964E-08  8.237463151E-06
  1.094956408E+00  9.999891410E+02  5.624367143E-07 -2.531238972E-08 -6.964651240E-09 -7.063943785E-08  1.788699005E-08 -3.711920383E-08  1.965097243E-06  5.683478463E-08  1.729280978E-09  3.683912917E-09 -6.580994757E-08  5.623788888E-07 -1.021038249E-08 -8.810538862E-09 -2.306793705E-08  1.867646655E-06 -4.225107635E-08 -2.250415194E-08  4.349701976E-07 -1.791719401E-08  8.237464858E-06
  1.097954332E+00  9.999891410E+02  5.624376010E-07 -2.724764003E-08 -6.964668158E-09 -7.054618408E-08  1.788760735E-08 -3.711730334E-08  1.972588411E-06  5.691806469E-08  2.423524377E-09  3.667181923E-09 -6.681378165E-08  5.623778880E-07 -1.180641399E-08 -8.809361731E-09 -2.307050436E-08  1.872272614E-06 -4.236191764E-08 -2.195938579E-08  4.349701975E-07 -1.790521870E-08  8.237466566E-06
  1.100952256E+00  9.999891410E+02  5.624385214E-07 -2.934810979E-08 -6.964684508E-09 -7.045300341E-08  1.788824975E-08 -3.711534014E-08  1.980316103E-06  5.699872844E-08  3.039060061E-09  3.659344076E-09 -6.779281512E-08  5.623768422E-07 -1.353512806E-08 -8.808133528E-09 -2.307317400E-08  1.876964875E-06 -4.245028589E-08 -2.138139920E-08  4.349701975E-07 -1.789324375E-08  8.237468274E-06
  1.103950181E+00  9.999891410E+02  5.624394760E-07 -3.159657098E-08 -6.964700243E-09 -7.019140219E-08  1.788891789E-08 -3.711331267E-08  1.988424065E-06  5.693221689E-08  3.732196212E-09  3.636283609E-09 -6.881585966E-08  5.623757500E-07 -1.543410234E-08 -8.806852901E-09 -2.307594859E-08  1.882003820E-06 -4.255068134E-08 -2.081052910E-08  4.349701975E-07 -1.788126918E-08  8.237469981E-06
  1.106948105E+00  9.999891410E+02  5.624404655E-07 -3.399110617E-08 -6.964715343E-09 -7.027215146E-08  1.788961242E-08 -3.711121908E-08  1.995469564E-06  5.718235602E-08  4.361988404E-09  3.598133469E-09 -6.965351734E-08  5.623746097E-07 -1.752672924E-08 -8.805518487E-09 -2.307883097E-08  1.886488121E-06 -4.264199396E-08 -2.029903347E-08  4.349701974E-07 -1.786929499E-08  8.237471689E-06
  1.109946029E+00  9.999891410E+02  5.624414903E-07 -3.657598397E-08 -6.964729813E-09 -7.004411155E-08  1.789033390E-08 -3.710905767E-08  2.002729305E-06  5.712642829E-08  4.913772636E-09  3.569263348E-09 -7.046760728E-08  5.623734199E-07 -1.978998168E-08 -8.804129043E-09 -2.308182354E-08  1.890992724E-06 -4.270511949E-08 -1.977145474E-08  4.349701974E-07 -1.785732121E-08  8.237473396E-06
  1.112943953E+00  9.999891410E+02  5.624425506E-07 -3.934148486E-08 -6.964743604E-09 -6.998234822E-08  1.789108289E-08 -3.710682702E-08  2.010118802E-06  5.724800625E-08  5.540926848E-09  3.521629206E-09 -7.128875130E-08  5.623721790E-07 -2.225573137E-08 -8.802683383E-09 -2.308492869E-08  1.895736253E-06 -4.278495106E-08 -1.925030490E-08  4.349701973E-07 -1.784534787E-08  8.237475103E-06
  1.115941877E+00  9.999891410E+02  5.624436470E-07 -4.230534539E-08 -6.964756700E-09 -6.987970584E-08  1.789185994E-08 -3.710452555E-08  2.017014419E-06  5.731380792E-08  6.066735227E-09  3.473390908E-09 -7.199207713E-08  5.623708855E-07 -2.492921869E-08 -8.801180323E-09 -2.308814880E-08  1.900112384E-06 -4.284021004E-08 -1.874507939E-08  4.349701973E-07 -1.783337502E-08  8.237476809E-06
  1.118939801E+00  9.999891410E+02  5.624447795E-07 -4.549010547E-08 -6.964769068E-09 -6.959164141E-08  1.789266557E-08 -3.710215182E-08  2.024654926E-06  5.721850990E-08  6.653622032E-09  3.418986832E-09 -7.275989563E-08  5.623695379E-07 -2.781118774E-08 -8.799618733E-09 -2.309148601E-08  1.904993776E-06 -4.289485032E-08 -1.821500209E-08  4.349701972E-07 -1.782140264E-08  8.237478514E-06
  1.121937726E+00  9.999891410E+02  5.624459484E-07 -4.882162313E-08 -6.964780652E-09 -6.981882542E-08  1.789350028E-08 -3.709970443E-08  2.030261987E-06  5.762844647E-08  7.280611796E-09  3.303674242E-09 -7.329573275E-08  5.623681346E-07 -3.100042356E-08 -8.797997496E-09 -2.309494270E-08  1.908914693E-06 -4.297204034E-08 -1.783370046E-08  4.349701972E-07 -1.780943079E-08  8.237480219E-06
  1.124935650E+00  9.999891410E+02  5.624471541E-07 -5.225093243E-08 -6.964791510E-09 -6.982604057E-08  1.789436434E-08 -3.709718153E-08  2.029696972E-06  5.771931894E-08  7.502118098E-09  3.146646130E-09 -7.298633837E-08  5.623666739E-07 -3.456848807E-08 -8.796315789E-09 -2.309852085E-08  1.908851468E-06 -4.295591624E-08 -1.782877724E-08  4.349701971E-07 -1.779745950E-08  8.237481922E-06
  1.127933574E+00  9.999891410E+02  5.624483959E-07 -5.587864134E-08 -6.964801774E-09 -6.989130420E-08  1.789525762E-08 -3.709458208E-08  2.025152706E-06  5.778087287E-08  7.299260115E-09  2.998076780E-09 -7.204062447E-08  5.623651548E-07 -3.843017705E-08 -8.794573592E-09 -2.310222056E-08  1.906003169E-06 -4.283175759E-08 -1.800896728E-08  4.349701971E-07 -1.778548876E-08  8.237483624E-06
  1.130931498E+00  9.999891410E+02  5.624496725E-07 -5.983556923E-08 -6.964811481E-09 -6.979862474E-08  1.789617978E-08 -3.709190667E-08  2.022635114E-06  5.770258234E-08  7.031769843E-09  2.893361004E-09 -7.126884194E-08  5.623635773E-07 -4.246447954E-08 -8.792771546E-09 -2.310604031E-08  1.904207865E-06 -4.267713890E-08 -1.802159587E-08  4.349701970E-07 -1.777351862E-08  8.237485324E-06
  1.133929422E+00  9.999891410E+02  5.624509824E-07 -6.415185168E-08 -6.964820504E-09 -6.958651241E-08  1.789713061E-08 -3.708915669E-08  2.025181492E-06  5.760120833E-08  7.106807932E-09  2.806032745E-09 -7.115697275E-08  5.623619413E-07 -4.665289874E-08 -8.790910185E-09 -2.310997866E-08  1.905691083E-06 -4.258919512E-08 -1.773542845E-08  4.349701970E-07 -1.776154908E-08  8.237487023E-06
  1.136927347E+00  9.999891410E+02  5.624523247E-07 -6.874977701E-08 -6.964828675E-09 -6.954074875E-08  1.789811017E-08 -3.708633277E-08  2.030197337E-06  5.773276025E-08  7.507519949E-09  2.684830068E-09 -7.140707555E-08  5.623602459E-07 -5.109132218E-08 -8.788989399E-09 -2.311403569E-08  1.909050374E-06 -4.257935104E-08 -1.733634477E-08  4.349701969E-07 -1.774958014E-08  8.237488719E-06
  1.139925271E+00  9.999891410E+02  5.624536992E-07 -7.354465494E-08 -6.964835925E-09 -6.949830462E-08  1.789911867E-08 -3.708343420E-08  2.032863153E-06  5.784565869E-08  7.865781081E-09  2.514688025E-09 -7.134369304E-08  5.623584899E-07 -5.588621104E-08 -8.787008661E-09 -2.311821265E-08  1.911106168E-06 -4.256183711E-08 -1.710727607E-08  4.349701968E-07 -1.773761186E-08  8.237490414E-06
  1.142923195E+00  9.999891410E+02  5.624551055E-07 -7.854366305E-08 -6.964842302E-09 -6.955184053E-08  1.790015614E-08 -3.708045994E-08  2.031517422E-06  5.798472780E-08  7.949493413E-09  2.318778309E-09 -7.068717734E-08  5.623566719E-07 -6.104901378E-08 -8.784967674E-09 -2.312251026E-08  1.910611451E-06 -4.247533966E-08 -1.710886666E-08  4.349701968E-07 -1.772564425E-08  8.237492106E-06
  1.145921119E+00  9.999891410E+02  5.624565424E-07 -8.380598683E-08 -6.964847864E-09 -6.964718428E-08  1.790122233E-08 -3.707740980E-08  2.028293568E-06  5.813091130E-08  7.802467270E-09  2.117837010E-09 -6.970721151E-08  5.623547911E-07 -6.653295856E-08 -8.782866720E-09 -2.312692799E-08  1.908841353E-06 -4.233042020E-08 -1.719728919E-08  4.349701967E-07 -1.771367730E-08  8.237493795E-06
  1.148919043E+00  9.999891410E+02  5.624580087E-07 -8.931997398E-08 -6.964852604E-09 -6.957921146E-08  1.790231683E-08 -3.707428439E-08  2.023813165E-06  5.810694664E-08  7.599853491E-09  1.893192955E-09 -6.852017321E-08  5.623528472E-07 -7.235816202E-08 -8.780706501E-09 -2.313146438E-08  1.906399662E-06 -4.216301117E-08 -1.738886301E-08  4.349701966E-07 -1.770171106E-08  8.237495482E-06
  1.151916968E+00  9.999891410E+02  5.624595028E-07 -9.507400176E-08 -6.964856530E-09 -6.983987376E-08  1.790343907E-08 -3.707108458E-08  2.016886358E-06  5.836854630E-08  7.220949395E-09  1.638886646E-09 -6.694093406E-08  5.623508399E-07 -7.854138737E-08 -8.778488003E-09 -2.313611753E-08  1.902565572E-06 -4.196083219E-08 -1.772125309E-08  4.349701965E-07 -1.768974555E-08  8.237497166E-06
  1.154914892E+00  9.999891410E+02  5.624610228E-07 -1.010734958E-07 -6.964859678E-09 -6.973834438E-08  1.790458827E-08 -3.706781162E-08  2.008202756E-06  5.824556061E-08  6.668656422E-09  1.366610930E-09 -6.502948310E-08  5.623487692E-07 -8.507680714E-08 -8.776212599E-09 -2.314088471E-08  1.897705041E-06 -4.170313017E-08 -1.819546026E-08  4.349701965E-07 -1.767778074E-08  8.237498846E-06
  1.157912816E+00  9.999891410E+02  5.624625665E-07 -1.072441848E-07 -6.964862061E-09 -7.019194234E-08  1.790576342E-08 -3.706446730E-08  1.995817233E-06  5.862780088E-08  5.961719481E-09  1.024603871E-09 -6.254800913E-08  5.623466355E-07 -9.203293498E-08 -8.773882101E-09 -2.314576242E-08  1.891073520E-06 -4.142691072E-08 -1.894709642E-08  4.349701964E-07 -1.766581666E-08  8.237500522E-06
  1.160910740E+00  9.999891410E+02  5.624641315E-07 -1.136084447E-07 -6.964863810E-09 -7.037937197E-08  1.790696318E-08 -3.706105368E-08  1.978957011E-06  5.862341198E-08  4.675285439E-09  6.810298307E-10 -5.918511680E-08  5.623444394E-07 -9.937182019E-08 -8.771498986E-09 -2.315074596E-08  1.881811770E-06 -4.101445133E-08 -2.000500974E-08  4.349701963E-07 -1.765385326E-08  8.237502195E-06
  1.163908664E+00  9.999891410E+02  5.624657142E-07 -1.203035148E-07 -6.964865017E-09 -7.040361200E-08  1.790818586E-08 -3.705757437E-08  1.964077813E-06  5.846627919E-08  3.270522870E-09  3.723716580E-10 -5.585802271E-08  5.623421827E-07 -1.069287999E-07 -8.769066512E-09 -2.315582850E-08  1.873866789E-06 -4.055088673E-08 -2.095719294E-08  4.349701962E-07 -1.764189054E-08  8.237503863E-06
  1.166906588E+00  9.999891410E+02  5.624673111E-07 -1.272651803E-07 -6.964865594E-09 -7.070748003E-08  1.790942979E-08 -3.705403407E-08  1.951504681E-06  5.864048162E-08  2.065002647E-09  3.429471285E-11 -5.278168333E-08  5.623398675E-07 -1.147393583E-07 -8.766588091E-09 -2.316100302E-08  1.867913373E-06 -4.014787489E-08 -2.182436971E-08  4.349701962E-07 -1.762992848E-08  8.237505528E-06
  1.169904513E+00  9.999891410E+02  5.624689190E-07 -1.344679257E-07 -6.964865525E-09 -7.062985915E-08  1.791069337E-08 -3.705043681E-08  1.939344882E-06  5.841126886E-08  7.618482880E-10 -2.962730182E-10 -4.954814045E-08  5.623374953E-07 -1.228007207E-07 -8.764066928E-09 -2.316626312E-08  1.862526203E-06 -3.970795068E-08 -2.273136799E-08  4.349701961E-07 -1.761796706E-08  8.237507187E-06
  1.172902437E+00  9.999891410E+02  5.624705344E-07 -1.419561520E-07 -6.964864793E-09 -7.093750969E-08  1.791197502E-08 -3.704678674E-08  1.929917458E-06  5.861509397E-08 -4.288952991E-10 -6.271042762E-10 -4.659904999E-08  5.623350680E-07 -1.310377097E-07 -8.761506202E-09 -2.317160218E-08  1.859047057E-06 -3.929646408E-08 -2.346273919E-08  4.349701960E-07 -1.760600624E-08  8.237508842E-06
  1.175900361E+00  9.999891410E+02  5.624721544E-07 -1.496238719E-07 -6.964863326E-09 -7.081511917E-08  1.791327326E-08 -3.704308792E-08  1.921130326E-06  5.840341155E-08 -1.521423439E-09 -9.820302875E-10 -4.363256610E-08  5.623325874E-07 -1.395273042E-07 -8.758908924E-09 -2.317701415E-08  1.856504619E-06 -3.890094443E-08 -2.426739523E-08  4.349701960E-07 -1.759404604E-08  8.237510491E-06
  1.179000000E+00  9.999891410E+02  5.624738312E-07 -1.577497637E-07 -6.964861062E-09 -7.102871648E-08  1.791463139E-08 -3.703921604E-08  1.912327900E-06  5.850358242E-08 -2.810570651E-09 -1.361431143E-09 -4.037659297E-08  5.623299681E-07 -1.485286948E-07 -8.756188219E-09 -2.318268017E-08  1.854495547E-06 -3.846567185E-08 -2.512023220E-08  4.349701959E-07 -1.758168062E-08  8.237512191E-06
  1.181997924E+00  9.999891410E+02  5.624754517E-07 -1.657170861E-07 -6.964858151E-09 -7.144296541E-08  1.791595865E-08 -3.703542909E-08  1.903564723E-06  5.880381020E-08 -4.069403897E-09 -1.779405725E-09 -3.699356460E-08  5.623273838E-07 -1.574992421E-07 -8.753525862E-09 -2.318822194E-08  1.853337824E-06 -3.805480648E-08 -2.610417061E-08  4.349701958E-07 -1.756972153E-08  8.237513830E-06
  1.184995848E+00  9.999891410E+02  5.624770679E-07 -1.737475536E-07 -6.964854630E-09 -7.170979108E-08  1.791729754E-08 -3.703160439E-08  1.892935972E-06  5.885061126E-08 -5.833641717E-09 -2.211064634E-09 -3.284145047E-08  5.623247514E-07 -1.667323177E-07 -8.750836612E-09 -2.319381756E-08  1.852087549E-06 -3.754491866E-08 -2.738228393E-08  4.349701958E-07 -1.755776295E-08  8.237515463E-06
  1.187993773E+00  9.999891410E+02  5.624786761E-07 -1.819707678E-07 -6.964850630E-09 -7.169884315E-08  1.791864599E-08 -3.702774662E-08  1.884351057E-06  5.861457052E-08 -7.767051785E-09 -2.597982715E-09 -2.866582217E-08  5.623220737E-07 -1.760467630E-07 -8.748124577E-09 -2.319945863E-08  1.852266263E-06 -3.696782010E-08 -2.857118598E-08  4.349701957E-07 -1.754580481E-08  8.237517091E-06
  1.190991697E+00  9.999891410E+02  5.624802725E-07 -1.903132096E-07 -6.964846099E-09 -7.197719471E-08  1.792000195E-08 -3.702386156E-08  1.878233484E-06  5.872757810E-08 -9.456984112E-09 -3.012813173E-09 -2.479838360E-08  5.623193538E-07 -1.854638883E-07 -8.745394035E-09 -2.320513638E-08  1.854556691E-06 -3.646348500E-08 -2.967351376E-08  4.349701956E-07 -1.753384709E-08  8.237518713E-06
  1.193989621E+00  9.999891410E+02  5.624818537E-07 -1.987333821E-07 -6.964841052E-09 -7.201072299E-08  1.792136340E-08 -3.701995435E-08  1.873121196E-06  5.856248131E-08 -1.129812418E-08 -3.418007039E-09 -2.074284945E-08  5.623165944E-07 -1.949750647E-07 -8.742649051E-09 -2.321084276E-08  1.858102017E-06 -3.592324500E-08 -3.082363777E-08  4.349701956E-07 -1.752188973E-08  8.237520328E-06
  1.196987545E+00  9.999891410E+02  5.624834162E-07 -2.072686785E-07 -6.964835516E-09 -7.241461066E-08  1.792272838E-08 -3.701603017E-08  1.870526046E-06  5.881675632E-08 -1.295415243E-08 -3.817249953E-09 -1.702242923E-08  5.623137986E-07 -2.044909021E-07 -8.739893678E-09 -2.321656942E-08  1.863362981E-06 -3.542050368E-08 -3.181239737E-08  4.349701955E-07 -1.750993268E-08  8.237521938E-06
  1.199985469E+00  9.999891410E+02  5.624849569E-07 -2.157573153E-07 -6.964829452E-09 -7.247561281E-08  1.792409499E-08 -3.701209418E-08  1.868516536E-06  5.872532629E-08 -1.467260801E-08 -4.261161103E-09 -1.312831370E-08  5.623109692E-07 -2.141246206E-07 -8.737131814E-09 -2.322230865E-08  1.870045868E-06 -3.493439316E-08 -3.296230444E-08  4.349701955E-07 -1.749797589E-08  8.237523542E-06
  1.202983393E+00  9.999891410E+02  5.624864728E-07 -2.242535429E-07 -6.964822992E-09 -7.286544131E-08  1.792546120E-08 -3.700815078E-08  1.867428545E-06  5.888140414E-08 -1.671136824E-08 -4.677623583E-09 -8.817900479E-09  5.623081091E-07 -2.237699490E-07 -8.734367453E-09 -2.322805261E-08  1.878286845E-06 -3.437292563E-08 -3.418997825E-08  4.349701954E-07 -1.748601932E-08  8.237525139E-06
  1.205981318E+00  9.999891410E+02  5.624879603E-07 -2.328137614E-07 -6.964816185E-09 -7.266597671E-08  1.792682500E-08 -3.700420561E-08  1.868799786E-06  5.852744668E-08 -1.857022815E-08 -5.062308216E-09 -5.003901697E-09  5.623052218E-07 -2.333140758E-07 -8.731604867E-09 -2.323379239E-08  1.887420585E-06 -3.382640570E-08 -3.519246558E-08  4.349701954E-07 -1.747406294E-08  8.237526731E-06
  1.208979242E+00  9.999891410E+02  5.624894165E-07 -2.412808650E-07 -6.964808966E-09 -7.306556882E-08  1.792818443E-08 -3.700026414E-08  1.871363609E-06  5.878539817E-08 -2.025401287E-08 -5.496751754E-09 -1.220886346E-09  5.623023106E-07 -2.428644513E-07 -8.728848066E-09 -2.323952001E-08  1.898425609E-06 -3.335829065E-08 -3.626812895E-08  4.349701954E-07 -1.746210665E-08  8.237528316E-06
  1.211977166E+00  9.999891410E+02  5.624908386E-07 -2.496783332E-07 -6.964801446E-09 -7.337408339E-08  1.792953760E-08 -3.699633093E-08  1.875079710E-06  5.889853815E-08 -2.223436372E-08 -5.906568839E-09  2.822419336E-09  5.622993785E-07 -2.523478752E-07 -8.726100940E-09 -2.324522786E-08  1.910834423E-06 -3.282668315E-08 -3.739027448E-08  4.349701953E-07 -1.745015043E-08  8.237529895E-06
  1.214975090E+00  9.999891410E+02  5.624922236E-07 -2.579790944E-07 -6.964793677E-09 -7.335977127E-08  1.793088254E-08 -3.699241119E-08  1.880170731E-06  5.872735030E-08 -2.410506493E-08 -6.322152050E-09  6.708215318E-09  5.622964289E-07 -2.617395061E-07 -8.723367560E-09 -2.325090762E-08  1.924364212E-06 -3.231565968E-08 -3.850083840E-08  4.349701953E-07 -1.743819424E-08  8.237531468E-06
  1.217973014E+00  9.999891410E+02  5.624935688E-07 -2.661081493E-07 -6.964785715E-09 -7.392741007E-08  1.793221724E-08 -3.698850990E-08  1.886557679E-06  5.907874356E-08 -2.621345060E-08 -6.755643768E-09  1.093000754E-08  5.622934653E-07 -2.710644555E-07 -8.720652018E-09 -2.325655135E-08  1.940230753E-06 -3.179784668E-08 -3.974481283E-08  4.349701953E-07 -1.742623799E-08  8.237533034E-06
  1.220970939E+00  9.999891410E+02  5.624948713E-07 -2.741794688E-07 -6.964777707E-09 -7.357565509E-08  1.793353964E-08 -3.698463223E-08  1.894411609E-06  5.851149026E-08 -2.836580020E-08 -7.111127304E-09  1.500688206E-08  5.622904915E-07 -2.801553138E-07 -8.717958589E-09 -2.326215030E-08  1.956365882E-06 -3.121074214E-08 -4.084818724E-08  4.349701953E-07 -1.741428167E-08  8.237534595E-06
  1.223968863E+00  9.999891410E+02  5.624961279E-07 -2.821716110E-07 -6.964769608E-09 -7.395359949E-08  1.793484786E-08 -3.698078423E-08  1.903357262E-06  5.877791887E-08 -2.999844605E-08 -7.468875886E-09  1.831025051E-08  5.622875114E-07 -2.889852793E-07 -8.715291408E-09 -2.326769596E-08  1.972161871E-06 -3.075444471E-08 -4.165293827E-08  4.349701953E-07 -1.740232521E-08  8.237536150E-06
  1.226966787E+00  9.999891410E+02  5.624973366E-07 -2.899812871E-07 -6.964761386E-09 -7.385937674E-08  1.793614025E-08 -3.697697080E-08  1.912936631E-06  5.858128177E-08 -3.153591258E-08 -7.818262564E-09  2.146528242E-08  5.622845284E-07 -2.976201151E-07 -8.712653970E-09 -2.327318138E-08  1.988306518E-06 -3.032072902E-08 -4.244242484E-08  4.349701952E-07 -1.739036857E-08  8.237537699E-06
  1.229964711E+00  9.999891410E+02  5.624984954E-07 -2.976202818E-07 -6.964753090E-09 -7.409707668E-08  1.793741536E-08 -3.697319612E-08  1.923108089E-06  5.874105726E-08 -3.295531859E-08 -8.162059815E-09  2.439991216E-08  5.622815454E-07 -3.060146838E-07 -8.710049413E-09 -2.327860022E-08  2.004555456E-06 -2.991938569E-08 -4.313315786E-08  4.349701952E-07 -1.737841172E-08  8.237539243E-06
  1.232962635E+00  9.999891410E+02  5.624996028E-07 -3.049914754E-07 -6.964744745E-09 -7.417358531E-08  1.793867175E-08 -3.696946403E-08  1.933886234E-06  5.873280393E-08 -3.440510205E-08 -8.524085391E-09  2.740797503E-08  5.622785655E-07 -3.142365659E-07 -8.707480719E-09 -2.328394664E-08  2.021910541E-06 -2.953625685E-08 -4.393093279E-08  4.349701952E-07 -1.736645461E-08  8.237540781E-06
  1.235960560E+00  9.999891410E+02  5.625006571E-07 -3.121211168E-07 -6.964736476E-09 -7.444232279E-08  1.793990796E-08 -3.696577807E-08  1.945665827E-06  5.886697938E-08 -3.606883048E-08 -8.867958738E-09  3.064069091E-08  5.622755916E-07 -3.222299027E-07 -8.704950915E-09 -2.328921471E-08  2.040625359E-06 -2.911400184E-08 -4.478528400E-08  4.349701952E-07 -1.735449723E-08  8.237542314E-06
  1.238958484E+00  9.999891410E+02  5.625016567E-07 -3.190027101E-07 -6.964728367E-09 -7.441643428E-08  1.794112247E-08 -3.696214227E-08  1.957826440E-06  5.873141749E-08 -3.767512733E-08 -9.207012008E-09  3.374090172E-08  5.622726269E-07 -3.299707529E-07 -8.702463220E-09 -2.329439799E-08  2.059446552E-06 -2.870274061E-08 -4.562865848E-08  4.349701952E-07 -1.734253953E-08  8.237543842E-06
  1.241956408E+00  9.999891410E+02  5.625025998E-07 -3.255649545E-07 -6.964720489E-09 -7.482844834E-08  1.794231371E-08 -3.695856064E-08  1.971272374E-06  5.898467922E-08 -3.946428189E-08 -9.562616888E-09  3.711379025E-08  5.622696747E-07 -3.375026613E-07 -8.700020883E-09 -2.329949015E-08  2.080518890E-06 -2.829638558E-08 -4.661722687E-08  4.349701952E-07 -1.733058148E-08  8.237545364E-06
  1.244954332E+00  9.999891410E+02  5.625034846E-07 -3.319281204E-07 -6.964713009E-09 -7.478068884E-08  1.794348007E-08 -3.695503723E-08  1.985198945E-06  5.875292750E-08 -4.133066680E-08 -9.841958952E-09  4.042164989E-08  5.622667384E-07 -3.446760235E-07 -8.697627330E-09 -2.330448432E-08  2.101188421E-06 -2.782701686E-08 -4.748698834E-08  4.349701952E-07 -1.731862304E-08  8.237546882E-06
  1.247952256E+00  9.999891409E+02  5.625043091E-07 -3.381368372E-07 -6.964705920E-09 -7.470792687E-08  1.794462008E-08 -3.695157701E-08  1.997487481E-06  5.860829612E-08 -4.259395260E-08 -1.008003911E-08  4.282098091E-08  5.622638219E-07 -3.514214947E-07 -8.695285874E-09 -2.330937351E-08  2.118081939E-06 -2.745683383E-08 -4.798959500E-08  4.349701952E-07 -1.730666419E-08  8.237548396E-06
  1.250950180E+00  9.999891409E+02  5.625050721E-07 -3.441000870E-07 -6.964699140E-09 -7.481124183E-08  1.794573265E-08 -3.694818413E-08  2.008706802E-06  5.869597963E-08 -4.349247136E-08 -1.031589963E-08  4.469032098E-08  5.622609282E-07 -3.578181551E-07 -8.692999041E-09 -2.331415260E-08  2.132987576E-06 -2.718403842E-08 -4.832173230E-08  4.349701953E-07 -1.729470490E-08  8.237549905E-06
  1.253948105E+00  9.999891409E+02  5.625057729E-07 -3.498214658E-07 -6.964692681E-09 -7.465256480E-08  1.794681698E-08 -3.694486135E-08  2.018993357E-06  5.854629798E-08 -4.418632524E-08 -1.052071043E-08  4.624373607E-08  5.622580597E-07 -3.638582991E-07 -8.690768670E-09 -2.331881794E-08  2.146074829E-06 -2.693580952E-08 -4.852752747E-08  4.349701953E-07 -1.728274516E-08  8.237551410E-06
  1.256946029E+00  9.999891409E+02  5.625064113E-07 -3.552930234E-07 -6.964686539E-09 -7.471684467E-08  1.794787248E-08 -3.694161095E-08  2.028162529E-06  5.866268550E-08 -4.462176633E-08 -1.071586363E-08  4.739591279E-08  5.622552186E-07 -3.695511710E-07 -8.688596179E-09 -2.332336664E-08  2.157265878E-06 -2.675131078E-08 -4.859071117E-08  4.349701953E-07 -1.727078498E-08  8.237552911E-06
  1.259943953E+00  9.999891409E+02  5.625069873E-07 -3.604956112E-07 -6.964680719E-09 -7.457738705E-08  1.794889873E-08 -3.693843452E-08  2.036614822E-06  5.858320712E-08 -4.494041492E-08 -1.089106376E-08  4.836889664E-08  5.622524065E-07 -3.749222633E-07 -8.686482592E-09 -2.332779667E-08  2.167307785E-06 -2.658759937E-08 -4.860138178E-08  4.349701953E-07 -1.725882432E-08  8.237554409E-06
  1.262941877E+00  9.999891409E+02  5.625075011E-07 -3.654881864E-07 -6.964675250E-09 -7.455492866E-08  1.794989546E-08 -3.693533332E-08  2.043809890E-06  5.864657035E-08 -4.503501005E-08 -1.102689474E-08  4.896546276E-08  5.622496251E-07 -3.799219590E-07 -8.684428639E-09 -2.333210651E-08  2.175051828E-06 -2.645459924E-08 -4.842860736E-08  4.349701953E-07 -1.724686322E-08  8.237555903E-06
  1.265939801E+00  9.999891409E+02  5.625079533E-07 -3.702772082E-07 -6.964670091E-09 -7.431953662E-08  1.795086264E-08 -3.693230840E-08  2.049043206E-06  5.856537265E-08 -4.475018137E-08 -1.113620386E-08  4.897194603E-08  5.622468756E-07 -3.845579404E-07 -8.682434641E-09 -2.333629536E-08  2.179440042E-06 -2.638615525E-08 -4.803802442E-08  4.349701953E-07 -1.723490168E-08  8.237557394E-06
  1.268937726E+00  9.999891409E+02  5.625083447E-07 -3.747824744E-07 -6.964665175E-09 -7.419538902E-08  1.795180047E-08 -3.692936001E-08  2.053445856E-06  5.863166603E-08 -4.427725099E-08 -1.126875930E-08  4.874207850E-08  5.622441589E-07 -3.889305567E-07 -8.680500341E-09 -2.334036378E-08  2.182846332E-06 -2.638562277E-08 -4.763380121E-08  4.349701953E-07 -1.722293970E-08  8.237558882E-06
  1.271935650E+00  9.999891409E+02  5.625086768E-07 -3.789241235E-07 -6.964660540E-09 -7.431365535E-08  1.795270918E-08 -3.692648725E-08  2.058896149E-06  5.888691181E-08 -4.408594092E-08 -1.144059628E-08  4.893595256E-08  5.622414751E-07 -3.931410726E-07 -8.678625245E-09 -2.334431310E-08  2.188693595E-06 -2.637631868E-08 -4.747663963E-08  4.349701954E-07 -1.721097729E-08  8.237560367E-06
  1.274933574E+00  9.999891409E+02  5.625089509E-07 -3.827282993E-07 -6.964656341E-09 -7.439296294E-08  1.795358878E-08 -3.692368919E-08  2.065895402E-06  5.900500137E-08 -4.436968418E-08 -1.161028249E-08  4.977808351E-08  5.622388246E-07 -3.971795751E-07 -8.676809262E-09 -2.334814381E-08  2.197520033E-06 -2.628197317E-08 -4.758596277E-08  4.349701954E-07 -1.719901447E-08  8.237561850E-06
  1.277931498E+00  9.999891409E+02  5.625091670E-07 -3.863270064E-07 -6.964652734E-09 -7.439859373E-08  1.795443900E-08 -3.692096602E-08  2.072835421E-06  5.901158221E-08 -4.477040301E-08 -1.172485822E-08  5.069221036E-08  5.622362086E-07 -4.009243971E-07 -8.675052951E-09 -2.335185476E-08  2.205995869E-06 -2.613253165E-08 -4.765521949E-08  4.349701954E-07 -1.718705124E-08  8.237563331E-06
  1.280929422E+00  9.999891409E+02  5.625093253E-07 -3.898189853E-07 -6.964649729E-09 -7.411319987E-08  1.795525962E-08 -3.691831911E-08  2.077404230E-06  5.880065869E-08 -4.474598770E-08 -1.177666310E-08  5.089944657E-08  5.622336289E-07 -4.042875901E-07 -8.673356984E-09 -2.335544429E-08  2.210048283E-06 -2.602538124E-08 -4.739110321E-08  4.349701954E-07 -1.717508760E-08  8.237564809E-06
  1.283927346E+00  9.999891409E+02  5.625094262E-07 -3.931639864E-07 -6.964647199E-09 -7.381161491E-08  1.795605079E-08 -3.691574956E-08  2.079490461E-06  5.867706597E-08 -4.414084472E-08 -1.181978245E-08  5.031401328E-08  5.622310863E-07 -4.073271363E-07 -8.671721384E-09 -2.335891217E-08  2.210011192E-06 -2.603590461E-08 -4.686184260E-08  4.349701954E-07 -1.716312355E-08  8.237566285E-06
  1.286925271E+00  9.999891409E+02  5.625094709E-07 -3.962820646E-07 -6.964645057E-09 -7.396222354E-08  1.795681296E-08 -3.691325696E-08  2.081084197E-06  5.902251402E-08 -4.340546578E-08 -1.188373798E-08  4.953511299E-08  5.622285809E-07 -4.101468352E-07 -8.670145356E-09 -2.336226011E-08  2.209436346E-06 -2.611615352E-08 -4.630274425E-08  4.349701954E-07 -1.715115914E-08  8.237567760E-06
  1.289923195E+00  9.999891409E+02  5.625094611E-07 -3.991859746E-07 -6.964643329E-09 -7.365268179E-08  1.795754670E-08 -3.691083980E-08  2.082614931E-06  5.888550306E-08 -4.274386036E-08 -1.192749686E-08  4.883909115E-08  5.622261126E-07 -4.127582272E-07 -8.668627793E-09 -2.336549043E-08  2.208779513E-06 -2.616613604E-08 -4.578602162E-08  4.349701955E-07 -1.713919435E-08  8.237569233E-06
  1.292921119E+00  9.999891409E+02  5.625093983E-07 -4.019080325E-07 -6.964642027E-09 -7.360763554E-08  1.795825258E-08 -3.690849678E-08  2.083727239E-06  5.902653492E-08 -4.200460922E-08 -1.196747715E-08  4.800647473E-08  5.622236811E-07 -4.151520780E-07 -8.667167587E-09 -2.336860531E-08  2.207451299E-06 -2.624061841E-08 -4.522168129E-08  4.349701955E-07 -1.712722922E-08  8.237570705E-06
  1.295919043E+00  9.999891409E+02  5.625092838E-07 -4.044287774E-07 -6.964641146E-09 -7.347350642E-08  1.795893119E-08 -3.690622643E-08  2.084787983E-06  5.906829122E-08 -4.129881082E-08 -1.200599221E-08  4.720017253E-08  5.622212861E-07 -4.173707332E-07 -8.665763577E-09 -2.337160717E-08  2.206197605E-06 -2.631843469E-08 -4.469388282E-08  4.349701955E-07 -1.711526374E-08  8.237572176E-06
  1.298916967E+00  9.999891409E+02  5.625091193E-07 -4.067940586E-07 -6.964640711E-09 -7.327244432E-08  1.795958313E-08 -3.690402725E-08  2.085608767E-06  5.903678849E-08 -4.057375558E-08 -1.202330357E-08  4.635263216E-08  5.622189272E-07 -4.193900972E-07 -8.664414587E-09 -2.337449836E-08  2.204454478E-06 -2.638735796E-08 -4.414099905E-08  4.349701955E-07 -1.710329797E-08  8.237573645E-06
  1.301914892E+00  9.999891409E+02  5.625089060E-07 -4.090095415E-07 -6.964640702E-09 -7.331115085E-08  1.796020903E-08 -3.690189785E-08  2.085986680E-06  5.926844419E-08 -3.975014352E-08 -1.204235493E-08  4.530510371E-08  5.622166040E-07 -4.212258041E-07 -8.663119395E-09 -2.337728131E-08  2.201933043E-06 -2.649348576E-08 -4.352300939E-08  4.349701955E-07 -1.709133190E-08  8.237575114E-06
  1.304912816E+00  9.999891409E+02  5.625086457E-07 -4.110478363E-07 -6.964641106E-09 -7.300156143E-08  1.796080956E-08 -3.689983659E-08  2.086407559E-06  5.913486691E-08 -3.897056241E-08 -1.205735845E-08  4.434877784E-08  5.622143161E-07 -4.229265604E-07 -8.661876653E-09 -2.337995881E-08  2.199678678E-06 -2.658858134E-08 -4.297707748E-08  4.349701955E-07 -1.707936553E-08  8.237576582E-06
  1.307910740E+00  9.999891409E+02  5.625083397E-07 -4.129710884E-07 -6.964641946E-09 -7.300088448E-08  1.796138540E-08 -3.689784171E-08  2.086709120E-06  5.930800553E-08 -3.818042874E-08 -1.205656822E-08  4.331478969E-08  5.622120628E-07 -4.244501416E-07 -8.660685014E-09 -2.338253351E-08  2.196987743E-06 -2.668570478E-08 -4.236579719E-08  4.349701955E-07 -1.706739889E-08  8.237578049E-06
  1.310908664E+00  9.999891409E+02  5.625079896E-07 -4.147584385E-07 -6.964643188E-09 -7.273489353E-08  1.796193725E-08 -3.689591160E-08  2.086639589E-06  5.923942308E-08 -3.729432713E-08 -1.205700353E-08  4.213666263E-08  5.622098434E-07 -4.258368450E-07 -8.659543093E-09 -2.338500820E-08  2.193686364E-06 -2.680514165E-08 -4.174198884E-08  4.349701955E-07 -1.705543203E-08  8.237579516E-06
  1.313906588E+00  9.999891409E+02  5.625075970E-07 -4.164028265E-07 -6.964644824E-09 -7.271867819E-08  1.796246585E-08 -3.689404436E-08  2.086840046E-06  5.939471889E-08 -3.647175511E-08 -1.205968936E-08  4.107269612E-08  5.622076573E-07 -4.271128305E-07 -8.658449400E-09 -2.338738597E-08  2.191029297E-06 -2.692514996E-08 -4.117207138E-08  4.349701955E-07 -1.704346491E-08  8.237580982E-06
  1.316904513E+00  9.999891409E+02  5.625071633E-07 -4.179622834E-07 -6.964646872E-09 -7.264200131E-08  1.796297192E-08 -3.689223811E-08  2.086876239E-06  5.949389220E-08 -3.565004542E-08 -1.204036861E-08  3.990331804E-08  5.622055037E-07 -4.282376130E-07 -8.657402486E-09 -2.338966962E-08  2.187713015E-06 -2.703539024E-08 -4.052916073E-08  4.349701955E-07 -1.703149759E-08  8.237582449E-06
  1.319902437E+00  9.999891409E+02  5.625066900E-07 -4.193995459E-07 -6.964649284E-09 -7.223745236E-08  1.796345620E-08 -3.689049115E-08  2.086676321E-06  5.928749614E-08 -3.472176331E-08 -1.202911275E-08  3.863959397E-08  5.622033818E-07 -4.292656570E-07 -8.656400850E-09 -2.339186221E-08  2.184103029E-06 -2.716825142E-08 -3.991091011E-08  4.349701955E-07 -1.701953008E-08  8.237583915E-06
  1.322900361E+00  9.999891409E+02  5.625061788E-07 -4.207220104E-07 -6.964652061E-09 -7.243707309E-08  1.796391947E-08 -3.688880134E-08  2.086891020E-06  5.965138880E-08 -3.391022082E-08 -1.202372361E-08  3.752353544E-08  5.622012906E-07 -4.302061403E-07 -8.655442914E-09 -2.339396697E-08  2.181359662E-06 -2.730187169E-08 -3.933086498E-08  4.349701956E-07 -1.700756236E-08  8.237585380E-06
  1.326000000E+00  9.999891408E+02  5.625056118E-07 -4.220152095E-07 -6.964655331E-09 -7.211137276E-08  1.796437713E-08 -3.688711223E-08  2.086914221E-06  5.950551666E-08 -3.305289922E-08 -1.199286443E-08  3.627833357E-08  5.621991599E-07 -4.310557587E-07 -8.654496844E-09 -2.339605390E-08  2.177820353E-06 -2.741831162E-08 -3.869280155E-08  4.349701956E-07 -1.699518839E-08  8.237586896E-06
  1.328997924E+00  9.999891408E+02  5.625050277E-07 -4.231605779E-07 -6.964658830E-09 -7.212993369E-08  1.796479993E-08 -3.688553288E-08  2.086983779E-06  5.970701811E-08 -3.216285033E-08 -1.198302070E-08  3.502892557E-08  5.621971286E-07 -4.318073838E-07 -8.653623170E-09 -2.339798919E-08  2.174671185E-06 -2.756831718E-08 -3.809611933E-08  4.349701956E-07 -1.698322032E-08  8.237588362E-06
  1.331995848E+00  9.999891408E+02  5.625044101E-07 -4.242137941E-07 -6.964662672E-09 -7.193349571E-08  1.796520396E-08 -3.688400477E-08  2.087265587E-06  5.966049404E-08 -3.142373111E-08 -1.196144033E-08  3.395917873E-08  5.621951253E-07 -4.324923637E-07 -8.652788601E-09 -2.339984594E-08  2.171974353E-06 -2.768131032E-08 -3.755938707E-08  4.349701956E-07 -1.697125208E-08  8.237589828E-06
  1.334993773E+00  9.999891408E+02  5.625037603E-07 -4.252180651E-07 -6.964666859E-09 -7.176857602E-08  1.796558992E-08 -3.688252608E-08  2.087477200E-06  5.966409607E-08 -3.060870722E-08 -1.193113117E-08  3.275627184E-08  5.621931491E-07 -4.330797210E-07 -8.651991701E-09 -2.340162692E-08  2.168811037E-06 -2.780302001E-08 -3.696350151E-08  4.349701956E-07 -1.695928370E-08  8.237591295E-06
  1.337991697E+00  9.999891408E+02  5.625030796E-07 -4.261250695E-07 -6.964671343E-09 -7.184810126E-08  1.796595854E-08 -3.688109503E-08  2.087786281E-06  5.990950976E-08 -2.978659889E-08 -1.192126764E-08  3.158250049E-08  5.621911991E-07 -4.336297166E-07 -8.651231001E-09 -2.340333515E-08  2.166164819E-06 -2.795118695E-08 -3.642302315E-08  4.349701956E-07 -1.694731518E-08  8.237592761E-06
  1.340989621E+00  9.999891408E+02  5.625023694E-07 -4.269542639E-07 -6.964676149E-09 -7.159936662E-08  1.796631050E-08 -3.687970956E-08  2.088244322E-06  5.979162983E-08 -2.914492056E-08 -1.189855431E-08  3.062448839E-08  5.621892743E-07 -4.341337979E-07 -8.650505059E-09 -2.340497358E-08  2.163929984E-06 -2.805141520E-08 -3.595329519E-08  4.349701956E-07 -1.693534655E-08  8.237594229E-06
  1.343987545E+00  9.999891408E+02  5.625016310E-07 -4.277447593E-07 -6.964681279E-09 -7.151870770E-08  1.796664642E-08 -3.687836800E-08  2.088711410E-06  5.985587074E-08 -2.843519213E-08 -1.187144712E-08  2.956708849E-08  5.621873739E-07 -4.345624695E-07 -8.649812587E-09 -2.340654472E-08  2.161457277E-06 -2.816310851E-08 -3.543812218E-08  4.349701956E-07 -1.692337779E-08  8.237595696E-06
  1.346985469E+00  9.999891408E+02  5.625008654E-07 -4.284677253E-07 -6.964686700E-09 -7.151236756E-08  1.796696694E-08 -3.687706877E-08  2.089232578E-06  5.998895440E-08 -2.773610700E-08 -1.185158808E-08  2.853107677E-08  5.621854971E-07 -4.349538379E-07 -8.649152296E-09 -2.340805121E-08  2.159253717E-06 -2.828636446E-08 -3.495372812E-08  4.349701956E-07 -1.691140892E-08  8.237597164E-06
  1.349983394E+00  9.999891408E+02  5.625000738E-07 -4.291655180E-07 -6.964692419E-09 -7.128270776E-08  1.796727269E-08 -3.687581015E-08  2.089821341E-06  5.988942002E-08 -2.707450778E-08 -1.180884028E-08  2.749429443E-08  5.621836429E-07 -4.352741442E-07 -8.648522885E-09 -2.340949564E-08  2.156813383E-06 -2.838448675E-08 -3.443863435E-08  4.349701956E-07 -1.689943995E-08  8.237598633E-06
  1.352981318E+00  9.999891408E+02  5.624992573E-07 -4.298446011E-07 -6.964698389E-09 -7.119319700E-08  1.796756434E-08 -3.687459066E-08  2.090439089E-06  5.996884090E-08 -2.624336879E-08 -1.176928739E-08  2.620226746E-08  5.621818107E-07 -4.355251536E-07 -8.647923014E-09 -2.341088058E-08  2.153896232E-06 -2.852266090E-08 -3.383771806E-08  4.349701956E-07 -1.688747088E-08  8.237600102E-06
  1.355979242E+00  9.999891408E+02  5.624984173E-07 -4.304342793E-07 -6.964704557E-09 -7.112691058E-08  1.796784263E-08 -3.687340848E-08  2.091101064E-06  6.005783267E-08 -2.547914736E-08 -1.175520587E-08  2.505761077E-08  5.621799993E-07 -4.357858620E-07 -8.647351185E-09 -2.341220914E-08  2.151675223E-06 -2.866946602E-08 -3.334316781E-08  4.349701956E-07 -1.687550174E-08  8.237601572E-06
  1.358977166E+00  9.999891408E+02  5.624975551E-07 -4.309640994E-07 -6.964710961E-09 -7.105711432E-08  1.796810818E-08 -3.687226144E-08  2.091846723E-06  6.010051164E-08 -2.489891628E-08 -1.173532791E-08  2.418890136E-08  5.621782077E-07 -4.360339299E-07 -8.646805988E-09 -2.341348425E-08  2.150068805E-06 -2.877161096E-08 -3.293977679E-08  4.349701956E-07 -1.686353252E-08  8.237603043E-06
  1.361975090E+00  9.999891408E+02  5.624966717E-07 -4.314618154E-07 -6.964717615E-09 -7.102876852E-08  1.796836156E-08 -3.687114793E-08  2.092628623E-06  6.018755971E-08 -2.433150458E-08 -1.171348735E-08  2.330976359E-08  5.621764349E-07 -4.362476143E-07 -8.646286271E-09 -2.341470816E-08  2.148473886E-06 -2.887134994E-08 -3.253367900E-08  4.349701956E-07 -1.685156323E-08  8.237604514E-06
  1.364973014E+00  9.999891408E+02  5.624957680E-07 -4.319053239E-07 -6.964724503E-09 -7.087830453E-08  1.796860327E-08 -3.687006657E-08  2.093370524E-06  6.013971566E-08 -2.383449533E-08 -1.169756953E-08  2.254339465E-08  5.621746804E-07 -4.364545646E-07 -8.645790974E-09 -2.341588306E-08  2.147157670E-06 -2.896115896E-08 -3.218782006E-08  4.349701956E-07 -1.683959385E-08  8.237605986E-06
  1.367970939E+00  9.999891408E+02  5.624948449E-07 -4.323327361E-07 -6.964731642E-09 -7.084919067E-08  1.796883378E-08 -3.686901597E-08  2.094191378E-06  6.020164489E-08 -2.335976508E-08 -1.167060372E-08  2.180979209E-08  5.621729433E-07 -4.366215885E-07 -8.645319117E-09 -2.341701090E-08  2.145886512E-06 -2.903871808E-08 -3.183209068E-08  4.349701956E-07 -1.682762443E-08  8.237607459E-06
  1.370968863E+00  9.999891408E+02  5.624939031E-07 -4.327434066E-07 -6.964739004E-09 -7.083238329E-08  1.796905354E-08 -3.686799507E-08  2.095066142E-06  6.029490080E-08 -2.282334855E-08 -1.164528693E-08  2.094882587E-08  5.621712231E-07 -4.367539075E-07 -8.644869762E-09 -2.341809351E-08  2.144429474E-06 -2.913493536E-08 -3.143845462E-08  4.349701956E-07 -1.681565495E-08  8.237608932E-06
  1.373966787E+00  9.999891408E+02  5.624929437E-07 -4.331079685E-07 -6.964746564E-09 -7.064287852E-08  1.796926306E-08 -3.686700256E-08  2.095875065E-06  6.020327341E-08 -2.234439876E-08 -1.162574432E-08  2.019565464E-08  5.621695191E-07 -4.368853836E-07 -8.644441905E-09 -2.341913295E-08  2.143198226E-06 -2.922159077E-08 -3.110353269E-08  4.349701956E-07 -1.680368540E-08  8.237610407E-06
  1.376964711E+00  9.999891408E+02  5.624919673E-07 -4.334675865E-07 -6.964754336E-09 -7.063393104E-08  1.796946278E-08 -3.686603712E-08  2.096796042E-06  6.028442546E-08 -2.187157746E-08 -1.159565818E-08  1.944739043E-08  5.621678306E-07 -4.369788556E-07 -8.644034584E-09 -2.342013114E-08  2.141977966E-06 -2.930047816E-08 -3.074425464E-08  4.349701956E-07 -1.679171581E-08  8.237611882E-06
  1.379962635E+00  9.999891408E+02  5.624909747E-07 -4.338105979E-07 -6.964762287E-09 -7.058635100E-08  1.796965317E-08 -3.686509771E-08  2.097777932E-06  6.034805018E-08 -2.133633861E-08 -1.157090881E-08  1.857775984E-08  5.621661569E-07 -4.370497413E-07 -8.643646856E-09 -2.342108992E-08  2.140625844E-06 -2.939917498E-08 -3.035814717E-08  4.349701956E-07 -1.677974616E-08  8.237613358E-06
  1.382960560E+00  9.999891408E+02  5.624899668E-07 -4.340945763E-07 -6.964770393E-09 -7.048215676E-08  1.796983470E-08 -3.686418297E-08  2.098598923E-06  6.033519279E-08 -2.088800020E-08 -1.156207847E-08  1.789351559E-08  5.621644972E-07 -4.371441227E-07 -8.643277723E-09 -2.342201138E-08  2.139714457E-06 -2.948846976E-08 -3.007307038E-08  4.349701956E-07 -1.676777646E-08  8.237614835E-06
  1.385958484E+00  9.999891408E+02  5.624889445E-07 -4.343500814E-07 -6.964778690E-09 -7.050230094E-08  1.797000776E-08 -3.686329150E-08  2.099356063E-06  6.041898629E-08 -2.055519109E-08 -1.154980092E-08  1.738487540E-08  5.621628510E-07 -4.372344770E-07 -8.642926323E-09 -2.342289731E-08  2.139089676E-06 -2.955056828E-08 -2.983896195E-08  4.349701956E-07 -1.675580673E-08  8.237616313E-06
  1.388956408E+00  9.999891408E+02  5.624879083E-07 -4.345903361E-07 -6.964787185E-09 -7.045488670E-08  1.797017267E-08 -3.686242239E-08  2.100103936E-06  6.043657219E-08 -2.023981901E-08 -1.153463834E-08  1.687458559E-08  5.621612176E-07 -4.373101006E-07 -8.642591984E-09 -2.342374900E-08  2.138433354E-06 -2.960791058E-08 -2.960648146E-08  4.349701956E-07 -1.674383695E-08  8.237617792E-06
  1.391954332E+00  9.999891408E+02  5.624868587E-07 -4.348182002E-07 -6.964795869E-09 -7.037955876E-08  1.797032973E-08 -3.686157486E-08  2.100852047E-06  6.041966053E-08 -1.994078624E-08 -1.151507144E-08  1.638842054E-08  5.621595967E-07 -4.373704728E-07 -8.642274086E-09 -2.342456772E-08  2.137793071E-06 -2.965987410E-08 -2.937784709E-08  4.349701956E-07 -1.673186714E-08  8.237619272E-06
  1.394952256E+00  9.999891407E+02  5.624857961E-07 -4.350649646E-07 -6.964804734E-09 -7.030179254E-08  1.797047926E-08 -3.686074812E-08  2.101794964E-06  6.041353171E-08 -1.957853820E-08 -1.148184612E-08  1.576728582E-08  5.621579879E-07 -4.373865055E-07 -8.641971997E-09 -2.342535466E-08  2.136873886E-06 -2.971683899E-08 -2.907589620E-08  4.349701956E-07 -1.671989730E-08  8.237620753E-06
  1.397950181E+00  9.999891407E+02  5.624847212E-07 -4.353013677E-07 -6.964813729E-09 -7.023783236E-08  1.797062164E-08 -3.685994149E-08  2.102841397E-06  6.044675602E-08 -1.911604204E-08 -1.145970278E-08  1.500579310E-08  5.621563906E-07 -4.373897641E-07 -8.641684967E-09 -2.342611128E-08  2.135881247E-06 -2.980399053E-08 -2.874597634E-08  4.349701956E-07 -1.670792743E-08  8.237622235E-06
  1.400948105E+00  9.999891407E+02  5.624836348E-07 -4.354852870E-07 -6.964822835E-09 -7.022003891E-08  1.797075727E-08 -3.685915380E-08  2.103650520E-06  6.050359799E-08 -1.874156842E-08 -1.145511922E-08  1.443933601E-08  5.621548042E-07 -4.374246668E-07 -8.641412140E-09 -2.342683940E-08  2.135310603E-06 -2.988358528E-08 -2.851840283E-08  4.349701956E-07 -1.669595752E-08  8.237623718E-06
  1.403946029E+00  9.999891407E+02  5.624825374E-07 -4.356426064E-07 -6.964832088E-09 -7.022051915E-08  1.797088646E-08 -3.685838382E-08  2.104287045E-06  6.055002246E-08 -1.850105368E-08 -1.144732284E-08  1.406801689E-08  5.621532281E-07 -4.374671621E-07 -8.641152804E-09 -2.342754051E-08  2.134955717E-06 -2.993093992E-08 -2.835352896E-08  4.349701956E-07 -1.668398758E-08  8.237625202E-06
  1.406943953E+00  9.999891407E+02  5.624814296E-07 -4.357903811E-07 -6.964841504E-09 -7.018027379E-08  1.797100944E-08 -3.685763083E-08  2.104896792E-06  6.055315153E-08 -1.828842799E-08 -1.143602516E-08  1.372028873E-08  5.621516619E-07 -4.375016343E-07 -8.640906458E-09 -2.342821561E-08  2.134595398E-06 -2.997002779E-08 -2.819514901E-08  4.349701956E-07 -1.667201764E-08  8.237626686E-06
  1.409941877E+00  9.999891407E+02  5.624803117E-07 -4.359400643E-07 -6.964851078E-09 -7.013201006E-08  1.797112643E-08 -3.685689427E-08  2.105558444E-06  6.054535647E-08 -1.807493799E-08 -1.141695325E-08  1.335922382E-08  5.621501052E-07 -4.375179378E-07 -8.640672670E-09 -2.342886553E-08  2.134181947E-06 -3.000575875E-08 -2.801991834E-08  4.349701956E-07 -1.666004768E-08  8.237628172E-06
  1.412939801E+00  9.999891407E+02  5.624791839E-07 -4.361172078E-07 -6.964860794E-09 -7.004856637E-08  1.797123768E-08 -3.685617366E-08  2.106496651E-06  6.052197334E-08 -1.777613645E-08 -1.138465546E-08  1.282272136E-08  5.621485579E-07 -4.374918080E-07 -8.640450967E-09 -2.342949114E-08  2.133478173E-06 -3.005201276E-08 -2.775825709E-08  4.349701956E-07 -1.664807767E-08  8.237629659E-06
  1.415937726E+00  9.999891407E+02  5.624780467E-07 -4.362898028E-07 -6.964870598E-09 -6.999320399E-08  1.797134350E-08 -3.685546844E-08  2.107577203E-06  6.055142410E-08 -1.736962384E-08 -1.136322620E-08  1.214454449E-08  5.621470196E-07 -4.374566901E-07 -8.640240716E-09 -2.343009364E-08  2.132739547E-06 -3.012974135E-08 -2.746738625E-08  4.349701956E-07 -1.663610766E-08  8.237631147E-06
  1.418935650E+00  9.999891407E+02  5.624769009E-07 -4.364261736E-07 -6.964880471E-09 -6.995716245E-08  1.797144426E-08 -3.685477762E-08  2.108438557E-06  6.058123641E-08 -1.704048648E-08 -1.135365130E-08  1.162113365E-08  5.621454894E-07 -4.374457179E-07 -8.640041157E-09 -2.343067465E-08  2.132262245E-06 -3.019900450E-08 -2.725027046E-08  4.349701956E-07 -1.662413763E-08  8.237632636E-06
  1.421933574E+00  9.999891407E+02  5.624757470E-07 -4.365550192E-07 -6.964890439E-09 -6.990373234E-08  1.797154026E-08 -3.685410014E-08  2.109224826E-06  6.057809962E-08 -1.677074949E-08 -1.133673880E-08  1.119265131E-08  5.621439671E-07 -4.374313796E-07 -8.639851627E-09 -2.343123554E-08  2.131843865E-06 -3.024701225E-08 -2.705934222E-08  4.349701956E-07 -1.661216757E-08  8.237634126E-06
  1.424931498E+00  9.999891407E+02  5.624745854E-07 -4.366778589E-07 -6.964900493E-09 -7.000088059E-08  1.797163175E-08 -3.685343529E-08  2.110063255E-06  6.073209273E-08 -1.649658827E-08 -1.132542644E-08  1.072737413E-08  5.621424520E-07 -4.374131613E-07 -8.639671575E-09 -2.343177740E-08  2.131467456E-06 -3.030529692E-08 -2.685575543E-08  4.349701956E-07 -1.660019750E-08  8.237635618E-06
  1.427929422E+00  9.999891407E+02  5.624734166E-07 -4.367682012E-07 -6.964910626E-09 -6.981210148E-08  1.797171899E-08 -3.685278235E-08  2.110626917E-06  6.058657154E-08 -1.628847490E-08 -1.131915441E-08  1.040044664E-08  5.621409439E-07 -4.374184797E-07 -8.639500473E-09 -2.343230130E-08  2.131184947E-06 -3.034559438E-08 -2.672969712E-08  4.349701956E-07 -1.658822741E-08  8.237637110E-06
  1.430927347E+00  9.999891407E+02  5.624722410E-07 -4.368501931E-07 -6.964920860E-09 -6.990399730E-08  1.797180217E-08 -3.685214059E-08  2.111120019E-06  6.070649087E-08 -1.613551740E-08 -1.131415254E-08  1.016618464E-08  5.621394423E-07 -4.374239273E-07 -8.639337898E-09 -2.343280815E-08  2.131049970E-06 -3.037731792E-08 -2.662157733E-08  4.349701956E-07 -1.657625731E-08  8.237638603E-06
  1.433925271E+00  9.999891407E+02  5.624710588E-07 -4.369273873E-07 -6.964931200E-09 -6.986006202E-08  1.797188142E-08 -3.685150958E-08  2.111588660E-06  6.069144550E-08 -1.599716604E-08 -1.130582035E-08  9.930697344E-09  5.621379470E-07 -4.374265459E-07 -8.639183541E-09 -2.343329852E-08  2.130865128E-06 -3.040325709E-08 -2.651796775E-08  4.349701956E-07 -1.656428721E-08  8.237640098E-06
  1.436923195E+00  9.999891407E+02  5.624698702E-07 -4.370005007E-07 -6.964941639E-09 -6.983358869E-08  1.797195689E-08 -3.685088895E-08  2.112042154E-06  6.069054864E-08 -1.586647328E-08 -1.129688951E-08  9.711901687E-09  5.621364579E-07 -4.374261721E-07 -8.639037120E-09 -2.343377300E-08  2.130696786E-06 -3.042761353E-08 -2.641780074E-08  4.349701956E-07 -1.655231707E-08  8.237641594E-06
  1.439921119E+00  9.999891407E+02  5.624686755E-07 -4.370839870E-07 -6.964952177E-09 -6.979075959E-08  1.797202871E-08 -3.685027837E-08  2.112612212E-06  6.067811132E-08 -1.571333611E-08 -1.128133571E-08  9.440554897E-09  5.621349747E-07 -4.374088722E-07 -8.638898352E-09 -2.343423210E-08  2.130442131E-06 -3.045238758E-08 -2.628774877E-08  4.349701956E-07 -1.654034692E-08  8.237643091E-06
  1.442919043E+00  9.999891407E+02  5.624674749E-07 -4.371668338E-07 -6.964962790E-09 -6.978287902E-08  1.797209706E-08 -3.684967754E-08  2.113271856E-06  6.071257571E-08 -1.551293199E-08 -1.127047158E-08  9.098934735E-09  5.621334971E-07 -4.373861978E-07 -8.638766909E-09 -2.343467648E-08  2.130177680E-06 -3.049171142E-08 -2.613978168E-08  4.349701956E-07 -1.652837677E-08  8.237644588E-06
  1.445916968E+00  9.999891407E+02  5.624662688E-07 -4.372287372E-07 -6.964973467E-09 -6.974888431E-08  1.797216210E-08 -3.684908592E-08  2.113762812E-06  6.071201125E-08 -1.534701795E-08 -1.126669368E-08  8.838867480E-09  5.621320250E-07 -4.373789956E-07 -8.638642409E-09 -2.343510694E-08  2.130018132E-06 -3.052699096E-08 -2.603639758E-08  4.349701956E-07 -1.651640661E-08  8.237646088E-06
  1.448914892E+00  9.999891407E+02  5.624650574E-07 -4.372823644E-07 -6.964984224E-09 -6.975152863E-08  1.797222399E-08 -3.684850298E-08  2.114148623E-06  6.073623332E-08 -1.523220050E-08 -1.126149846E-08  8.657142383E-09  5.621305580E-07 -4.373750459E-07 -8.638524527E-09 -2.343552417E-08  2.129908768E-06 -3.054968555E-08 -2.595620946E-08  4.349701956E-07 -1.650443643E-08  8.237647588E-06
  1.451912816E+00  9.999891407E+02  5.624638408E-07 -4.373333162E-07 -6.964995064E-09 -6.975344909E-08  1.797228284E-08 -3.684792836E-08  2.114529206E-06  6.076024801E-08 -1.512490700E-08 -1.125586620E-08  8.475681506E-09  5.621290959E-07 -4.373691107E-07 -8.638413020E-09 -2.343592861E-08  2.129795025E-06 -3.057103951E-08 -2.587624276E-08  4.349701956E-07 -1.649246624E-08  8.237649089E-06
  1.454910740E+00  9.999891407E+02  5.624626194E-07 -4.373777114E-07 -6.965005984E-09 -6.971431264E-08  1.797233875E-08 -3.684736182E-08  2.114854667E-06  6.073983138E-08 -1.503243299E-08 -1.125055868E-08  8.321277452E-09  5.621276386E-07 -4.373654025E-07 -8.638307676E-09 -2.343632073E-08  2.129692294E-06 -3.058883438E-08 -2.580892390E-08  4.349701956E-07 -1.648049604E-08  8.237650592E-06
  1.457908664E+00  9.999891407E+02  5.624613933E-07 -4.374263428E-07 -6.965016986E-09 -6.969166792E-08  1.797239182E-08 -3.684680306E-08  2.115224668E-06  6.073579694E-08 -1.493544450E-08 -1.124158824E-08  8.155902112E-09  5.621261859E-07 -4.373534300E-07 -8.638208295E-09 -2.343670090E-08  2.129564790E-06 -3.060492239E-08 -2.573069776E-08  4.349701956E-07 -1.646852583E-08  8.237652095E-06
  1.460906588E+00  9.999891407E+02  5.624601626E-07 -4.374773150E-07 -6.965028058E-09 -6.971351695E-08  1.797244214E-08 -3.684625187E-08  2.115673001E-06  6.078311535E-08 -1.481297504E-08 -1.123392286E-08  7.942025926E-09  5.621247377E-07 -4.373353834E-07 -8.638114670E-09 -2.343706952E-08  2.129426141E-06 -3.062943525E-08 -2.563503203E-08  4.349701956E-07 -1.645655561E-08  8.237653600E-06
  1.463904513E+00  9.999891406E+02  5.624589274E-07 -4.375206830E-07 -6.965039193E-09 -6.965405210E-08  1.797248984E-08 -3.684570798E-08  2.116056718E-06  6.074619412E-08 -1.470141277E-08 -1.122719341E-08  7.754603894E-09  5.621232938E-07 -4.373215073E-07 -8.638026561E-09 -2.343742708E-08  2.129294877E-06 -3.065088519E-08 -2.555546482E-08  4.349701956E-07 -1.644458539E-08  8.237655106E-06
  1.466902437E+00  9.999891406E+02  5.624576881E-07 -4.375694824E-07 -6.965050393E-09 -6.963584109E-08  1.797253503E-08 -3.684517102E-08  2.116490909E-06  6.074944555E-08 -1.458862945E-08 -1.121660615E-08  7.559838600E-09  5.621218540E-07 -4.372990414E-07 -8.637943729E-09 -2.343777406E-08  2.129145057E-06 -3.067015379E-08 -2.546341927E-08  4.349701956E-07 -1.643261516E-08  8.237656613E-06
  1.469900361E+00  9.999891406E+02  5.624564448E-07 -4.376218731E-07 -6.965061645E-09 -6.963950874E-08  1.797257784E-08 -3.684464073E-08  2.117021407E-06  6.078340188E-08 -1.444436097E-08 -1.120713151E-08  7.306739027E-09  5.621204181E-07 -4.372700926E-07 -8.637865930E-09 -2.343811091E-08  2.128975482E-06 -3.069834411E-08 -2.535161384E-08  4.349701956E-07 -1.642064493E-08  8.237658121E-06
  1.473000000E+00  9.999891406E+02  5.624551552E-07 -4.376618822E-07 -6.965073321E-09 -6.961181707E-08  1.797261973E-08 -3.684409916E-08  2.117453537E-06  6.078316228E-08 -1.430914344E-08 -1.120309061E-08  7.089830378E-09  5.621189375E-07 -4.372515661E-07 -8.637790482E-09 -2.343844919E-08  2.128859049E-06 -3.072709709E-08 -2.526538009E-08  4.349701956E-07 -1.640826857E-08  8.237659682E-06
  1.475997924E+00  9.999891406E+02  5.624539044E-07 -4.376944988E-07 -6.965084666E-09 -6.960861994E-08  1.797265808E-08 -3.684358138E-08  2.117776583E-06  6.079697733E-08 -1.421821790E-08 -1.119827949E-08  6.942171152E-09  5.621175090E-07 -4.372372994E-07 -8.637722075E-09 -2.343876722E-08  2.128777693E-06 -3.074525869E-08 -2.520064442E-08  4.349701956E-07 -1.639629832E-08  8.237661192E-06
  1.478995848E+00  9.999891406E+02  5.624526502E-07 -4.377270914E-07 -6.965096062E-09 -6.959181738E-08  1.797269438E-08 -3.684306925E-08  2.118109765E-06  6.079863527E-08 -1.412875995E-08 -1.119255313E-08  6.788808653E-09  5.621160838E-07 -4.372208586E-07 -8.637657957E-09 -2.343907665E-08  2.128681955E-06 -3.076225979E-08 -2.513347572E-08  4.349701956E-07 -1.638432805E-08  8.237662704E-06
  1.481993773E+00  9.999891406E+02  5.624513927E-07 -4.377532666E-07 -6.965107506E-09 -6.959323125E-08  1.797272873E-08 -3.684256254E-08  2.118392890E-06  6.081651102E-08 -1.404548637E-08 -1.118954563E-08  6.654682009E-09  5.621146619E-07 -4.372088070E-07 -8.637597949E-09 -2.343937785E-08  2.128621727E-06 -3.077998298E-08 -2.507820972E-08  4.349701956E-07 -1.637235778E-08  8.237664217E-06
  1.484991697E+00  9.999891406E+02  5.624501321E-07 -4.377781605E-07 -6.965119001E-09 -6.957152824E-08  1.797276120E-08 -3.684206098E-08  2.118642916E-06  6.080708453E-08 -1.398252458E-08 -1.118440719E-08  6.544806026E-09  5.621132430E-07 -4.371961593E-07 -8.637541888E-09 -2.343967116E-08  2.128550564E-06 -3.079159331E-08 -2.502811894E-08  4.349701956E-07 -1.636038750E-08  8.237665731E-06
  1.487989621E+00  9.999891406E+02  5.624488684E-07 -4.378052645E-07 -6.965130546E-09 -6.955624724E-08  1.797279186E-08 -3.684156442E-08  2.118937207E-06  6.080767521E-08 -1.390640985E-08 -1.117886400E-08  6.412701848E-09  5.621118271E-07 -4.371795595E-07 -8.637489628E-09 -2.343995684E-08  2.128466769E-06 -3.080556116E-08 -2.496911474E-08  4.349701956E-07 -1.634841720E-08  8.237667246E-06
  1.490987545E+00  9.999891406E+02  5.624476019E-07 -4.378271897E-07 -6.965142132E-09 -6.956840409E-08  1.797282078E-08 -3.684107267E-08  2.119198915E-06  6.083483858E-08 -1.382966541E-08 -1.117618043E-08  6.289762714E-09  5.621104141E-07 -4.371665280E-07 -8.637441018E-09 -2.344023520E-08  2.128418048E-06 -3.082210409E-08 -2.491858118E-08  4.349701956E-07 -1.633644691E-08  8.237668763E-06
  1.493985469E+00  9.999891406E+02  5.624463327E-07 -4.378473757E-07 -6.965153764E-09 -6.954195035E-08  1.797284803E-08 -3.684058550E-08  2.119420742E-06  6.081923129E-08 -1.377455986E-08 -1.117154872E-08  6.192099449E-09  5.621090038E-07 -4.371537452E-07 -8.637395911E-09 -2.344050655E-08  2.128354292E-06 -3.083233795E-08 -2.487451298E-08  4.349701956E-07 -1.632447664E-08  8.237670281E-06
  1.500000000E+00  9.999891406E+02  5.624437783E-07 -4.378893841E-07 -6.965177226E-09 -6.953650840E-08  1.797289793E-08 -3.683962136E-08  2.119938527E-06  6.084215957E-08 -1.363460066E-08 -1.116357851E-08  5.957055884E-09  5.621061823E-07 -4.371225260E-07 -8.637315451E-09 -2.344103083E-08  2.128232050E-06 -3.086000026E-08 -2.477315857E-08  4.349701956E-07 -1.630046145E-08  8.237673329E-06
