  6.062401700E-05  2.499995091E+02  2.492880861E-08  1.651583684E-08  2.438118040E-10  2.595323238E-09  9.861126940E-09 -6.485696947E-09  9.595703817E-05 -4.454902379E-08  5.020403581E-06 -7.946325033E-08 -6.062328228E-06  1.436720099E-08  2.043942088E-09  4.263378788E-09  3.267772199E-09  9.323490339E-05  6.380609865E-07 -3.335783233E-06  8.646403536E-07 -5.174138309E-08  1.699461415E-05
  3.399999999E-04  2.499995091E+02  2.492882747E-08  1.657052134E-08  2.437878970E-10  2.598184295E-09  9.861081651E-09 -6.489151788E-09  9.595703817E-05 -4.454616274E-08  5.020403581E-06 -7.946325041E-08 -6.062328228E-06  1.436720335E-08  2.097075275E-09  4.263742406E-09  3.265871188E-09  9.323490339E-05  6.380609865E-07 -3.335783233E-06  8.646403536E-07 -5.174138306E-08  1.699461415E-05
  6.800000000E-04  2.499995091E+02  2.492885050E-08  1.663707227E-08  2.437588066E-10  2.601666197E-09  9.861026534E-09 -6.493356323E-09  9.595703817E-05 -4.454268083E-08  5.020403581E-06 -7.946325051E-08 -6.062328228E-06  1.436720630E-08  2.161738255E-09  4.264184929E-09  3.263557662E-09  9.323490339E-05  6.380609866E-07 -3.335783233E-06  8.646403536E-07 -5.174138302E-08  1.699461415E-05
  1.020000000E-03  2.499995091E+02  2.492887362E-08  1.670362320E-08  2.437297210E-10  2.605148098E-09  9.860971417E-09 -6.497560858E-09  9.595703817E-05 -4.453919893E-08  5.020403581E-06 -7.946325062E-08 -6.062328228E-06  1.436720934E-08  2.226401235E-09  4.264627452E-09  3.261244135E-09  9.323490339E-05  6.380609866E-07 -3.335783233E-06  8.646403536E-07 -5.174138298E-08  1.699461415E-05
  1.360000000E-03  2.499995091E+02  2.492889683E-08  1.677017412E-08  2.437006402E-10  2.608629999E-09  9.860916300E-09 -6.501765393E-09  9.595703817E-05 -4.453571703E-08  5.020403581E-06 -7.946325072E-08 -6.062328228E-06  1.436721248E-08  2.291064215E-09  4.265069975E-09  3.258930609E-09  9.323490339E-05  6.380609866E-07 -3.335783233E-06  8.646403536E-07 -5.174138294E-08  1.699461415E-05
  1.700000000E-03  2.499995091E+02  2.492892014E-08  1.683672505E-08  2.436715643E-10  2.612111901E-09  9.860861183E-09 -6.505969929E-09  9.595703817E-05 -4.453223513E-08  5.020403581E-06 -7.946325082E-08 -6.062328228E-06  1.436721570E-08  2.355727195E-09  4.265512498E-09  3.256617082E-09  9.323490339E-05  6.380609867E-07 -3.335783233E-06  8.646403536E-07 -5.174138290E-08  1.699461415E-05
  2.040000000E-03  2.499995091E+02  2.492894354E-08  1.690327598E-08  2.436424932E-10  2.615593802E-09  9.860806066E-09 -6.510174464E-09  9.595703817E-05 -4.452875323E-08  5.020403581E-06 -7.946325092E-08 -6.062328228E-06  1.436721901E-08  2.420390175E-09  4.265955021E-09  3.254303556E-09  9.323490339E-05  6.380609867E-07 -3.335783233E-06  8.646403536E-07 -5.174138287E-08  1.699461415E-05
  2.380000000E-03  2.499995091E+02  2.492896703E-08  1.696982691E-08  2.436134269E-10  2.619075704E-09  9.860750949E-09 -6.514378999E-09  9.595703817E-05 -4.452527133E-08  5.020403581E-06 -7.946325102E-08 -6.062328228E-06  1.436722242E-08  2.485053156E-09  4.266397544E-09  3.251990029E-09  9.323490339E-05  6.380609867E-07 -3.335783233E-06  8.646403535E-07 -5.174138283E-08  1.699461415E-05
  2.720000000E-03  2.499995091E+02  2.492899062E-08  1.703637784E-08  2.435843655E-10  2.622557605E-09  9.860695832E-09 -6.518583534E-09  9.595703817E-05 -4.452178942E-08  5.020403581E-06 -7.946325112E-08 -6.062328228E-06  1.436722591E-08  2.549716136E-09  4.266840067E-09  3.249676503E-09  9.323490339E-05  6.380609868E-07 -3.335783233E-06  8.646403535E-07 -5.174138279E-08  1.699461415E-05
  3.060000000E-03  2.499995091E+02  2.492901430E-08  1.710292877E-08  2.435553089E-10  2.626039506E-09  9.860640716E-09 -6.522788069E-09  9.595703817E-05 -4.451830752E-08  5.020403581E-06 -7.946325122E-08 -6.062328228E-06  1.436722949E-08  2.614379116E-09  4.267282590E-09  3.247362976E-09  9.323490339E-05  6.380609868E-07 -3.335783233E-06  8.646403535E-07 -5.174138275E-08  1.699461415E-05
  3.400000000E-03  2.499995091E+02  2.492903807E-08  1.716947969E-08  2.435262571E-10  2.629521408E-09  9.860585599E-09 -6.526992604E-09  9.595703817E-05 -4.451482562E-08  5.020403581E-06 -7.946325132E-08 -6.062328228E-06  1.436723316E-08  2.679042096E-09  4.267725114E-09  3.245049450E-09  9.323490339E-05  6.380609869E-07 -3.335783233E-06  8.646403535E-07 -5.174138271E-08  1.699461415E-05
  3.740000000E-03  2.499995091E+02  2.492906193E-08  1.723603062E-08  2.434972101E-10  2.633003309E-09  9.860530482E-09 -6.531197139E-09  9.595703817E-05 -4.451134372E-08  5.020403581E-06 -7.946325142E-08 -6.062328228E-06  1.436723692E-08  2.743705076E-09  4.268167637E-09  3.242735923E-09  9.323490339E-05  6.380609869E-07 -3.335783233E-06  8.646403535E-07 -5.174138267E-08  1.699461415E-05
  4.080000000E-03  2.499995091E+02  2.492908588E-08  1.730258155E-08  2.434681680E-10  2.636485211E-09  9.860475365E-09 -6.535401674E-09  9.595703817E-05 -4.450786182E-08  5.020403581E-06 -7.946325152E-08 -6.062328228E-06  1.436724077E-08  2.808368056E-09  4.268610160E-09  3.240422397E-09  9.323490339E-05  6.380609869E-07 -3.335783233E-06  8.646403535E-07 -5.174138264E-08  1.699461415E-05
  4.420000000E-03  2.499995091E+02  2.492910993E-08  1.736913248E-08  2.434391307E-10  2.639967112E-09  9.860420248E-09 -6.539606209E-09  9.595703817E-05 -4.450437992E-08  5.020403581E-06 -7.946325162E-08 -6.062328228E-06  1.436724472E-08  2.873031036E-09  4.269052683E-09  3.238108870E-09  9.323490339E-05  6.380609870E-07 -3.335783233E-06  8.646403535E-07 -5.174138260E-08  1.699461415E-05
  4.760000000E-03  2.499995091E+02  2.492913407E-08  1.743568341E-08  2.434100982E-10  2.643449013E-09  9.860365131E-09 -6.543810744E-09  9.595703817E-05 -4.450089802E-08  5.020403581E-06 -7.946325172E-08 -6.062328228E-06  1.436724875E-08  2.937694016E-09  4.269495206E-09  3.235795344E-09  9.323490339E-05  6.380609870E-07 -3.335783233E-06  8.646403535E-07 -5.174138256E-08  1.699461415E-05
  5.100000000E-03  2.499995091E+02  2.492915830E-08  1.750223433E-08  2.433810706E-10  2.646930915E-09  9.860310014E-09 -6.548015280E-09  9.595703817E-05 -4.449741611E-08  5.020403581E-06 -7.946325182E-08 -6.062328228E-06  1.436725287E-08  3.002356996E-09  4.269937729E-09  3.233481818E-09  9.323490339E-05  6.380609870E-07 -3.335783233E-06  8.646403535E-07 -5.174138252E-08  1.699461415E-05
  5.440000000E-03  2.499995091E+02  2.492918262E-08  1.756878526E-08  2.433520478E-10  2.650412816E-09  9.860254897E-09 -6.552219815E-09  9.595703817E-05 -4.449393421E-08  5.020403581E-06 -7.946325192E-08 -6.062328228E-06  1.436725708E-08  3.067019976E-09  4.270380252E-09  3.231168291E-09  9.323490339E-05  6.380609871E-07 -3.335783233E-06  8.646403535E-07 -5.174138248E-08  1.699461415E-05
  5.780000000E-03  2.499995091E+02  2.492920704E-08  1.763533619E-08  2.433230298E-10  2.653894718E-09  9.860199780E-09 -6.556424350E-09  9.595703817E-05 -4.449045231E-08  5.020403581E-06 -7.946325203E-08 -6.062328228E-06  1.436726138E-08  3.131682956E-09  4.270822775E-09  3.228854765E-09  9.323490339E-05  6.380609871E-07 -3.335783233E-06  8.646403535E-07 -5.174138244E-08  1.699461415E-05
  6.120000000E-03  2.499995091E+02  2.492923154E-08  1.770188712E-08  2.432940167E-10  2.657376619E-09  9.860144664E-09 -6.560628885E-09  9.595703817E-05 -4.448697041E-08  5.020403581E-06 -7.946325213E-08 -6.062328228E-06  1.436726576E-08  3.196345936E-09  4.271265298E-09  3.226541238E-09  9.323490339E-05  6.380609871E-07 -3.335783233E-06  8.646403535E-07 -5.174138240E-08  1.699461415E-05
  6.460000000E-03  2.499995091E+02  2.492925614E-08  1.776843805E-08  2.432650084E-10  2.660858520E-09  9.860089547E-09 -6.564833420E-09  9.595703817E-05 -4.448348851E-08  5.020403581E-06 -7.946325223E-08 -6.062328228E-06  1.436727024E-08  3.261008916E-09  4.271707821E-09  3.224227712E-09  9.323490339E-05  6.380609872E-07 -3.335783233E-06  8.646403535E-07 -5.174138237E-08  1.699461415E-05
  6.800000000E-03  2.499995091E+02  2.492928084E-08  1.783498898E-08  2.432360049E-10  2.664340422E-09  9.860034430E-09 -6.569037955E-09  9.595703817E-05 -4.448000661E-08  5.020403581E-06 -7.946325233E-08 -6.062328228E-06  1.436727481E-08  3.325671896E-09  4.272150344E-09  3.221914185E-09  9.323490339E-05  6.380609872E-07 -3.335783233E-06  8.646403535E-07 -5.174138233E-08  1.699461415E-05
  7.140000000E-03  2.499995091E+02  2.492930562E-08  1.790153990E-08  2.432070062E-10  2.667822323E-09  9.859979313E-09 -6.573242490E-09  9.595703817E-05 -4.447652470E-08  5.020403581E-06 -7.946325243E-08 -6.062328228E-06  1.436727947E-08  3.390334876E-09  4.272592867E-09  3.219600659E-09  9.323490339E-05  6.380609873E-07 -3.335783233E-06  8.646403535E-07 -5.174138229E-08  1.699461415E-05
  7.480000000E-03  2.499995091E+02  2.492933050E-08  1.796809083E-08  2.431780124E-10  2.671304224E-09  9.859924196E-09 -6.577447025E-09  9.595703817E-05 -4.447304280E-08  5.020403581E-06 -7.946325253E-08 -6.062328228E-06  1.436728422E-08  3.454997856E-09  4.273035390E-09  3.217287132E-09  9.323490339E-05  6.380609873E-07 -3.335783233E-06  8.646403535E-07 -5.174138225E-08  1.699461415E-05
  7.820000000E-03  2.499995091E+02  2.492935547E-08  1.803464176E-08  2.431490234E-10  2.674786126E-09  9.859869079E-09 -6.581651560E-09  9.595703817E-05 -4.446956090E-08  5.020403581E-06 -7.946325263E-08 -6.062328228E-06  1.436728906E-08  3.519660836E-09  4.273477913E-09  3.214973606E-09  9.323490339E-05  6.380609873E-07 -3.335783233E-06  8.646403535E-07 -5.174138221E-08  1.699461415E-05
  8.160000000E-03  2.499995091E+02  2.492938053E-08  1.810119269E-08  2.431200392E-10  2.678268027E-09  9.859813962E-09 -6.585856096E-09  9.595703817E-05 -4.446607900E-08  5.020403581E-06 -7.946325273E-08 -6.062328228E-06  1.436729398E-08  3.584323817E-09  4.273920436E-09  3.212660079E-09  9.323490339E-05  6.380609874E-07 -3.335783233E-06  8.646403535E-07 -5.174138217E-08  1.699461415E-05
  8.500000000E-03  2.499995091E+02  2.492940568E-08  1.816774362E-08  2.430910599E-10  2.681749929E-09  9.859758845E-09 -6.590060631E-09  9.595703817E-05 -4.446259710E-08  5.020403581E-06 -7.946325283E-08 -6.062328228E-06  1.436729900E-08  3.648986797E-09  4.274362959E-09  3.210346553E-09  9.323490339E-05  6.380609874E-07 -3.335783233E-06  8.646403535E-07 -5.174138214E-08  1.699461415E-05
  8.840000000E-03  2.499995091E+02  2.492943093E-08  1.823429454E-08  2.430620854E-10  2.685231830E-09  9.859703728E-09 -6.594265166E-09  9.595703817E-05 -4.445911520E-08  5.020403581E-06 -7.946325293E-08 -6.062328228E-06  1.436730411E-08  3.713649777E-09  4.274805482E-09  3.208033026E-09  9.323490339E-05  6.380609874E-07 -3.335783233E-06  8.646403535E-07 -5.174138210E-08  1.699461415E-05
  9.180000000E-03  2.499995091E+02  2.492945627E-08  1.830084547E-08  2.430331157E-10  2.688713731E-09  9.859648612E-09 -6.598469701E-09  9.595703817E-05 -4.445563330E-08  5.020403581E-06 -7.946325303E-08 -6.062328228E-06  1.436730930E-08  3.778312757E-09  4.275248005E-09  3.205719500E-09  9.323490339E-05  6.380609875E-07 -3.335783233E-06  8.646403535E-07 -5.174138206E-08  1.699461415E-05
  9.520000000E-03  2.499995091E+02  2.492948170E-08  1.836739640E-08  2.430041509E-10  2.692195633E-09  9.859593495E-09 -6.602674236E-09  9.595703817E-05 -4.445215139E-08  5.020403581E-06 -7.946325313E-08 -6.062328228E-06  1.436731459E-08  3.842975737E-09  4.275690528E-09  3.203405973E-09  9.323490339E-05  6.380609875E-07 -3.335783233E-06  8.646403535E-07 -5.174138202E-08  1.699461415E-05
  9.860000000E-03  2.499995091E+02  2.492950722E-08  1.843394733E-08  2.429751909E-10  2.695677534E-09  9.859538378E-09 -6.606878771E-09  9.595703817E-05 -4.444866949E-08  5.020403581E-06 -7.946325323E-08 -6.062328228E-06  1.436731997E-08  3.907638717E-09  4.276133051E-09  3.201092447E-09  9.323490339E-05  6.380609875E-07 -3.335783233E-06  8.646403534E-07 -5.174138198E-08  1.699461415E-05
  1.020000000E-02  2.499995091E+02  2.492953284E-08  1.850049826E-08  2.429462357E-10  2.699159436E-09  9.859483261E-09 -6.611083306E-09  9.595703817E-05 -4.444518759E-08  5.020403581E-06 -7.946325333E-08 -6.062328228E-06  1.436732543E-08  3.972301697E-09  4.276575574E-09  3.198778920E-09  9.323490339E-05  6.380609876E-07 -3.335783233E-06  8.646403534E-07 -5.174138194E-08  1.699461415E-05
  1.054000000E-02  2.499995091E+02  2.492955854E-08  1.856704919E-08  2.429172853E-10  2.702641337E-09  9.859428144E-09 -6.615287841E-09  9.595703817E-05 -4.444170569E-08  5.020403581E-06 -7.946325344E-08 -6.062328228E-06  1.436733099E-08  4.036964677E-09  4.277018097E-09  3.196465394E-09  9.323490339E-05  6.380609876E-07 -3.335783233E-06  8.646403534E-07 -5.174138191E-08  1.699461415E-05
  1.088000000E-02  2.499995091E+02  2.492958434E-08  1.863360011E-08  2.428883398E-10  2.706123238E-09  9.859373027E-09 -6.619492376E-09  9.595703817E-05 -4.443822379E-08  5.020403581E-06 -7.946325354E-08 -6.062328228E-06  1.436733663E-08  4.101627657E-09  4.277460620E-09  3.194151867E-09  9.323490339E-05  6.380609877E-07 -3.335783233E-06  8.646403534E-07 -5.174138187E-08  1.699461415E-05
  1.122000000E-02  2.499995091E+02  2.492961024E-08  1.870015104E-08  2.428593991E-10  2.709605140E-09  9.859317910E-09 -6.623696911E-09  9.595703817E-05 -4.443474189E-08  5.020403581E-06 -7.946325364E-08 -6.062328228E-06  1.436734237E-08  4.166290637E-09  4.277903143E-09  3.191838341E-09  9.323490339E-05  6.380609877E-07 -3.335783233E-06  8.646403534E-07 -5.174138183E-08  1.699461415E-05
  1.156000000E-02  2.499995091E+02  2.492963622E-08  1.876670197E-08  2.428304632E-10  2.713087041E-09  9.859262793E-09 -6.627901447E-09  9.595703817E-05 -4.443125998E-08  5.020403581E-06 -7.946325374E-08 -6.062328228E-06  1.436734819E-08  4.230953617E-09  4.278345666E-09  3.189524814E-09  9.323490339E-05  6.380609877E-07 -3.335783233E-06  8.646403534E-07 -5.174138179E-08  1.699461415E-05
  1.190000000E-02  2.499995091E+02  2.492966230E-08  1.883325290E-08  2.428015322E-10  2.716568943E-09  9.859207676E-09 -6.632105982E-09  9.595703817E-05 -4.442777808E-08  5.020403581E-06 -7.946325384E-08 -6.062328228E-06  1.436735411E-08  4.295616597E-09  4.278788189E-09  3.187211288E-09  9.323490339E-05  6.380609878E-07 -3.335783233E-06  8.646403534E-07 -5.174138175E-08  1.699461415E-05
  1.224000000E-02  2.499995091E+02  2.492968847E-08  1.889980383E-08  2.427726060E-10  2.720050844E-09  9.859152560E-09 -6.636310517E-09  9.595703817E-05 -4.442429618E-08  5.020403581E-06 -7.946325394E-08 -6.062328228E-06  1.436736011E-08  4.360279577E-09  4.279230712E-09  3.184897761E-09  9.323490339E-05  6.380609878E-07 -3.335783233E-06  8.646403534E-07 -5.174138171E-08  1.699461415E-05
  1.258000000E-02  2.499995091E+02  2.492971473E-08  1.896635475E-08  2.427436846E-10  2.723532745E-09  9.859097443E-09 -6.640515052E-09  9.595703817E-05 -4.442081428E-08  5.020403581E-06 -7.946325404E-08 -6.062328228E-06  1.436736620E-08  4.424942557E-09  4.279673235E-09  3.182584235E-09  9.323490339E-05  6.380609878E-07 -3.335783233E-06  8.646403534E-07 -5.174138168E-08  1.699461415E-05
  1.292000000E-02  2.499995091E+02  2.492974108E-08  1.903290568E-08  2.427147680E-10  2.727014647E-09  9.859042326E-09 -6.644719587E-09  9.595703817E-05 -4.441733238E-08  5.020403581E-06 -7.946325414E-08 -6.062328228E-06  1.436737239E-08  4.489605537E-09  4.280115758E-09  3.180270708E-09  9.323490339E-05  6.380609879E-07 -3.335783233E-06  8.646403534E-07 -5.174138164E-08  1.699461415E-05
  1.326000000E-02  2.499995091E+02  2.492976753E-08  1.909945661E-08  2.426858563E-10  2.730496548E-09  9.858987209E-09 -6.648924122E-09  9.595703817E-05 -4.441385048E-08  5.020403581E-06 -7.946325424E-08 -6.062328228E-06  1.436737866E-08  4.554268517E-09  4.280558281E-09  3.177957182E-09  9.323490339E-05  6.380609879E-07 -3.335783233E-06  8.646403534E-07 -5.174138160E-08  1.699461415E-05
  1.360000000E-02  2.499995091E+02  2.492979407E-08  1.916600754E-08  2.426569494E-10  2.733978449E-09  9.858932092E-09 -6.653128657E-09  9.595703817E-05 -4.441036858E-08  5.020403581E-06 -7.946325434E-08 -6.062328228E-06  1.436738502E-08  4.618931498E-09  4.281000804E-09  3.175643655E-09  9.323490339E-05  6.380609879E-07 -3.335783233E-06  8.646403534E-07 -5.174138156E-08  1.699461415E-05
  1.394000000E-02  2.499995091E+02  2.492982070E-08  1.923255847E-08  2.426280474E-10  2.737460351E-09  9.858876975E-09 -6.657333192E-09  9.595703817E-05 -4.440688667E-08  5.020403581E-06 -7.946325444E-08 -6.062328228E-06  1.436739147E-08  4.683594478E-09  4.281443327E-09  3.173330129E-09  9.323490339E-05  6.380609880E-07 -3.335783233E-06  8.646403534E-07 -5.174138152E-08  1.699461415E-05
  1.428000000E-02  2.499995091E+02  2.492984742E-08  1.929910940E-08  2.425991501E-10  2.740942252E-09  9.858821858E-09 -6.661537727E-09  9.595703817E-05 -4.440340477E-08  5.020403581E-06 -7.946325454E-08 -6.062328228E-06  1.436739802E-08  4.748257458E-09  4.281885850E-09  3.171016602E-09  9.323490339E-05  6.380609880E-07 -3.335783233E-06  8.646403534E-07 -5.174138148E-08  1.699461415E-05
  1.462000000E-02  2.499995091E+02  2.492987424E-08  1.936566032E-08  2.425702577E-10  2.744424154E-09  9.858766741E-09 -6.665742263E-09  9.595703817E-05 -4.439992287E-08  5.020403581E-06 -7.946325464E-08 -6.062328228E-06  1.436740465E-08  4.812920438E-09  4.282328373E-09  3.168703076E-09  9.323490339E-05  6.380609881E-07 -3.335783233E-06  8.646403534E-07 -5.174138145E-08  1.699461415E-05
  1.496000000E-02  2.499995091E+02  2.492990115E-08  1.943221125E-08  2.425413702E-10  2.747906055E-09  9.858711624E-09 -6.669946798E-09  9.595703817E-05 -4.439644097E-08  5.020403581E-06 -7.946325474E-08 -6.062328228E-06  1.436741137E-08  4.877583418E-09  4.282770896E-09  3.166389550E-09  9.323490339E-05  6.380609881E-07 -3.335783233E-06  8.646403534E-07 -5.174138141E-08  1.699461415E-05
  1.530000000E-02  2.499995091E+02  2.492992815E-08  1.949876218E-08  2.425124874E-10  2.751387956E-09  9.858656507E-09 -6.674151333E-09  9.595703817E-05 -4.439295907E-08  5.020403581E-06 -7.946325484E-08 -6.062328228E-06  1.436741818E-08  4.942246398E-09  4.283213419E-09  3.164076023E-09  9.323490339E-05  6.380609881E-07 -3.335783233E-06  8.646403534E-07 -5.174138137E-08  1.699461415E-05
  1.564000000E-02  2.499995091E+02  2.492995524E-08  1.956531311E-08  2.424836095E-10  2.754869858E-09  9.858601391E-09 -6.678355868E-09  9.595703817E-05 -4.438947717E-08  5.020403581E-06 -7.946325495E-08 -6.062328228E-06  1.436742508E-08  5.006909378E-09  4.283655942E-09  3.161762497E-09  9.323490339E-05  6.380609882E-07 -3.335783233E-06  8.646403534E-07 -5.174138133E-08  1.699461415E-05
  1.598000000E-02  2.499995091E+02  2.492998242E-08  1.963186404E-08  2.424547364E-10  2.758351759E-09  9.858546274E-09 -6.682560403E-09  9.595703817E-05 -4.438599526E-08  5.020403581E-06 -7.946325505E-08 -6.062328228E-06  1.436743207E-08  5.071572358E-09  4.284098465E-09  3.159448970E-09  9.323490339E-05  6.380609882E-07 -3.335783233E-06  8.646403534E-07 -5.174138129E-08  1.699461415E-05
  1.632000000E-02  2.499995091E+02  2.493000970E-08  1.969841496E-08  2.424258682E-10  2.761833661E-09  9.858491157E-09 -6.686764938E-09  9.595703817E-05 -4.438251336E-08  5.020403581E-06 -7.946325515E-08 -6.062328228E-06  1.436743915E-08  5.136235338E-09  4.284540988E-09  3.157135444E-09  9.323490339E-05  6.380609882E-07 -3.335783233E-06  8.646403534E-07 -5.174138125E-08  1.699461415E-05
  1.666000000E-02  2.499995091E+02  2.493003707E-08  1.976496589E-08  2.423970048E-10  2.765315562E-09  9.858436040E-09 -6.690969473E-09  9.595703817E-05 -4.437903146E-08  5.020403581E-06 -7.946325525E-08 -6.062328228E-06  1.436744632E-08  5.200898318E-09  4.284983511E-09  3.154821917E-09  9.323490339E-05  6.380609883E-07 -3.335783233E-06  8.646403534E-07 -5.174138121E-08  1.699461415E-05
  1.700000000E-02  2.499995091E+02  2.493006453E-08  1.983151682E-08  2.423681462E-10  2.768797463E-09  9.858380923E-09 -6.695174008E-09  9.595703817E-05 -4.437554956E-08  5.020403581E-06 -7.946325535E-08 -6.062328228E-06  1.436745358E-08  5.265561298E-09  4.285426034E-09  3.152508391E-09  9.323490339E-05  6.380609883E-07 -3.335783233E-06  8.646403534E-07 -5.174138118E-08  1.699461415E-05
  1.734000000E-02  2.499995091E+02  2.493009209E-08  1.989806775E-08  2.423392924E-10  2.772279365E-09  9.858325806E-09 -6.699378543E-09  9.595703817E-05 -4.437206766E-08  5.020403581E-06 -7.946325545E-08 -6.062328228E-06  1.436746093E-08  5.330224278E-09  4.285868557E-09  3.150194864E-09  9.323490339E-05  6.380609883E-07 -3.335783233E-06  8.646403533E-07 -5.174138114E-08  1.699461415E-05
  1.768000000E-02  2.499995091E+02  2.493011973E-08  1.996461868E-08  2.423104435E-10  2.775761266E-09  9.858270689E-09 -6.703583078E-09  9.595703817E-05 -4.436858576E-08  5.020403581E-06 -7.946325555E-08 -6.062328228E-06  1.436746837E-08  5.394887258E-09  4.286311080E-09  3.147881338E-09  9.323490339E-05  6.380609884E-07 -3.335783233E-06  8.646403533E-07 -5.174138110E-08  1.699461415E-05
  1.802000000E-02  2.499995091E+02  2.493014747E-08  2.003116961E-08  2.422815994E-10  2.779243168E-09  9.858215572E-09 -6.707787614E-09  9.595703817E-05 -4.436510386E-08  5.020403581E-06 -7.946325565E-08 -6.062328228E-06  1.436747590E-08  5.459550238E-09  4.286753603E-09  3.145567811E-09  9.323490339E-05  6.380609884E-07 -3.335783233E-06  8.646403533E-07 -5.174138106E-08  1.699461415E-05
  1.836000000E-02  2.499995091E+02  2.493017530E-08  2.009772053E-08  2.422527601E-10  2.782725069E-09  9.858160455E-09 -6.711992149E-09  9.595703817E-05 -4.436162195E-08  5.020403581E-06 -7.946325575E-08 -6.062328228E-06  1.436748352E-08  5.524213218E-09  4.287196126E-09  3.143254285E-09  9.323490339E-05  6.380609885E-07 -3.335783233E-06  8.646403533E-07 -5.174138102E-08  1.699461415E-05
  1.870000000E-02  2.499995091E+02  2.493020323E-08  2.016427146E-08  2.422239256E-10  2.786206970E-09  9.858105339E-09 -6.716196684E-09  9.595703817E-05 -4.435814005E-08  5.020403581E-06 -7.946325585E-08 -6.062328228E-06  1.436749122E-08  5.588876198E-09  4.287638649E-09  3.140940758E-09  9.323490339E-05  6.380609885E-07 -3.335783233E-06  8.646403533E-07 -5.174138098E-08  1.699461415E-05
  1.904000000E-02  2.499995091E+02  2.493023124E-08  2.023082239E-08  2.421950960E-10  2.789688872E-09  9.858050222E-09 -6.720401219E-09  9.595703817E-05 -4.435465815E-08  5.020403581E-06 -7.946325595E-08 -6.062328228E-06  1.436749902E-08  5.653539178E-09  4.288081173E-09  3.138627232E-09  9.323490339E-05  6.380609885E-07 -3.335783233E-06  8.646403533E-07 -5.174138095E-08  1.699461415E-05
  1.938000000E-02  2.499995091E+02  2.493025935E-08  2.029737332E-08  2.421662712E-10  2.793170773E-09  9.857995105E-09 -6.724605754E-09  9.595703817E-05 -4.435117625E-08  5.020403581E-06 -7.946325605E-08 -6.062328228E-06  1.436750691E-08  5.718202159E-09  4.288523696E-09  3.136313705E-09  9.323490339E-05  6.380609886E-07 -3.335783233E-06  8.646403533E-07 -5.174138091E-08  1.699461415E-05
  1.972000000E-02  2.499995091E+02  2.493028755E-08  2.036392425E-08  2.421374513E-10  2.796652675E-09  9.857939988E-09 -6.728810289E-09  9.595703817E-05 -4.434769435E-08  5.020403581E-06 -7.946325615E-08 -6.062328228E-06  1.436751489E-08  5.782865139E-09  4.288966219E-09  3.134000179E-09  9.323490339E-05  6.380609886E-07 -3.335783233E-06  8.646403533E-07 -5.174138087E-08  1.699461415E-05
  2.006000000E-02  2.499995091E+02  2.493031584E-08  2.043047517E-08  2.421086362E-10  2.800134576E-09  9.857884871E-09 -6.733014824E-09  9.595703817E-05 -4.434421245E-08  5.020403581E-06 -7.946325625E-08 -6.062328228E-06  1.436752295E-08  5.847528119E-09  4.289408742E-09  3.131686652E-09  9.323490339E-05  6.380609886E-07 -3.335783233E-06  8.646403533E-07 -5.174138083E-08  1.699461415E-05
  2.040000000E-02  2.499995091E+02  2.493034423E-08  2.049702610E-08  2.420798259E-10  2.803616477E-09  9.857829754E-09 -6.737219359E-09  9.595703817E-05 -4.434073054E-08  5.020403581E-06 -7.946325636E-08 -6.062328228E-06  1.436753111E-08  5.912191099E-09  4.289851265E-09  3.129373126E-09  9.323490339E-05  6.380609887E-07 -3.335783233E-06  8.646403533E-07 -5.174138079E-08  1.699461415E-05
  2.074000000E-02  2.499995091E+02  2.493037271E-08  2.056357703E-08  2.420510204E-10  2.807098379E-09  9.857774637E-09 -6.741423894E-09  9.595703817E-05 -4.433724864E-08  5.020403581E-06 -7.946325646E-08 -6.062328228E-06  1.436753935E-08  5.976854079E-09  4.290293788E-09  3.127059599E-09  9.323490339E-05  6.380609887E-07 -3.335783233E-06  8.646403533E-07 -5.174138075E-08  1.699461415E-05
  2.108000000E-02  2.499995091E+02  2.493040127E-08  2.063012796E-08  2.420222198E-10  2.810580280E-09  9.857719520E-09 -6.745628430E-09  9.595703817E-05 -4.433376674E-08  5.020403581E-06 -7.946325656E-08 -6.062328228E-06  1.436754769E-08  6.041517059E-09  4.290736311E-09  3.124746073E-09  9.323490339E-05  6.380609887E-07 -3.335783233E-06  8.646403533E-07 -5.174138072E-08  1.699461415E-05
  2.142000000E-02  2.499995091E+02  2.493042994E-08  2.069667889E-08  2.419934240E-10  2.814062181E-09  9.857664403E-09 -6.749832965E-09  9.595703817E-05 -4.433028484E-08  5.020403581E-06 -7.946325666E-08 -6.062328228E-06  1.436755612E-08  6.106180039E-09  4.291178834E-09  3.122432546E-09  9.323490339E-05  6.380609888E-07 -3.335783233E-06  8.646403533E-07 -5.174138068E-08  1.699461415E-05
  2.176000000E-02  2.499995091E+02  2.493045869E-08  2.076322982E-08  2.419646330E-10  2.817544083E-09  9.857609286E-09 -6.754037500E-09  9.595703817E-05 -4.432680294E-08  5.020403581E-06 -7.946325676E-08 -6.062328228E-06  1.436756463E-08  6.170843019E-09  4.291621357E-09  3.120119020E-09  9.323490339E-05  6.380609888E-07 -3.335783233E-06  8.646403533E-07 -5.174138064E-08  1.699461415E-05
  2.210000000E-02  2.499995091E+02  2.493048754E-08  2.082978074E-08  2.419358468E-10  2.821025984E-09  9.857554170E-09 -6.758242035E-09  9.595703817E-05 -4.432332104E-08  5.020403581E-06 -7.946325686E-08 -6.062328228E-06  1.436757324E-08  6.235505999E-09  4.292063880E-09  3.117805493E-09  9.323490339E-05  6.380609889E-07 -3.335783233E-06  8.646403533E-07 -5.174138060E-08  1.699461415E-05
  2.244000000E-02  2.499995091E+02  2.493051648E-08  2.089633167E-08  2.419070655E-10  2.824507886E-09  9.857499053E-09 -6.762446570E-09  9.595703817E-05 -4.431983914E-08  5.020403581E-06 -7.946325696E-08 -6.062328228E-06  1.436758193E-08  6.300168979E-09  4.292506403E-09  3.115491967E-09  9.323490339E-05  6.380609889E-07 -3.335783233E-06  8.646403533E-07 -5.174138056E-08  1.699461415E-05
  2.278000000E-02  2.499995091E+02  2.493054551E-08  2.096288260E-08  2.418782890E-10  2.827989787E-09  9.857443936E-09 -6.766651105E-09  9.595703817E-05 -4.431635723E-08  5.020403581E-06 -7.946325706E-08 -6.062328228E-06  1.436759072E-08  6.364831959E-09  4.292948926E-09  3.113178440E-09  9.323490339E-05  6.380609889E-07 -3.335783233E-06  8.646403533E-07 -5.174138052E-08  1.699461415E-05
  2.312000000E-02  2.499995091E+02  2.493057463E-08  2.102943353E-08  2.418495174E-10  2.831471688E-09  9.857388819E-09 -6.770855640E-09  9.595703817E-05 -4.431287533E-08  5.020403581E-06 -7.946325716E-08 -6.062328228E-06  1.436759959E-08  6.429494939E-09  4.293391449E-09  3.110864914E-09  9.323490339E-05  6.380609890E-07 -3.335783233E-06  8.646403533E-07 -5.174138049E-08  1.699461415E-05
  2.346000000E-02  2.499995091E+02  2.493060385E-08  2.109598446E-08  2.418207505E-10  2.834953590E-09  9.857333702E-09 -6.775060175E-09  9.595703817E-05 -4.430939343E-08  5.020403581E-06 -7.946325726E-08 -6.062328228E-06  1.436760855E-08  6.494157919E-09  4.293833972E-09  3.108551387E-09  9.323490339E-05  6.380609890E-07 -3.335783233E-06  8.646403533E-07 -5.174138045E-08  1.699461415E-05
  2.380000000E-02  2.499995091E+02  2.493063315E-08  2.116253538E-08  2.417919885E-10  2.838435491E-09  9.857278585E-09 -6.779264710E-09  9.595703817E-05 -4.430591153E-08  5.020403581E-06 -7.946325736E-08 -6.062328228E-06  1.436761761E-08  6.558820899E-09  4.294276495E-09  3.106237861E-09  9.323490339E-05  6.380609890E-07 -3.335783233E-06  8.646403533E-07 -5.174138041E-08  1.699461415E-05
  2.414000000E-02  2.499995091E+02  2.493066255E-08  2.122908631E-08  2.417632314E-10  2.841917393E-09  9.857223468E-09 -6.783469245E-09  9.595703817E-05 -4.430242963E-08  5.020403581E-06 -7.946325746E-08 -6.062328228E-06  1.436762675E-08  6.623483879E-09  4.294719018E-09  3.103924334E-09  9.323490339E-05  6.380609891E-07 -3.335783233E-06  8.646403533E-07 -5.174138037E-08  1.699461415E-05
  2.448000000E-02  2.499995091E+02  2.493069205E-08  2.129563724E-08  2.417344790E-10  2.845399294E-09  9.857168351E-09 -6.787673781E-09  9.595703817E-05 -4.429894773E-08  5.020403581E-06 -7.946325756E-08 -6.062328228E-06  1.436763598E-08  6.688146859E-09  4.295161541E-09  3.101610808E-09  9.323490339E-05  6.380609891E-07 -3.335783233E-06  8.646403533E-07 -5.174138033E-08  1.699461415E-05
  2.482000000E-02  2.499995091E+02  2.493072163E-08  2.136218817E-08  2.417057315E-10  2.848881195E-09  9.857113234E-09 -6.791878316E-09  9.595703817E-05 -4.429546582E-08  5.020403581E-06 -7.946325766E-08 -6.062328228E-06  1.436764530E-08  6.752809840E-09  4.295604064E-09  3.099297281E-09  9.323490339E-05  6.380609891E-07 -3.335783233E-06  8.646403533E-07 -5.174138029E-08  1.699461415E-05
  2.516000000E-02  2.499995091E+02  2.493075131E-08  2.142873910E-08  2.416769889E-10  2.852363097E-09  9.857058117E-09 -6.796082851E-09  9.595703817E-05 -4.429198392E-08  5.020403581E-06 -7.946325777E-08 -6.062328228E-06  1.436765472E-08  6.817472820E-09  4.296046587E-09  3.096983755E-09  9.323490339E-05  6.380609892E-07 -3.335783233E-06  8.646403532E-07 -5.174138026E-08  1.699461415E-05
  2.550000000E-02  2.499995091E+02  2.493078108E-08  2.149529003E-08  2.416482510E-10  2.855844998E-09  9.857003001E-09 -6.800287386E-09  9.595703817E-05 -4.428850202E-08  5.020403581E-06 -7.946325787E-08 -6.062328228E-06  1.436766422E-08  6.882135800E-09  4.296489110E-09  3.094670229E-09  9.323490339E-05  6.380609892E-07 -3.335783233E-06  8.646403532E-07 -5.174138022E-08  1.699461415E-05
  2.584000000E-02  2.499995091E+02  2.493081094E-08  2.156184095E-08  2.416195180E-10  2.859326900E-09  9.856947884E-09 -6.804491921E-09  9.595703817E-05 -4.428502012E-08  5.020403581E-06 -7.946325797E-08 -6.062328228E-06  1.436767381E-08  6.946798780E-09  4.296931633E-09  3.092356702E-09  9.323490339E-05  6.380609893E-07 -3.335783233E-06  8.646403532E-07 -5.174138018E-08  1.699461415E-05
  2.618000000E-02  2.499995091E+02  2.493084090E-08  2.162839188E-08  2.415907898E-10  2.862808801E-09  9.856892767E-09 -6.808696456E-09  9.595703817E-05 -4.428153822E-08  5.020403581E-06 -7.946325807E-08 -6.062328228E-06  1.436768349E-08  7.011461760E-09  4.297374156E-09  3.090043176E-09  9.323490339E-05  6.380609893E-07 -3.335783233E-06  8.646403532E-07 -5.174138014E-08  1.699461415E-05
  2.652000000E-02  2.499995091E+02  2.493087094E-08  2.169494281E-08  2.415620664E-10  2.866290702E-09  9.856837650E-09 -6.812900991E-09  9.595703817E-05 -4.427805632E-08  5.020403581E-06 -7.946325817E-08 -6.062328228E-06  1.436769326E-08  7.076124740E-09  4.297816679E-09  3.087729649E-09  9.323490339E-05  6.380609893E-07 -3.335783233E-06  8.646403532E-07 -5.174138010E-08  1.699461415E-05
  2.686000000E-02  2.499995091E+02  2.493090108E-08  2.176149374E-08  2.415333479E-10  2.869772604E-09  9.856782533E-09 -6.817105526E-09  9.595703817E-05 -4.427457442E-08  5.020403581E-06 -7.946325827E-08 -6.062328228E-06  1.436770312E-08  7.140787720E-09  4.298259202E-09  3.085416123E-09  9.323490339E-05  6.380609894E-07 -3.335783233E-06  8.646403532E-07 -5.174138006E-08  1.699461415E-05
  2.720000000E-02  2.499995091E+02  2.493093131E-08  2.182804467E-08  2.415046342E-10  2.873254505E-09  9.856727416E-09 -6.821310061E-09  9.595703817E-05 -4.427109251E-08  5.020403581E-06 -7.946325837E-08 -6.062328228E-06  1.436771307E-08  7.205450700E-09  4.298701725E-09  3.083102596E-09  9.323490339E-05  6.380609894E-07 -3.335783233E-06  8.646403532E-07 -5.174138002E-08  1.699461415E-05
  2.754000000E-02  2.499995091E+02  2.493096164E-08  2.189459559E-08  2.414759253E-10  2.876736406E-09  9.856672299E-09 -6.825514597E-09  9.595703817E-05 -4.426761061E-08  5.020403581E-06 -7.946325847E-08 -6.062328228E-06  1.436772311E-08  7.270113680E-09  4.299144248E-09  3.080789070E-09  9.323490339E-05  6.380609894E-07 -3.335783233E-06  8.646403532E-07 -5.174137999E-08  1.699461415E-05
  2.788000000E-02  2.499995091E+02  2.493099205E-08  2.196114652E-08  2.414472213E-10  2.880218308E-09  9.856617182E-09 -6.829719132E-09  9.595703817E-05 -4.426412871E-08  5.020403581E-06 -7.946325857E-08 -6.062328228E-06  1.436773324E-08  7.334776660E-09  4.299586771E-09  3.078475543E-09  9.323490339E-05  6.380609895E-07 -3.335783233E-06  8.646403532E-07 -5.174137995E-08  1.699461415E-05
  2.822000000E-02  2.499995091E+02  2.493102256E-08  2.202769745E-08  2.414185221E-10  2.883700209E-09  9.856562065E-09 -6.833923667E-09  9.595703817E-05 -4.426064681E-08  5.020403581E-06 -7.946325867E-08 -6.062328228E-06  1.436774346E-08  7.399439640E-09  4.300029294E-09  3.076162017E-09  9.323490339E-05  6.380609895E-07 -3.335783233E-06  8.646403532E-07 -5.174137991E-08  1.699461415E-05
  2.856000000E-02  2.499995091E+02  2.493105316E-08  2.209424838E-08  2.413898277E-10  2.887182111E-09  9.856506949E-09 -6.838128202E-09  9.595703817E-05 -4.425716491E-08  5.020403581E-06 -7.946325877E-08 -6.062328228E-06  1.436775377E-08  7.464102620E-09  4.300471817E-09  3.073848490E-09  9.323490339E-05  6.380609895E-07 -3.335783233E-06  8.646403532E-07 -5.174137987E-08  1.699461415E-05
  2.890000000E-02  2.499995091E+02  2.493108385E-08  2.216079931E-08  2.413611381E-10  2.890664012E-09  9.856451832E-09 -6.842332737E-09  9.595703817E-05 -4.425368301E-08  5.020403581E-06 -7.946325887E-08 -6.062328228E-06  1.436776417E-08  7.528765600E-09  4.300914340E-09  3.071534964E-09  9.323490339E-05  6.380609896E-07 -3.335783233E-06  8.646403532E-07 -5.174137983E-08  1.699461415E-05
  2.924000000E-02  2.499995091E+02  2.493111464E-08  2.222735024E-08  2.413324534E-10  2.894145913E-09  9.856396715E-09 -6.846537272E-09  9.595703817E-05 -4.425020110E-08  5.020403581E-06 -7.946325897E-08 -6.062328228E-06  1.436777466E-08  7.593428580E-09  4.301356863E-09  3.069221437E-09  9.323490339E-05  6.380609896E-07 -3.335783233E-06  8.646403532E-07 -5.174137979E-08  1.699461415E-05
  2.958000000E-02  2.499995091E+02  2.493114551E-08  2.229390116E-08  2.413037735E-10  2.897627815E-09  9.856341598E-09 -6.850741807E-09  9.595703817E-05 -4.424671920E-08  5.020403581E-06 -7.946325907E-08 -6.062328228E-06  1.436778524E-08  7.658091560E-09  4.301799386E-09  3.066907911E-09  9.323490339E-05  6.380609897E-07 -3.335783233E-06  8.646403532E-07 -5.174137976E-08  1.699461415E-05
  2.992000000E-02  2.499995091E+02  2.493117648E-08  2.236045209E-08  2.412750985E-10  2.901109716E-09  9.856286481E-09 -6.854946342E-09  9.595703817E-05 -4.424323730E-08  5.020403581E-06 -7.946325917E-08 -6.062328228E-06  1.436779590E-08  7.722754540E-09  4.302241909E-09  3.064594384E-09  9.323490339E-05  6.380609897E-07 -3.335783233E-06  8.646403532E-07 -5.174137972E-08  1.699461415E-05
  3.026000000E-02  2.499995091E+02  2.493120755E-08  2.242700302E-08  2.412464282E-10  2.904591618E-09  9.856231364E-09 -6.859150877E-09  9.595703817E-05 -4.423975540E-08  5.020403581E-06 -7.946325928E-08 -6.062328228E-06  1.436780666E-08  7.787417520E-09  4.302684432E-09  3.062280858E-09  9.323490339E-05  6.380609897E-07 -3.335783233E-06  8.646403532E-07 -5.174137968E-08  1.699461415E-05
  3.060000000E-02  2.499995091E+02  2.493123870E-08  2.249355395E-08  2.412177628E-10  2.908073519E-09  9.856176247E-09 -6.863355412E-09  9.595703817E-05 -4.423627350E-08  5.020403581E-06 -7.946325938E-08 -6.062328228E-06  1.436781751E-08  7.852080501E-09  4.303126955E-09  3.059967331E-09  9.323490339E-05  6.380609898E-07 -3.335783233E-06  8.646403532E-07 -5.174137964E-08  1.699461415E-05
  3.094000000E-02  2.499995091E+02  2.493126995E-08  2.256010488E-08  2.411891023E-10  2.911555420E-09  9.856121130E-09 -6.867559948E-09  9.595703817E-05 -4.423279160E-08  5.020403581E-06 -7.946325948E-08 -6.062328228E-06  1.436782845E-08  7.916743481E-09  4.303569478E-09  3.057653805E-09  9.323490339E-05  6.380609898E-07 -3.335783233E-06  8.646403532E-07 -5.174137960E-08  1.699461415E-05
  3.128000000E-02  2.499995091E+02  2.493130129E-08  2.262665580E-08  2.411604465E-10  2.915037322E-09  9.856066013E-09 -6.871764483E-09  9.595703817E-05 -4.422930969E-08  5.020403581E-06 -7.946325958E-08 -6.062328228E-06  1.436783947E-08  7.981406461E-09  4.304012001E-09  3.055340278E-09  9.323490339E-05  6.380609898E-07 -3.335783233E-06  8.646403532E-07 -5.174137956E-08  1.699461415E-05
  3.162000000E-02  2.499995091E+02  2.493133272E-08  2.269320673E-08  2.411317956E-10  2.918519223E-09  9.856010896E-09 -6.875969018E-09  9.595703817E-05 -4.422582779E-08  5.020403581E-06 -7.946325968E-08 -6.062328228E-06  1.436785059E-08  8.046069441E-09  4.304454524E-09  3.053026752E-09  9.323490339E-05  6.380609899E-07 -3.335783233E-06  8.646403532E-07 -5.174137953E-08  1.699461415E-05
  3.196000000E-02  2.499995091E+02  2.493136424E-08  2.275975766E-08  2.411031495E-10  2.922001125E-09  9.855955780E-09 -6.880173553E-09  9.595703817E-05 -4.422234589E-08  5.020403581E-06 -7.946325978E-08 -6.062328228E-06  1.436786180E-08  8.110732421E-09  4.304897047E-09  3.050713225E-09  9.323490339E-05  6.380609899E-07 -3.335783233E-06  8.646403532E-07 -5.174137949E-08  1.699461415E-05
  3.230000000E-02  2.499995091E+02  2.493139586E-08  2.282630859E-08  2.410745083E-10  2.925483026E-09  9.855900663E-09 -6.884378088E-09  9.595703817E-05 -4.421886399E-08  5.020403581E-06 -7.946325988E-08 -6.062328228E-06  1.436787309E-08  8.175395401E-09  4.305339570E-09  3.048399699E-09  9.323490339E-05  6.380609899E-07 -3.335783233E-06  8.646403532E-07 -5.174137945E-08  1.699461415E-05
  3.264000000E-02  2.499995091E+02  2.493142756E-08  2.289285952E-08  2.410458718E-10  2.928964927E-09  9.855845546E-09 -6.888582623E-09  9.595703817E-05 -4.421538209E-08  5.020403581E-06 -7.946325998E-08 -6.062328228E-06  1.436788448E-08  8.240058381E-09  4.305782093E-09  3.046086172E-09  9.323490339E-05  6.380609900E-07 -3.335783233E-06  8.646403531E-07 -5.174137941E-08  1.699461415E-05
  3.298000000E-02  2.499995091E+02  2.493145937E-08  2.295941045E-08  2.410172402E-10  2.932446829E-09  9.855790429E-09 -6.892787158E-09  9.595703817E-05 -4.421190019E-08  5.020403581E-06 -7.946326008E-08 -6.062328228E-06  1.436789595E-08  8.304721361E-09  4.306224616E-09  3.043772646E-09  9.323490339E-05  6.380609900E-07 -3.335783233E-06  8.646403531E-07 -5.174137937E-08  1.699461415E-05
  3.332000000E-02  2.499995091E+02  2.493149126E-08  2.302596137E-08  2.409886135E-10  2.935928730E-09  9.855735312E-09 -6.896991693E-09  9.595703817E-05 -4.420841829E-08  5.020403581E-06 -7.946326018E-08 -6.062328228E-06  1.436790752E-08  8.369384341E-09  4.306667140E-09  3.041459119E-09  9.323490339E-05  6.380609901E-07 -3.335783233E-06  8.646403531E-07 -5.174137933E-08  1.699461415E-05
  3.366000000E-02  2.499995091E+02  2.493152324E-08  2.309251230E-08  2.409599915E-10  2.939410632E-09  9.855680195E-09 -6.901196228E-09  9.595703817E-05 -4.420493638E-08  5.020403581E-06 -7.946326028E-08 -6.062328228E-06  1.436791917E-08  8.434047321E-09  4.307109663E-09  3.039145593E-09  9.323490339E-05  6.380609901E-07 -3.335783233E-06  8.646403531E-07 -5.174137930E-08  1.699461415E-05
  3.400000000E-02  2.499995091E+02  2.493155532E-08  2.315906323E-08  2.409313744E-10  2.942892533E-09  9.855625078E-09 -6.905400763E-09  9.595703817E-05 -4.420145448E-08  5.020403581E-06 -7.946326038E-08 -6.062328228E-06  1.436793091E-08  8.498710301E-09  4.307552186E-09  3.036832066E-09  9.323490339E-05  6.380609901E-07 -3.335783233E-06  8.646403531E-07 -5.174137926E-08  1.699461415E-05
  3.434000000E-02  2.499995091E+02  2.493158749E-08  2.322561416E-08  2.409027622E-10  2.946374434E-09  9.855569961E-09 -6.909605299E-09  9.595703817E-05 -4.419797258E-08  5.020403581E-06 -7.946326048E-08 -6.062328228E-06  1.436794275E-08  8.563373281E-09  4.307994709E-09  3.034518540E-09  9.323490339E-05  6.380609902E-07 -3.335783233E-06  8.646403531E-07 -5.174137922E-08  1.699461415E-05
  3.468000000E-02  2.499995091E+02  2.493161975E-08  2.329216509E-08  2.408741547E-10  2.949856336E-09  9.855514844E-09 -6.913809834E-09  9.595703817E-05 -4.419449068E-08  5.020403581E-06 -7.946326058E-08 -6.062328228E-06  1.436795467E-08  8.628036261E-09  4.308437232E-09  3.032205013E-09  9.323490339E-05  6.380609902E-07 -3.335783233E-06  8.646403531E-07 -5.174137918E-08  1.699461415E-05
  3.502000000E-02  2.499995091E+02  2.493165211E-08  2.335871601E-08  2.408455521E-10  2.953338237E-09  9.855459727E-09 -6.918014369E-09  9.595703817E-05 -4.419100878E-08  5.020403581E-06 -7.946326069E-08 -6.062328228E-06  1.436796669E-08  8.692699241E-09  4.308879755E-09  3.029891487E-09  9.323490339E-05  6.380609902E-07 -3.335783233E-06  8.646403531E-07 -5.174137914E-08  1.699461415E-05
  3.536000000E-02  2.499995091E+02  2.493168455E-08  2.342526694E-08  2.408169543E-10  2.956820138E-09  9.855404610E-09 -6.922218904E-09  9.595703817E-05 -4.418752688E-08  5.020403581E-06 -7.946326079E-08 -6.062328228E-06  1.436797879E-08  8.757362221E-09  4.309322278E-09  3.027577961E-09  9.323490339E-05  6.380609903E-07 -3.335783233E-06  8.646403531E-07 -5.174137910E-08  1.699461415E-05
  3.570000000E-02  2.499995091E+02  2.493171709E-08  2.349181787E-08  2.407883614E-10  2.960302040E-09  9.855349494E-09 -6.926423439E-09  9.595703817E-05 -4.418404497E-08  5.020403581E-06 -7.946326089E-08 -6.062328228E-06  1.436799098E-08  8.822025201E-09  4.309764801E-09  3.025264434E-09  9.323490339E-05  6.380609903E-07 -3.335783233E-06  8.646403531E-07 -5.174137907E-08  1.699461415E-05
  3.604000000E-02  2.499995091E+02  2.493174972E-08  2.355836880E-08  2.407597732E-10  2.963783941E-09  9.855294377E-09 -6.930627974E-09  9.595703817E-05 -4.418056307E-08  5.020403581E-06 -7.946326099E-08 -6.062328228E-06  1.436800326E-08  8.886688181E-09  4.310207324E-09  3.022950908E-09  9.323490339E-05  6.380609903E-07 -3.335783233E-06  8.646403531E-07 -5.174137903E-08  1.699461415E-05
  3.638000000E-02  2.499995091E+02  2.493178245E-08  2.362491973E-08  2.407311899E-10  2.967265843E-09  9.855239260E-09 -6.934832509E-09  9.595703817E-05 -4.417708117E-08  5.020403581E-06 -7.946326109E-08 -6.062328228E-06  1.436801564E-08  8.951351162E-09  4.310649847E-09  3.020637381E-09  9.323490339E-05  6.380609904E-07 -3.335783233E-06  8.646403531E-07 -5.174137899E-08  1.699461415E-05
  3.672000000E-02  2.499995091E+02  2.493181526E-08  2.369147065E-08  2.407026115E-10  2.970747744E-09  9.855184143E-09 -6.939037044E-09  9.595703817E-05 -4.417359927E-08  5.020403581E-06 -7.946326119E-08 -6.062328228E-06  1.436802810E-08  9.016014142E-09  4.311092370E-09  3.018323855E-09  9.323490339E-05  6.380609904E-07 -3.335783233E-06  8.646403531E-07 -5.174137895E-08  1.699461415E-05
  3.706000000E-02  2.499995091E+02  2.493184817E-08  2.375802158E-08  2.406740378E-10  2.974229645E-09  9.855129026E-09 -6.943241579E-09  9.595703817E-05 -4.417011737E-08  5.020403581E-06 -7.946326129E-08 -6.062328228E-06  1.436804065E-08  9.080677122E-09  4.311534893E-09  3.016010328E-09  9.323490339E-05  6.380609905E-07 -3.335783233E-06  8.646403531E-07 -5.174137891E-08  1.699461415E-05
  3.740000000E-02  2.499995091E+02  2.493188117E-08  2.382457251E-08  2.406454690E-10  2.977711547E-09  9.855073909E-09 -6.947446115E-09  9.595703817E-05 -4.416663547E-08  5.020403581E-06 -7.946326139E-08 -6.062328228E-06  1.436805329E-08  9.145340102E-09  4.311977416E-09  3.013696802E-09  9.323490339E-05  6.380609905E-07 -3.335783233E-06  8.646403531E-07 -5.174137887E-08  1.699461415E-05
  3.774000000E-02  2.499995091E+02  2.493191426E-08  2.389112344E-08  2.406169050E-10  2.981193448E-09  9.855018792E-09 -6.951650650E-09  9.595703817E-05 -4.416315357E-08  5.020403581E-06 -7.946326149E-08 -6.062328228E-06  1.436806602E-08  9.210003082E-09  4.312419939E-09  3.011383275E-09  9.323490339E-05  6.380609905E-07 -3.335783233E-06  8.646403531E-07 -5.174137884E-08  1.699461415E-05
  3.808000000E-02  2.499995091E+02  2.493194745E-08  2.395767437E-08  2.405883459E-10  2.984675350E-09  9.854963675E-09 -6.955855185E-09  9.595703817E-05 -4.415967166E-08  5.020403581E-06 -7.946326159E-08 -6.062328228E-06  1.436807884E-08  9.274666062E-09  4.312862462E-09  3.009069749E-09  9.323490339E-05  6.380609906E-07 -3.335783233E-06  8.646403531E-07 -5.174137880E-08  1.699461415E-05
  3.842000000E-02  2.499995091E+02  2.493198073E-08  2.402422530E-08  2.405597916E-10  2.988157251E-09  9.854908558E-09 -6.960059720E-09  9.595703817E-05 -4.415618976E-08  5.020403581E-06 -7.946326169E-08 -6.062328228E-06  1.436809175E-08  9.339329042E-09  4.313304985E-09  3.006756222E-09  9.323490339E-05  6.380609906E-07 -3.335783233E-06  8.646403531E-07 -5.174137876E-08  1.699461415E-05
  3.876000000E-02  2.499995091E+02  2.493201410E-08  2.409077622E-08  2.405312421E-10  2.991639152E-09  9.854853441E-09 -6.964264255E-09  9.595703817E-05 -4.415270786E-08  5.020403581E-06 -7.946326179E-08 -6.062328228E-06  1.436810475E-08  9.403992022E-09  4.313747508E-09  3.004442696E-09  9.323490339E-05  6.380609906E-07 -3.335783233E-06  8.646403531E-07 -5.174137872E-08  1.699461415E-05
  3.910000000E-02  2.499995091E+02  2.493204756E-08  2.415732715E-08  2.405026974E-10  2.995121054E-09  9.854798325E-09 -6.968468790E-09  9.595703817E-05 -4.414922596E-08  5.020403581E-06 -7.946326189E-08 -6.062328228E-06  1.436811784E-08  9.468655002E-09  4.314190031E-09  3.002129169E-09  9.323490339E-05  6.380609907E-07 -3.335783233E-06  8.646403531E-07 -5.174137868E-08  1.699461415E-05
  3.944000000E-02  2.499995091E+02  2.493208111E-08  2.422387808E-08  2.404741576E-10  2.998602955E-09  9.854743208E-09 -6.972673325E-09  9.595703817E-05 -4.414574406E-08  5.020403581E-06 -7.946326199E-08 -6.062328228E-06  1.436813102E-08  9.533317982E-09  4.314632554E-09  2.999815643E-09  9.323490339E-05  6.380609907E-07 -3.335783233E-06  8.646403531E-07 -5.174137864E-08  1.699461415E-05
  3.978000000E-02  2.499995091E+02  2.493211476E-08  2.429042901E-08  2.404456226E-10  3.002084857E-09  9.854688091E-09 -6.976877860E-09  9.595703817E-05 -4.414226216E-08  5.020403581E-06 -7.946326209E-08 -6.062328228E-06  1.436814429E-08  9.597980962E-09  4.315075077E-09  2.997502116E-09  9.323490339E-05  6.380609907E-07 -3.335783233E-06  8.646403531E-07 -5.174137860E-08  1.699461415E-05
  4.012000000E-02  2.499995091E+02  2.493214850E-08  2.435697994E-08  2.404170924E-10  3.005566758E-09  9.854632974E-09 -6.981082395E-09  9.595703817E-05 -4.413878025E-08  5.020403581E-06 -7.946326220E-08 -6.062328228E-06  1.436815765E-08  9.662643942E-09  4.315517600E-09  2.995188590E-09  9.323490339E-05  6.380609908E-07 -3.335783233E-06  8.646403530E-07 -5.174137857E-08  1.699461415E-05
  4.046000000E-02  2.499995091E+02  2.493218233E-08  2.442353086E-08  2.403885671E-10  3.009048659E-09  9.854577857E-09 -6.985286930E-09  9.595703817E-05 -4.413529835E-08  5.020403581E-06 -7.946326230E-08 -6.062328228E-06  1.436817110E-08  9.727306922E-09  4.315960123E-09  2.992875063E-09  9.323490339E-05  6.380609908E-07 -3.335783233E-06  8.646403530E-07 -5.174137853E-08  1.699461415E-05
  4.080000000E-02  2.499995091E+02  2.493221625E-08  2.449008179E-08  2.403600466E-10  3.012530561E-09  9.854522740E-09 -6.989491466E-09  9.595703817E-05 -4.413181645E-08  5.020403581E-06 -7.946326240E-08 -6.062328228E-06  1.436818463E-08  9.791969902E-09  4.316402646E-09  2.990561537E-09  9.323490339E-05  6.380609909E-07 -3.335783233E-06  8.646403530E-07 -5.174137849E-08  1.699461415E-05
  4.114000000E-02  2.499995091E+02  2.493225027E-08  2.455663272E-08  2.403315309E-10  3.016012462E-09  9.854467623E-09 -6.993696001E-09  9.595703817E-05 -4.412833455E-08  5.020403581E-06 -7.946326250E-08 -6.062328228E-06  1.436819826E-08  9.856632882E-09  4.316845169E-09  2.988248010E-09  9.323490339E-05  6.380609909E-07 -3.335783233E-06  8.646403530E-07 -5.174137845E-08  1.699461415E-05
  4.148000000E-02  2.499995091E+02  2.493228438E-08  2.462318365E-08  2.403030200E-10  3.019494363E-09  9.854412506E-09 -6.997900536E-09  9.595703817E-05 -4.412485265E-08  5.020403581E-06 -7.946326260E-08 -6.062328228E-06  1.436821198E-08  9.921295862E-09  4.317287692E-09  2.985934484E-09  9.323490339E-05  6.380609909E-07 -3.335783233E-06  8.646403530E-07 -5.174137841E-08  1.699461415E-05
  4.182000000E-02  2.499995091E+02  2.493231858E-08  2.468973458E-08  2.402745140E-10  3.022976265E-09  9.854357389E-09 -7.002105071E-09  9.595703817E-05 -4.412137075E-08  5.020403581E-06 -7.946326270E-08 -6.062328228E-06  1.436822579E-08  9.985958843E-09  4.317730215E-09  2.983620957E-09  9.323490339E-05  6.380609910E-07 -3.335783233E-06  8.646403530E-07 -5.174137837E-08  1.699461415E-05
  4.216000000E-02  2.499995091E+02  2.493235287E-08  2.475628551E-08  2.402460128E-10  3.026458166E-09  9.854302272E-09 -7.006309606E-09  9.595703817E-05 -4.411788885E-08  5.020403581E-06 -7.946326280E-08 -6.062328228E-06  1.436823968E-08  1.005062182E-08  4.318172738E-09  2.981307431E-09  9.323490339E-05  6.380609910E-07 -3.335783233E-06  8.646403530E-07 -5.174137834E-08  1.699461415E-05
  4.250000000E-02  2.499995091E+02  2.493238726E-08  2.482283643E-08  2.402175165E-10  3.029940068E-09  9.854247155E-09 -7.010514141E-09  9.595703817E-05 -4.411440694E-08  5.020403581E-06 -7.946326290E-08 -6.062328228E-06  1.436825367E-08  1.011528480E-08  4.318615261E-09  2.978993904E-09  9.323490339E-05  6.380609910E-07 -3.335783233E-06  8.646403530E-07 -5.174137830E-08  1.699461415E-05
  4.284000000E-02  2.499995091E+02  2.493242173E-08  2.488938736E-08  2.401890249E-10  3.033421969E-09  9.854192039E-09 -7.014718676E-09  9.595703817E-05 -4.411092504E-08  5.020403581E-06 -7.946326300E-08 -6.062328228E-06  1.436826775E-08  1.017994778E-08  4.319057784E-09  2.976680378E-09  9.323490339E-05  6.380609911E-07 -3.335783233E-06  8.646403530E-07 -5.174137826E-08  1.699461415E-05
  4.318000000E-02  2.499995091E+02  2.493245630E-08  2.495593829E-08  2.401605382E-10  3.036903870E-09  9.854136922E-09 -7.018923211E-09  9.595703817E-05 -4.410744314E-08  5.020403581E-06 -7.946326310E-08 -6.062328228E-06  1.436828191E-08  1.024461076E-08  4.319500307E-09  2.974366851E-09  9.323490339E-05  6.380609911E-07 -3.335783233E-06  8.646403530E-07 -5.174137822E-08  1.699461415E-05
  4.352000000E-02  2.499995091E+02  2.493249097E-08  2.502248922E-08  2.401320564E-10  3.040385772E-09  9.854081805E-09 -7.023127746E-09  9.595703817E-05 -4.410396124E-08  5.020403581E-06 -7.946326320E-08 -6.062328228E-06  1.436829617E-08  1.030927374E-08  4.319942830E-09  2.972053325E-09  9.323490339E-05  6.380609911E-07 -3.335783233E-06  8.646403530E-07 -5.174137818E-08  1.699461415E-05
  4.386000000E-02  2.499995091E+02  2.493252572E-08  2.508904015E-08  2.401035793E-10  3.043867673E-09  9.854026688E-09 -7.027332282E-09  9.595703817E-05 -4.410047934E-08  5.020403581E-06 -7.946326330E-08 -6.062328228E-06  1.436831051E-08  1.037393672E-08  4.320385353E-09  2.969739798E-09  9.323490339E-05  6.380609912E-07 -3.335783233E-06  8.646403530E-07 -5.174137814E-08  1.699461415E-05
  4.420000000E-02  2.499995091E+02  2.493256057E-08  2.515559107E-08  2.400751071E-10  3.047349575E-09  9.853971571E-09 -7.031536817E-09  9.595703817E-05 -4.409699744E-08  5.020403581E-06 -7.946326340E-08 -6.062328228E-06  1.436832495E-08  1.043859970E-08  4.320827876E-09  2.967426272E-09  9.323490339E-05  6.380609912E-07 -3.335783233E-06  8.646403530E-07 -5.174137811E-08  1.699461415E-05
  4.454000000E-02  2.499995091E+02  2.493259551E-08  2.522214200E-08  2.400466397E-10  3.050831476E-09  9.853916454E-09 -7.035741352E-09  9.595703817E-05 -4.409351553E-08  5.020403581E-06 -7.946326350E-08 -6.062328228E-06  1.436833947E-08  1.050326268E-08  4.321270399E-09  2.965112745E-09  9.323490339E-05  6.380609913E-07 -3.335783233E-06  8.646403530E-07 -5.174137807E-08  1.699461415E-05
  4.488000000E-02  2.499995091E+02  2.493263054E-08  2.528869293E-08  2.400181772E-10  3.054313377E-09  9.853861337E-09 -7.039945887E-09  9.595703817E-05 -4.409003363E-08  5.020403581E-06 -7.946326361E-08 -6.062328228E-06  1.436835409E-08  1.056792566E-08  4.321712922E-09  2.962799219E-09  9.323490339E-05  6.380609913E-07 -3.335783233E-06  8.646403530E-07 -5.174137803E-08  1.699461415E-05
  4.522000000E-02  2.499995091E+02  2.493266566E-08  2.535524386E-08  2.399897194E-10  3.057795279E-09  9.853806220E-09 -7.044150422E-09  9.595703817E-05 -4.408655173E-08  5.020403581E-06 -7.946326371E-08 -6.062328228E-06  1.436836879E-08  1.063258864E-08  4.322155445E-09  2.960485693E-09  9.323490339E-05  6.380609913E-07 -3.335783233E-06  8.646403530E-07 -5.174137799E-08  1.699461415E-05
  4.556000000E-02  2.499995091E+02  2.493270088E-08  2.542179479E-08  2.399612665E-10  3.061277180E-09  9.853751103E-09 -7.048354957E-09  9.595703817E-05 -4.408306983E-08  5.020403581E-06 -7.946326381E-08 -6.062328228E-06  1.436838359E-08  1.069725162E-08  4.322597968E-09  2.958172166E-09  9.323490339E-05  6.380609914E-07 -3.335783233E-06  8.646403530E-07 -5.174137795E-08  1.699461415E-05
  4.590000000E-02  2.499995091E+02  2.493273619E-08  2.548834572E-08  2.399328185E-10  3.064759082E-09  9.853695986E-09 -7.052559492E-09  9.595703817E-05 -4.407958793E-08  5.020403581E-06 -7.946326391E-08 -6.062328228E-06  1.436839847E-08  1.076191460E-08  4.323040491E-09  2.955858640E-09  9.323490339E-05  6.380609914E-07 -3.335783233E-06  8.646403530E-07 -5.174137791E-08  1.699461415E-05
  4.624000000E-02  2.499995091E+02  2.493277159E-08  2.555489664E-08  2.399043752E-10  3.068240983E-09  9.853640870E-09 -7.056764027E-09  9.595703817E-05 -4.407610603E-08  5.020403581E-06 -7.946326401E-08 -6.062328228E-06  1.436841344E-08  1.082657758E-08  4.323483015E-09  2.953545113E-09  9.323490339E-05  6.380609914E-07 -3.335783233E-06  8.646403530E-07 -5.174137788E-08  1.699461415E-05
  4.658000000E-02  2.499995091E+02  2.493280708E-08  2.562144757E-08  2.398759368E-10  3.071722884E-09  9.853585753E-09 -7.060968562E-09  9.595703817E-05 -4.407262413E-08  5.020403581E-06 -7.946326411E-08 -6.062328228E-06  1.436842850E-08  1.089124056E-08  4.323925538E-09  2.951231587E-09  9.323490339E-05  6.380609915E-07 -3.335783233E-06  8.646403530E-07 -5.174137784E-08  1.699461415E-05
  4.692000000E-02  2.499995091E+02  2.493284267E-08  2.568799850E-08  2.398475033E-10  3.075204786E-09  9.853530636E-09 -7.065173097E-09  9.595703817E-05 -4.406914222E-08  5.020403581E-06 -7.946326421E-08 -6.062328228E-06  1.436844366E-08  1.095590354E-08  4.324368061E-09  2.948918060E-09  9.323490339E-05  6.380609915E-07 -3.335783233E-06  8.646403530E-07 -5.174137780E-08  1.699461415E-05
  4.726000000E-02  2.499995091E+02  2.493287834E-08  2.575454943E-08  2.398190745E-10  3.078686687E-09  9.853475519E-09 -7.069377633E-09  9.595703817E-05 -4.406566032E-08  5.020403581E-06 -7.946326431E-08 -6.062328228E-06  1.436845890E-08  1.102056652E-08  4.324810584E-09  2.946604534E-09  9.323490339E-05  6.380609915E-07 -3.335783233E-06  8.646403530E-07 -5.174137776E-08  1.699461415E-05
  4.760000000E-02  2.499995091E+02  2.493291411E-08  2.582110036E-08  2.397906506E-10  3.082168589E-09  9.853420402E-09 -7.073582168E-09  9.595703817E-05 -4.406217842E-08  5.020403581E-06 -7.946326441E-08 -6.062328228E-06  1.436847423E-08  1.108522950E-08  4.325253107E-09  2.944291007E-09  9.323490339E-05  6.380609916E-07 -3.335783233E-06  8.646403529E-07 -5.174137772E-08  1.699461415E-05
  4.794000000E-02  2.499995091E+02  2.493294998E-08  2.588765128E-08  2.397622315E-10  3.085650490E-09  9.853365285E-09 -7.077786703E-09  9.595703817E-05 -4.405869652E-08  5.020403581E-06 -7.946326451E-08 -6.062328228E-06  1.436848965E-08  1.114989248E-08  4.325695630E-09  2.941977481E-09  9.323490339E-05  6.380609916E-07 -3.335783233E-06  8.646403529E-07 -5.174137768E-08  1.699461415E-05
  4.828000000E-02  2.499995091E+02  2.493298593E-08  2.595420221E-08  2.397338173E-10  3.089132391E-09  9.853310168E-09 -7.081991238E-09  9.595703817E-05 -4.405521462E-08  5.020403581E-06 -7.946326461E-08 -6.062328228E-06  1.436850516E-08  1.121455546E-08  4.326138153E-09  2.939663954E-09  9.323490339E-05  6.380609917E-07 -3.335783233E-06  8.646403529E-07 -5.174137765E-08  1.699461415E-05
  4.862000000E-02  2.499995091E+02  2.493302198E-08  2.602075314E-08  2.397054078E-10  3.092614293E-09  9.853255051E-09 -7.086195773E-09  9.595703817E-05 -4.405173272E-08  5.020403581E-06 -7.946326471E-08 -6.062328228E-06  1.436852077E-08  1.127921844E-08  4.326580676E-09  2.937350428E-09  9.323490339E-05  6.380609917E-07 -3.335783233E-06  8.646403529E-07 -5.174137761E-08  1.699461415E-05
  4.896000000E-02  2.499995091E+02  2.493305812E-08  2.608730407E-08  2.396770032E-10  3.096096194E-09  9.853199934E-09 -7.090400308E-09  9.595703817E-05 -4.404825081E-08  5.020403581E-06 -7.946326481E-08 -6.062328228E-06  1.436853646E-08  1.134388142E-08  4.327023199E-09  2.935036901E-09  9.323490339E-05  6.380609917E-07 -3.335783233E-06  8.646403529E-07 -5.174137757E-08  1.699461415E-05
  4.930000000E-02  2.499995091E+02  2.493309435E-08  2.615385500E-08  2.396486035E-10  3.099578095E-09  9.853144817E-09 -7.094604843E-09  9.595703817E-05 -4.404476891E-08  5.020403581E-06 -7.946326491E-08 -6.062328228E-06  1.436855224E-08  1.140854440E-08  4.327465722E-09  2.932723375E-09  9.323490339E-05  6.380609918E-07 -3.335783233E-06  8.646403529E-07 -5.174137753E-08  1.699461415E-05
  4.964000000E-02  2.499995091E+02  2.493313067E-08  2.622040593E-08  2.396202085E-10  3.103059997E-09  9.853089700E-09 -7.098809378E-09  9.595703817E-05 -4.404128701E-08  5.020403581E-06 -7.946326502E-08 -6.062328228E-06  1.436856811E-08  1.147320738E-08  4.327908245E-09  2.930409848E-09  9.323490339E-05  6.380609918E-07 -3.335783233E-06  8.646403529E-07 -5.174137749E-08  1.699461415E-05
  4.998000000E-02  2.499995091E+02  2.493316709E-08  2.628695685E-08  2.395918184E-10  3.106541898E-09  9.853034584E-09 -7.103013913E-09  9.595703817E-05 -4.403780511E-08  5.020403581E-06 -7.946326512E-08 -6.062328228E-06  1.436858407E-08  1.153787036E-08  4.328350768E-09  2.928096322E-09  9.323490339E-05  6.380609918E-07 -3.335783233E-06  8.646403529E-07 -5.174137745E-08  1.699461415E-05
  5.032000000E-02  2.499995091E+02  2.493320360E-08  2.635350778E-08  2.395634331E-10  3.110023800E-09  9.852979467E-09 -7.107218449E-09  9.595703817E-05 -4.403432321E-08  5.020403581E-06 -7.946326522E-08 -6.062328228E-06  1.436860012E-08  1.160253334E-08  4.328793291E-09  2.925782795E-09  9.323490339E-05  6.380609919E-07 -3.335783233E-06  8.646403529E-07 -5.174137741E-08  1.699461415E-05
  5.066000000E-02  2.499995091E+02  2.493324020E-08  2.642005871E-08  2.395350527E-10  3.113505701E-09  9.852924350E-09 -7.111422984E-09  9.595703817E-05 -4.403084131E-08  5.020403581E-06 -7.946326532E-08 -6.062328228E-06  1.436861625E-08  1.166719632E-08  4.329235814E-09  2.923469269E-09  9.323490339E-05  6.380609919E-07 -3.335783233E-06  8.646403529E-07 -5.174137738E-08  1.699461415E-05
  5.100000000E-02  2.499995091E+02  2.493327689E-08  2.648660964E-08  2.395066771E-10  3.116987602E-09  9.852869233E-09 -7.115627519E-09  9.595703817E-05 -4.402735941E-08  5.020403581E-06 -7.946326542E-08 -6.062328228E-06  1.436863248E-08  1.173185930E-08  4.329678337E-09  2.921155742E-09  9.323490339E-05  6.380609919E-07 -3.335783233E-06  8.646403529E-07 -5.174137734E-08  1.699461415E-05
  5.134000000E-02  2.499995091E+02  2.493331368E-08  2.655316057E-08  2.394783063E-10  3.120469504E-09  9.852814116E-09 -7.119832054E-09  9.595703817E-05 -4.402387750E-08  5.020403581E-06 -7.946326552E-08 -6.062328228E-06  1.436864880E-08  1.179652228E-08  4.330120860E-09  2.918842216E-09  9.323490339E-05  6.380609920E-07 -3.335783233E-06  8.646403529E-07 -5.174137730E-08  1.699461415E-05
  5.168000000E-02  2.499995091E+02  2.493335055E-08  2.661971149E-08  2.394499403E-10  3.123951405E-09  9.852758999E-09 -7.124036589E-09  9.595703817E-05 -4.402039560E-08  5.020403581E-06 -7.946326562E-08 -6.062328228E-06  1.436866521E-08  1.186118526E-08  4.330563383E-09  2.916528689E-09  9.323490339E-05  6.380609920E-07 -3.335783233E-06  8.646403529E-07 -5.174137726E-08  1.699461415E-05
  5.202000000E-02  2.499995091E+02  2.493338752E-08  2.668626242E-08  2.394215792E-10  3.127433307E-09  9.852703882E-09 -7.128241124E-09  9.595703817E-05 -4.401691370E-08  5.020403581E-06 -7.946326572E-08 -6.062328228E-06  1.436868171E-08  1.192584824E-08  4.331005906E-09  2.914215163E-09  9.323490339E-05  6.380609921E-07 -3.335783233E-06  8.646403529E-07 -5.174137722E-08  1.699461415E-05
  5.236000000E-02  2.499995091E+02  2.493342458E-08  2.675281335E-08  2.393932229E-10  3.130915208E-09  9.852648765E-09 -7.132445659E-09  9.595703817E-05 -4.401343180E-08  5.020403581E-06 -7.946326582E-08 -6.062328228E-06  1.436869830E-08  1.199051122E-08  4.331448429E-09  2.911901636E-09  9.323490339E-05  6.380609921E-07 -3.335783233E-06  8.646403529E-07 -5.174137718E-08  1.699461415E-05
  5.270000000E-02  2.499995091E+02  2.493346174E-08  2.681936428E-08  2.393648714E-10  3.134397109E-09  9.852593648E-09 -7.136650194E-09  9.595703817E-05 -4.400994990E-08  5.020403581E-06 -7.946326592E-08 -6.062328228E-06  1.436871497E-08  1.205517420E-08  4.331890952E-09  2.909588110E-09  9.323490339E-05  6.380609921E-07 -3.335783233E-06  8.646403529E-07 -5.174137715E-08  1.699461415E-05
  5.304000000E-02  2.499995091E+02  2.493349899E-08  2.688591521E-08  2.393365248E-10  3.137879011E-09  9.852538531E-09 -7.140854729E-09  9.595703817E-05 -4.400646800E-08  5.020403581E-06 -7.946326602E-08 -6.062328228E-06  1.436873174E-08  1.211983718E-08  4.332333475E-09  2.907274583E-09  9.323490339E-05  6.380609922E-07 -3.335783233E-06  8.646403529E-07 -5.174137711E-08  1.699461415E-05
  5.338000000E-02  2.499995091E+02  2.493353633E-08  2.695246614E-08  2.393081830E-10  3.141360912E-09  9.852483414E-09 -7.145059264E-09  9.595703817E-05 -4.400298609E-08  5.020403581E-06 -7.946326612E-08 -6.062328228E-06  1.436874860E-08  1.218450016E-08  4.332775998E-09  2.904961057E-09  9.323490339E-05  6.380609922E-07 -3.335783233E-06  8.646403529E-07 -5.174137707E-08  1.699461415E-05
  5.372000000E-02  2.499995091E+02  2.493357376E-08  2.701901706E-08  2.392798460E-10  3.144842814E-09  9.852428298E-09 -7.149263800E-09  9.595703817E-05 -4.399950419E-08  5.020403581E-06 -7.946326622E-08 -6.062328228E-06  1.436876554E-08  1.224916314E-08  4.333218521E-09  2.902647530E-09  9.323490339E-05  6.380609922E-07 -3.335783233E-06  8.646403529E-07 -5.174137703E-08  1.699461415E-05
  5.406000000E-02  2.499995091E+02  2.493361128E-08  2.708556799E-08  2.392515139E-10  3.148324715E-09  9.852373181E-09 -7.153468335E-09  9.595703817E-05 -4.399602229E-08  5.020403581E-06 -7.946326632E-08 -6.062328228E-06  1.436878258E-08  1.231382612E-08  4.333661044E-09  2.900334004E-09  9.323490339E-05  6.380609923E-07 -3.335783233E-06  8.646403529E-07 -5.174137699E-08  1.699461415E-05
  5.440000000E-02  2.499995091E+02  2.493364890E-08  2.715211892E-08  2.392231865E-10  3.151806616E-09  9.852318064E-09 -7.157672870E-09  9.595703817E-05 -4.399254039E-08  5.020403581E-06 -7.946326642E-08 -6.062328228E-06  1.436879971E-08  1.237848910E-08  4.334103567E-09  2.898020477E-09  9.323490339E-05  6.380609923E-07 -3.335783233E-06  8.646403529E-07 -5.174137695E-08  1.699461415E-05
  5.474000000E-02  2.499995091E+02  2.493368661E-08  2.721866985E-08  2.391948640E-10  3.155288518E-09  9.852262947E-09 -7.161877405E-09  9.595703817E-05 -4.398905849E-08  5.020403581E-06 -7.946326653E-08 -6.062328228E-06  1.436881692E-08  1.244315208E-08  4.334546090E-09  2.895706951E-09  9.323490339E-05  6.380609923E-07 -3.335783233E-06  8.646403529E-07 -5.174137692E-08  1.699461415E-05
  5.508000000E-02  2.499995091E+02  2.493372441E-08  2.728522078E-08  2.391665464E-10  3.158770419E-09  9.852207830E-09 -7.166081940E-09  9.595703817E-05 -4.398557659E-08  5.020403581E-06 -7.946326663E-08 -6.062328228E-06  1.436883423E-08  1.250781506E-08  4.334988613E-09  2.893393425E-09  9.323490339E-05  6.380609924E-07 -3.335783233E-06  8.646403528E-07 -5.174137688E-08  1.699461415E-05
  5.542000000E-02  2.499995091E+02  2.493376230E-08  2.735177170E-08  2.391382335E-10  3.162252320E-09  9.852152713E-09 -7.170286475E-09  9.595703817E-05 -4.398209469E-08  5.020403581E-06 -7.946326673E-08 -6.062328228E-06  1.436885162E-08  1.257247804E-08  4.335431136E-09  2.891079898E-09  9.323490339E-05  6.380609924E-07 -3.335783233E-06  8.646403528E-07 -5.174137684E-08  1.699461415E-05
  5.576000000E-02  2.499995091E+02  2.493380029E-08  2.741832263E-08  2.391099255E-10  3.165734222E-09  9.852097596E-09 -7.174491010E-09  9.595703817E-05 -4.397861278E-08  5.020403581E-06 -7.946326683E-08 -6.062328228E-06  1.436886911E-08  1.263714102E-08  4.335873659E-09  2.888766372E-09  9.323490339E-05  6.380609925E-07 -3.335783233E-06  8.646403528E-07 -5.174137680E-08  1.699461415E-05
  5.610000000E-02  2.499995091E+02  2.493383836E-08  2.748487356E-08  2.390816224E-10  3.169216123E-09  9.852042479E-09 -7.178695545E-09  9.595703817E-05 -4.397513088E-08  5.020403581E-06 -7.946326693E-08 -6.062328228E-06  1.436888668E-08  1.270180401E-08  4.336316182E-09  2.886452845E-09  9.323490339E-05  6.380609925E-07 -3.335783233E-06  8.646403528E-07 -5.174137676E-08  1.699461415E-05
  5.644000000E-02  2.499995091E+02  2.493387653E-08  2.755142449E-08  2.390533240E-10  3.172698025E-09  9.851987362E-09 -7.182900080E-09  9.595703817E-05 -4.397164898E-08  5.020403581E-06 -7.946326703E-08 -6.062328228E-06  1.436890434E-08  1.276646699E-08  4.336758705E-09  2.884139319E-09  9.323490339E-05  6.380609925E-07 -3.335783233E-06  8.646403528E-07 -5.174137672E-08  1.699461415E-05
  5.678000000E-02  2.499995091E+02  2.493391480E-08  2.761797542E-08  2.390250305E-10  3.176179926E-09  9.851932245E-09 -7.187104616E-09  9.595703817E-05 -4.396816708E-08  5.020403581E-06 -7.946326713E-08 -6.062328228E-06  1.436892210E-08  1.283112997E-08  4.337201228E-09  2.881825792E-09  9.323490339E-05  6.380609926E-07 -3.335783233E-06  8.646403528E-07 -5.174137669E-08  1.699461415E-05
  5.712000000E-02  2.499995091E+02  2.493395315E-08  2.768452635E-08  2.389967418E-10  3.179661827E-09  9.851877128E-09 -7.191309151E-09  9.595703817E-05 -4.396468518E-08  5.020403581E-06 -7.946326723E-08 -6.062328228E-06  1.436893994E-08  1.289579295E-08  4.337643751E-09  2.879512266E-09  9.323490339E-05  6.380609926E-07 -3.335783233E-06  8.646403528E-07 -5.174137665E-08  1.699461415E-05
  5.746000000E-02  2.499995091E+02  2.493399160E-08  2.775107727E-08  2.389684580E-10  3.183143729E-09  9.851822012E-09 -7.195513686E-09  9.595703817E-05 -4.396120328E-08  5.020403581E-06 -7.946326733E-08 -6.062328228E-06  1.436895787E-08  1.296045593E-08  4.338086274E-09  2.877198739E-09  9.323490339E-05  6.380609926E-07 -3.335783233E-06  8.646403528E-07 -5.174137661E-08  1.699461415E-05
  5.780000000E-02  2.499995091E+02  2.493403014E-08  2.781762820E-08  2.389401790E-10  3.186625630E-09  9.851766895E-09 -7.199718221E-09  9.595703817E-05 -4.395772137E-08  5.020403581E-06 -7.946326743E-08 -6.062328228E-06  1.436897590E-08  1.302511891E-08  4.338528797E-09  2.874885213E-09  9.323490339E-05  6.380609927E-07 -3.335783233E-06  8.646403528E-07 -5.174137657E-08  1.699461415E-05
  5.814000000E-02  2.499995091E+02  2.493406877E-08  2.788417913E-08  2.389119048E-10  3.190107532E-09  9.851711778E-09 -7.203922756E-09  9.595703817E-05 -4.395423947E-08  5.020403581E-06 -7.946326753E-08 -6.062328228E-06  1.436899401E-08  1.308978189E-08  4.338971320E-09  2.872571686E-09  9.323490339E-05  6.380609927E-07 -3.335783233E-06  8.646403528E-07 -5.174137653E-08  1.699461415E-05
  5.848000000E-02  2.499995091E+02  2.493410749E-08  2.795073006E-08  2.388836354E-10  3.193589433E-09  9.851656661E-09 -7.208127291E-09  9.595703817E-05 -4.395075757E-08  5.020403581E-06 -7.946326763E-08 -6.062328228E-06  1.436901221E-08  1.315444487E-08  4.339413844E-09  2.870258160E-09  9.323490339E-05  6.380609927E-07 -3.335783233E-06  8.646403528E-07 -5.174137649E-08  1.699461415E-05
  5.882000000E-02  2.499995091E+02  2.493414631E-08  2.801728099E-08  2.388553709E-10  3.197071334E-09  9.851601544E-09 -7.212331826E-09  9.595703817E-05 -4.394727567E-08  5.020403581E-06 -7.946326773E-08 -6.062328228E-06  1.436903050E-08  1.321910785E-08  4.339856367E-09  2.867944633E-09  9.323490339E-05  6.380609928E-07 -3.335783233E-06  8.646403528E-07 -5.174137646E-08  1.699461415E-05
  5.916000000E-02  2.499995091E+02  2.493418522E-08  2.808383191E-08  2.388271112E-10  3.200553236E-09  9.851546427E-09 -7.216536361E-09  9.595703817E-05 -4.394379377E-08  5.020403581E-06 -7.946326783E-08 -6.062328228E-06  1.436904889E-08  1.328377083E-08  4.340298890E-09  2.865631107E-09  9.323490339E-05  6.380609928E-07 -3.335783233E-06  8.646403528E-07 -5.174137642E-08  1.699461415E-05
  5.950000000E-02  2.499995091E+02  2.493422422E-08  2.815038284E-08  2.387988563E-10  3.204035137E-09  9.851491310E-09 -7.220740896E-09  9.595703817E-05 -4.394031187E-08  5.020403581E-06 -7.946326794E-08 -6.062328228E-06  1.436906736E-08  1.334843381E-08  4.340741413E-09  2.863317580E-09  9.323490339E-05  6.380609929E-07 -3.335783233E-06  8.646403528E-07 -5.174137638E-08  1.699461415E-05
  5.984000000E-02  2.499995091E+02  2.493426331E-08  2.821693377E-08  2.387706062E-10  3.207517039E-09  9.851436193E-09 -7.224945431E-09  9.595703817E-05 -4.393682997E-08  5.020403581E-06 -7.946326804E-08 -6.062328228E-06  1.436908592E-08  1.341309679E-08  4.341183936E-09  2.861004054E-09  9.323490339E-05  6.380609929E-07 -3.335783233E-06  8.646403528E-07 -5.174137634E-08  1.699461415E-05
  6.018000000E-02  2.499995091E+02  2.493430250E-08  2.828348470E-08  2.387423610E-10  3.210998940E-09  9.851381076E-09 -7.229149967E-09  9.595703817E-05 -4.393334806E-08  5.020403581E-06 -7.946326814E-08 -6.062328228E-06  1.436910457E-08  1.347775977E-08  4.341626459E-09  2.858690527E-09  9.323490339E-05  6.380609929E-07 -3.335783233E-06  8.646403528E-07 -5.174137630E-08  1.699461415E-05
  6.052000000E-02  2.499995091E+02  2.493434177E-08  2.835003563E-08  2.387141206E-10  3.214480841E-09  9.851325959E-09 -7.233354502E-09  9.595703817E-05 -4.392986616E-08  5.020403581E-06 -7.946326824E-08 -6.062328228E-06  1.436912331E-08  1.354242275E-08  4.342068982E-09  2.856377001E-09  9.323490339E-05  6.380609930E-07 -3.335783233E-06  8.646403528E-07 -5.174137626E-08  1.699461415E-05
  6.086000000E-02  2.499995091E+02  2.493438114E-08  2.841658656E-08  2.386858851E-10  3.217962743E-09  9.851270842E-09 -7.237559037E-09  9.595703817E-05 -4.392638426E-08  5.020403581E-06 -7.946326834E-08 -6.062328228E-06  1.436914214E-08  1.360708573E-08  4.342511505E-09  2.854063474E-09  9.323490339E-05  6.380609930E-07 -3.335783233E-06  8.646403528E-07 -5.174137622E-08  1.699461415E-05
  6.120000000E-02  2.499995091E+02  2.493442061E-08  2.848313748E-08  2.386576544E-10  3.221444644E-09  9.851215725E-09 -7.241763572E-09  9.595703817E-05 -4.392290236E-08  5.020403581E-06 -7.946326844E-08 -6.062328228E-06  1.436916106E-08  1.367174871E-08  4.342954028E-09  2.851749948E-09  9.323490339E-05  6.380609930E-07 -3.335783233E-06  8.646403528E-07 -5.174137619E-08  1.699461415E-05
  6.154000000E-02  2.499995091E+02  2.493446016E-08  2.854968841E-08  2.386294285E-10  3.224926546E-09  9.851160609E-09 -7.245968107E-09  9.595703817E-05 -4.391942046E-08  5.020403581E-06 -7.946326854E-08 -6.062328228E-06  1.436918007E-08  1.373641169E-08  4.343396551E-09  2.849436421E-09  9.323490339E-05  6.380609931E-07 -3.335783233E-06  8.646403528E-07 -5.174137615E-08  1.699461415E-05
  6.188000000E-02  2.499995091E+02  2.493449981E-08  2.861623934E-08  2.386012074E-10  3.228408447E-09  9.851105492E-09 -7.250172642E-09  9.595703817E-05 -4.391593856E-08  5.020403581E-06 -7.946326864E-08 -6.062328228E-06  1.436919917E-08  1.380107467E-08  4.343839074E-09  2.847122895E-09  9.323490339E-05  6.380609931E-07 -3.335783233E-06  8.646403528E-07 -5.174137611E-08  1.699461415E-05
  6.222000000E-02  2.499995091E+02  2.493453955E-08  2.868279027E-08  2.385729912E-10  3.231890348E-09  9.851050375E-09 -7.254377177E-09  9.595703817E-05 -4.391245665E-08  5.020403581E-06 -7.946326874E-08 -6.062328228E-06  1.436921836E-08  1.386573765E-08  4.344281597E-09  2.844809368E-09  9.323490339E-05  6.380609931E-07 -3.335783233E-06  8.646403528E-07 -5.174137607E-08  1.699461415E-05
  6.256000000E-02  2.499995091E+02  2.493457938E-08  2.874934120E-08  2.385447798E-10  3.235372250E-09  9.850995258E-09 -7.258581712E-09  9.595703817E-05 -4.390897475E-08  5.020403581E-06 -7.946326884E-08 -6.062328228E-06  1.436923763E-08  1.393040063E-08  4.344724120E-09  2.842495842E-09  9.323490339E-05  6.380609932E-07 -3.335783233E-06  8.646403528E-07 -5.174137603E-08  1.699461415E-05
  6.290000000E-02  2.499995091E+02  2.493461930E-08  2.881589212E-08  2.385165732E-10  3.238854151E-09  9.850940141E-09 -7.262786247E-09  9.595703817E-05 -4.390549285E-08  5.020403581E-06 -7.946326894E-08 -6.062328228E-06  1.436925700E-08  1.399506361E-08  4.345166643E-09  2.840182315E-09  9.323490339E-05  6.380609932E-07 -3.335783233E-06  8.646403527E-07 -5.174137599E-08  1.699461415E-05
  6.324000000E-02  2.499995091E+02  2.493465932E-08  2.888244305E-08  2.384883714E-10  3.242336052E-09  9.850885024E-09 -7.266990783E-09  9.595703817E-05 -4.390201095E-08  5.020403581E-06 -7.946326904E-08 -6.062328228E-06  1.436927646E-08  1.405972659E-08  4.345609166E-09  2.837868789E-09  9.323490339E-05  6.380609933E-07 -3.335783233E-06  8.646403527E-07 -5.174137596E-08  1.699461415E-05
  6.358000000E-02  2.499995091E+02  2.493469943E-08  2.894899398E-08  2.384601745E-10  3.245817954E-09  9.850829907E-09 -7.271195318E-09  9.595703817E-05 -4.389852905E-08  5.020403581E-06 -7.946326914E-08 -6.062328228E-06  1.436929601E-08  1.412438957E-08  4.346051689E-09  2.835555262E-09  9.323490339E-05  6.380609933E-07 -3.335783233E-06  8.646403527E-07 -5.174137592E-08  1.699461415E-05
  6.392000000E-02  2.499995091E+02  2.493473963E-08  2.901554491E-08  2.384319824E-10  3.249299855E-09  9.850774790E-09 -7.275399853E-09  9.595703817E-05 -4.389504715E-08  5.020403581E-06 -7.946326924E-08 -6.062328228E-06  1.436931564E-08  1.418905255E-08  4.346494212E-09  2.833241736E-09  9.323490339E-05  6.380609933E-07 -3.335783233E-06  8.646403527E-07 -5.174137588E-08  1.699461415E-05
  6.426000000E-02  2.499995091E+02  2.493477992E-08  2.908209584E-08  2.384037952E-10  3.252781757E-09  9.850719673E-09 -7.279604388E-09  9.595703817E-05 -4.389156525E-08  5.020403581E-06 -7.946326935E-08 -6.062328228E-06  1.436933537E-08  1.425371553E-08  4.346936735E-09  2.830928209E-09  9.323490339E-05  6.380609934E-07 -3.335783233E-06  8.646403527E-07 -5.174137584E-08  1.699461415E-05
  6.460000000E-02  2.499995091E+02  2.493482031E-08  2.914864677E-08  2.383756127E-10  3.256263658E-09  9.850664556E-09 -7.283808923E-09  9.595703817E-05 -4.388808334E-08  5.020403581E-06 -7.946326945E-08 -6.062328228E-06  1.436935519E-08  1.431837851E-08  4.347379258E-09  2.828614683E-09  9.323490339E-05  6.380609934E-07 -3.335783233E-06  8.646403527E-07 -5.174137580E-08  1.699461415E-05
  6.494000000E-02  2.499995091E+02  2.493486079E-08  2.921519769E-08  2.383474351E-10  3.259745559E-09  9.850609439E-09 -7.288013458E-09  9.595703817E-05 -4.388460144E-08  5.020403581E-06 -7.946326955E-08 -6.062328228E-06  1.436937509E-08  1.438304149E-08  4.347821781E-09  2.826301156E-09  9.323490339E-05  6.380609934E-07 -3.335783233E-06  8.646403527E-07 -5.174137576E-08  1.699461415E-05
  6.528000000E-02  2.499995091E+02  2.493490136E-08  2.928174862E-08  2.383192624E-10  3.263227461E-09  9.850554323E-09 -7.292217993E-09  9.595703817E-05 -4.388111954E-08  5.020403581E-06 -7.946326965E-08 -6.062328228E-06  1.436939509E-08  1.444770447E-08  4.348264304E-09  2.823987630E-09  9.323490339E-05  6.380609935E-07 -3.335783233E-06  8.646403527E-07 -5.174137573E-08  1.699461415E-05
  6.562000000E-02  2.499995091E+02  2.493494202E-08  2.934829955E-08  2.382910944E-10  3.266709362E-09  9.850499206E-09 -7.296422528E-09  9.595703817E-05 -4.387763764E-08  5.020403581E-06 -7.946326975E-08 -6.062328228E-06  1.436941518E-08  1.451236745E-08  4.348706827E-09  2.821674104E-09  9.323490339E-05  6.380609935E-07 -3.335783233E-06  8.646403527E-07 -5.174137569E-08  1.699461415E-05
  6.596000000E-02  2.499995091E+02  2.493498277E-08  2.941485048E-08  2.382629313E-10  3.270191264E-09  9.850444089E-09 -7.300627063E-09  9.595703817E-05 -4.387415574E-08  5.020403581E-06 -7.946326985E-08 -6.062328228E-06  1.436943535E-08  1.457703043E-08  4.349149350E-09  2.819360577E-09  9.323490339E-05  6.380609935E-07 -3.335783233E-06  8.646403527E-07 -5.174137565E-08  1.699461415E-05
  6.630000000E-02  2.499995091E+02  2.493502362E-08  2.948140141E-08  2.382347730E-10  3.273673165E-09  9.850388972E-09 -7.304831598E-09  9.595703817E-05 -4.387067384E-08  5.020403581E-06 -7.946326995E-08 -6.062328228E-06  1.436945562E-08  1.464169341E-08  4.349591873E-09  2.817047051E-09  9.323490339E-05  6.380609936E-07 -3.335783233E-06  8.646403527E-07 -5.174137561E-08  1.699461415E-05
  6.664000000E-02  2.499995091E+02  2.493506456E-08  2.954795233E-08  2.382066196E-10  3.277155066E-09  9.850333855E-09 -7.309036134E-09  9.595703817E-05 -4.386719193E-08  5.020403581E-06 -7.946327005E-08 -6.062328228E-06  1.436947597E-08  1.470635639E-08  4.350034396E-09  2.814733524E-09  9.323490339E-05  6.380609936E-07 -3.335783233E-06  8.646403527E-07 -5.174137557E-08  1.699461415E-05
  6.698000000E-02  2.499995091E+02  2.493510559E-08  2.961450326E-08  2.381784710E-10  3.280636968E-09  9.850278738E-09 -7.313240669E-09  9.595703817E-05 -4.386371003E-08  5.020403581E-06 -7.946327015E-08 -6.062328228E-06  1.436949642E-08  1.477101937E-08  4.350476919E-09  2.812419998E-09  9.323490339E-05  6.380609937E-07 -3.335783233E-06  8.646403527E-07 -5.174137553E-08  1.699461415E-05
  6.732000000E-02  2.499995091E+02  2.493514672E-08  2.968105419E-08  2.381503272E-10  3.284118869E-09  9.850223621E-09 -7.317445204E-09  9.595703817E-05 -4.386022813E-08  5.020403581E-06 -7.946327025E-08 -6.062328228E-06  1.436951695E-08  1.483568235E-08  4.350919442E-09  2.810106471E-09  9.323490339E-05  6.380609937E-07 -3.335783233E-06  8.646403527E-07 -5.174137550E-08  1.699461415E-05
  6.766000000E-02  2.499995091E+02  2.493518793E-08  2.974760512E-08  2.381221882E-10  3.287600771E-09  9.850168504E-09 -7.321649739E-09  9.595703817E-05 -4.385674623E-08  5.020403581E-06 -7.946327035E-08 -6.062328228E-06  1.436953757E-08  1.490034533E-08  4.351361965E-09  2.807792945E-09  9.323490339E-05  6.380609937E-07 -3.335783233E-06  8.646403527E-07 -5.174137546E-08  1.699461415E-05
  6.800000000E-02  2.499995091E+02  2.493522924E-08  2.981415605E-08  2.380940541E-10  3.291082672E-09  9.850113387E-09 -7.325854274E-09  9.595703817E-05 -4.385326433E-08  5.020403581E-06 -7.946327045E-08 -6.062328228E-06  1.436955829E-08  1.496500831E-08  4.351804488E-09  2.805479418E-09  9.323490339E-05  6.380609938E-07 -3.335783233E-06  8.646403527E-07 -5.174137542E-08  1.699461415E-05
  6.834000000E-02  2.499995091E+02  2.493527064E-08  2.988070698E-08  2.380659248E-10  3.294564573E-09  9.850058270E-09 -7.330058809E-09  9.595703817E-05 -4.384978243E-08  5.020403581E-06 -7.946327055E-08 -6.062328228E-06  1.436957909E-08  1.502967129E-08  4.352247011E-09  2.803165892E-09  9.323490339E-05  6.380609938E-07 -3.335783233E-06  8.646403527E-07 -5.174137538E-08  1.699461415E-05
  6.868000000E-02  2.499995091E+02  2.493531213E-08  2.994725790E-08  2.380378003E-10  3.298046475E-09  9.850003153E-09 -7.334263344E-09  9.595703817E-05 -4.384630053E-08  5.020403581E-06 -7.946327065E-08 -6.062328228E-06  1.436959998E-08  1.509433427E-08  4.352689534E-09  2.800852365E-09  9.323490339E-05  6.380609938E-07 -3.335783233E-06  8.646403527E-07 -5.174137534E-08  1.699461415E-05
  6.902000000E-02  2.499995091E+02  2.493535372E-08  3.001380883E-08  2.380096807E-10  3.301528376E-09  9.849948036E-09 -7.338467879E-09  9.595703817E-05 -4.384281862E-08  5.020403581E-06 -7.946327075E-08 -6.062328228E-06  1.436962097E-08  1.515899725E-08  4.353132057E-09  2.798538839E-09  9.323490339E-05  6.380609939E-07 -3.335783233E-06  8.646403527E-07 -5.174137530E-08  1.699461415E-05
  6.936000000E-02  2.499995091E+02  2.493539540E-08  3.008035976E-08  2.379815659E-10  3.305010277E-09  9.849892920E-09 -7.342672414E-09  9.595703817E-05 -4.383933672E-08  5.020403581E-06 -7.946327086E-08 -6.062328228E-06  1.436964204E-08  1.522366023E-08  4.353574580E-09  2.796225312E-09  9.323490339E-05  6.380609939E-07 -3.335783233E-06  8.646403527E-07 -5.174137527E-08  1.699461415E-05
  6.970000000E-02  2.499995091E+02  2.493543717E-08  3.014691069E-08  2.379534559E-10  3.308492179E-09  9.849837803E-09 -7.346876949E-09  9.595703817E-05 -4.383585482E-08  5.020403581E-06 -7.946327096E-08 -6.062328228E-06  1.436966320E-08  1.528832321E-08  4.354017103E-09  2.793911786E-09  9.323490339E-05  6.380609939E-07 -3.335783233E-06  8.646403527E-07 -5.174137523E-08  1.699461415E-05
  7.004000000E-02  2.499995091E+02  2.493547903E-08  3.021346162E-08  2.379253507E-10  3.311974080E-09  9.849782686E-09 -7.351081485E-09  9.595703817E-05 -4.383237292E-08  5.020403581E-06 -7.946327106E-08 -6.062328228E-06  1.436968445E-08  1.535298619E-08  4.354459627E-09  2.791598259E-09  9.323490339E-05  6.380609940E-07 -3.335783233E-06  8.646403527E-07 -5.174137519E-08  1.699461415E-05
  7.038000000E-02  2.499995091E+02  2.493552099E-08  3.028001254E-08  2.378972504E-10  3.315455982E-09  9.849727569E-09 -7.355286020E-09  9.595703817E-05 -4.382889102E-08  5.020403581E-06 -7.946327116E-08 -6.062328228E-06  1.436970579E-08  1.541764917E-08  4.354902150E-09  2.789284733E-09  9.323490339E-05  6.380609940E-07 -3.335783233E-06  8.646403526E-07 -5.174137515E-08  1.699461415E-05
  7.072000000E-02  2.499995091E+02  2.493556303E-08  3.034656347E-08  2.378691549E-10  3.318937883E-09  9.849672452E-09 -7.359490555E-09  9.595703817E-05 -4.382540912E-08  5.020403581E-06 -7.946327126E-08 -6.062328228E-06  1.436972723E-08  1.548231215E-08  4.355344673E-09  2.786971206E-09  9.323490339E-05  6.380609941E-07 -3.335783233E-06  8.646403526E-07 -5.174137511E-08  1.699461415E-05
  7.106000000E-02  2.499995091E+02  2.493560517E-08  3.041311440E-08  2.378410642E-10  3.322419784E-09  9.849617335E-09 -7.363695090E-09  9.595703817E-05 -4.382192721E-08  5.020403581E-06 -7.946327136E-08 -6.062328228E-06  1.436974875E-08  1.554697513E-08  4.355787196E-09  2.784657680E-09  9.323490339E-05  6.380609941E-07 -3.335783233E-06  8.646403526E-07 -5.174137507E-08  1.699461415E-05
  7.140000000E-02  2.499995091E+02  2.493564740E-08  3.047966533E-08  2.378129784E-10  3.325901686E-09  9.849562218E-09 -7.367899625E-09  9.595703817E-05 -4.381844531E-08  5.020403581E-06 -7.946327146E-08 -6.062328228E-06  1.436977036E-08  1.561163811E-08  4.356229719E-09  2.782344153E-09  9.323490339E-05  6.380609941E-07 -3.335783233E-06  8.646403526E-07 -5.174137503E-08  1.699461415E-05
  7.174000000E-02  2.499995091E+02  2.493568973E-08  3.054621626E-08  2.377848974E-10  3.329383587E-09  9.849507101E-09 -7.372104160E-09  9.595703817E-05 -4.381496341E-08  5.020403581E-06 -7.946327156E-08 -6.062328228E-06  1.436979206E-08  1.567630109E-08  4.356672242E-09  2.780030627E-09  9.323490339E-05  6.380609942E-07 -3.335783233E-06  8.646403526E-07 -5.174137500E-08  1.699461415E-05
  7.208000000E-02  2.499995091E+02  2.493573215E-08  3.061276719E-08  2.377568212E-10  3.332865489E-09  9.849451984E-09 -7.376308695E-09  9.595703817E-05 -4.381148151E-08  5.020403581E-06 -7.946327166E-08 -6.062328228E-06  1.436981385E-08  1.574096407E-08  4.357114765E-09  2.777717100E-09  9.323490339E-05  6.380609942E-07 -3.335783233E-06  8.646403526E-07 -5.174137496E-08  1.699461415E-05
  7.242000000E-02  2.499995091E+02  2.493577465E-08  3.067931811E-08  2.377287499E-10  3.336347390E-09  9.849396867E-09 -7.380513230E-09  9.595703817E-05 -4.380799961E-08  5.020403581E-06 -7.946327176E-08 -6.062328228E-06  1.436983573E-08  1.580562705E-08  4.357557288E-09  2.775403574E-09  9.323490339E-05  6.380609942E-07 -3.335783233E-06  8.646403526E-07 -5.174137492E-08  1.699461415E-05
  7.276000000E-02  2.499995091E+02  2.493581725E-08  3.074586904E-08  2.377006834E-10  3.339829291E-09  9.849341750E-09 -7.384717765E-09  9.595703817E-05 -4.380451771E-08  5.020403581E-06 -7.946327186E-08 -6.062328228E-06  1.436985770E-08  1.587029003E-08  4.357999811E-09  2.773090047E-09  9.323490339E-05  6.380609943E-07 -3.335783233E-06  8.646403526E-07 -5.174137488E-08  1.699461415E-05
  7.310000000E-02  2.499995091E+02  2.493585995E-08  3.081241997E-08  2.376726217E-10  3.343311193E-09  9.849286633E-09 -7.388922301E-09  9.595703817E-05 -4.380103581E-08  5.020403581E-06 -7.946327196E-08 -6.062328228E-06  1.436987975E-08  1.593495301E-08  4.358442334E-09  2.770776521E-09  9.323490339E-05  6.380609943E-07 -3.335783233E-06  8.646403526E-07 -5.174137484E-08  1.699461415E-05
  7.344000000E-02  2.499995091E+02  2.493590273E-08  3.087897090E-08  2.376445648E-10  3.346793094E-09  9.849231517E-09 -7.393126836E-09  9.595703817E-05 -4.379755390E-08  5.020403581E-06 -7.946327206E-08 -6.062328228E-06  1.436990190E-08  1.599961599E-08  4.358884857E-09  2.768462994E-09  9.323490339E-05  6.380609943E-07 -3.335783233E-06  8.646403526E-07 -5.174137480E-08  1.699461415E-05
  7.378000000E-02  2.499995091E+02  2.493594561E-08  3.094552183E-08  2.376165128E-10  3.350274996E-09  9.849176400E-09 -7.397331371E-09  9.595703817E-05 -4.379407200E-08  5.020403581E-06 -7.946327216E-08 -6.062328228E-06  1.436992414E-08  1.606427897E-08  4.359327380E-09  2.766149468E-09  9.323490339E-05  6.380609944E-07 -3.335783233E-06  8.646403526E-07 -5.174137477E-08  1.699461415E-05
  7.412000000E-02  2.499995091E+02  2.493598858E-08  3.101207275E-08  2.375884656E-10  3.353756897E-09  9.849121283E-09 -7.401535906E-09  9.595703817E-05 -4.379059010E-08  5.020403581E-06 -7.946327227E-08 -6.062328228E-06  1.436994647E-08  1.612894195E-08  4.359769903E-09  2.763835941E-09  9.323490339E-05  6.380609944E-07 -3.335783233E-06  8.646403526E-07 -5.174137473E-08  1.699461415E-05
  7.446000000E-02  2.499995091E+02  2.493603164E-08  3.107862368E-08  2.375604232E-10  3.357238798E-09  9.849066166E-09 -7.405740441E-09  9.595703817E-05 -4.378710820E-08  5.020403581E-06 -7.946327237E-08 -6.062328228E-06  1.436996889E-08  1.619360493E-08  4.360212426E-09  2.761522415E-09  9.323490339E-05  6.380609945E-07 -3.335783233E-06  8.646403526E-07 -5.174137469E-08  1.699461415E-05
  7.480000000E-02  2.499995091E+02  2.493607480E-08  3.114517461E-08  2.375323857E-10  3.360720700E-09  9.849011049E-09 -7.409944976E-09  9.595703817E-05 -4.378362630E-08  5.020403581E-06 -7.946327247E-08 -6.062328228E-06  1.436999139E-08  1.625826791E-08  4.360654949E-09  2.759208888E-09  9.323490339E-05  6.380609945E-07 -3.335783233E-06  8.646403526E-07 -5.174137465E-08  1.699461415E-05
  7.514000000E-02  2.499995091E+02  2.493611805E-08  3.121172554E-08  2.375043530E-10  3.364202601E-09  9.848955932E-09 -7.414149511E-09  9.595703817E-05 -4.378014440E-08  5.020403581E-06 -7.946327257E-08 -6.062328228E-06  1.437001399E-08  1.632293089E-08  4.361097472E-09  2.756895362E-09  9.323490339E-05  6.380609945E-07 -3.335783233E-06  8.646403526E-07 -5.174137461E-08  1.699461415E-05
  7.548000000E-02  2.499995091E+02  2.493616139E-08  3.127827647E-08  2.374763251E-10  3.367684503E-09  9.848900815E-09 -7.418354046E-09  9.595703817E-05 -4.377666249E-08  5.020403581E-06 -7.946327267E-08 -6.062328228E-06  1.437003668E-08  1.638759387E-08  4.361539995E-09  2.754581836E-09  9.323490339E-05  6.380609946E-07 -3.335783233E-06  8.646403526E-07 -5.174137457E-08  1.699461415E-05
  7.582000000E-02  2.499995091E+02  2.493620482E-08  3.134482740E-08  2.374483021E-10  3.371166404E-09  9.848845698E-09 -7.422558581E-09  9.595703817E-05 -4.377318059E-08  5.020403581E-06 -7.946327277E-08 -6.062328228E-06  1.437005946E-08  1.645225685E-08  4.361982518E-09  2.752268309E-09  9.323490339E-05  6.380609946E-07 -3.335783233E-06  8.646403526E-07 -5.174137454E-08  1.699461415E-05
  7.616000000E-02  2.499995091E+02  2.493624834E-08  3.141137832E-08  2.374202839E-10  3.374648305E-09  9.848790581E-09 -7.426763116E-09  9.595703817E-05 -4.376969869E-08  5.020403581E-06 -7.946327287E-08 -6.062328228E-06  1.437008232E-08  1.651691983E-08  4.362425041E-09  2.749954783E-09  9.323490339E-05  6.380609946E-07 -3.335783233E-06  8.646403526E-07 -5.174137450E-08  1.699461415E-05
  7.650000000E-02  2.499995091E+02  2.493629196E-08  3.147792925E-08  2.373922705E-10  3.378130207E-09  9.848735464E-09 -7.430967652E-09  9.595703817E-05 -4.376621679E-08  5.020403581E-06 -7.946327297E-08 -6.062328228E-06  1.437010528E-08  1.658158281E-08  4.362867564E-09  2.747641256E-09  9.323490339E-05  6.380609947E-07 -3.335783233E-06  8.646403526E-07 -5.174137446E-08  1.699461415E-05
  7.684000000E-02  2.499995091E+02  2.493633567E-08  3.154448018E-08  2.373642619E-10  3.381612108E-09  9.848680347E-09 -7.435172187E-09  9.595703817E-05 -4.376273489E-08  5.020403581E-06 -7.946327307E-08 -6.062328228E-06  1.437012832E-08  1.664624579E-08  4.363310087E-09  2.745327730E-09  9.323490339E-05  6.380609947E-07 -3.335783233E-06  8.646403526E-07 -5.174137442E-08  1.699461415E-05
  7.718000000E-02  2.499995091E+02  2.493637947E-08  3.161103111E-08  2.373362582E-10  3.385094009E-09  9.848625230E-09 -7.439376722E-09  9.595703817E-05 -4.375925299E-08  5.020403581E-06 -7.946327317E-08 -6.062328228E-06  1.437015146E-08  1.671090877E-08  4.363752610E-09  2.743014203E-09  9.323490339E-05  6.380609947E-07 -3.335783233E-06  8.646403526E-07 -5.174137438E-08  1.699461415E-05
  7.752000000E-02  2.499995091E+02  2.493642336E-08  3.167758204E-08  2.373082593E-10  3.388575911E-09  9.848570113E-09 -7.443581257E-09  9.595703817E-05 -4.375577109E-08  5.020403581E-06 -7.946327327E-08 -6.062328228E-06  1.437017468E-08  1.677557175E-08  4.364195133E-09  2.740700677E-09  9.323490339E-05  6.380609948E-07 -3.335783233E-06  8.646403526E-07 -5.174137434E-08  1.699461415E-05
  7.786000000E-02  2.499995091E+02  2.493646735E-08  3.174413296E-08  2.372802652E-10  3.392057812E-09  9.848514997E-09 -7.447785792E-09  9.595703817E-05 -4.375228918E-08  5.020403581E-06 -7.946327337E-08 -6.062328228E-06  1.437019800E-08  1.684023473E-08  4.364637656E-09  2.738387150E-09  9.323490339E-05  6.380609948E-07 -3.335783233E-06  8.646403525E-07 -5.174137431E-08  1.699461415E-05
  7.820000000E-02  2.499995091E+02  2.493651143E-08  3.181068389E-08  2.372522760E-10  3.395539714E-09  9.848459880E-09 -7.451990327E-09  9.595703817E-05 -4.374880728E-08  5.020403581E-06 -7.946327347E-08 -6.062328228E-06  1.437022140E-08  1.690489771E-08  4.365080179E-09  2.736073624E-09  9.323490339E-05  6.380609949E-07 -3.335783233E-06  8.646403525E-07 -5.174137427E-08  1.699461415E-05
  7.854000000E-02  2.499995091E+02  2.493655560E-08  3.187723482E-08  2.372242916E-10  3.399021615E-09  9.848404763E-09 -7.456194862E-09  9.595703817E-05 -4.374532538E-08  5.020403581E-06 -7.946327357E-08 -6.062328228E-06  1.437024490E-08  1.696956069E-08  4.365522702E-09  2.733760097E-09  9.323490339E-05  6.380609949E-07 -3.335783233E-06  8.646403525E-07 -5.174137423E-08  1.699461415E-05
  7.888000000E-02  2.499995091E+02  2.493659986E-08  3.194378575E-08  2.371963120E-10  3.402503516E-09  9.848349646E-09 -7.460399397E-09  9.595703817E-05 -4.374184348E-08  5.020403581E-06 -7.946327368E-08 -6.062328228E-06  1.437026848E-08  1.703422367E-08  4.365965225E-09  2.731446571E-09  9.323490339E-05  6.380609949E-07 -3.335783233E-06  8.646403525E-07 -5.174137419E-08  1.699461415E-05
  7.922000000E-02  2.499995091E+02  2.493664421E-08  3.201033668E-08  2.371683372E-10  3.405985418E-09  9.848294529E-09 -7.464603932E-09  9.595703817E-05 -4.373836158E-08  5.020403581E-06 -7.946327378E-08 -6.062328228E-06  1.437029215E-08  1.709888665E-08  4.366407748E-09  2.729133044E-09  9.323490339E-05  6.380609950E-07 -3.335783233E-06  8.646403525E-07 -5.174137415E-08  1.699461415E-05
  7.956000000E-02  2.499995091E+02  2.493668866E-08  3.207688761E-08  2.371403673E-10  3.409467319E-09  9.848239412E-09 -7.468808468E-09  9.595703817E-05 -4.373487968E-08  5.020403581E-06 -7.946327388E-08 -6.062328228E-06  1.437031592E-08  1.716354963E-08  4.366850271E-09  2.726819518E-09  9.323490339E-05  6.380609950E-07 -3.335783233E-06  8.646403525E-07 -5.174137411E-08  1.699461415E-05
  7.990000000E-02  2.499995091E+02  2.493673320E-08  3.214343853E-08  2.371124022E-10  3.412949221E-09  9.848184295E-09 -7.473013003E-09  9.595703817E-05 -4.373139777E-08  5.020403581E-06 -7.946327398E-08 -6.062328228E-06  1.437033977E-08  1.722821261E-08  4.367292794E-09  2.724505991E-09  9.323490339E-05  6.380609950E-07 -3.335783233E-06  8.646403525E-07 -5.174137408E-08  1.699461415E-05
  8.024000000E-02  2.499995091E+02  2.493677783E-08  3.220998946E-08  2.370844420E-10  3.416431122E-09  9.848129178E-09 -7.477217538E-09  9.595703817E-05 -4.372791587E-08  5.020403581E-06 -7.946327408E-08 -6.062328228E-06  1.437036371E-08  1.729287559E-08  4.367735317E-09  2.722192465E-09  9.323490339E-05  6.380609951E-07 -3.335783233E-06  8.646403525E-07 -5.174137404E-08  1.699461415E-05
  8.058000000E-02  2.499995091E+02  2.493682256E-08  3.227654039E-08  2.370564865E-10  3.419913023E-09  9.848074061E-09 -7.481422073E-09  9.595703817E-05 -4.372443397E-08  5.020403581E-06 -7.946327418E-08 -6.062328228E-06  1.437038774E-08  1.735753857E-08  4.368177840E-09  2.719878938E-09  9.323490339E-05  6.380609951E-07 -3.335783233E-06  8.646403525E-07 -5.174137400E-08  1.699461415E-05
  8.092000000E-02  2.499995091E+02  2.493686737E-08  3.234309132E-08  2.370285359E-10  3.423394925E-09  9.848018944E-09 -7.485626608E-09  9.595703817E-05 -4.372095207E-08  5.020403581E-06 -7.946327428E-08 -6.062328228E-06  1.437041187E-08  1.742220155E-08  4.368620364E-09  2.717565412E-09  9.323490339E-05  6.380609951E-07 -3.335783233E-06  8.646403525E-07 -5.174137396E-08  1.699461415E-05
  8.126000000E-02  2.499995091E+02  2.493691228E-08  3.240964225E-08  2.370005902E-10  3.426876826E-09  9.847963827E-09 -7.489831143E-09  9.595703817E-05 -4.371747017E-08  5.020403581E-06 -7.946327438E-08 -6.062328228E-06  1.437043608E-08  1.748686453E-08  4.369062887E-09  2.715251885E-09  9.323490339E-05  6.380609952E-07 -3.335783233E-06  8.646403525E-07 -5.174137392E-08  1.699461415E-05
  8.160000000E-02  2.499995091E+02  2.493695728E-08  3.247619317E-08  2.369726492E-10  3.430358728E-09  9.847908710E-09 -7.494035678E-09  9.595703817E-05 -4.371398827E-08  5.020403581E-06 -7.946327448E-08 -6.062328228E-06  1.437046038E-08  1.755152751E-08  4.369505410E-09  2.712938359E-09  9.323490339E-05  6.380609952E-07 -3.335783233E-06  8.646403525E-07 -5.174137388E-08  1.699461415E-05
  8.194000000E-02  2.499995091E+02  2.493700238E-08  3.254274410E-08  2.369447131E-10  3.433840629E-09  9.847853594E-09 -7.498240213E-09  9.595703817E-05 -4.371050637E-08  5.020403581E-06 -7.946327458E-08 -6.062328228E-06  1.437048477E-08  1.761619049E-08  4.369947933E-09  2.710624832E-09  9.323490339E-05  6.380609953E-07 -3.335783233E-06  8.646403525E-07 -5.174137384E-08  1.699461415E-05
  8.228000000E-02  2.499995091E+02  2.493704756E-08  3.260929503E-08  2.369167818E-10  3.437322530E-09  9.847798477E-09 -7.502444748E-09  9.595703817E-05 -4.370702446E-08  5.020403581E-06 -7.946327468E-08 -6.062328228E-06  1.437050925E-08  1.768085347E-08  4.370390456E-09  2.708311306E-09  9.323490339E-05  6.380609953E-07 -3.335783233E-06  8.646403525E-07 -5.174137381E-08  1.699461415E-05
  8.262000000E-02  2.499995091E+02  2.493709284E-08  3.267584596E-08  2.368888554E-10  3.440804432E-09  9.847743360E-09 -7.506649283E-09  9.595703817E-05 -4.370354256E-08  5.020403581E-06 -7.946327478E-08 -6.062328228E-06  1.437053382E-08  1.774551645E-08  4.370832979E-09  2.705997779E-09  9.323490339E-05  6.380609953E-07 -3.335783233E-06  8.646403525E-07 -5.174137377E-08  1.699461415E-05
  8.296000000E-02  2.499995091E+02  2.493713821E-08  3.274239689E-08  2.368609338E-10  3.444286333E-09  9.847688243E-09 -7.510853819E-09  9.595703817E-05 -4.370006066E-08  5.020403581E-06 -7.946327488E-08 -6.062328228E-06  1.437055848E-08  1.781017943E-08  4.371275502E-09  2.703684253E-09  9.323490339E-05  6.380609954E-07 -3.335783233E-06  8.646403525E-07 -5.174137373E-08  1.699461415E-05
  8.330000000E-02  2.499995091E+02  2.493718367E-08  3.280894782E-08  2.368330170E-10  3.447768234E-09  9.847633126E-09 -7.515058354E-09  9.595703817E-05 -4.369657876E-08  5.020403581E-06 -7.946327498E-08 -6.062328228E-06  1.437058323E-08  1.787484241E-08  4.371718025E-09  2.701370726E-09  9.323490339E-05  6.380609954E-07 -3.335783233E-06  8.646403525E-07 -5.174137369E-08  1.699461415E-05
  8.364000000E-02  2.499995091E+02  2.493722923E-08  3.287549874E-08  2.368051050E-10  3.451250136E-09  9.847578009E-09 -7.519262889E-09  9.595703817E-05 -4.369309686E-08  5.020403581E-06 -7.946327508E-08 -6.062328228E-06  1.437060807E-08  1.793950539E-08  4.372160548E-09  2.699057200E-09  9.323490339E-05  6.380609954E-07 -3.335783233E-06  8.646403525E-07 -5.174137365E-08  1.699461415E-05
  8.398000000E-02  2.499995091E+02  2.493727488E-08  3.294204967E-08  2.367771979E-10  3.454732037E-09  9.847522892E-09 -7.523467424E-09  9.595703817E-05 -4.368961496E-08  5.020403581E-06 -7.946327519E-08 -6.062328228E-06  1.437063300E-08  1.800416837E-08  4.372603071E-09  2.696743673E-09  9.323490339E-05  6.380609955E-07 -3.335783233E-06  8.646403525E-07 -5.174137361E-08  1.699461415E-05
  8.432000000E-02  2.499995091E+02  2.493732062E-08  3.300860060E-08  2.367492956E-10  3.458213939E-09  9.847467775E-09 -7.527671959E-09  9.595703817E-05 -4.368613305E-08  5.020403581E-06 -7.946327529E-08 -6.062328228E-06  1.437065802E-08  1.806883135E-08  4.373045594E-09  2.694430147E-09  9.323490339E-05  6.380609955E-07 -3.335783233E-06  8.646403525E-07 -5.174137358E-08  1.699461415E-05
  8.466000000E-02  2.499995091E+02  2.493736645E-08  3.307515153E-08  2.367213981E-10  3.461695840E-09  9.847412658E-09 -7.531876494E-09  9.595703817E-05 -4.368265115E-08  5.020403581E-06 -7.946327539E-08 -6.062328228E-06  1.437068313E-08  1.813349433E-08  4.373488117E-09  2.692116620E-09  9.323490339E-05  6.380609955E-07 -3.335783233E-06  8.646403525E-07 -5.174137354E-08  1.699461415E-05
  8.500000000E-02  2.499995091E+02  2.493741237E-08  3.314170246E-08  2.366935055E-10  3.465177741E-09  9.847357541E-09 -7.536081029E-09  9.595703817E-05 -4.367916925E-08  5.020403581E-06 -7.946327549E-08 -6.062328228E-06  1.437070833E-08  1.819815731E-08  4.373930640E-09  2.689803094E-09  9.323490339E-05  6.380609956E-07 -3.335783233E-06  8.646403525E-07 -5.174137350E-08  1.699461415E-05
  8.534000000E-02  2.499995091E+02  2.493745839E-08  3.320825338E-08  2.366656176E-10  3.468659643E-09  9.847302424E-09 -7.540285564E-09  9.595703817E-05 -4.367568735E-08  5.020403581E-06 -7.946327559E-08 -6.062328228E-06  1.437073361E-08  1.826282029E-08  4.374373163E-09  2.687489568E-09  9.323490339E-05  6.380609956E-07 -3.335783233E-06  8.646403524E-07 -5.174137346E-08  1.699461415E-05
  8.568000000E-02  2.499995091E+02  2.493750450E-08  3.327480431E-08  2.366377347E-10  3.472141544E-09  9.847247307E-09 -7.544490099E-09  9.595703817E-05 -4.367220545E-08  5.020403581E-06 -7.946327569E-08 -6.062328228E-06  1.437075899E-08  1.832748327E-08  4.374815686E-09  2.685176041E-09  9.323490339E-05  6.380609957E-07 -3.335783233E-06  8.646403524E-07 -5.174137342E-08  1.699461415E-05
  8.602000000E-02  2.499995091E+02  2.493755070E-08  3.334135524E-08  2.366098565E-10  3.475623446E-09  9.847192190E-09 -7.548694635E-09  9.595703817E-05 -4.366872355E-08  5.020403581E-06 -7.946327579E-08 -6.062328228E-06  1.437078446E-08  1.839214625E-08  4.375258209E-09  2.682862515E-09  9.323490339E-05  6.380609957E-07 -3.335783233E-06  8.646403524E-07 -5.174137338E-08  1.699461415E-05
  8.636000000E-02  2.499995091E+02  2.493759699E-08  3.340790617E-08  2.365819832E-10  3.479105347E-09  9.847137074E-09 -7.552899170E-09  9.595703817E-05 -4.366524165E-08  5.020403581E-06 -7.946327589E-08 -6.062328228E-06  1.437081002E-08  1.845680923E-08  4.375700732E-09  2.680548988E-09  9.323490339E-05  6.380609957E-07 -3.335783233E-06  8.646403524E-07 -5.174137335E-08  1.699461415E-05
  8.670000000E-02  2.499995091E+02  2.493764338E-08  3.347445710E-08  2.365541147E-10  3.482587248E-09  9.847081957E-09 -7.557103705E-09  9.595703817E-05 -4.366175974E-08  5.020403581E-06 -7.946327599E-08 -6.062328228E-06  1.437083566E-08  1.852147221E-08  4.376143255E-09  2.678235462E-09  9.323490339E-05  6.380609958E-07 -3.335783233E-06  8.646403524E-07 -5.174137331E-08  1.699461415E-05
  8.704000000E-02  2.499995091E+02  2.493768986E-08  3.354100802E-08  2.365262510E-10  3.486069150E-09  9.847026840E-09 -7.561308240E-09  9.595703817E-05 -4.365827784E-08  5.020403581E-06 -7.946327609E-08 -6.062328228E-06  1.437086140E-08  1.858613519E-08  4.376585778E-09  2.675921935E-09  9.323490339E-05  6.380609958E-07 -3.335783233E-06  8.646403524E-07 -5.174137327E-08  1.699461415E-05
  8.738000000E-02  2.499995091E+02  2.493773643E-08  3.360755895E-08  2.364983922E-10  3.489551051E-09  9.846971723E-09 -7.565512775E-09  9.595703817E-05 -4.365479594E-08  5.020403581E-06 -7.946327619E-08 -6.062328228E-06  1.437088723E-08  1.865079817E-08  4.377028301E-09  2.673608409E-09  9.323490339E-05  6.380609958E-07 -3.335783233E-06  8.646403524E-07 -5.174137323E-08  1.699461415E-05
  8.772000000E-02  2.499995091E+02  2.493778309E-08  3.367410988E-08  2.364705382E-10  3.493032953E-09  9.846916606E-09 -7.569717310E-09  9.595703817E-05 -4.365131404E-08  5.020403581E-06 -7.946327629E-08 -6.062328228E-06  1.437091314E-08  1.871546115E-08  4.377470824E-09  2.671294882E-09  9.323490339E-05  6.380609959E-07 -3.335783233E-06  8.646403524E-07 -5.174137319E-08  1.699461415E-05
  8.806000000E-02  2.499995091E+02  2.493782985E-08  3.374066081E-08  2.364426890E-10  3.496514854E-09  9.846861489E-09 -7.573921845E-09  9.595703817E-05 -4.364783214E-08  5.020403581E-06 -7.946327639E-08 -6.062328228E-06  1.437093915E-08  1.878012413E-08  4.377913347E-09  2.668981356E-09  9.323490339E-05  6.380609959E-07 -3.335783233E-06  8.646403524E-07 -5.174137315E-08  1.699461415E-05
  8.840000000E-02  2.499995091E+02  2.493787669E-08  3.380721174E-08  2.364148447E-10  3.499996755E-09  9.846806372E-09 -7.578126380E-09  9.595703817E-05 -4.364435024E-08  5.020403581E-06 -7.946327649E-08 -6.062328228E-06  1.437096524E-08  1.884478711E-08  4.378355870E-09  2.666667829E-09  9.323490339E-05  6.380609959E-07 -3.335783233E-06  8.646403524E-07 -5.174137312E-08  1.699461415E-05
  8.874000000E-02  2.499995091E+02  2.493792363E-08  3.387376267E-08  2.363870051E-10  3.503478657E-09  9.846751255E-09 -7.582330915E-09  9.595703817E-05 -4.364086833E-08  5.020403581E-06 -7.946327660E-08 -6.062328228E-06  1.437099143E-08  1.890945009E-08  4.378798393E-09  2.664354303E-09  9.323490339E-05  6.380609960E-07 -3.335783233E-06  8.646403524E-07 -5.174137308E-08  1.699461415E-05
  8.908000000E-02  2.499995091E+02  2.493797067E-08  3.394031359E-08  2.363591705E-10  3.506960558E-09  9.846696138E-09 -7.586535450E-09  9.595703817E-05 -4.363738643E-08  5.020403581E-06 -7.946327670E-08 -6.062328228E-06  1.437101770E-08  1.897411307E-08  4.379240916E-09  2.662040776E-09  9.323490339E-05  6.380609960E-07 -3.335783233E-06  8.646403524E-07 -5.174137304E-08  1.699461415E-05
  8.942000000E-02  2.499995091E+02  2.493801779E-08  3.400686452E-08  2.363313406E-10  3.510442460E-09  9.846641021E-09 -7.590739986E-09  9.595703817E-05 -4.363390453E-08  5.020403581E-06 -7.946327680E-08 -6.062328228E-06  1.437104407E-08  1.903877605E-08  4.379683439E-09  2.659727250E-09  9.323490339E-05  6.380609961E-07 -3.335783233E-06  8.646403524E-07 -5.174137300E-08  1.699461415E-05
  8.976000000E-02  2.499995091E+02  2.493806501E-08  3.407341545E-08  2.363035156E-10  3.513924361E-09  9.846585904E-09 -7.594944521E-09  9.595703817E-05 -4.363042263E-08  5.020403581E-06 -7.946327690E-08 -6.062328228E-06  1.437107052E-08  1.910343903E-08  4.380125962E-09  2.657413723E-09  9.323490339E-05  6.380609961E-07 -3.335783233E-06  8.646403524E-07 -5.174137296E-08  1.699461415E-05
  9.010000000E-02  2.499995091E+02  2.493811232E-08  3.413996638E-08  2.362756954E-10  3.517406262E-09  9.846530787E-09 -7.599149056E-09  9.595703817E-05 -4.362694073E-08  5.020403581E-06 -7.946327700E-08 -6.062328228E-06  1.437109706E-08  1.916810201E-08  4.380568485E-09  2.655100197E-09  9.323490339E-05  6.380609961E-07 -3.335783233E-06  8.646403524E-07 -5.174137292E-08  1.699461415E-05
  9.044000000E-02  2.499995091E+02  2.493815972E-08  3.420651731E-08  2.362478800E-10  3.520888164E-09  9.846475670E-09 -7.603353591E-09  9.595703817E-05 -4.362345883E-08  5.020403581E-06 -7.946327710E-08 -6.062328228E-06  1.437112370E-08  1.923276499E-08  4.381011008E-09  2.652786670E-09  9.323490339E-05  6.380609962E-07 -3.335783233E-06  8.646403524E-07 -5.174137289E-08  1.699461415E-05
  9.078000000E-02  2.499995091E+02  2.493820721E-08  3.427306823E-08  2.362200695E-10  3.524370065E-09  9.846420554E-09 -7.607558126E-09  9.595703817E-05 -4.361997693E-08  5.020403581E-06 -7.946327720E-08 -6.062328228E-06  1.437115042E-08  1.929742797E-08  4.381453531E-09  2.650473144E-09  9.323490339E-05  6.380609962E-07 -3.335783233E-06  8.646403524E-07 -5.174137285E-08  1.699461415E-05
  9.112000000E-02  2.499995091E+02  2.493825480E-08  3.433961916E-08  2.361922638E-10  3.527851966E-09  9.846365437E-09 -7.611762661E-09  9.595703817E-05 -4.361649502E-08  5.020403581E-06 -7.946327730E-08 -6.062328228E-06  1.437117723E-08  1.936209095E-08  4.381896054E-09  2.648159617E-09  9.323490339E-05  6.380609962E-07 -3.335783233E-06  8.646403524E-07 -5.174137281E-08  1.699461415E-05
  9.146000000E-02  2.499995091E+02  2.493830247E-08  3.440617009E-08  2.361644629E-10  3.531333868E-09  9.846310320E-09 -7.615967196E-09  9.595703817E-05 -4.361301312E-08  5.020403581E-06 -7.946327740E-08 -6.062328228E-06  1.437120414E-08  1.942675393E-08  4.382338578E-09  2.645846091E-09  9.323490339E-05  6.380609963E-07 -3.335783233E-06  8.646403524E-07 -5.174137277E-08  1.699461415E-05
  9.180000000E-02  2.499995091E+02  2.493835025E-08  3.447272102E-08  2.361366668E-10  3.534815769E-09  9.846255203E-09 -7.620171731E-09  9.595703817E-05 -4.360953122E-08  5.020403581E-06 -7.946327750E-08 -6.062328228E-06  1.437123113E-08  1.949141691E-08  4.382781101E-09  2.643532564E-09  9.323490339E-05  6.380609963E-07 -3.335783233E-06  8.646403524E-07 -5.174137273E-08  1.699461415E-05
  9.214000000E-02  2.499995091E+02  2.493839811E-08  3.453927195E-08  2.361088756E-10  3.538297671E-09  9.846200086E-09 -7.624376266E-09  9.595703817E-05 -4.360604932E-08  5.020403581E-06 -7.946327760E-08 -6.062328228E-06  1.437125821E-08  1.955607989E-08  4.383223624E-09  2.641219038E-09  9.323490339E-05  6.380609963E-07 -3.335783233E-06  8.646403524E-07 -5.174137269E-08  1.699461415E-05
  9.248000000E-02  2.499995091E+02  2.493844606E-08  3.460582288E-08  2.360810892E-10  3.541779572E-09  9.846144969E-09 -7.628580802E-09  9.595703817E-05 -4.360256742E-08  5.020403581E-06 -7.946327770E-08 -6.062328228E-06  1.437128538E-08  1.962074287E-08  4.383666147E-09  2.638905511E-09  9.323490339E-05  6.380609964E-07 -3.335783233E-06  8.646403524E-07 -5.174137266E-08  1.699461415E-05
  9.282000000E-02  2.499995091E+02  2.493849411E-08  3.467237380E-08  2.360533077E-10  3.545261473E-09  9.846089852E-09 -7.632785337E-09  9.595703817E-05 -4.359908552E-08  5.020403581E-06 -7.946327780E-08 -6.062328228E-06  1.437131264E-08  1.968540585E-08  4.384108670E-09  2.636591985E-09  9.323490339E-05  6.380609964E-07 -3.335783233E-06  8.646403524E-07 -5.174137262E-08  1.699461415E-05
  9.316000000E-02  2.499995091E+02  2.493854225E-08  3.473892473E-08  2.360255309E-10  3.548743375E-09  9.846034735E-09 -7.636989872E-09  9.595703817E-05 -4.359560361E-08  5.020403581E-06 -7.946327790E-08 -6.062328228E-06  1.437133999E-08  1.975006883E-08  4.384551193E-09  2.634278458E-09  9.323490339E-05  6.380609965E-07 -3.335783233E-06  8.646403523E-07 -5.174137258E-08  1.699461415E-05
  9.350000000E-02  2.499995091E+02  2.493859048E-08  3.480547566E-08  2.359977590E-10  3.552225276E-09  9.845979618E-09 -7.641194407E-09  9.595703817E-05 -4.359212171E-08  5.020403581E-06 -7.946327800E-08 -6.062328228E-06  1.437136743E-08  1.981473181E-08  4.384993716E-09  2.631964932E-09  9.323490339E-05  6.380609965E-07 -3.335783233E-06  8.646403523E-07 -5.174137254E-08  1.699461415E-05
  9.384000000E-02  2.499995091E+02  2.493863881E-08  3.487202659E-08  2.359699920E-10  3.555707178E-09  9.845924501E-09 -7.645398942E-09  9.595703817E-05 -4.358863981E-08  5.020403581E-06 -7.946327811E-08 -6.062328228E-06  1.437139496E-08  1.987939479E-08  4.385436239E-09  2.629651405E-09  9.323490339E-05  6.380609965E-07 -3.335783233E-06  8.646403523E-07 -5.174137250E-08  1.699461415E-05
  9.418000000E-02  2.499995091E+02  2.493868722E-08  3.493857752E-08  2.359422297E-10  3.559189079E-09  9.845869384E-09 -7.649603477E-09  9.595703817E-05 -4.358515791E-08  5.020403581E-06 -7.946327821E-08 -6.062328228E-06  1.437142258E-08  1.994405777E-08  4.385878762E-09  2.627337879E-09  9.323490339E-05  6.380609966E-07 -3.335783233E-06  8.646403523E-07 -5.174137246E-08  1.699461415E-05
  9.452000000E-02  2.499995091E+02  2.493873573E-08  3.500512844E-08  2.359144723E-10  3.562670980E-09  9.845814267E-09 -7.653808012E-09  9.595703817E-05 -4.358167601E-08  5.020403581E-06 -7.946327831E-08 -6.062328228E-06  1.437145029E-08  2.000872075E-08  4.386321285E-09  2.625024352E-09  9.323490339E-05  6.380609966E-07 -3.335783233E-06  8.646403523E-07 -5.174137242E-08  1.699461415E-05
  9.486000000E-02  2.499995091E+02  2.493878433E-08  3.507167937E-08  2.358867197E-10  3.566152882E-09  9.845759150E-09 -7.658012547E-09  9.595703817E-05 -4.357819411E-08  5.020403581E-06 -7.946327841E-08 -6.062328228E-06  1.437147809E-08  2.007338373E-08  4.386763808E-09  2.622710826E-09  9.323490339E-05  6.380609966E-07 -3.335783233E-06  8.646403523E-07 -5.174137239E-08  1.699461415E-05
  9.520000000E-02  2.499995091E+02  2.493883303E-08  3.513823030E-08  2.358589720E-10  3.569634783E-09  9.845704033E-09 -7.662217082E-09  9.595703817E-05 -4.357471221E-08  5.020403581E-06 -7.946327851E-08 -6.062328228E-06  1.437150598E-08  2.013804671E-08  4.387206331E-09  2.620397300E-09  9.323490339E-05  6.380609967E-07 -3.335783233E-06  8.646403523E-07 -5.174137235E-08  1.699461415E-05
  9.554000000E-02  2.499995091E+02  2.493888181E-08  3.520478123E-08  2.358312291E-10  3.573116685E-09  9.845648917E-09 -7.666421617E-09  9.595703817E-05 -4.357123030E-08  5.020403581E-06 -7.946327861E-08 -6.062328228E-06  1.437153396E-08  2.020270969E-08  4.387648854E-09  2.618083773E-09  9.323490339E-05  6.380609967E-07 -3.335783233E-06  8.646403523E-07 -5.174137231E-08  1.699461415E-05
  9.588000000E-02  2.499995091E+02  2.493893069E-08  3.527133216E-08  2.358034910E-10  3.576598586E-09  9.845593800E-09 -7.670626153E-09  9.595703817E-05 -4.356774840E-08  5.020403581E-06 -7.946327871E-08 -6.062328228E-06  1.437156203E-08  2.026737267E-08  4.388091377E-09  2.615770247E-09  9.323490339E-05  6.380609967E-07 -3.335783233E-06  8.646403523E-07 -5.174137227E-08  1.699461415E-05
  9.622000000E-02  2.499995091E+02  2.493897966E-08  3.533788309E-08  2.357757577E-10  3.580080487E-09  9.845538683E-09 -7.674830688E-09  9.595703817E-05 -4.356426650E-08  5.020403581E-06 -7.946327881E-08 -6.062328228E-06  1.437159019E-08  2.033203565E-08  4.388533900E-09  2.613456720E-09  9.323490339E-05  6.380609968E-07 -3.335783233E-06  8.646403523E-07 -5.174137223E-08  1.699461415E-05
  9.656000000E-02  2.499995091E+02  2.493902873E-08  3.540443401E-08  2.357480293E-10  3.583562389E-09  9.845483566E-09 -7.679035223E-09  9.595703817E-05 -4.356078460E-08  5.020403581E-06 -7.946327891E-08 -6.062328228E-06  1.437161844E-08  2.039669863E-08  4.388976423E-09  2.611143194E-09  9.323490339E-05  6.380609968E-07 -3.335783233E-06  8.646403523E-07 -5.174137219E-08  1.699461415E-05
  9.690000000E-02  2.499995091E+02  2.493907788E-08  3.547098494E-08  2.357203057E-10  3.587044290E-09  9.845428449E-09 -7.683239758E-09  9.595703817E-05 -4.355730270E-08  5.020403581E-06 -7.946327901E-08 -6.062328228E-06  1.437164677E-08  2.046136161E-08  4.389418946E-09  2.608829667E-09  9.323490339E-05  6.380609968E-07 -3.335783233E-06  8.646403523E-07 -5.174137216E-08  1.699461415E-05
  9.724000000E-02  2.499995091E+02  2.493912713E-08  3.553753587E-08  2.356925869E-10  3.590526191E-09  9.845373332E-09 -7.687444293E-09  9.595703817E-05 -4.355382080E-08  5.020403581E-06 -7.946327911E-08 -6.062328228E-06  1.437167520E-08  2.052602459E-08  4.389861469E-09  2.606516141E-09  9.323490339E-05  6.380609969E-07 -3.335783233E-06  8.646403523E-07 -5.174137212E-08  1.699461415E-05
  9.758000000E-02  2.499995091E+02  2.493917647E-08  3.560408680E-08  2.356648730E-10  3.594008093E-09  9.845318215E-09 -7.691648828E-09  9.595703817E-05 -4.355033889E-08  5.020403581E-06 -7.946327921E-08 -6.062328228E-06  1.437170372E-08  2.059068757E-08  4.390303992E-09  2.604202614E-09  9.323490339E-05  6.380609969E-07 -3.335783233E-06  8.646403523E-07 -5.174137208E-08  1.699461415E-05
  9.792000000E-02  2.499995091E+02  2.493922590E-08  3.567063773E-08  2.356371638E-10  3.597489994E-09  9.845263098E-09 -7.695853363E-09  9.595703817E-05 -4.354685699E-08  5.020403581E-06 -7.946327931E-08 -6.062328228E-06  1.437173232E-08  2.065535055E-08  4.390746515E-09  2.601889088E-09  9.323490339E-05  6.380609970E-07 -3.335783233E-06  8.646403523E-07 -5.174137204E-08  1.699461415E-05
  9.826000000E-02  2.499995091E+02  2.493927543E-08  3.573718865E-08  2.356094596E-10  3.600971896E-09  9.845207981E-09 -7.700057898E-09  9.595703817E-05 -4.354337509E-08  5.020403581E-06 -7.946327941E-08 -6.062328228E-06  1.437176102E-08  2.072001353E-08  4.391189038E-09  2.599575561E-09  9.323490339E-05  6.380609970E-07 -3.335783233E-06  8.646403523E-07 -5.174137200E-08  1.699461415E-05
  9.859711548E-02  2.499995091E+02  2.498930365E-08  3.587549688E-08  2.359942872E-10  3.611681159E-09  9.864839545E-09 -7.719702369E-09  9.614924730E-05 -4.278310355E-08  5.030407737E-06 -7.901217746E-08 -6.074469650E-06  6.444609522E-09  2.136147148E-08 -1.352716304E-09  2.531468203E-09  9.342171089E-05  6.397266498E-07 -3.342463394E-06  8.622128675E-07 -5.189640289E-08  1.702867086E-05
  9.894000000E-02  2.499995091E+02  2.498935388E-08  3.594274686E-08  2.359668921E-10  3.615199598E-09  9.864784276E-09 -7.723951067E-09  9.614924730E-05 -4.277958511E-08  5.030407737E-06 -7.901217756E-08 -6.074469650E-06  6.444639450E-09  2.142681371E-08 -1.352268862E-09  2.529130377E-09  9.342171089E-05  6.397266498E-07 -3.342463394E-06  8.622128675E-07 -5.189640285E-08  1.702867086E-05
  9.928000000E-02  2.499995091E+02  1.530106265E-08  3.701874651E-08  2.608041770E-10  4.219821706E-09  5.713554698E-09 -7.822493241E-09  9.634222800E-05 -4.286431847E-08  5.040451842E-06 -7.876967811E-08 -6.086659803E-06  6.457549397E-09  2.153363605E-08 -1.344090694E-09  2.532070539E-09  9.360926847E-05  6.412655848E-07 -3.349170363E-06  8.621577974E-07 -5.203435686E-08  1.706286434E-05
  9.962000000E-02  2.499995091E+02  1.530111405E-08  3.708556459E-08  2.607773777E-10  4.223317512E-09  5.713500062E-09 -7.826714651E-09  9.634222800E-05 -4.286082266E-08  5.040451842E-06 -7.876967822E-08 -6.086659803E-06  6.457579312E-09  2.159855867E-08 -1.343645949E-09  2.529747728E-09  9.360926847E-05  6.412655849E-07 -3.349170363E-06  8.621577974E-07 -5.203435682E-08  1.706286434E-05
  9.996000000E-02  2.499995091E+02  1.530116554E-08  3.715238266E-08  2.607505834E-10  4.226813318E-09  5.713445425E-09 -7.830936061E-09  9.634222800E-05 -4.285732685E-08  5.040451842E-06 -7.876967832E-08 -6.086659803E-06  6.457609317E-09  2.166348129E-08 -1.343201203E-09  2.527424917E-09  9.360926847E-05  6.412655849E-07 -3.349170363E-06  8.621577974E-07 -5.203435678E-08  1.706286434E-05
  1.003000000E-01  2.499995091E+02  1.530121712E-08  3.721920074E-08  2.607237938E-10  4.230309124E-09  5.713390789E-09 -7.835157472E-09  9.634222800E-05 -4.285383105E-08  5.040451842E-06 -7.876967842E-08 -6.086659803E-06  6.457639411E-09  2.172840391E-08 -1.342756458E-09  2.525102106E-09  9.360926847E-05  6.412655849E-07 -3.349170363E-06  8.621577974E-07 -5.203435674E-08  1.706286434E-05
  1.006400000E-01  2.499995091E+02  1.530126879E-08  3.728601881E-08  2.606970092E-10  4.233804930E-09  5.713336152E-09 -7.839378882E-09  9.634222800E-05 -4.285033524E-08  5.040451842E-06 -7.876967852E-08 -6.086659803E-06  6.457669596E-09  2.179332653E-08 -1.342311713E-09  2.522779295E-09  9.360926847E-05  6.412655850E-07 -3.349170363E-06  8.621577974E-07 -5.203435670E-08  1.706286434E-05
  1.009800000E-01  2.499995091E+02  1.530132056E-08  3.735283689E-08  2.606702293E-10  4.237300736E-09  5.713281516E-09 -7.843600292E-09  9.634222800E-05 -4.284683944E-08  5.040451842E-06 -7.876967862E-08 -6.086659803E-06  6.457699871E-09  2.185824915E-08 -1.341866968E-09  2.520456484E-09  9.360926847E-05  6.412655850E-07 -3.349170363E-06  8.621577974E-07 -5.203435667E-08  1.706286434E-05
  1.013200000E-01  2.499995091E+02  7.303373917E-09  3.664151087E-08  2.389524901E-10  3.708476136E-09  1.476724143E-09 -7.791832117E-09  9.653598491E-05 -4.293192972E-08  5.050536135E-06 -7.937949682E-08 -6.098898980E-06  6.470661997E-09  2.196537983E-08 -1.355878214E-09  2.523413424E-09  9.379758067E-05  6.422697062E-07 -3.355904303E-06  8.616449222E-07 -5.210108901E-08  1.709719542E-05
  1.016600000E-01  2.499995091E+02  7.303424788E-09  3.670846333E-08  2.389252893E-10  3.711978936E-09  1.476669084E-09 -7.796062016E-09  9.653598491E-05 -4.292842692E-08  5.050536135E-06 -7.937949692E-08 -6.098898980E-06  6.470692511E-09  2.203043305E-08 -1.355432772E-09  2.521085943E-09  9.379758067E-05  6.422697062E-07 -3.355904303E-06  8.616449222E-07 -5.210108897E-08  1.709719542E-05
  1.020000000E-01  2.499995091E+02  7.303475752E-09  3.677541578E-08  2.388980934E-10  3.715481735E-09  1.476614025E-09 -7.800291915E-09  9.653598491E-05 -4.292492412E-08  5.050536135E-06 -7.937949702E-08 -6.098898980E-06  6.470723115E-09  2.209548628E-08 -1.354987331E-09  2.518758461E-09  9.379758067E-05  6.422697062E-07 -3.355904303E-06  8.616449222E-07 -5.210108893E-08  1.709719542E-05
  1.023400000E-01  2.499995091E+02  7.303526810E-09  3.684236824E-08  2.388709024E-10  3.718984535E-09  1.476558966E-09 -7.804521814E-09  9.653598491E-05 -4.292142132E-08  5.050536135E-06 -7.937949712E-08 -6.098898980E-06  6.470753809E-09  2.216053950E-08 -1.354541889E-09  2.516430980E-09  9.379758067E-05  6.422697063E-07 -3.355904303E-06  8.616449222E-07 -5.210108890E-08  1.709719542E-05
  1.026800000E-01  2.499995091E+02  7.303577960E-09  3.690932069E-08  2.388437162E-10  3.722487335E-09  1.476503908E-09 -7.808751712E-09  9.653598491E-05 -4.291791852E-08  5.050536135E-06 -7.937949722E-08 -6.098898980E-06  6.470784593E-09  2.222559273E-08 -1.354096448E-09  2.514103499E-09  9.379758067E-05  6.422697063E-07 -3.355904303E-06  8.616449222E-07 -5.210108886E-08  1.709719542E-05
  1.030200000E-01  2.499995091E+02  7.303629203E-09  3.697627315E-08  2.388165348E-10  3.725990135E-09  1.476448849E-09 -7.812981611E-09  9.653598491E-05 -4.291441572E-08  5.050536135E-06 -7.937949732E-08 -6.098898980E-06  6.470815468E-09  2.229064595E-08 -1.353651006E-09  2.511776017E-09  9.379758067E-05  6.422697063E-07 -3.355904303E-06  8.616449222E-07 -5.210108882E-08  1.709719542E-05
  1.033600000E-01  2.499995091E+02  7.303680539E-09  3.704322561E-08  2.387893583E-10  3.729492935E-09  1.476393790E-09 -7.817211510E-09  9.653598491E-05 -4.291091292E-08  5.050536135E-06 -7.937949742E-08 -6.098898980E-06  6.470846433E-09  2.235569918E-08 -1.353205565E-09  2.509448536E-09  9.379758067E-05  6.422697064E-07 -3.355904303E-06  8.616449222E-07 -5.210108878E-08  1.709719542E-05
  1.037000000E-01  2.499995091E+02  7.303731967E-09  3.711017806E-08  2.387621867E-10  3.732995735E-09  1.476338731E-09 -7.821441409E-09  9.653598491E-05 -4.290741012E-08  5.050536135E-06 -7.937949752E-08 -6.098898980E-06  6.470877488E-09  2.242075240E-08 -1.352760124E-09  2.507121054E-09  9.379758067E-05  6.422697064E-07 -3.355904303E-06  8.616449222E-07 -5.210108874E-08  1.709719542E-05
  1.040400000E-01  2.499995091E+02  7.303783489E-09  3.717713052E-08  2.387350200E-10  3.736498534E-09  1.476283672E-09 -7.825671308E-09  9.653598491E-05 -4.290390732E-08  5.050536135E-06 -7.937949762E-08 -6.098898980E-06  6.470908634E-09  2.248580562E-08 -1.352314682E-09  2.504793573E-09  9.379758067E-05  6.422697064E-07 -3.355904303E-06  8.616449222E-07 -5.210108870E-08  1.709719542E-05
  1.043800000E-01  2.499995091E+02  7.303835103E-09  3.724408298E-08  2.387078581E-10  3.740001334E-09  1.476228613E-09 -7.829901206E-09  9.653598491E-05 -4.290040452E-08  5.050536135E-06 -7.937949773E-08 -6.098898980E-06  6.470939869E-09  2.255085885E-08 -1.351869241E-09  2.502466092E-09  9.379758067E-05  6.422697065E-07 -3.355904303E-06  8.616449222E-07 -5.210108866E-08  1.709719542E-05
  1.047200000E-01  2.499995091E+02  7.303886811E-09  3.731103543E-08  2.386807010E-10  3.743504134E-09  1.476173554E-09 -7.834131105E-09  9.653598491E-05 -4.289690172E-08  5.050536135E-06 -7.937949783E-08 -6.098898980E-06  6.470971195E-09  2.261591207E-08 -1.351423799E-09  2.500138610E-09  9.379758067E-05  6.422697065E-07 -3.355904303E-06  8.616449222E-07 -5.210108863E-08  1.709719542E-05
  1.050600000E-01  2.499995091E+02  7.303938611E-09  3.737798789E-08  2.386535488E-10  3.747006934E-09  1.476118495E-09 -7.838361004E-09  9.653598491E-05 -4.289339892E-08  5.050536135E-06 -7.937949793E-08 -6.098898980E-06  6.471002611E-09  2.268096530E-08 -1.350978358E-09  2.497811129E-09  9.379758067E-05  6.422697066E-07 -3.355904303E-06  8.616449222E-07 -5.210108859E-08  1.709719542E-05
  1.054000000E-01  2.499995091E+02  7.303990504E-09  3.744494034E-08  2.386264015E-10  3.750509734E-09  1.476063437E-09 -7.842590903E-09  9.653598491E-05 -4.288989612E-08  5.050536135E-06 -7.937949803E-08 -6.098898980E-06  6.471034118E-09  2.274601852E-08 -1.350532916E-09  2.495483647E-09  9.379758067E-05  6.422697066E-07 -3.355904303E-06  8.616449222E-07 -5.210108855E-08  1.709719542E-05
  1.057400000E-01  2.499995091E+02  7.304042490E-09  3.751189280E-08  2.385992590E-10  3.754012533E-09  1.476008378E-09 -7.846820802E-09  9.653598491E-05 -4.288639332E-08  5.050536135E-06 -7.937949813E-08 -6.098898980E-06  6.471065714E-09  2.281107175E-08 -1.350087475E-09  2.493156166E-09  9.379758067E-05  6.422697066E-07 -3.355904303E-06  8.616449222E-07 -5.210108851E-08  1.709719542E-05
  1.060800000E-01  2.499995091E+02  7.304094569E-09  3.757884526E-08  2.385721214E-10  3.757515333E-09  1.475953319E-09 -7.851050700E-09  9.653598491E-05 -4.288289052E-08  5.050536135E-06 -7.937949823E-08 -6.098898980E-06  6.471097401E-09  2.287612497E-08 -1.349642034E-09  2.490828684E-09  9.379758067E-05  6.422697067E-07 -3.355904303E-06  8.616449222E-07 -5.210108847E-08  1.709719542E-05
  1.064200000E-01  2.499995091E+02  7.304146740E-09  3.764579771E-08  2.385449887E-10  3.761018133E-09  1.475898260E-09 -7.855280599E-09  9.653598491E-05 -4.287938772E-08  5.050536135E-06 -7.937949833E-08 -6.098898980E-06  6.471129178E-09  2.294117819E-08 -1.349196592E-09  2.488501203E-09  9.379758067E-05  6.422697067E-07 -3.355904303E-06  8.616449222E-07 -5.210108843E-08  1.709719542E-05
  1.067600000E-01  2.499995091E+02  7.304199005E-09  3.771275017E-08  2.385178608E-10  3.764520933E-09  1.475843201E-09 -7.859510498E-09  9.653598491E-05 -4.287588492E-08  5.050536135E-06 -7.937949843E-08 -6.098898980E-06  6.471161046E-09  2.300623142E-08 -1.348751151E-09  2.486173722E-09  9.379758067E-05  6.422697067E-07 -3.355904303E-06  8.616449222E-07 -5.210108839E-08  1.709719542E-05
  1.071000000E-01  2.499995091E+02  7.304251362E-09  3.777970263E-08  2.384907377E-10  3.768023733E-09  1.475788142E-09 -7.863740397E-09  9.653598491E-05 -4.287238212E-08  5.050536135E-06 -7.937949853E-08 -6.098898980E-06  6.471193003E-09  2.307128464E-08 -1.348305709E-09  2.483846240E-09  9.379758067E-05  6.422697068E-07 -3.355904303E-06  8.616449221E-07 -5.210108835E-08  1.709719542E-05
  1.074400000E-01  2.499995091E+02  7.304303812E-09  3.784665508E-08  2.384636196E-10  3.771526533E-09  1.475733083E-09 -7.867970296E-09  9.653598491E-05 -4.286887932E-08  5.050536135E-06 -7.937949864E-08 -6.098898980E-06  6.471225051E-09  2.313633787E-08 -1.347860268E-09  2.481518759E-09  9.379758067E-05  6.422697068E-07 -3.355904303E-06  8.616449221E-07 -5.210108832E-08  1.709719542E-05
  1.077800000E-01  2.499995091E+02  7.304356356E-09  3.791360754E-08  2.384365062E-10  3.775029332E-09  1.475678024E-09 -7.872200194E-09  9.653598491E-05 -4.286537652E-08  5.050536135E-06 -7.937949874E-08 -6.098898980E-06  6.471257189E-09  2.320139109E-08 -1.347414826E-09  2.479191277E-09  9.379758067E-05  6.422697069E-07 -3.355904303E-06  8.616449221E-07 -5.210108828E-08  1.709719542E-05
  1.081200000E-01  2.499995091E+02  7.304408992E-09  3.798055999E-08  2.384093978E-10  3.778532132E-09  1.475622965E-09 -7.876430093E-09  9.653598491E-05 -4.286187372E-08  5.050536135E-06 -7.937949884E-08 -6.098898980E-06  6.471289417E-09  2.326644432E-08 -1.346969385E-09  2.476863796E-09  9.379758067E-05  6.422697069E-07 -3.355904303E-06  8.616449221E-07 -5.210108824E-08  1.709719542E-05
  1.084600000E-01  2.499995091E+02  7.304461720E-09  3.804751245E-08  2.383822942E-10  3.782034932E-09  1.475567907E-09 -7.880659992E-09  9.653598491E-05 -4.285837092E-08  5.050536135E-06 -7.937949894E-08 -6.098898980E-06  6.471321736E-09  2.333149754E-08 -1.346523943E-09  2.474536315E-09  9.379758067E-05  6.422697069E-07 -3.355904303E-06  8.616449221E-07 -5.210108820E-08  1.709719542E-05
  1.088000000E-01  2.499995091E+02  7.304514542E-09  3.811446491E-08  2.383551954E-10  3.785537732E-09  1.475512848E-09 -7.884889891E-09  9.653598491E-05 -4.285486812E-08  5.050536135E-06 -7.937949904E-08 -6.098898980E-06  6.471354145E-09  2.339655077E-08 -1.346078502E-09  2.472208833E-09  9.379758067E-05  6.422697070E-07 -3.355904303E-06  8.616449221E-07 -5.210108816E-08  1.709719542E-05
  1.091400000E-01  2.499995091E+02  7.304567457E-09  3.818141736E-08  2.383281015E-10  3.789040532E-09  1.475457789E-09 -7.889119790E-09  9.653598491E-05 -4.285136532E-08  5.050536135E-06 -7.937949914E-08 -6.098898980E-06  6.471386643E-09  2.346160399E-08 -1.345633061E-09  2.469881352E-09  9.379758067E-05  6.422697070E-07 -3.355904303E-06  8.616449221E-07 -5.210108812E-08  1.709719542E-05
  1.094800000E-01  2.499995091E+02  7.304620464E-09  3.824836982E-08  2.383010125E-10  3.792543331E-09  1.475402730E-09 -7.893349688E-09  9.653598491E-05 -4.284786252E-08  5.050536135E-06 -7.937949924E-08 -6.098898980E-06  6.471419233E-09  2.352665721E-08 -1.345187619E-09  2.467553870E-09  9.379758067E-05  6.422697070E-07 -3.355904303E-06  8.616449221E-07 -5.210108808E-08  1.709719542E-05
  1.098200000E-01  2.499995091E+02  7.304673565E-09  3.831532227E-08  2.382739284E-10  3.796046131E-09  1.475347671E-09 -7.897579587E-09  9.653598491E-05 -4.284435972E-08  5.050536135E-06 -7.937949934E-08 -6.098898980E-06  6.471451912E-09  2.359171044E-08 -1.344742178E-09  2.465226389E-09  9.379758067E-05  6.422697071E-07 -3.355904303E-06  8.616449221E-07 -5.210108805E-08  1.709719542E-05
  1.101600000E-01  2.499995091E+02  7.304726758E-09  3.838227473E-08  2.382468491E-10  3.799548931E-09  1.475292612E-09 -7.901809486E-09  9.653598491E-05 -4.284085692E-08  5.050536135E-06 -7.937949945E-08 -6.098898980E-06  6.471484682E-09  2.365676366E-08 -1.344296736E-09  2.462898907E-09  9.379758067E-05  6.422697071E-07 -3.355904303E-06  8.616449221E-07 -5.210108801E-08  1.709719542E-05
  1.105000000E-01  2.499995091E+02  7.304780044E-09  3.844922719E-08  2.382197746E-10  3.803051731E-09  1.475237553E-09 -7.906039385E-09  9.653598491E-05 -4.283735412E-08  5.050536135E-06 -7.937949955E-08 -6.098898980E-06  6.471517542E-09  2.372181689E-08 -1.343851295E-09  2.460571426E-09  9.379758067E-05  6.422697071E-07 -3.355904303E-06  8.616449221E-07 -5.210108797E-08  1.709719542E-05
  1.108400000E-01  2.499995091E+02  7.304833423E-09  3.851617964E-08  2.381927050E-10  3.806554531E-09  1.475182494E-09 -7.910269283E-09  9.653598491E-05 -4.283385132E-08  5.050536135E-06 -7.937949965E-08 -6.098898980E-06  6.471550492E-09  2.378687011E-08 -1.343405853E-09  2.458243945E-09  9.379758067E-05  6.422697072E-07 -3.355904303E-06  8.616449221E-07 -5.210108793E-08  1.709719542E-05
  1.111800000E-01  2.499995091E+02  7.304886895E-09  3.858313210E-08  2.381656403E-10  3.810057331E-09  1.475127435E-09 -7.914499182E-09  9.653598491E-05 -4.283034852E-08  5.050536135E-06 -7.937949975E-08 -6.098898980E-06  6.471583532E-09  2.385192334E-08 -1.342960412E-09  2.455916463E-09  9.379758067E-05  6.422697072E-07 -3.355904303E-06  8.616449221E-07 -5.210108789E-08  1.709719542E-05
  1.115200000E-01  2.499995091E+02  7.304940460E-09  3.865008456E-08  2.381385804E-10  3.813560130E-09  1.475072377E-09 -7.918729081E-09  9.653598491E-05 -4.282684572E-08  5.050536135E-06 -7.937949985E-08 -6.098898980E-06  6.471616663E-09  2.391697656E-08 -1.342514970E-09  2.453588982E-09  9.379758067E-05  6.422697073E-07 -3.355904303E-06  8.616449221E-07 -5.210108785E-08  1.709719542E-05
  1.118600000E-01  2.499995091E+02  7.304994117E-09  3.871703701E-08  2.381115254E-10  3.817062930E-09  1.475017318E-09 -7.922958980E-09  9.653598491E-05 -4.282334292E-08  5.050536135E-06 -7.937949995E-08 -6.098898980E-06  6.471649884E-09  2.398202978E-08 -1.342069529E-09  2.451261500E-09  9.379758067E-05  6.422697073E-07 -3.355904303E-06  8.616449221E-07 -5.210108781E-08  1.709719542E-05
  1.122000000E-01  2.499995091E+02  7.305047868E-09  3.878398947E-08  2.380844752E-10  3.820565730E-09  1.474962259E-09 -7.927188879E-09  9.653598491E-05 -4.281984012E-08  5.050536135E-06 -7.937950005E-08 -6.098898980E-06  6.471683195E-09  2.404708301E-08 -1.341624088E-09  2.448934019E-09  9.379758067E-05  6.422697073E-07 -3.355904303E-06  8.616449221E-07 -5.210108778E-08  1.709719542E-05
  1.125400000E-01  2.499995091E+02  7.305101711E-09  3.885094192E-08  2.380574299E-10  3.824068530E-09  1.474907200E-09 -7.931418777E-09  9.653598491E-05 -4.281633732E-08  5.050536135E-06 -7.937950015E-08 -6.098898980E-06  6.471716596E-09  2.411213623E-08 -1.341178646E-09  2.446606538E-09  9.379758067E-05  6.422697074E-07 -3.355904303E-06  8.616449221E-07 -5.210108774E-08  1.709719542E-05
  1.128800000E-01  2.499995091E+02  7.305155647E-09  3.891789438E-08  2.380303895E-10  3.827571330E-09  1.474852141E-09 -7.935648676E-09  9.653598491E-05 -4.281283452E-08  5.050536135E-06 -7.937950025E-08 -6.098898980E-06  6.471750088E-09  2.417718946E-08 -1.340733205E-09  2.444279056E-09  9.379758067E-05  6.422697074E-07 -3.355904303E-06  8.616449221E-07 -5.210108770E-08  1.709719542E-05
  1.132200000E-01  2.499995091E+02  7.305209676E-09  3.898484684E-08  2.380033539E-10  3.831074129E-09  1.474797082E-09 -7.939878575E-09  9.653598491E-05 -4.280933172E-08  5.050536135E-06 -7.937950036E-08 -6.098898980E-06  6.471783669E-09  2.424224268E-08 -1.340287763E-09  2.441951575E-09  9.379758067E-05  6.422697074E-07 -3.355904303E-06  8.616449221E-07 -5.210108766E-08  1.709719542E-05
  1.135600000E-01  2.499995091E+02  7.305263798E-09  3.905179929E-08  2.379763232E-10  3.834576929E-09  1.474742023E-09 -7.944108474E-09  9.653598491E-05 -4.280582892E-08  5.050536135E-06 -7.937950046E-08 -6.098898980E-06  6.471817341E-09  2.430729591E-08 -1.339842322E-09  2.439624093E-09  9.379758067E-05  6.422697075E-07 -3.355904303E-06  8.616449220E-07 -5.210108762E-08  1.709719542E-05
  1.139000000E-01  2.499995091E+02  7.305318013E-09  3.911875175E-08  2.379492974E-10  3.838079729E-09  1.474686964E-09 -7.948338373E-09  9.653598491E-05 -4.280232612E-08  5.050536135E-06 -7.937950056E-08 -6.098898980E-06  6.471851104E-09  2.437234913E-08 -1.339396880E-09  2.437296612E-09  9.379758067E-05  6.422697075E-07 -3.355904303E-06  8.616449220E-07 -5.210108758E-08  1.709719542E-05
  1.142400000E-01  2.499995091E+02  7.305372320E-09  3.918570421E-08  2.379222763E-10  3.841582529E-09  1.474631905E-09 -7.952568271E-09  9.653598491E-05 -4.279882332E-08  5.050536135E-06 -7.937950066E-08 -6.098898980E-06  6.471884956E-09  2.443740236E-08 -1.338951439E-09  2.434969131E-09  9.379758067E-05  6.422697075E-07 -3.355904303E-06  8.616449220E-07 -5.210108754E-08  1.709719542E-05
  1.145800000E-01  2.499995091E+02  7.305426721E-09  3.925265666E-08  2.378952602E-10  3.845085329E-09  1.474576847E-09 -7.956798170E-09  9.653598491E-05 -4.279532052E-08  5.050536135E-06 -7.937950076E-08 -6.098898980E-06  6.471918899E-09  2.450245558E-08 -1.338505998E-09  2.432641649E-09  9.379758067E-05  6.422697076E-07 -3.355904303E-06  8.616449220E-07 -5.210108751E-08  1.709719542E-05
  1.149200000E-01  2.499995091E+02  7.305481214E-09  3.931960912E-08  2.378682489E-10  3.848588129E-09  1.474521788E-09 -7.961028069E-09  9.653598491E-05 -4.279181772E-08  5.050536135E-06 -7.937950086E-08 -6.098898980E-06  6.471952932E-09  2.456750880E-08 -1.338060556E-09  2.430314168E-09  9.379758067E-05  6.422697076E-07 -3.355904303E-06  8.616449220E-07 -5.210108747E-08  1.709719542E-05
  1.152600000E-01  2.499995091E+02  7.305535801E-09  3.938656157E-08  2.378412425E-10  3.852090928E-09  1.474466729E-09 -7.965257968E-09  9.653598491E-05 -4.278831492E-08  5.050536135E-06 -7.937950096E-08 -6.098898980E-06  6.471987055E-09  2.463256203E-08 -1.337615115E-09  2.427986686E-09  9.379758067E-05  6.422697077E-07 -3.355904303E-06  8.616449220E-07 -5.210108743E-08  1.709719542E-05
  1.156000000E-01  2.499995091E+02  7.305590480E-09  3.945351403E-08  2.378142409E-10  3.855593728E-09  1.474411670E-09 -7.969487867E-09  9.653598491E-05 -4.278481212E-08  5.050536135E-06 -7.937950106E-08 -6.098898980E-06  6.472021268E-09  2.469761525E-08 -1.337169673E-09  2.425659205E-09  9.379758067E-05  6.422697077E-07 -3.355904303E-06  8.616449220E-07 -5.210108739E-08  1.709719542E-05
  1.159400000E-01  2.499995091E+02  7.305645252E-09  3.952046649E-08  2.377872442E-10  3.859096528E-09  1.474356611E-09 -7.973717765E-09  9.653598491E-05 -4.278130932E-08  5.050536135E-06 -7.937950116E-08 -6.098898980E-06  6.472055572E-09  2.476266848E-08 -1.336724232E-09  2.423331723E-09  9.379758067E-05  6.422697077E-07 -3.355904303E-06  8.616449220E-07 -5.210108735E-08  1.709719542E-05
  1.162800000E-01  2.499995091E+02  7.305700117E-09  3.958741894E-08  2.377602524E-10  3.862599328E-09  1.474301552E-09 -7.977947664E-09  9.653598491E-05 -4.277780652E-08  5.050536135E-06 -7.937950127E-08 -6.098898980E-06  6.472089966E-09  2.482772170E-08 -1.336278790E-09  2.421004242E-09  9.379758067E-05  6.422697078E-07 -3.355904303E-06  8.616449220E-07 -5.210108731E-08  1.709719542E-05
  1.166200000E-01  2.499995091E+02  7.305755074E-09  3.965437140E-08  2.377332654E-10  3.866102128E-09  1.474246493E-09 -7.982177563E-09  9.653598491E-05 -4.277430372E-08  5.050536135E-06 -7.937950137E-08 -6.098898980E-06  6.472124450E-09  2.489277493E-08 -1.335833349E-09  2.418676761E-09  9.379758067E-05  6.422697078E-07 -3.355904303E-06  8.616449220E-07 -5.210108727E-08  1.709719542E-05
  1.169600000E-01  2.499995091E+02  7.305810125E-09  3.972132386E-08  2.377062832E-10  3.869604927E-09  1.474191434E-09 -7.986407462E-09  9.653598491E-05 -4.277080092E-08  5.050536135E-06 -7.937950147E-08 -6.098898980E-06  6.472159024E-09  2.495782815E-08 -1.335387907E-09  2.416349279E-09  9.379758067E-05  6.422697078E-07 -3.355904303E-06  8.616449220E-07 -5.210108724E-08  1.709719542E-05
  1.173000000E-01  2.499995091E+02  7.305865269E-09  3.978827631E-08  2.376793060E-10  3.873107727E-09  1.474136375E-09 -7.990637361E-09  9.653598491E-05 -4.276729812E-08  5.050536135E-06 -7.937950157E-08 -6.098898980E-06  6.472193689E-09  2.502288137E-08 -1.334942466E-09  2.414021798E-09  9.379758067E-05  6.422697079E-07 -3.355904303E-06  8.616449220E-07 -5.210108720E-08  1.709719542E-05
  1.176400000E-01  2.499995091E+02  7.305920505E-09  3.985522877E-08  2.376523336E-10  3.876610527E-09  1.474081317E-09 -7.994867259E-09  9.653598491E-05 -4.276379532E-08  5.050536135E-06 -7.937950167E-08 -6.098898980E-06  6.472228444E-09  2.508793460E-08 -1.334497025E-09  2.411694316E-09  9.379758067E-05  6.422697079E-07 -3.355904303E-06  8.616449220E-07 -5.210108716E-08  1.709719542E-05
  1.179800000E-01  2.499995091E+02  7.305975834E-09  3.992218122E-08  2.376253660E-10  3.880113327E-09  1.474026258E-09 -7.999097158E-09  9.653598491E-05 -4.276029252E-08  5.050536135E-06 -7.937950177E-08 -6.098898980E-06  6.472263289E-09  2.515298782E-08 -1.334051583E-09  2.409366835E-09  9.379758067E-05  6.422697080E-07 -3.355904303E-06  8.616449220E-07 -5.210108712E-08  1.709719542E-05
  1.183200000E-01  2.499995091E+02  7.306031256E-09  3.998913368E-08  2.375984033E-10  3.883616127E-09  1.473971199E-09 -8.003327057E-09  9.653598491E-05 -4.275678972E-08  5.050536135E-06 -7.937950187E-08 -6.098898980E-06  6.472298224E-09  2.521804105E-08 -1.333606142E-09  2.407039354E-09  9.379758067E-05  6.422697080E-07 -3.355904303E-06  8.616449220E-07 -5.210108708E-08  1.709719542E-05
  1.186600000E-01  2.499995091E+02  7.306086771E-09  4.005608614E-08  2.375714455E-10  3.887118927E-09  1.473916140E-09 -8.007556956E-09  9.653598491E-05 -4.275328692E-08  5.050536135E-06 -7.937950197E-08 -6.098898980E-06  6.472333250E-09  2.528309427E-08 -1.333160700E-09  2.404711872E-09  9.379758067E-05  6.422697080E-07 -3.355904303E-06  8.616449220E-07 -5.210108704E-08  1.709719542E-05
  1.190000000E-01  2.499995091E+02  7.306142379E-09  4.012303859E-08  2.375444925E-10  3.890621726E-09  1.473861081E-09 -8.011786855E-09  9.653598491E-05 -4.274978412E-08  5.050536135E-06 -7.937950207E-08 -6.098898980E-06  6.472368366E-09  2.534814750E-08 -1.332715259E-09  2.402384391E-09  9.379758067E-05  6.422697081E-07 -3.355904303E-06  8.616449220E-07 -5.210108700E-08  1.709719542E-05
  1.193400000E-01  2.499995091E+02  7.306198080E-09  4.018999105E-08  2.375175444E-10  3.894124526E-09  1.473806022E-09 -8.016016753E-09  9.653598491E-05 -4.274628132E-08  5.050536135E-06 -7.937950218E-08 -6.098898980E-06  6.472403572E-09  2.541320072E-08 -1.332269817E-09  2.400056909E-09  9.379758067E-05  6.422697081E-07 -3.355904303E-06  8.616449220E-07 -5.210108697E-08  1.709719542E-05
  1.196800000E-01  2.499995091E+02  7.306253873E-09  4.025694351E-08  2.374906011E-10  3.897627326E-09  1.473750963E-09 -8.020246652E-09  9.653598491E-05 -4.274277852E-08  5.050536135E-06 -7.937950228E-08 -6.098898980E-06  6.472438868E-09  2.547825394E-08 -1.331824376E-09  2.397729428E-09  9.379758067E-05  6.422697081E-07 -3.355904303E-06  8.616449220E-07 -5.210108693E-08  1.709719542E-05
  1.200200000E-01  2.499995091E+02  7.306309760E-09  4.032389596E-08  2.374636627E-10  3.901130126E-09  1.473695904E-09 -8.024476551E-09  9.653598491E-05 -4.273927572E-08  5.050536135E-06 -7.937950238E-08 -6.098898980E-06  6.472474254E-09  2.554330717E-08 -1.331378934E-09  2.395401946E-09  9.379758067E-05  6.422697082E-07 -3.355904303E-06  8.616449219E-07 -5.210108689E-08  1.709719542E-05
  1.203600000E-01  2.499995091E+02  7.306365739E-09  4.039084842E-08  2.374367292E-10  3.904632926E-09  1.473640845E-09 -8.028706450E-09  9.653598491E-05 -4.273577292E-08  5.050536135E-06 -7.937950248E-08 -6.098898980E-06  6.472509731E-09  2.560836039E-08 -1.330933493E-09  2.393074465E-09  9.379758067E-05  6.422697082E-07 -3.355904303E-06  8.616449219E-07 -5.210108685E-08  1.709719542E-05
  1.207000000E-01  2.499995091E+02  7.306421811E-09  4.045780087E-08  2.374098005E-10  3.908135726E-09  1.473585786E-09 -8.032936348E-09  9.653598491E-05 -4.273227012E-08  5.050536135E-06 -7.937950258E-08 -6.098898980E-06  6.472545298E-09  2.567341362E-08 -1.330488052E-09  2.390746984E-09  9.379758067E-05  6.422697082E-07 -3.355904303E-06  8.616449219E-07 -5.210108681E-08  1.709719542E-05
  1.210400000E-01  2.499995091E+02  7.306477976E-09  4.052475333E-08  2.373828766E-10  3.911638525E-09  1.473530728E-09 -8.037166247E-09  9.653598491E-05 -4.272876732E-08  5.050536135E-06 -7.937950268E-08 -6.098898980E-06  6.472580955E-09  2.573846684E-08 -1.330042610E-09  2.388419502E-09  9.379758067E-05  6.422697083E-07 -3.355904303E-06  8.616449219E-07 -5.210108677E-08  1.709719542E-05
  1.213800000E-01  2.499995091E+02  7.306534234E-09  4.059170579E-08  2.373559577E-10  3.915141325E-09  1.473475669E-09 -8.041396146E-09  9.653598491E-05 -4.272526452E-08  5.050536135E-06 -7.937950278E-08 -6.098898980E-06  6.472616703E-09  2.580352007E-08 -1.329597169E-09  2.386092021E-09  9.379758067E-05  6.422697083E-07 -3.355904303E-06  8.616449219E-07 -5.210108673E-08  1.709719542E-05
  1.217200000E-01  2.499995091E+02  7.306590585E-09  4.065865824E-08  2.373290436E-10  3.918644125E-09  1.473420610E-09 -8.045626045E-09  9.653598491E-05 -4.272176172E-08  5.050536135E-06 -7.937950288E-08 -6.098898980E-06  6.472652540E-09  2.586857329E-08 -1.329151727E-09  2.383764539E-09  9.379758067E-05  6.422697084E-07 -3.355904303E-06  8.616449219E-07 -5.210108669E-08  1.709719542E-05
  1.220600000E-01  2.499995091E+02  7.306647029E-09  4.072561070E-08  2.373021343E-10  3.922146925E-09  1.473365551E-09 -8.049855944E-09  9.653598491E-05 -4.271825892E-08  5.050536135E-06 -7.937950298E-08 -6.098898980E-06  6.472688468E-09  2.593362652E-08 -1.328706286E-09  2.381437058E-09  9.379758067E-05  6.422697084E-07 -3.355904303E-06  8.616449219E-07 -5.210108666E-08  1.709719542E-05
  1.224000000E-01  2.499995091E+02  7.306703565E-09  4.079256315E-08  2.372752299E-10  3.925649725E-09  1.473310492E-09 -8.054085842E-09  9.653598491E-05 -4.271475612E-08  5.050536135E-06 -7.937950309E-08 -6.098898980E-06  6.472724486E-09  2.599867974E-08 -1.328260844E-09  2.379109577E-09  9.379758067E-05  6.422697084E-07 -3.355904303E-06  8.616449219E-07 -5.210108662E-08  1.709719542E-05
  1.227400000E-01  2.499995091E+02  7.306760195E-09  4.085951561E-08  2.372483304E-10  3.929152524E-09  1.473255433E-09 -8.058315741E-09  9.653598491E-05 -4.271125332E-08  5.050536135E-06 -7.937950319E-08 -6.098898980E-06  6.472760595E-09  2.606373296E-08 -1.327815403E-09  2.376782095E-09  9.379758067E-05  6.422697085E-07 -3.355904303E-06  8.616449219E-07 -5.210108658E-08  1.709719542E-05
  1.230800000E-01  2.499995091E+02  7.306816917E-09  4.092646807E-08  2.372214357E-10  3.932655324E-09  1.473200374E-09 -8.062545640E-09  9.653598491E-05 -4.270775052E-08  5.050536135E-06 -7.937950329E-08 -6.098898980E-06  6.472796793E-09  2.612878619E-08 -1.327369962E-09  2.374454614E-09  9.379758067E-05  6.422697085E-07 -3.355904303E-06  8.616449219E-07 -5.210108654E-08  1.709719542E-05
  1.234200000E-01  2.499995091E+02  7.306873732E-09  4.099342052E-08  2.371945459E-10  3.936158124E-09  1.473145315E-09 -8.066775539E-09  9.653598491E-05 -4.270424772E-08  5.050536135E-06 -7.937950339E-08 -6.098898980E-06  6.472833082E-09  2.619383941E-08 -1.326924520E-09  2.372127132E-09  9.379758067E-05  6.422697085E-07 -3.355904303E-06  8.616449219E-07 -5.210108650E-08  1.709719542E-05
  1.237600000E-01  2.499995091E+02  7.306930640E-09  4.106037298E-08  2.371676609E-10  3.939660924E-09  1.473090256E-09 -8.071005438E-09  9.653598491E-05 -4.270074492E-08  5.050536135E-06 -7.937950349E-08 -6.098898980E-06  6.472869461E-09  2.625889264E-08 -1.326479079E-09  2.369799651E-09  9.379758067E-05  6.422697086E-07 -3.355904303E-06  8.616449219E-07 -5.210108646E-08  1.709719542E-05
  1.241000000E-01  2.499995091E+02  7.306987641E-09  4.112732544E-08  2.371407808E-10  3.943163724E-09  1.473035198E-09 -8.075235336E-09  9.653598491E-05 -4.269724212E-08  5.050536135E-06 -7.937950359E-08 -6.098898980E-06  6.472905930E-09  2.632394586E-08 -1.326033637E-09  2.367472169E-09  9.379758067E-05  6.422697086E-07 -3.355904303E-06  8.616449219E-07 -5.210108642E-08  1.709719542E-05
  1.244400000E-01  2.499995091E+02  7.307044735E-09  4.119427789E-08  2.371139056E-10  3.946666524E-09  1.472980139E-09 -8.079465235E-09  9.653598491E-05 -4.269373932E-08  5.050536135E-06 -7.937950369E-08 -6.098898980E-06  6.472942490E-09  2.638899909E-08 -1.325588196E-09  2.365144688E-09  9.379758067E-05  6.422697086E-07 -3.355904303E-06  8.616449219E-07 -5.210108639E-08  1.709719542E-05
  1.247800000E-01  2.499995091E+02  7.307101921E-09  4.126123035E-08  2.370870352E-10  3.950169323E-09  1.472925080E-09 -8.083695134E-09  9.653598491E-05 -4.269023652E-08  5.050536135E-06 -7.937950379E-08 -6.098898980E-06  6.472979140E-09  2.645405231E-08 -1.325142754E-09  2.362817207E-09  9.379758067E-05  6.422697087E-07 -3.355904303E-06  8.616449219E-07 -5.210108635E-08  1.709719542E-05
  1.251200000E-01  2.499995091E+02  7.307159201E-09  4.132818280E-08  2.370601697E-10  3.953672123E-09  1.472870021E-09 -8.087925033E-09  9.653598491E-05 -4.268673372E-08  5.050536135E-06 -7.937950390E-08 -6.098898980E-06  6.473015880E-09  2.651910553E-08 -1.324697313E-09  2.360489725E-09  9.379758067E-05  6.422697087E-07 -3.355904303E-06  8.616449219E-07 -5.210108631E-08  1.709719542E-05
  1.254600000E-01  2.499995091E+02  7.307216573E-09  4.139513526E-08  2.370333090E-10  3.957174923E-09  1.472814962E-09 -8.092154932E-09  9.653598491E-05 -4.268323092E-08  5.050536135E-06 -7.937950400E-08 -6.098898980E-06  6.473052710E-09  2.658415876E-08 -1.324251871E-09  2.358162244E-09  9.379758067E-05  6.422697088E-07 -3.355904303E-06  8.616449219E-07 -5.210108627E-08  1.709719542E-05
  1.258000000E-01  2.499995091E+02  7.307274039E-09  4.146208772E-08  2.370064532E-10  3.960677723E-09  1.472759903E-09 -8.096384830E-09  9.653598491E-05 -4.267972812E-08  5.050536135E-06 -7.937950410E-08 -6.098898980E-06  6.473089631E-09  2.664921198E-08 -1.323806430E-09  2.355834762E-09  9.379758067E-05  6.422697088E-07 -3.355904303E-06  8.616449219E-07 -5.210108623E-08  1.709719542E-05
  1.261400000E-01  2.499995091E+02  7.307331597E-09  4.152904017E-08  2.369796023E-10  3.964180523E-09  1.472704844E-09 -8.100614729E-09  9.653598491E-05 -4.267622532E-08  5.050536135E-06 -7.937950420E-08 -6.098898980E-06  6.473126641E-09  2.671426521E-08 -1.323360989E-09  2.353507281E-09  9.379758067E-05  6.422697088E-07 -3.355904303E-06  8.616449219E-07 -5.210108619E-08  1.709719542E-05
  1.264800000E-01  2.499995091E+02  7.307389248E-09  4.159599263E-08  2.369527562E-10  3.967683322E-09  1.472649785E-09 -8.104844628E-09  9.653598491E-05 -4.267272252E-08  5.050536135E-06 -7.937950430E-08 -6.098898980E-06  6.473163742E-09  2.677931843E-08 -1.322915547E-09  2.351179800E-09  9.379758067E-05  6.422697089E-07 -3.355904303E-06  8.616449218E-07 -5.210108615E-08  1.709719542E-05
  1.268200000E-01  2.499995091E+02  7.307446991E-09  4.166294509E-08  2.369259150E-10  3.971186122E-09  1.472594726E-09 -8.109074527E-09  9.653598491E-05 -4.266921972E-08  5.050536135E-06 -7.937950440E-08 -6.098898980E-06  6.473200933E-09  2.684437166E-08 -1.322470106E-09  2.348852318E-09  9.379758067E-05  6.422697089E-07 -3.355904303E-06  8.616449218E-07 -5.210108612E-08  1.709719542E-05
  1.271600000E-01  2.499995091E+02  7.307504828E-09  4.172989754E-08  2.368990786E-10  3.974688922E-09  1.472539668E-09 -8.113304426E-09  9.653598491E-05 -4.266571692E-08  5.050536135E-06 -7.937950450E-08 -6.098898980E-06  6.473238215E-09  2.690942488E-08 -1.322024664E-09  2.346524837E-09  9.379758067E-05  6.422697089E-07 -3.355904303E-06  8.616449218E-07 -5.210108608E-08  1.709719542E-05
  1.275000000E-01  2.499995091E+02  7.307562758E-09  4.179685000E-08  2.368722471E-10  3.978191722E-09  1.472484609E-09 -8.117534324E-09  9.653598491E-05 -4.266221412E-08  5.050536135E-06 -7.937950460E-08 -6.098898980E-06  6.473275587E-09  2.697447811E-08 -1.321579223E-09  2.344197355E-09  9.379758067E-05  6.422697090E-07 -3.355904303E-06  8.616449218E-07 -5.210108604E-08  1.709719542E-05
  1.278400000E-01  2.499995091E+02  7.307620780E-09  4.186380245E-08  2.368454204E-10  3.981694522E-09  1.472429550E-09 -8.121764223E-09  9.653598491E-05 -4.265871132E-08  5.050536135E-06 -7.937950470E-08 -6.098898980E-06  6.473313048E-09  2.703953133E-08 -1.321133781E-09  2.341869874E-09  9.379758067E-05  6.422697090E-07 -3.355904303E-06  8.616449218E-07 -5.210108600E-08  1.709719542E-05
  1.281800000E-01  2.499995091E+02  7.307678896E-09  4.193075491E-08  2.368185986E-10  3.985197322E-09  1.472374491E-09 -8.125994122E-09  9.653598491E-05 -4.265520852E-08  5.050536135E-06 -7.937950481E-08 -6.098898980E-06  6.473350601E-09  2.710458455E-08 -1.320688340E-09  2.339542393E-09  9.379758067E-05  6.422697091E-07 -3.355904303E-06  8.616449218E-07 -5.210108596E-08  1.709719542E-05
  1.285200000E-01  2.499995091E+02  7.307737104E-09  4.199770737E-08  2.367917817E-10  3.988700121E-09  1.472319432E-09 -8.130224021E-09  9.653598491E-05 -4.265170572E-08  5.050536135E-06 -7.937950491E-08 -6.098898980E-06  6.473388243E-09  2.716963778E-08 -1.320242898E-09  2.337214911E-09  9.379758067E-05  6.422697091E-07 -3.355904303E-06  8.616449218E-07 -5.210108592E-08  1.709719542E-05
  1.288600000E-01  2.499995091E+02  7.307795405E-09  4.206465982E-08  2.367649696E-10  3.992202921E-09  1.472264373E-09 -8.134453920E-09  9.653598491E-05 -4.264820292E-08  5.050536135E-06 -7.937950501E-08 -6.098898980E-06  6.473425976E-09  2.723469100E-08 -1.319797457E-09  2.334887430E-09  9.379758067E-05  6.422697091E-07 -3.355904303E-06  8.616449218E-07 -5.210108588E-08  1.709719542E-05
  1.292000000E-01  2.499995091E+02  7.307853799E-09  4.213161228E-08  2.367381624E-10  3.995705721E-09  1.472209314E-09 -8.138683818E-09  9.653598491E-05 -4.264470012E-08  5.050536135E-06 -7.937950511E-08 -6.098898980E-06  6.473463798E-09  2.729974423E-08 -1.319352016E-09  2.332559948E-09  9.379758067E-05  6.422697092E-07 -3.355904303E-06  8.616449218E-07 -5.210108585E-08  1.709719542E-05
  1.295400000E-01  2.499995091E+02  7.307912286E-09  4.219856474E-08  2.367113600E-10  3.999208521E-09  1.472154255E-09 -8.142913717E-09  9.653598491E-05 -4.264119732E-08  5.050536135E-06 -7.937950521E-08 -6.098898980E-06  6.473501711E-09  2.736479745E-08 -1.318906574E-09  2.330232467E-09  9.379758067E-05  6.422697092E-07 -3.355904303E-06  8.616449218E-07 -5.210108581E-08  1.709719542E-05
  1.298800000E-01  2.499995091E+02  7.307970865E-09  4.226551719E-08  2.366845625E-10  4.002711321E-09  1.472099196E-09 -8.147143616E-09  9.653598491E-05 -4.263769452E-08  5.050536135E-06 -7.937950531E-08 -6.098898980E-06  6.473539715E-09  2.742985068E-08 -1.318461133E-09  2.327904985E-09  9.379758067E-05  6.422697092E-07 -3.355904303E-06  8.616449218E-07 -5.210108577E-08  1.709719542E-05
  1.302200000E-01  2.499995091E+02  7.308029538E-09  4.233246965E-08  2.366577699E-10  4.006214120E-09  1.472044137E-09 -8.151373515E-09  9.653598491E-05 -4.263419172E-08  5.050536135E-06 -7.937950541E-08 -6.098898980E-06  6.473577808E-09  2.749490390E-08 -1.318015691E-09  2.325577504E-09  9.379758067E-05  6.422697093E-07 -3.355904303E-06  8.616449218E-07 -5.210108573E-08  1.709719542E-05
  1.305600000E-01  2.499995091E+02  7.308088303E-09  4.239942210E-08  2.366309821E-10  4.009716920E-09  1.471989079E-09 -8.155603413E-09  9.653598491E-05 -4.263068892E-08  5.050536135E-06 -7.937950551E-08 -6.098898980E-06  6.473615992E-09  2.755995712E-08 -1.317570250E-09  2.323250023E-09  9.379758067E-05  6.422697093E-07 -3.355904303E-06  8.616449218E-07 -5.210108569E-08  1.709719542E-05
  1.309000000E-01  2.499995091E+02  7.308147161E-09  4.246637456E-08  2.366041992E-10  4.013219720E-09  1.471934020E-09 -8.159833312E-09  9.653598491E-05 -4.262718612E-08  5.050536135E-06 -7.937950561E-08 -6.098898980E-06  6.473654266E-09  2.762501035E-08 -1.317124808E-09  2.320922541E-09  9.379758067E-05  6.422697093E-07 -3.355904303E-06  8.616449218E-07 -5.210108565E-08  1.709719542E-05
  1.312400000E-01  2.499995091E+02  7.308206113E-09  4.253332702E-08  2.365774211E-10  4.016722520E-09  1.471878961E-09 -8.164063211E-09  9.653598491E-05 -4.262368332E-08  5.050536135E-06 -7.937950572E-08 -6.098898980E-06  6.473692630E-09  2.769006357E-08 -1.316679367E-09  2.318595060E-09  9.379758067E-05  6.422697094E-07 -3.355904303E-06  8.616449218E-07 -5.210108561E-08  1.709719542E-05
  1.315800000E-01  2.499995091E+02  7.308265157E-09  4.260027947E-08  2.365506479E-10  4.020225320E-09  1.471823902E-09 -8.168293110E-09  9.653598491E-05 -4.262018052E-08  5.050536135E-06 -7.937950582E-08 -6.098898980E-06  6.473731085E-09  2.775511680E-08 -1.316233925E-09  2.316267578E-09  9.379758067E-05  6.422697094E-07 -3.355904303E-06  8.616449218E-07 -5.210108558E-08  1.709719542E-05
  1.319200000E-01  2.499995091E+02  7.308324293E-09  4.266723193E-08  2.365238796E-10  4.023728120E-09  1.471768843E-09 -8.172523009E-09  9.653598491E-05 -4.261667772E-08  5.050536135E-06 -7.937950592E-08 -6.098898980E-06  6.473769629E-09  2.782017002E-08 -1.315788484E-09  2.313940097E-09  9.379758067E-05  6.422697095E-07 -3.355904303E-06  8.616449218E-07 -5.210108554E-08  1.709719542E-05
  1.322600000E-01  2.499995091E+02  7.308383523E-09  4.273418439E-08  2.364971161E-10  4.027230919E-09  1.471713784E-09 -8.176752907E-09  9.653598491E-05 -4.261317492E-08  5.050536135E-06 -7.937950602E-08 -6.098898980E-06  6.473808264E-09  2.788522325E-08 -1.315343043E-09  2.311612616E-09  9.379758067E-05  6.422697095E-07 -3.355904303E-06  8.616449218E-07 -5.210108550E-08  1.709719542E-05
  1.326000000E-01  2.499995091E+02  7.308442846E-09  4.280113684E-08  2.364703575E-10  4.030733719E-09  1.471658725E-09 -8.180982806E-09  9.653598491E-05 -4.260967212E-08  5.050536135E-06 -7.937950612E-08 -6.098898980E-06  6.473846990E-09  2.795027647E-08 -1.314897601E-09  2.309285134E-09  9.379758067E-05  6.422697095E-07 -3.355904303E-06  8.616449218E-07 -5.210108546E-08  1.709719542E-05
  1.329400000E-01  2.499995091E+02  7.308502261E-09  4.286808930E-08  2.364436037E-10  4.034236519E-09  1.471603666E-09 -8.185212705E-09  9.653598491E-05 -4.260616932E-08  5.050536135E-06 -7.937950622E-08 -6.098898980E-06  6.473885805E-09  2.801532969E-08 -1.314452160E-09  2.306957653E-09  9.379758067E-05  6.422697096E-07 -3.355904303E-06  8.616449217E-07 -5.210108542E-08  1.709719542E-05
  1.332800000E-01  2.499995091E+02  7.308561770E-09  4.293504175E-08  2.364168548E-10  4.037739319E-09  1.471548607E-09 -8.189442604E-09  9.653598491E-05 -4.260266652E-08  5.050536135E-06 -7.937950632E-08 -6.098898980E-06  6.473924711E-09  2.808038292E-08 -1.314006718E-09  2.304630171E-09  9.379758067E-05  6.422697096E-07 -3.355904303E-06  8.616449217E-07 -5.210108538E-08  1.709719542E-05
  1.336200000E-01  2.499995091E+02  7.308621371E-09  4.300199421E-08  2.363901107E-10  4.041242119E-09  1.471493548E-09 -8.193672503E-09  9.653598491E-05 -4.259916372E-08  5.050536135E-06 -7.937950642E-08 -6.098898980E-06  6.473963707E-09  2.814543614E-08 -1.313561277E-09  2.302302690E-09  9.379758067E-05  6.422697096E-07 -3.355904303E-06  8.616449217E-07 -5.210108534E-08  1.709719542E-05
  1.339600000E-01  2.499995091E+02  7.308681065E-09  4.306894667E-08  2.363633715E-10  4.044744918E-09  1.471438490E-09 -8.197902401E-09  9.653598491E-05 -4.259566092E-08  5.050536135E-06 -7.937950652E-08 -6.098898980E-06  6.474002793E-09  2.821048937E-08 -1.313115835E-09  2.299975208E-09  9.379758067E-05  6.422697097E-07 -3.355904303E-06  8.616449217E-07 -5.210108531E-08  1.709719542E-05
  1.343000000E-01  2.499995091E+02  7.308740852E-09  4.313589912E-08  2.363366372E-10  4.048247718E-09  1.471383431E-09 -8.202132300E-09  9.653598491E-05 -4.259215812E-08  5.050536135E-06 -7.937950663E-08 -6.098898980E-06  6.474041969E-09  2.827554259E-08 -1.312670394E-09  2.297647727E-09  9.379758067E-05  6.422697097E-07 -3.355904303E-06  8.616449217E-07 -5.210108527E-08  1.709719542E-05
  1.346400000E-01  2.499995091E+02  7.308800732E-09  4.320285158E-08  2.363099077E-10  4.051750518E-09  1.471328372E-09 -8.206362199E-09  9.653598491E-05 -4.258865532E-08  5.050536135E-06 -7.937950673E-08 -6.098898980E-06  6.474081236E-09  2.834059582E-08 -1.312224952E-09  2.295320246E-09  9.379758067E-05  6.422697097E-07 -3.355904303E-06  8.616449217E-07 -5.210108523E-08  1.709719542E-05
  1.349800000E-01  2.499995091E+02  7.308860705E-09  4.326980403E-08  2.362831831E-10  4.055253318E-09  1.471273313E-09 -8.210592098E-09  9.653598491E-05 -4.258515252E-08  5.050536135E-06 -7.937950683E-08 -6.098898980E-06  6.474120593E-09  2.840564904E-08 -1.311779511E-09  2.292992764E-09  9.379758067E-05  6.422697098E-07 -3.355904303E-06  8.616449217E-07 -5.210108519E-08  1.709719542E-05
  1.353200000E-01  2.499995091E+02  7.308920770E-09  4.333675649E-08  2.362564633E-10  4.058756118E-09  1.471218254E-09 -8.214821997E-09  9.653598491E-05 -4.258164972E-08  5.050536135E-06 -7.937950693E-08 -6.098898980E-06  6.474160040E-09  2.847070227E-08 -1.311334070E-09  2.290665283E-09  9.379758067E-05  6.422697098E-07 -3.355904303E-06  8.616449217E-07 -5.210108515E-08  1.709719542E-05
  1.356600000E-01  2.499995091E+02  7.308980929E-09  4.340370895E-08  2.362297484E-10  4.062258918E-09  1.471163195E-09 -8.219051895E-09  9.653598491E-05 -4.257814692E-08  5.050536135E-06 -7.937950703E-08 -6.098898980E-06  6.474199577E-09  2.853575549E-08 -1.310888628E-09  2.288337801E-09  9.379758067E-05  6.422697099E-07 -3.355904303E-06  8.616449217E-07 -5.210108511E-08  1.709719542E-05
  1.360000000E-01  2.499995091E+02  7.309041180E-09  4.347066140E-08  2.362030384E-10  4.065761717E-09  1.471108136E-09 -8.223281794E-09  9.653598491E-05 -4.257464412E-08  5.050536135E-06 -7.937950713E-08 -6.098898980E-06  6.474239204E-09  2.860080871E-08 -1.310443187E-09  2.286010320E-09  9.379758067E-05  6.422697099E-07 -3.355904303E-06  8.616449217E-07 -5.210108507E-08  1.709719542E-05
  1.363400000E-01  2.499995091E+02  7.309101524E-09  4.353761386E-08  2.361763332E-10  4.069264517E-09  1.471053077E-09 -8.227511693E-09  9.653598491E-05 -4.257114132E-08  5.050536135E-06 -7.937950723E-08 -6.098898980E-06  6.474278922E-09  2.866586194E-08 -1.309997745E-09  2.283682839E-09  9.379758067E-05  6.422697099E-07 -3.355904303E-06  8.616449217E-07 -5.210108503E-08  1.709719542E-05
  1.366800000E-01  2.499995091E+02  7.309161961E-09  4.360456632E-08  2.361496329E-10  4.072767317E-09  1.470998018E-09 -8.231741592E-09  9.653598491E-05 -4.256763852E-08  5.050536135E-06 -7.937950733E-08 -6.098898980E-06  6.474318730E-09  2.873091516E-08 -1.309552304E-09  2.281355357E-09  9.379758067E-05  6.422697100E-07 -3.355904303E-06  8.616449217E-07 -5.210108500E-08  1.709719542E-05
  1.370200000E-01  2.499995091E+02  7.309222491E-09  4.367151877E-08  2.361229374E-10  4.076270117E-09  1.470942959E-09 -8.235971491E-09  9.653598491E-05 -4.256413572E-08  5.050536135E-06 -7.937950743E-08 -6.098898980E-06  6.474358628E-09  2.879596839E-08 -1.309106862E-09  2.279027876E-09  9.379758067E-05  6.422697100E-07 -3.355904303E-06  8.616449217E-07 -5.210108496E-08  1.709719542E-05
  1.373600000E-01  2.499995091E+02  7.309283114E-09  4.373847123E-08  2.360962468E-10  4.079772917E-09  1.470887901E-09 -8.240201389E-09  9.653598491E-05 -4.256063292E-08  5.050536135E-06 -7.937950754E-08 -6.098898980E-06  6.474398617E-09  2.886102161E-08 -1.308661421E-09  2.276700394E-09  9.379758067E-05  6.422697100E-07 -3.355904303E-06  8.616449217E-07 -5.210108492E-08  1.709719542E-05
  1.377000000E-01  2.499995091E+02  7.309343830E-09  4.380542368E-08  2.360695610E-10  4.083275716E-09  1.470832842E-09 -8.244431288E-09  9.653598491E-05 -4.255713012E-08  5.050536135E-06 -7.937950764E-08 -6.098898980E-06  6.474438696E-09  2.892607484E-08 -1.308215980E-09  2.274372913E-09  9.379758067E-05  6.422697101E-07 -3.355904303E-06  8.616449217E-07 -5.210108488E-08  1.709719542E-05
  1.380400000E-01  2.499995091E+02  7.309404638E-09  4.387237614E-08  2.360428802E-10  4.086778516E-09  1.470777783E-09 -8.248661187E-09  9.653598491E-05 -4.255362732E-08  5.050536135E-06 -7.937950774E-08 -6.098898980E-06  6.474478865E-09  2.899112806E-08 -1.307770538E-09  2.272045431E-09  9.379758067E-05  6.422697101E-07 -3.355904303E-06  8.616449217E-07 -5.210108484E-08  1.709719542E-05
  1.383800000E-01  2.499995091E+02  7.309465540E-09  4.393932860E-08  2.360162041E-10  4.090281316E-09  1.470722724E-09 -8.252891086E-09  9.653598491E-05 -4.255012452E-08  5.050536135E-06 -7.937950784E-08 -6.098898980E-06  6.474519124E-09  2.905618128E-08 -1.307325097E-09  2.269717950E-09  9.379758067E-05  6.422697101E-07 -3.355904303E-06  8.616449217E-07 -5.210108480E-08  1.709719542E-05
  1.387200000E-01  2.499995091E+02  7.309526534E-09  4.400628105E-08  2.359895330E-10  4.093784116E-09  1.470667665E-09 -8.257120985E-09  9.653598491E-05 -4.254662172E-08  5.050536135E-06 -7.937950794E-08 -6.098898980E-06  6.474559473E-09  2.912123451E-08 -1.306879655E-09  2.267390469E-09  9.379758067E-05  6.422697102E-07 -3.355904303E-06  8.616449217E-07 -5.210108476E-08  1.709719542E-05
  1.390600000E-01  2.499995091E+02  7.309587621E-09  4.407323351E-08  2.359628666E-10  4.097286916E-09  1.470612606E-09 -8.261350883E-09  9.653598491E-05 -4.254311892E-08  5.050536135E-06 -7.937950804E-08 -6.098898980E-06  6.474599913E-09  2.918628773E-08 -1.306434214E-09  2.265062987E-09  9.379758067E-05  6.422697102E-07 -3.355904303E-06  8.616449217E-07 -5.210108473E-08  1.709719542E-05
  1.394000000E-01  2.499995091E+02  7.309648801E-09  4.414018597E-08  2.359362052E-10  4.100789716E-09  1.470557547E-09 -8.265580782E-09  9.653598491E-05 -4.253961612E-08  5.050536135E-06 -7.937950814E-08 -6.098898980E-06  6.474640443E-09  2.925134096E-08 -1.305988772E-09  2.262735506E-09  9.379758067E-05  6.422697103E-07 -3.355904303E-06  8.616449216E-07 -5.210108469E-08  1.709719542E-05
  1.397400000E-01  2.499995091E+02  7.309710074E-09  4.420713842E-08  2.359095486E-10  4.104292515E-09  1.470502488E-09 -8.269810681E-09  9.653598491E-05 -4.253611332E-08  5.050536135E-06 -7.937950824E-08 -6.098898980E-06  6.474681063E-09  2.931639418E-08 -1.305543331E-09  2.260408024E-09  9.379758067E-05  6.422697103E-07 -3.355904303E-06  8.616449216E-07 -5.210108465E-08  1.709719542E-05
  1.400800000E-01  2.499995091E+02  7.309771440E-09  4.427409088E-08  2.358828968E-10  4.107795315E-09  1.470447429E-09 -8.274040580E-09  9.653598491E-05 -4.253261052E-08  5.050536135E-06 -7.937950835E-08 -6.098898980E-06  6.474721773E-09  2.938144741E-08 -1.305097889E-09  2.258080543E-09  9.379758067E-05  6.422697103E-07 -3.355904303E-06  8.616449216E-07 -5.210108461E-08  1.709719542E-05
  1.404200000E-01  2.499995091E+02  7.309832898E-09  4.434104333E-08  2.358562500E-10  4.111298115E-09  1.470392370E-09 -8.278270478E-09  9.653598491E-05 -4.252910772E-08  5.050536135E-06 -7.937950845E-08 -6.098898980E-06  6.474762574E-09  2.944650063E-08 -1.304652448E-09  2.255753062E-09  9.379758067E-05  6.422697104E-07 -3.355904303E-06  8.616449216E-07 -5.210108457E-08  1.709719542E-05
  1.407600000E-01  2.499995091E+02  7.309894450E-09  4.440799579E-08  2.358296079E-10  4.114800915E-09  1.470337312E-09 -8.282500377E-09  9.653598491E-05 -4.252560492E-08  5.050536135E-06 -7.937950855E-08 -6.098898980E-06  6.474803465E-09  2.951155386E-08 -1.304207007E-09  2.253425580E-09  9.379758067E-05  6.422697104E-07 -3.355904303E-06  8.616449216E-07 -5.210108453E-08  1.709719542E-05
  1.411000000E-01  2.499995091E+02  7.309956094E-09  4.447494825E-08  2.358029708E-10  4.118303715E-09  1.470282253E-09 -8.286730276E-09  9.653598491E-05 -4.252210212E-08  5.050536135E-06 -7.937950865E-08 -6.098898980E-06  6.474844446E-09  2.957660708E-08 -1.303761565E-09  2.251098099E-09  9.379758067E-05  6.422697104E-07 -3.355904303E-06  8.616449216E-07 -5.210108449E-08  1.709719542E-05
  1.414400000E-01  2.499995091E+02  7.310017831E-09  4.454190070E-08  2.357763385E-10  4.121806515E-09  1.470227194E-09 -8.290960175E-09  9.653598491E-05 -4.251859932E-08  5.050536135E-06 -7.937950875E-08 -6.098898980E-06  6.474885517E-09  2.964166030E-08 -1.303316124E-09  2.248770617E-09  9.379758067E-05  6.422697105E-07 -3.355904303E-06  8.616449216E-07 -5.210108446E-08  1.709719542E-05
  1.417800000E-01  2.499995091E+02  7.310079661E-09  4.460885316E-08  2.357497110E-10  4.125309314E-09  1.470172135E-09 -8.295190074E-09  9.653598491E-05 -4.251509652E-08  5.050536135E-06 -7.937950885E-08 -6.098898980E-06  6.474926679E-09  2.970671353E-08 -1.302870682E-09  2.246443136E-09  9.379758067E-05  6.422697105E-07 -3.355904303E-06  8.616449216E-07 -5.210108442E-08  1.709719542E-05
  1.421200000E-01  2.499995091E+02  7.310141584E-09  4.467580562E-08  2.357230885E-10  4.128812114E-09  1.470117076E-09 -8.299419972E-09  9.653598491E-05 -4.251159372E-08  5.050536135E-06 -7.937950895E-08 -6.098898980E-06  6.474967930E-09  2.977176675E-08 -1.302425241E-09  2.244115654E-09  9.379758067E-05  6.422697106E-07 -3.355904303E-06  8.616449216E-07 -5.210108438E-08  1.709719542E-05
  1.424600000E-01  2.499995091E+02  7.310203600E-09  4.474275807E-08  2.356964707E-10  4.132314914E-09  1.470062017E-09 -8.303649871E-09  9.653598491E-05 -4.250809092E-08  5.050536135E-06 -7.937950905E-08 -6.098898980E-06  6.475009272E-09  2.983681998E-08 -1.301979799E-09  2.241788173E-09  9.379758067E-05  6.422697106E-07 -3.355904303E-06  8.616449216E-07 -5.210108434E-08  1.709719542E-05
  1.428000000E-01  2.499995091E+02  7.310265709E-09  4.480971053E-08  2.356698579E-10  4.135817714E-09  1.470006958E-09 -8.307879770E-09  9.653598491E-05 -4.250458812E-08  5.050536135E-06 -7.937950915E-08 -6.098898980E-06  6.475050705E-09  2.990187320E-08 -1.301534358E-09  2.239460692E-09  9.379758067E-05  6.422697106E-07 -3.355904303E-06  8.616449216E-07 -5.210108430E-08  1.709719542E-05
  1.431400000E-01  2.499995091E+02  7.310327911E-09  4.487666298E-08  2.356432498E-10  4.139320514E-09  1.469951899E-09 -8.312109669E-09  9.653598491E-05 -4.250108532E-08  5.050536135E-06 -7.937950926E-08 -6.098898980E-06  6.475092227E-09  2.996692643E-08 -1.301088916E-09  2.237133210E-09  9.379758067E-05  6.422697107E-07 -3.355904303E-06  8.616449216E-07 -5.210108426E-08  1.709719542E-05
  1.434800000E-01  2.499995091E+02  7.310390205E-09  4.494361544E-08  2.356166467E-10  4.142823313E-09  1.469896840E-09 -8.316339568E-09  9.653598491E-05 -4.249758252E-08  5.050536135E-06 -7.937950936E-08 -6.098898980E-06  6.475133840E-09  3.003197965E-08 -1.300643475E-09  2.234805729E-09  9.379758067E-05  6.422697107E-07 -3.355904303E-06  8.616449216E-07 -5.210108422E-08  1.709719542E-05
  1.438200000E-01  2.499995091E+02  7.310452592E-09  4.501056790E-08  2.355900484E-10  4.146326113E-09  1.469841781E-09 -8.320569466E-09  9.653598491E-05 -4.249407972E-08  5.050536135E-06 -7.937950946E-08 -6.098898980E-06  6.475175543E-09  3.009703287E-08 -1.300198034E-09  2.232478247E-09  9.379758067E-05  6.422697107E-07 -3.355904303E-06  8.616449216E-07 -5.210108419E-08  1.709719542E-05
  1.441600000E-01  2.499995091E+02  7.310515073E-09  4.507752035E-08  2.355634550E-10  4.149828913E-09  1.469786723E-09 -8.324799365E-09  9.653598491E-05 -4.249057692E-08  5.050536135E-06 -7.937950956E-08 -6.098898980E-06  6.475217336E-09  3.016208610E-08 -1.299752592E-09  2.230150766E-09  9.379758067E-05  6.422697108E-07 -3.355904303E-06  8.616449216E-07 -5.210108415E-08  1.709719542E-05
  1.445000000E-01  2.499995091E+02  7.310577646E-09  4.514447281E-08  2.355368664E-10  4.153331713E-09  1.469731664E-09 -8.329029264E-09  9.653598491E-05 -4.248707412E-08  5.050536135E-06 -7.937950966E-08 -6.098898980E-06  6.475259219E-09  3.022713932E-08 -1.299307151E-09  2.227823285E-09  9.379758067E-05  6.422697108E-07 -3.355904303E-06  8.616449216E-07 -5.210108411E-08  1.709719542E-05
  1.448400000E-01  2.499995091E+02  7.310640312E-09  4.521142527E-08  2.355102827E-10  4.156834513E-09  1.469676605E-09 -8.333259163E-09  9.653598491E-05 -4.248357132E-08  5.050536135E-06 -7.937950976E-08 -6.098898980E-06  6.475301193E-09  3.029219255E-08 -1.298861709E-09  2.225495803E-09  9.379758067E-05  6.422697108E-07 -3.355904303E-06  8.616449216E-07 -5.210108407E-08  1.709719542E-05
  1.451800000E-01  2.499995091E+02  7.310703070E-09  4.527837772E-08  2.354837038E-10  4.160337313E-09  1.469621546E-09 -8.337489062E-09  9.653598491E-05 -4.248006852E-08  5.050536135E-06 -7.937950986E-08 -6.098898980E-06  6.475343257E-09  3.035724577E-08 -1.298416268E-09  2.223168322E-09  9.379758067E-05  6.422697109E-07 -3.355904303E-06  8.616449216E-07 -5.210108403E-08  1.709719542E-05
  1.455200000E-01  2.499995091E+02  7.310765922E-09  4.534533018E-08  2.354571298E-10  4.163840112E-09  1.469566487E-09 -8.341718960E-09  9.653598491E-05 -4.247656572E-08  5.050536135E-06 -7.937950996E-08 -6.098898980E-06  6.475385411E-09  3.042229900E-08 -1.297970826E-09  2.220840840E-09  9.379758067E-05  6.422697109E-07 -3.355904303E-06  8.616449216E-07 -5.210108399E-08  1.709719542E-05
  1.458600000E-01  2.499995091E+02  7.310828867E-09  4.541228263E-08  2.354305607E-10  4.167342912E-09  1.469511428E-09 -8.345948859E-09  9.653598491E-05 -4.247306292E-08  5.050536135E-06 -7.937951006E-08 -6.098898980E-06  6.475427655E-09  3.048735222E-08 -1.297525385E-09  2.218513359E-09  9.379758067E-05  6.422697110E-07 -3.355904303E-06  8.616449216E-07 -5.210108395E-08  1.709719542E-05
  1.462000000E-01  2.499995091E+02  7.310891904E-09  4.547923509E-08  2.354039964E-10  4.170845712E-09  1.469456369E-09 -8.350178758E-09  9.653598491E-05 -4.246956012E-08  5.050536135E-06 -7.937951017E-08 -6.098898980E-06  6.475469990E-09  3.055240544E-08 -1.297079943E-09  2.216185878E-09  9.379758067E-05  6.422697110E-07 -3.355904303E-06  8.616449215E-07 -5.210108392E-08  1.709719542E-05
  1.465400000E-01  2.499995091E+02  7.310955034E-09  4.554618755E-08  2.353774370E-10  4.174348512E-09  1.469401310E-09 -8.354408657E-09  9.653598491E-05 -4.246605732E-08  5.050536135E-06 -7.937951027E-08 -6.098898980E-06  6.475512415E-09  3.061745867E-08 -1.296634502E-09  2.213858396E-09  9.379758067E-05  6.422697110E-07 -3.355904303E-06  8.616449215E-07 -5.210108388E-08  1.709719542E-05
  1.468800000E-01  2.499995091E+02  7.311018257E-09  4.561314000E-08  2.353508824E-10  4.177851312E-09  1.469346251E-09 -8.358638556E-09  9.653598491E-05 -4.246255452E-08  5.050536135E-06 -7.937951037E-08 -6.098898980E-06  6.475554930E-09  3.068251189E-08 -1.296189061E-09  2.211530915E-09  9.379758067E-05  6.422697111E-07 -3.355904303E-06  8.616449215E-07 -5.210108384E-08  1.709719542E-05
  1.472200000E-01  2.499995091E+02  7.311081573E-09  4.568009246E-08  2.353243327E-10  4.181354111E-09  1.469291192E-09 -8.362868454E-09  9.653598491E-05 -4.245905172E-08  5.050536135E-06 -7.937951047E-08 -6.098898980E-06  6.475597535E-09  3.074756512E-08 -1.295743619E-09  2.209203433E-09  9.379758067E-05  6.422697111E-07 -3.355904303E-06  8.616449215E-07 -5.210108380E-08  1.709719542E-05
  1.475600000E-01  2.499995091E+02  7.311144982E-09  4.574704491E-08  2.352977879E-10  4.184856911E-09  1.469236134E-09 -8.367098353E-09  9.653598491E-05 -4.245554892E-08  5.050536135E-06 -7.937951057E-08 -6.098898980E-06  6.475640231E-09  3.081261834E-08 -1.295298178E-09  2.206875952E-09  9.379758067E-05  6.422697111E-07 -3.355904303E-06  8.616449215E-07 -5.210108376E-08  1.709719542E-05
  1.479000000E-01  2.499995091E+02  7.311208484E-09  4.581399737E-08  2.352712479E-10  4.188359711E-09  1.469181075E-09 -8.371328252E-09  9.653598491E-05 -4.245204612E-08  5.050536135E-06 -7.937951067E-08 -6.098898980E-06  6.475683017E-09  3.087767157E-08 -1.294852736E-09  2.204548470E-09  9.379758067E-05  6.422697112E-07 -3.355904303E-06  8.616449215E-07 -5.210108372E-08  1.709719542E-05
  1.482400000E-01  2.499995091E+02  7.311272079E-09  4.588094983E-08  2.352447127E-10  4.191862511E-09  1.469126016E-09 -8.375558151E-09  9.653598491E-05 -4.244854332E-08  5.050536135E-06 -7.937951077E-08 -6.098898980E-06  6.475725893E-09  3.094272479E-08 -1.294407295E-09  2.202220989E-09  9.379758067E-05  6.422697112E-07 -3.355904303E-06  8.616449215E-07 -5.210108368E-08  1.709719542E-05
  1.485800000E-01  2.499995091E+02  7.311335766E-09  4.594790228E-08  2.352181825E-10  4.195365311E-09  1.469070957E-09 -8.379788050E-09  9.653598491E-05 -4.244504052E-08  5.050536135E-06 -7.937951087E-08 -6.098898980E-06  6.475768859E-09  3.100777802E-08 -1.293961853E-09  2.199893508E-09  9.379758067E-05  6.422697112E-07 -3.355904303E-06  8.616449215E-07 -5.210108365E-08  1.709719542E-05
  1.489200000E-01  2.499995091E+02  7.311399547E-09  4.601485474E-08  2.351916571E-10  4.198868111E-09  1.469015898E-09 -8.384017948E-09  9.653598491E-05 -4.244153772E-08  5.050536135E-06 -7.937951097E-08 -6.098898980E-06  6.475811915E-09  3.107283124E-08 -1.293516412E-09  2.197566026E-09  9.379758067E-05  6.422697113E-07 -3.355904303E-06  8.616449215E-07 -5.210108361E-08  1.709719542E-05
  1.492600000E-01  2.499995091E+02  7.311463420E-09  4.608180720E-08  2.351651365E-10  4.202370910E-09  1.468960839E-09 -8.388247847E-09  9.653598491E-05 -4.243803492E-08  5.050536135E-06 -7.937951108E-08 -6.098898980E-06  6.475855062E-09  3.113788446E-08 -1.293070970E-09  2.195238545E-09  9.379758067E-05  6.422697113E-07 -3.355904303E-06  8.616449215E-07 -5.210108357E-08  1.709719542E-05
  1.496000000E-01  2.499995091E+02  7.311527386E-09  4.614875965E-08  2.351386208E-10  4.205873710E-09  1.468905780E-09 -8.392477746E-09  9.653598491E-05 -4.243453212E-08  5.050536135E-06 -7.937951118E-08 -6.098898980E-06  6.475898299E-09  3.120293769E-08 -1.292625529E-09  2.192911063E-09  9.379758067E-05  6.422697114E-07 -3.355904303E-06  8.616449215E-07 -5.210108353E-08  1.709719542E-05
  1.499400000E-01  2.499995091E+02  7.311591445E-09  4.621571211E-08  2.351121100E-10  4.209376510E-09  1.468850721E-09 -8.396707645E-09  9.653598491E-05 -4.243102932E-08  5.050536135E-06 -7.937951128E-08 -6.098898980E-06  6.475941626E-09  3.126799091E-08 -1.292180088E-09  2.190583582E-09  9.379758067E-05  6.422697114E-07 -3.355904303E-06  8.616449215E-07 -5.210108349E-08  1.709719542E-05
  1.502800000E-01  2.499995091E+02  7.311655597E-09  4.628266456E-08  2.350856040E-10  4.212879310E-09  1.468795662E-09 -8.400937543E-09  9.653598491E-05 -4.242752652E-08  5.050536135E-06 -7.937951138E-08 -6.098898980E-06  6.475985044E-09  3.133304414E-08 -1.291734646E-09  2.188256101E-09  9.379758067E-05  6.422697114E-07 -3.355904303E-06  8.616449215E-07 -5.210108345E-08  1.709719542E-05
  1.506200000E-01  2.499995091E+02  7.311719842E-09  4.634961702E-08  2.350591029E-10  4.216382110E-09  1.468740603E-09 -8.405167442E-09  9.653598491E-05 -4.242402372E-08  5.050536135E-06 -7.937951148E-08 -6.098898980E-06  6.476028551E-09  3.139809736E-08 -1.291289205E-09  2.185928619E-09  9.379758067E-05  6.422697115E-07 -3.355904303E-06  8.616449215E-07 -5.210108341E-08  1.709719542E-05
  1.509600000E-01  2.499995091E+02  7.311784179E-09  4.641656948E-08  2.350326066E-10  4.219884909E-09  1.468685544E-09 -8.409397341E-09  9.653598491E-05 -4.242052092E-08  5.050536135E-06 -7.937951158E-08 -6.098898980E-06  6.476072149E-09  3.146315059E-08 -1.290843763E-09  2.183601138E-09  9.379758067E-05  6.422697115E-07 -3.355904303E-06  8.616449215E-07 -5.210108337E-08  1.709719542E-05
  1.513000000E-01  2.499995091E+02  7.311848610E-09  4.648352193E-08  2.350061152E-10  4.223387709E-09  1.468630486E-09 -8.413627240E-09  9.653598491E-05 -4.241701812E-08  5.050536135E-06 -7.937951168E-08 -6.098898980E-06  6.476115837E-09  3.152820381E-08 -1.290398322E-09  2.181273656E-09  9.379758067E-05  6.422697115E-07 -3.355904303E-06  8.616449215E-07 -5.210108334E-08  1.709719542E-05
  1.516400000E-01  2.499995091E+02  7.311913133E-09  4.655047439E-08  2.349796287E-10  4.226890509E-09  1.468575427E-09 -8.417857139E-09  9.653598491E-05 -4.241351532E-08  5.050536135E-06 -7.937951178E-08 -6.098898980E-06  6.476159616E-09  3.159325703E-08 -1.289952880E-09  2.178946175E-09  9.379758067E-05  6.422697116E-07 -3.355904303E-06  8.616449215E-07 -5.210108330E-08  1.709719542E-05
  1.519800000E-01  2.499995091E+02  7.311977749E-09  4.661742685E-08  2.349531470E-10  4.230393309E-09  1.468520368E-09 -8.422087037E-09  9.653598491E-05 -4.241001252E-08  5.050536135E-06 -7.937951189E-08 -6.098898980E-06  6.476203484E-09  3.165831026E-08 -1.289507439E-09  2.176618693E-09  9.379758067E-05  6.422697116E-07 -3.355904303E-06  8.616449215E-07 -5.210108326E-08  1.709719542E-05
  1.523200000E-01  2.499995091E+02  7.312042458E-09  4.668437930E-08  2.349266702E-10  4.233896109E-09  1.468465309E-09 -8.426316936E-09  9.653598491E-05 -4.240650972E-08  5.050536135E-06 -7.937951199E-08 -6.098898980E-06  6.476247443E-09  3.172336348E-08 -1.289061997E-09  2.174291212E-09  9.379758067E-05  6.422697117E-07 -3.355904303E-06  8.616449215E-07 -5.210108322E-08  1.709719542E-05
  1.526600000E-01  2.499995091E+02  7.312107260E-09  4.675133176E-08  2.349001982E-10  4.237398909E-09  1.468410250E-09 -8.430546835E-09  9.653598491E-05 -4.240300692E-08  5.050536135E-06 -7.937951209E-08 -6.098898980E-06  6.476291492E-09  3.178841671E-08 -1.288616556E-09  2.171963731E-09  9.379758067E-05  6.422697117E-07 -3.355904303E-06  8.616449214E-07 -5.210108318E-08  1.709719542E-05
  1.530000000E-01  2.499995091E+02  7.312172155E-09  4.681828421E-08  2.348737311E-10  4.240901708E-09  1.468355191E-09 -8.434776734E-09  9.653598491E-05 -4.239950412E-08  5.050536135E-06 -7.937951219E-08 -6.098898980E-06  6.476335631E-09  3.185346993E-08 -1.288171115E-09  2.169636249E-09  9.379758067E-05  6.422697117E-07 -3.355904303E-06  8.616449214E-07 -5.210108314E-08  1.709719542E-05
  1.533400000E-01  2.499995091E+02  7.312237143E-09  4.688523667E-08  2.348472689E-10  4.244404508E-09  1.468300132E-09 -8.439006633E-09  9.653598491E-05 -4.239600132E-08  5.050536135E-06 -7.937951229E-08 -6.098898980E-06  6.476379861E-09  3.191852316E-08 -1.287725673E-09  2.167308768E-09  9.379758067E-05  6.422697118E-07 -3.355904303E-06  8.616449214E-07 -5.210108310E-08  1.709719542E-05
  1.536800000E-01  2.499995091E+02  7.312302223E-09  4.695218913E-08  2.348208115E-10  4.247907308E-09  1.468245073E-09 -8.443236531E-09  9.653598491E-05 -4.239249852E-08  5.050536135E-06 -7.937951239E-08 -6.098898980E-06  6.476424181E-09  3.198357638E-08 -1.287280232E-09  2.164981286E-09  9.379758067E-05  6.422697118E-07 -3.355904303E-06  8.616449214E-07 -5.210108307E-08  1.709719542E-05
  1.540200000E-01  2.499995091E+02  7.312367397E-09  4.701914158E-08  2.347943589E-10  4.251410108E-09  1.468190014E-09 -8.447466430E-09  9.653598491E-05 -4.238899572E-08  5.050536135E-06 -7.937951249E-08 -6.098898980E-06  6.476468591E-09  3.204862961E-08 -1.286834790E-09  2.162653805E-09  9.379758067E-05  6.422697118E-07 -3.355904303E-06  8.616449214E-07 -5.210108303E-08  1.709719542E-05
  1.543600000E-01  2.499995091E+02  7.312432663E-09  4.708609404E-08  2.347679113E-10  4.254912908E-09  1.468134955E-09 -8.451696329E-09  9.653598491E-05 -4.238549292E-08  5.050536135E-06 -7.937951259E-08 -6.098898980E-06  6.476513091E-09  3.211368283E-08 -1.286389349E-09  2.160326324E-09  9.379758067E-05  6.422697119E-07 -3.355904303E-06  8.616449214E-07 -5.210108299E-08  1.709719542E-05
  1.547000000E-01  2.499995091E+02  7.312498022E-09  4.715304650E-08  2.347414685E-10  4.258415707E-09  1.468079897E-09 -8.455926228E-09  9.653598491E-05 -4.238199012E-08  5.050536135E-06 -7.937951269E-08 -6.098898980E-06  6.476557681E-09  3.217873605E-08 -1.285943907E-09  2.157998842E-09  9.379758067E-05  6.422697119E-07 -3.355904303E-06  8.616449214E-07 -5.210108295E-08  1.709719542E-05
  1.550400000E-01  2.499995091E+02  7.312563474E-09  4.721999895E-08  2.347150305E-10  4.261918507E-09  1.468024838E-09 -8.460156127E-09  9.653598491E-05 -4.237848732E-08  5.050536135E-06 -7.937951280E-08 -6.098898980E-06  6.476602362E-09  3.224378928E-08 -1.285498466E-09  2.155671361E-09  9.379758067E-05  6.422697119E-07 -3.355904303E-06  8.616449214E-07 -5.210108291E-08  1.709719542E-05
  1.553800000E-01  2.499995091E+02  7.312629019E-09  4.728695141E-08  2.346885974E-10  4.265421307E-09  1.467969779E-09 -8.464386025E-09  9.653598491E-05 -4.237498452E-08  5.050536135E-06 -7.937951290E-08 -6.098898980E-06  6.476647133E-09  3.230884250E-08 -1.285053024E-09  2.153343879E-09  9.379758067E-05  6.422697120E-07 -3.355904303E-06  8.616449214E-07 -5.210108287E-08  1.709719542E-05
  1.557200000E-01  2.499995091E+02  7.312694657E-09  4.735390386E-08  2.346621692E-10  4.268924107E-09  1.467914720E-09 -8.468615924E-09  9.653598491E-05 -4.237148172E-08  5.050536135E-06 -7.937951300E-08 -6.098898980E-06  6.476691994E-09  3.237389573E-08 -1.284607583E-09  2.151016398E-09  9.379758067E-05  6.422697120E-07 -3.355904303E-06  8.616449214E-07 -5.210108283E-08  1.709719542E-05
  1.560600000E-01  2.499995091E+02  7.312760387E-09  4.742085632E-08  2.346357458E-10  4.272426907E-09  1.467859661E-09 -8.472845823E-09  9.653598491E-05 -4.236797892E-08  5.050536135E-06 -7.937951310E-08 -6.098898980E-06  6.476736946E-09  3.243894895E-08 -1.284162142E-09  2.148688916E-09  9.379758067E-05  6.422697121E-07 -3.355904303E-06  8.616449214E-07 -5.210108280E-08  1.709719542E-05
  1.564000000E-01  2.499995091E+02  7.312826211E-09  4.748780878E-08  2.346093273E-10  4.275929707E-09  1.467804602E-09 -8.477075722E-09  9.653598491E-05 -4.236447612E-08  5.050536135E-06 -7.937951320E-08 -6.098898980E-06  6.476781987E-09  3.250400218E-08 -1.283716700E-09  2.146361435E-09  9.379758067E-05  6.422697121E-07 -3.355904303E-06  8.616449214E-07 -5.210108276E-08  1.709719542E-05
  1.567400000E-01  2.499995091E+02  7.312892127E-09  4.755476123E-08  2.345829136E-10  4.279432506E-09  1.467749543E-09 -8.481305621E-09  9.653598491E-05 -4.236097332E-08  5.050536135E-06 -7.937951330E-08 -6.098898980E-06  6.476827119E-09  3.256905540E-08 -1.283271259E-09  2.144033954E-09  9.379758067E-05  6.422697121E-07 -3.355904303E-06  8.616449214E-07 -5.210108272E-08  1.709719542E-05
  1.570800000E-01  2.499995091E+02  7.312958136E-09  4.762171369E-08  2.345565048E-10  4.282935306E-09  1.467694484E-09 -8.485535519E-09  9.653598491E-05 -4.235747052E-08  5.050536135E-06 -7.937951340E-08 -6.098898980E-06  6.476872341E-09  3.263410862E-08 -1.282825817E-09  2.141706472E-09  9.379758067E-05  6.422697122E-07 -3.355904303E-06  8.616449214E-07 -5.210108268E-08  1.709719542E-05
  1.574200000E-01  2.499995091E+02  7.313024238E-09  4.768866615E-08  2.345301009E-10  4.286438106E-09  1.467639425E-09 -8.489765418E-09  9.653598491E-05 -4.235396772E-08  5.050536135E-06 -7.937951350E-08 -6.098898980E-06  6.476917654E-09  3.269916185E-08 -1.282380376E-09  2.139378991E-09  9.379758067E-05  6.422697122E-07 -3.355904303E-06  8.616449214E-07 -5.210108264E-08  1.709719542E-05
  1.577600000E-01  2.499995091E+02  7.313090433E-09  4.775561860E-08  2.345037018E-10  4.289940906E-09  1.467584366E-09 -8.493995317E-09  9.653598491E-05 -4.235046492E-08  5.050536135E-06 -7.937951360E-08 -6.098898980E-06  6.476963056E-09  3.276421507E-08 -1.281934934E-09  2.137051509E-09  9.379758067E-05  6.422697122E-07 -3.355904303E-06  8.616449214E-07 -5.210108260E-08  1.709719542E-05
  1.581000000E-01  2.499995091E+02  7.313156721E-09  4.782257106E-08  2.344773076E-10  4.293443706E-09  1.467529307E-09 -8.498225216E-09  9.653598491E-05 -4.234696212E-08  5.050536135E-06 -7.937951371E-08 -6.098898980E-06  6.477008549E-09  3.282926830E-08 -1.281489493E-09  2.134724028E-09  9.379758067E-05  6.422697123E-07 -3.355904303E-06  8.616449214E-07 -5.210108256E-08  1.709719542E-05
  1.584400000E-01  2.499995091E+02  7.313223102E-09  4.788952351E-08  2.344509182E-10  4.296946505E-09  1.467474249E-09 -8.502455115E-09  9.653598491E-05 -4.234345932E-08  5.050536135E-06 -7.937951381E-08 -6.098898980E-06  6.477054132E-09  3.289432152E-08 -1.281044051E-09  2.132396547E-09  9.379758067E-05  6.422697123E-07 -3.355904303E-06  8.616449214E-07 -5.210108253E-08  1.709719542E-05
  1.587800000E-01  2.499995091E+02  7.313289576E-09  4.795647597E-08  2.344245337E-10  4.300449305E-09  1.467419190E-09 -8.506685013E-09  9.653598491E-05 -4.233995652E-08  5.050536135E-06 -7.937951391E-08 -6.098898980E-06  6.477099805E-09  3.295937475E-08 -1.280598610E-09  2.130069065E-09  9.379758067E-05  6.422697123E-07 -3.355904303E-06  8.616449214E-07 -5.210108249E-08  1.709719542E-05
  1.591200000E-01  2.499995091E+02  7.313356142E-09  4.802342843E-08  2.343981540E-10  4.303952105E-09  1.467364131E-09 -8.510914912E-09  9.653598491E-05 -4.233645372E-08  5.050536135E-06 -7.937951401E-08 -6.098898980E-06  6.477145569E-09  3.302442797E-08 -1.280153168E-09  2.127741584E-09  9.379758067E-05  6.422697124E-07 -3.355904303E-06  8.616449213E-07 -5.210108245E-08  1.709719542E-05
  1.594600000E-01  2.499995091E+02  7.313422801E-09  4.809038088E-08  2.343717793E-10  4.307454905E-09  1.467309072E-09 -8.515144811E-09  9.653598491E-05 -4.233295092E-08  5.050536135E-06 -7.937951411E-08 -6.098898980E-06  6.477191423E-09  3.308948119E-08 -1.279707727E-09  2.125414102E-09  9.379758067E-05  6.422697124E-07 -3.355904303E-06  8.616449213E-07 -5.210108241E-08  1.709719542E-05
  1.598000000E-01  2.499995091E+02  7.313489554E-09  4.815733334E-08  2.343454093E-10  4.310957705E-09  1.467254013E-09 -8.519374710E-09  9.653598491E-05 -4.232944812E-08  5.050536135E-06 -7.937951421E-08 -6.098898980E-06  6.477237367E-09  3.315453442E-08 -1.279262286E-09  2.123086621E-09  9.379758067E-05  6.422697125E-07 -3.355904303E-06  8.616449213E-07 -5.210108237E-08  1.709719542E-05
  1.601400000E-01  2.499995091E+02  7.313556399E-09  4.822428579E-08  2.343190442E-10  4.314460505E-09  1.467198954E-09 -8.523604608E-09  9.653598491E-05 -4.232594532E-08  5.050536135E-06 -7.937951431E-08 -6.098898980E-06  6.477283401E-09  3.321958764E-08 -1.278816844E-09  2.120759140E-09  9.379758067E-05  6.422697125E-07 -3.355904303E-06  8.616449213E-07 -5.210108233E-08  1.709719542E-05
  1.604800000E-01  2.499995091E+02  7.313623337E-09  4.829123825E-08  2.342926840E-10  4.317963304E-09  1.467143895E-09 -8.527834507E-09  9.653598491E-05 -4.232244252E-08  5.050536135E-06 -7.937951441E-08 -6.098898980E-06  6.477329525E-09  3.328464087E-08 -1.278371403E-09  2.118431658E-09  9.379758067E-05  6.422697125E-07 -3.355904303E-06  8.616449213E-07 -5.210108229E-08  1.709719542E-05
  1.608200000E-01  2.499995091E+02  7.313690367E-09  4.835819071E-08  2.342663287E-10  4.321466104E-09  1.467088836E-09 -8.532064406E-09  9.653598491E-05 -4.231893972E-08  5.050536135E-06 -7.937951451E-08 -6.098898980E-06  6.477375740E-09  3.334969409E-08 -1.277925961E-09  2.116104177E-09  9.379758067E-05  6.422697126E-07 -3.355904303E-06  8.616449213E-07 -5.210108226E-08  1.709719542E-05
  1.611600000E-01  2.499995091E+02  7.313757491E-09  4.842514316E-08  2.342399782E-10  4.324968904E-09  1.467033777E-09 -8.536294305E-09  9.653598491E-05 -4.231543692E-08  5.050536135E-06 -7.937951462E-08 -6.098898980E-06  6.477422045E-09  3.341474732E-08 -1.277480520E-09  2.113776695E-09  9.379758067E-05  6.422697126E-07 -3.355904303E-06  8.616449213E-07 -5.210108222E-08  1.709719542E-05
  1.615000000E-01  2.499995091E+02  7.313824708E-09  4.849209562E-08  2.342136325E-10  4.328471704E-09  1.466978718E-09 -8.540524204E-09  9.653598491E-05 -4.231193412E-08  5.050536135E-06 -7.937951472E-08 -6.098898980E-06  6.477468440E-09  3.347980054E-08 -1.277035078E-09  2.111449214E-09  9.379758067E-05  6.422697126E-07 -3.355904303E-06  8.616449213E-07 -5.210108218E-08  1.709719542E-05
  1.618400000E-01  2.499995091E+02  7.313892017E-09  4.855904808E-08  2.341872918E-10  4.331974504E-09  1.466923659E-09 -8.544754102E-09  9.653598491E-05 -4.230843132E-08  5.050536135E-06 -7.937951482E-08 -6.098898980E-06  6.477514926E-09  3.354485377E-08 -1.276589637E-09  2.109121732E-09  9.379758067E-05  6.422697127E-07 -3.355904303E-06  8.616449213E-07 -5.210108214E-08  1.709719542E-05
  1.621800000E-01  2.499995091E+02  7.313959419E-09  4.862600053E-08  2.341609558E-10  4.335477304E-09  1.466868601E-09 -8.548984001E-09  9.653598491E-05 -4.230492852E-08  5.050536135E-06 -7.937951492E-08 -6.098898980E-06  6.477561501E-09  3.360990699E-08 -1.276144195E-09  2.106794251E-09  9.379758067E-05  6.422697127E-07 -3.355904303E-06  8.616449213E-07 -5.210108210E-08  1.709719542E-05
  1.625200000E-01  2.499995091E+02  7.314026915E-09  4.869295299E-08  2.341346248E-10  4.338980103E-09  1.466813542E-09 -8.553213900E-09  9.653598491E-05 -4.230142572E-08  5.050536135E-06 -7.937951502E-08 -6.098898980E-06  6.477608167E-09  3.367496021E-08 -1.275698754E-09  2.104466770E-09  9.379758067E-05  6.422697128E-07 -3.355904303E-06  8.616449213E-07 -5.210108206E-08  1.709719542E-05
  1.628600000E-01  2.499995091E+02  7.314094503E-09  4.875990544E-08  2.341082986E-10  4.342482903E-09  1.466758483E-09 -8.557443799E-09  9.653598491E-05 -4.229792292E-08  5.050536135E-06 -7.937951512E-08 -6.098898980E-06  6.477654923E-09  3.374001344E-08 -1.275253313E-09  2.102139288E-09  9.379758067E-05  6.422697128E-07 -3.355904303E-06  8.616449213E-07 -5.210108202E-08  1.709719542E-05
  1.632000000E-01  2.499995091E+02  7.314162183E-09  4.882685790E-08  2.340819772E-10  4.345985703E-09  1.466703424E-09 -8.561673698E-09  9.653598491E-05 -4.229442012E-08  5.050536135E-06 -7.937951522E-08 -6.098898980E-06  6.477701770E-09  3.380506666E-08 -1.274807871E-09  2.099811807E-09  9.379758067E-05  6.422697128E-07 -3.355904303E-06  8.616449213E-07 -5.210108198E-08  1.709719542E-05
  1.635400000E-01  2.499995091E+02  7.314229957E-09  4.889381036E-08  2.340556607E-10  4.349488503E-09  1.466648365E-09 -8.565903596E-09  9.653598491E-05 -4.229091732E-08  5.050536135E-06 -7.937951532E-08 -6.098898980E-06  6.477748706E-09  3.387011989E-08 -1.274362430E-09  2.097484325E-09  9.379758067E-05  6.422697129E-07 -3.355904303E-06  8.616449213E-07 -5.210108195E-08  1.709719542E-05
  1.638800000E-01  2.499995091E+02  7.314297824E-09  4.896076281E-08  2.340293491E-10  4.352991303E-09  1.466593306E-09 -8.570133495E-09  9.653598491E-05 -4.228741452E-08  5.050536135E-06 -7.937951542E-08 -6.098898980E-06  6.477795733E-09  3.393517311E-08 -1.273916988E-09  2.095156844E-09  9.379758067E-05  6.422697129E-07 -3.355904303E-06  8.616449213E-07 -5.210108191E-08  1.709719542E-05
  1.642200000E-01  2.499995091E+02  7.314365783E-09  4.902771527E-08  2.340030424E-10  4.356494102E-09  1.466538247E-09 -8.574363394E-09  9.653598491E-05 -4.228391172E-08  5.050536135E-06 -7.937951553E-08 -6.098898980E-06  6.477842850E-09  3.400022634E-08 -1.273471547E-09  2.092829363E-09  9.379758067E-05  6.422697129E-07 -3.355904303E-06  8.616449213E-07 -5.210108187E-08  1.709719542E-05
  1.645600000E-01  2.499995091E+02  7.314433836E-09  4.909466773E-08  2.339767404E-10  4.359996902E-09  1.466483188E-09 -8.578593293E-09  9.653598491E-05 -4.228040892E-08  5.050536135E-06 -7.937951563E-08 -6.098898980E-06  6.477890057E-09  3.406527956E-08 -1.273026105E-09  2.090501881E-09  9.379758067E-05  6.422697130E-07 -3.355904303E-06  8.616449213E-07 -5.210108183E-08  1.709719542E-05
  1.649000000E-01  2.499995091E+02  7.314501981E-09  4.916162018E-08  2.339504434E-10  4.363499702E-09  1.466428129E-09 -8.582823192E-09  9.653598491E-05 -4.227690612E-08  5.050536135E-06 -7.937951573E-08 -6.098898980E-06  6.477937355E-09  3.413033278E-08 -1.272580664E-09  2.088174400E-09  9.379758067E-05  6.422697130E-07 -3.355904303E-06  8.616449213E-07 -5.210108179E-08  1.709719542E-05
  1.652400000E-01  2.499995091E+02  7.314570219E-09  4.922857264E-08  2.339241512E-10  4.367002502E-09  1.466373070E-09 -8.587053090E-09  9.653598491E-05 -4.227340332E-08  5.050536135E-06 -7.937951583E-08 -6.098898980E-06  6.477984743E-09  3.419538601E-08 -1.272135222E-09  2.085846918E-09  9.379758067E-05  6.422697130E-07 -3.355904303E-06  8.616449213E-07 -5.210108175E-08  1.709719542E-05
  1.655800000E-01  2.499995091E+02  7.314638550E-09  4.929552509E-08  2.338978639E-10  4.370505302E-09  1.466318011E-09 -8.591282989E-09  9.653598491E-05 -4.226990052E-08  5.050536135E-06 -7.937951593E-08 -6.098898980E-06  6.478032221E-09  3.426043923E-08 -1.271689781E-09  2.083519437E-09  9.379758067E-05  6.422697131E-07 -3.355904303E-06  8.616449212E-07 -5.210108171E-08  1.709719542E-05
  1.659200000E-01  2.499995091E+02  7.314706974E-09  4.936247755E-08  2.338715814E-10  4.374008102E-09  1.466262953E-09 -8.595512888E-09  9.653598491E-05 -4.226639772E-08  5.050536135E-06 -7.937951603E-08 -6.098898980E-06  6.478079789E-09  3.432549246E-08 -1.271244340E-09  2.081191955E-09  9.379758067E-05  6.422697131E-07 -3.355904303E-06  8.616449212E-07 -5.210108168E-08  1.709719542E-05
  1.662600000E-01  2.499995091E+02  7.314775491E-09  4.942943001E-08  2.338453038E-10  4.377510901E-09  1.466207894E-09 -8.599742787E-09  9.653598491E-05 -4.226289492E-08  5.050536135E-06 -7.937951613E-08 -6.098898980E-06  6.478127447E-09  3.439054568E-08 -1.270798898E-09  2.078864474E-09  9.379758067E-05  6.422697132E-07 -3.355904303E-06  8.616449212E-07 -5.210108164E-08  1.709719542E-05
  1.666000000E-01  2.499995091E+02  7.314844100E-09  4.949638246E-08  2.338190310E-10  4.381013701E-09  1.466152835E-09 -8.603972686E-09  9.653598491E-05 -4.225939212E-08  5.050536135E-06 -7.937951623E-08 -6.098898980E-06  6.478175196E-09  3.445559891E-08 -1.270353457E-09  2.076536993E-09  9.379758067E-05  6.422697132E-07 -3.355904303E-06  8.616449212E-07 -5.210108160E-08  1.709719542E-05
  1.669400000E-01  2.499995091E+02  7.314912803E-09  4.956333492E-08  2.337927631E-10  4.384516501E-09  1.466097776E-09 -8.608202584E-09  9.653598491E-05 -4.225588932E-08  5.050536135E-06 -7.937951634E-08 -6.098898980E-06  6.478223035E-09  3.452065213E-08 -1.269908015E-09  2.074209511E-09  9.379758067E-05  6.422697132E-07 -3.355904303E-06  8.616449212E-07 -5.210108156E-08  1.709719542E-05
  1.672800000E-01  2.499995091E+02  7.314981598E-09  4.963028738E-08  2.337665001E-10  4.388019301E-09  1.466042717E-09 -8.612432483E-09  9.653598491E-05 -4.225238652E-08  5.050536135E-06 -7.937951644E-08 -6.098898980E-06  6.478270964E-09  3.458570536E-08 -1.269462574E-09  2.071882030E-09  9.379758067E-05  6.422697133E-07 -3.355904303E-06  8.616449212E-07 -5.210108152E-08  1.709719542E-05
  1.676200000E-01  2.499995091E+02  7.315050486E-09  4.969723983E-08  2.337402419E-10  4.391522101E-09  1.465987658E-09 -8.616662382E-09  9.653598491E-05 -4.224888372E-08  5.050536135E-06 -7.937951654E-08 -6.098898980E-06  6.478318984E-09  3.465075858E-08 -1.269017132E-09  2.069554548E-09  9.379758067E-05  6.422697133E-07 -3.355904303E-06  8.616449212E-07 -5.210108148E-08  1.709719542E-05
  1.679600000E-01  2.499995091E+02  7.315119467E-09  4.976419229E-08  2.337139886E-10  4.395024900E-09  1.465932599E-09 -8.620892281E-09  9.653598491E-05 -4.224538092E-08  5.050536135E-06 -7.937951664E-08 -6.098898980E-06  6.478367093E-09  3.471581180E-08 -1.268571691E-09  2.067227067E-09  9.379758067E-05  6.422697133E-07 -3.355904303E-06  8.616449212E-07 -5.210108144E-08  1.709719542E-05
  1.683000000E-01  2.499995091E+02  7.315188541E-09  4.983114474E-08  2.336877401E-10  4.398527700E-09  1.465877540E-09 -8.625122180E-09  9.653598491E-05 -4.224187812E-08  5.050536135E-06 -7.937951674E-08 -6.098898980E-06  6.478415293E-09  3.478086503E-08 -1.268126249E-09  2.064899586E-09  9.379758067E-05  6.422697134E-07 -3.355904303E-06  8.616449212E-07 -5.210108141E-08  1.709719542E-05
  1.686400000E-01  2.499995091E+02  7.315257708E-09  4.989809720E-08  2.336614965E-10  4.402030500E-09  1.465822481E-09 -8.629352078E-09  9.653598491E-05 -4.223837532E-08  5.050536135E-06 -7.937951684E-08 -6.098898980E-06  6.478463583E-09  3.484591825E-08 -1.267680808E-09  2.062572104E-09  9.379758067E-05  6.422697134E-07 -3.355904303E-06  8.616449212E-07 -5.210108137E-08  1.709719542E-05
  1.689800000E-01  2.499995091E+02  7.315326968E-09  4.996504966E-08  2.336352578E-10  4.405533300E-09  1.465767422E-09 -8.633581977E-09  9.653598491E-05 -4.223487252E-08  5.050536135E-06 -7.937951694E-08 -6.098898980E-06  6.478511964E-09  3.491097148E-08 -1.267235367E-09  2.060244623E-09  9.379758067E-05  6.422697134E-07 -3.355904303E-06  8.616449212E-07 -5.210108133E-08  1.709719542E-05
  1.693200000E-01  2.499995091E+02  7.315396320E-09  5.003200211E-08  2.336090239E-10  4.409036100E-09  1.465712363E-09 -8.637811876E-09  9.653598491E-05 -4.223136972E-08  5.050536135E-06 -7.937951704E-08 -6.098898980E-06  6.478560434E-09  3.497602470E-08 -1.266789925E-09  2.057917141E-09  9.379758067E-05  6.422697135E-07 -3.355904303E-06  8.616449212E-07 -5.210108129E-08  1.709719542E-05
  1.700000000E-01  2.499995091E+02  7.315535304E-09  5.016590703E-08  2.335565707E-10  4.416041699E-09  1.465602246E-09 -8.646271673E-09  9.653598491E-05 -4.222436412E-08  5.050536135E-06 -7.937951725E-08 -6.098898980E-06  6.478657646E-09  3.510613115E-08 -1.265899042E-09  2.053262178E-09  9.379758067E-05  6.422697136E-07 -3.355904303E-06  8.616449212E-07 -5.210108121E-08  1.709719542E-05
