  1.083277869764E-03  2.510336935330E-05  1.100160416601E-01  2.697944487628E+06  6.313539754613E+05  4.327372621360E+08  3.669982902102E-01 -1.000000000000E-07   1   5
  1.085713211400E-03  1.971562038533E-05  5.005040763090E-07  2.719768029542E+06  1.485896532510E+05 -7.854553029901E+06  0.000000000000E+00 -1.000000000000E-07   1   3
  1.025708264052E-03  2.470213664763E-05  2.274414381137E-07  2.599058835301E+06  6.096195638144E+05 -7.386878495187E+06  0.000000000000E+00 -1.000000000000E-07   1   3
  1.087110567225E-03  1.037792637219E-06  9.556417800427E-07  2.746161278511E+06 -5.816901474914E+05 -1.482355239500E+07  0.000000000000E+00 -1.000000000000E-07   1   3
  9.702796438439E-04  2.325627990585E-05  3.906908510182E-07  2.486849838278E+06  5.250872885986E+05 -1.992754029607E+07  0.000000000000E+00 -1.000000000000E-07   1   3
 -2.015181797562E-03 -2.051852031768E-03 -3.252580023101E-05 -1.974915269680E+06 -2.005873465488E+06 -3.317271802584E+08  0.000000000000E+00 -1.000000000000E-07   1   3
 -2.017179990591E-03 -1.965339429607E-03 -3.388338230591E-05 -1.976785756449E+06 -1.930936020806E+06 -3.314768212899E+08  0.000000000000E+00 -1.000000000000E-07   1   3
  1.210570228952E-03  5.346644837041E-07 -8.930044349820E-07  2.864682771122E+06 -5.250624627400E+05  1.110000959929E+07  0.000000000000E+00 -1.000000000000E-07   1   5
  1.169540614161E-03  5.258599737309E-06 -9.118604395730E-07  2.806857925760E+06 -4.464429359420E+05  7.573370298544E+06  0.000000000000E+00 -1.000000000000E-07   1   5
  1.098452531117E-03  8.116461513878E-07 -4.721629320026E-07  2.704475602868E+06 -6.197743340116E+05  3.022633208020E+06  0.000000000000E+00 -1.000000000000E-07   1   5
  9.954700603342E-04  1.892721515806E-05  2.664383122603E-07  2.533074127154E+06  3.733849700590E+05 -1.439917335207E+07  0.000000000000E+00 -1.000000000000E-07   1   5
 -1.873086895521E-03 -1.895694775455E-03 -2.633184811192E-05 -1.806045745286E+06 -1.832303713854E+06 -3.322489203243E+08  0.000000000000E+00 -1.000000000000E-07   1   5
 -1.802514668070E-03 -1.804620297944E-03 -2.442430547310E-05 -1.735051784052E+06 -1.739202233292E+06 -3.322181769006E+08  0.000000000000E+00 -1.000000000000E-07   1   5
  1.200277131896E-03  2.246638374497E-05 -1.446867029326E-06  2.817489061281E+06  3.849652549454E+05  1.284306926850E+07  0.000000000000E+00 -1.000000000000E-07   1   5
 -1.894721808824E-03 -1.903796505730E-03 -2.900777057804E-05 -1.839959661469E+06 -1.842022931236E+06 -3.319152672362E+08  0.000000000000E+00 -1.000000000000E-07   1   5
 -1.850248780442E-03 -1.849172298493E-03 -2.779588720379E-05 -1.788845479852E+06 -1.783579160180E+06 -3.321145039846E+08  0.000000000000E+00 -1.000000000000E-07   1   5
 -1.813093542280E-03 -1.834999679272E-03 -2.446744134292E-05 -1.749353253708E+06 -1.768691492168E+06 -3.321949602957E+08  0.000000000000E+00 -1.000000000000E-07   1   5
  1.213350235120E-03  3.118914397814E-06 -1.195795159933E-06  2.845055296223E+06 -5.348876098510E+05  1.328883944668E+07  0.000000000000E+00 -1.000000000000E-07   1   5
 -1.937999377166E-03 -1.986203072658E-03 -3.106042965839E-05 -1.888921690948E+06 -1.937291634880E+06 -3.317005648062E+08  0.000000000000E+00 -1.000000000000E-07   1   5
 -1.916347339682E-03 -1.827526040561E-03 -2.812114475743E-05 -1.851674733445E+06 -1.768505441979E+06 -3.320915409533E+08  0.000000000000E+00 -1.000000000000E-07   1   5
  1.130792515301E-03  1.436084898660E-05 -1.865004002399E-06  2.680234779877E+06 -8.028046495239E+04  2.025360807817E+07  0.000000000000E+00 -1.000000000000E-07   1   5
  1.216475931175E-03  2.280757510984E-05 -6.563894200534E-07  2.889852485282E+06  5.713782519333E+05  1.345450474837E+07  0.000000000000E+00 -1.000000000000E-07   1   5
  1.161863733682E-03 -2.394412055682E-06 -6.129439450026E-07  2.816664208977E+06 -6.989867097322E+05  1.152548574654E+07  0.000000000000E+00 -1.000000000000E-07   1   5
 -1.924808768598E-03 -1.951824665672E-03 -3.020677552930E-05 -1.870146131459E+06 -1.893510963319E+06 -3.319528554811E+08  0.000000000000E+00 -1.000000000000E-07   1   5
 -1.897105713170E-03 -1.895811677034E-03 -2.911758278724E-05 -1.838849669141E+06 -1.836134713362E+06 -3.319510689314E+08  0.000000000000E+00 -1.000000000000E-07   1   5
 -1.760857388829E-03 -1.796607167335E-03 -2.565708583656E-05 -1.692000313473E+06 -1.729024641733E+06 -3.322623360003E+08  0.000000000000E+00 -1.000000000000E-07   1   5
 -1.740397875002E-03 -1.739136933170E-03 -2.191715946966E-05 -1.672955875488E+06 -1.672629077102E+06 -3.322194233338E+08  0.000000000000E+00 -1.000000000000E-07   1   5
 -1.832854296869E-03 -1.925551571603E-03 -2.757351393695E-05 -1.774738767947E+06 -1.859249849812E+06 -3.321358559666E+08  0.000000000000E+00 -1.000000000000E-07   1   5
  1.195563568329E-03  2.424618344278E-05 -1.692800337710E-06  2.788200316692E+06  5.677769638098E+05  1.831283646192E+07  0.000000000000E+00 -1.000000000000E-07   1   5
  1.165286401105E-03 -4.821295354422E-07 -1.855994574404E-06  2.739407606759E+06 -6.221261695741E+05  1.391094266423E+07  0.000000000000E+00 -1.000000000000E-07   1   5
  1.099586720345E-03  2.372274572282E-05 -2.045013153845E-06  2.618265529862E+06  5.018276279204E+05  1.601789779235E+07  0.000000000000E+00 -1.000000000000E-07   1   5
 -2.027185060999E-03 -2.092722208095E-03 -3.275633009042E-05 -1.990807784423E+06 -2.049542477710E+06 -3.317238141323E+08  0.000000000000E+00 -1.000000000000E-07   1   5
 -1.900828750032E-03 -1.866992427469E-03 -2.725541155314E-05 -1.837131165658E+06 -1.807066525462E+06 -3.320796446117E+08  0.000000000000E+00 -1.000000000000E-07   1   5
 -1.827766087613E-03 -1.785876534453E-03 -2.502061785131E-05 -1.759188893541E+06 -1.719183987966E+06 -3.322913557367E+08  0.000000000000E+00 -1.000000000000E-07   1   5
  1.139655833216E-03  2.705119966944E-05 -1.085517257804E-06  2.762342475114E+06  5.647071639960E+05  1.924760962608E+07  0.000000000000E+00 -1.000000000000E-07   1   5
  1.043237675170E-03  1.877872538653E-05 -4.152730172097E-07  2.624243488825E+06  5.710158957068E+04  8.755471566065E+06  0.000000000000E+00 -1.000000000000E-07   1   5
 -1.875202721060E-03 -1.834905403777E-03 -2.533611894466E-05 -1.811175715082E+06 -1.766789503695E+06 -3.322554305236E+08  0.000000000000E+00 -1.000000000000E-07   1   5
 -1.833618928869E-03 -1.811543899169E-03 -2.513856813909E-05 -1.765469018540E+06 -1.740517698345E+06 -3.324215716613E+08  0.000000000000E+00 -1.000000000000E-07   1   5
 -1.763511886316E-03 -1.784881848417E-03 -2.396940750030E-05 -1.701508865239E+06 -1.720982984170E+06 -3.320236375142E+08  0.000000000000E+00 -1.000000000000E-07   1   5
 -1.968654298161E-03 -1.887038720377E-03 -3.016652708400E-05 -1.905460518609E+06 -1.834592041496E+06 -3.320037677736E+08  0.000000000000E+00 -1.000000000000E-07   1   5
 -1.863174616823E-03 -1.794821394271E-03 -2.709923206845E-05 -1.796298546944E+06 -1.736280220133E+06 -3.320604614848E+08  0.000000000000E+00 -1.000000000000E-07   1   5
  1.259616498313E-03  2.121230304381E-05 -1.013035869607E-06  2.897910520490E+06  4.428966601739E+05  1.318664410630E+06  0.000000000000E+00 -1.000000000000E-07   1   5
  1.211836571155E-03  6.940962583039E-06 -1.170526172808E-06  2.850386042100E+06 -3.457036263089E+05  5.172458109688E+06  0.000000000000E+00 -1.000000000000E-07   1   5
  1.150833080531E-03  9.556945476110E-06 -8.763396511652E-07  2.770081075395E+06 -2.726548053506E+05  7.016925302396E+06  0.000000000000E+00 -1.000000000000E-07   1   5
 -1.964927926137E-03 -2.066094314275E-03 -3.390348009344E-05 -1.934612454131E+06 -2.026955264330E+06 -3.314720367219E+08  0.000000000000E+00 -1.000000000000E-07   1   5
 -1.888421984452E-03 -1.880359015796E-03 -2.929976855583E-05 -1.824942765355E+06 -1.818516285115E+06 -3.321192871655E+08  0.000000000000E+00 -1.000000000000E-07   1   5
 -1.812252607839E-03 -1.801023337134E-03 -2.409769217707E-05 -1.747140459462E+06 -1.736360596381E+06 -3.321186169988E+08  0.000000000000E+00 -1.000000000000E-07   1   5
 -1.764665205606E-03 -1.695922188496E-03 -2.215722865177E-05 -1.695674476195E+06 -1.627105505568E+06 -3.323217500821E+08  0.000000000000E+00 -1.000000000000E-07   1   5
 -1.851698908381E-03 -1.884442593620E-03 -2.755809174894E-05 -1.793002479900E+06 -1.818561671968E+06 -3.320840125358E+08  0.000000000000E+00 -1.000000000000E-07   1   5
 -1.806723581555E-03 -1.849880360056E-03 -2.664098488515E-05 -1.743733550806E+06 -1.781641666451E+06 -3.322248576156E+08  0.000000000000E+00 -1.000000000000E-07   1   5
  1.117905158289E-03  2.166841047343E-05 -2.005707038538E-06  2.655694325015E+06  3.269827195323E+05  2.280959566424E+07  0.000000000000E+00 -1.000000000000E-07   1   5
  1.204950265077E-03  2.107594898718E-05 -7.048599197368E-07  2.868722066188E+06  4.962106499398E+05  1.160646445698E+07  0.000000000000E+00 -1.000000000000E-07   1   5
  1.078474469222E-03  1.984362606954E-05  4.446259335711E-07  2.685583536526E+06  1.744848168497E+05 -1.411218200109E+07  0.000000000000E+00 -1.000000000000E-07   1   5
 -1.857689435738E-03 -1.858251133184E-03 -2.728018810777E-05 -1.789086776327E+06 -1.793909748445E+06 -3.322966506643E+08  0.000000000000E+00 -1.000000000000E-07   1   5
 -1.839399588610E-03 -1.764905485418E-03 -2.583954181161E-05 -1.777188762532E+06 -1.706153094394E+06 -3.319466932478E+08  0.000000000000E+00 -1.000000000000E-07   1   5
  1.161566171616E-03  1.603595163495E-05 -3.015497224423E-06  2.655139095751E+06  2.660837728013E+05  2.843198827828E+07  0.000000000000E+00 -1.000000000000E-07   1   5
  1.251457368052E-03  1.028850153048E-05 -1.515124337520E-07  2.955110603902E+06 -2.627198165971E+05  7.425749023640E+06  0.000000000000E+00 -1.000000000000E-07   1   5
 -1.909049098455E-03 -1.980647296094E-03 -2.964461640066E-05 -1.854045834052E+06 -1.918896109111E+06 -3.320765006991E+08  0.000000000000E+00 -1.000000000000E-07   1   5
 -1.853392880004E-03 -1.855216454681E-03 -2.674658292295E-05 -1.792223041914E+06 -1.790149283352E+06 -3.320661994222E+08  0.000000000000E+00 -1.000000000000E-07   1   5
 -1.797091580435E-03 -1.799377351068E-03 -2.523227113908E-05 -1.730635841158E+06 -1.730690537607E+06 -3.322491939159E+08  0.000000000000E+00 -1.000000000000E-07   1   5
 -1.729017657462E-03 -1.763474714851E-03 -2.402970383394E-05 -1.662665821898E+06 -1.695991727494E+06 -3.321869619955E+08  0.000000000000E+00 -1.000000000000E-07   1   5
 -1.932816225731E-03 -1.857756778623E-03 -2.693685827651E-05 -1.862803238677E+06 -1.796833689393E+06 -3.323126038667E+08  0.000000000000E+00 -1.000000000000E-07   1   5
  1.242200548703E-03  9.677078017665E-06 -1.460027111197E-06  2.853719379042E+06 -2.092008069531E+05  5.903367991152E+06  0.000000000000E+00 -1.000000000000E-07   1   5
  1.193431155577E-03  2.113324756216E-05 -1.396241709806E-06  2.817076615234E+06  3.037286952147E+05  1.350485118363E+07  0.000000000000E+00 -1.000000000000E-07   1   5
  1.145165704006E-03  2.301063911392E-05 -1.242950254027E-06  2.741256250909E+06  4.288353464273E+05  1.116669743591E+07  0.000000000000E+00 -1.000000000000E-07   1   5
  1.068802209764E-03  2.620499908825E-05 -9.171538808556E-07  2.622355228689E+06  5.736735452808E+05  8.581842176045E+06  0.000000000000E+00 -1.000000000000E-07   1   5
  1.153151624477E-03  6.579358622830E-06  4.279923925821E-07  2.819070153706E+06 -3.772601293203E+05 -8.101342028292E+06  0.000000000000E+00 -1.000000000000E-07   1   5
 -1.803015099017E-03 -1.832509476502E-03 -2.510225592708E-05 -1.734492571881E+06 -1.765299945851E+06 -3.323025771685E+08  0.000000000000E+00 -1.000000000000E-07   1   5
 -1.787401072397E-03 -1.740842677851E-03 -2.374417124949E-05 -1.720000754769E+06 -1.674099271611E+06 -3.322405656997E+08  0.000000000000E+00 -1.000000000000E-07   1   5
 -1.901468975968E-03 -1.943448458267E-03 -3.007270333696E-05 -1.843349521277E+06 -1.875571743337E+06 -3.322372938927E+08  0.000000000000E+00 -1.000000000000E-07   1   5
 -1.862612814624E-03 -1.884558189217E-03 -2.895611695979E-05 -1.809740180512E+06 -1.825610310164E+06 -3.317844901265E+08  0.000000000000E+00 -1.000000000000E-07   1   5
 -1.795107277645E-03 -1.826615178990E-03 -2.431214078202E-05 -1.731809835233E+06 -1.757333193835E+06 -3.322554655390E+08  0.000000000000E+00 -1.000000000000E-07   1   5
  1.183566314194E-03  3.936808661414E-06 -9.616936593737E-07  2.828878421053E+06 -5.334748606254E+05  1.606041073823E+07  0.000000000000E+00 -1.000000000000E-07   1   5
  1.147215723920E-03  1.591372259916E-05 -9.840135749978E-07  2.771588747265E+06 -3.755152530023E+04  1.386779388179E+07  0.000000000000E+00 -1.000000000000E-07   1   5
 -1.871148845189E-03 -1.859658493730E-03 -2.800802148879E-05 -1.806330600486E+06 -1.801322484118E+06 -3.320080032715E+08  0.000000000000E+00 -1.000000000000E-07   1   5
 -1.823027180184E-03 -1.798161613904E-03 -2.690907197367E-05 -1.755217668483E+06 -1.735151325463E+06 -3.321601126247E+08  0.000000000000E+00 -1.000000000000E-07   1   5
  1.224045093636E-03 -6.029908301936E-08 -9.827152303160E-07  2.879877538096E+06 -5.923174333954E+05  8.114385430906E+06  0.000000000000E+00 -1.000000000000E-07   1   5
  1.149015439697E-03 -2.051277984203E-06 -5.780939169864E-07  2.787681677936E+06 -7.102765546380E+05  7.244107133806E+06  0.000000000000E+00 -1.000000000000E-07   1   5
  1.055550027319E-03  9.995876548952E-06  1.359328539452E-07  2.673687365102E+06 -1.215930798405E+04  2.623960703865E+06  0.000000000000E+00 -1.000000000000E-07   1   5
 -1.911131316492E-03 -1.903001324120E-03 -2.970321836246E-05 -1.853482999893E+06 -1.841419411974E+06 -3.320165155722E+08  0.000000000000E+00 -1.000000000000E-07   1   5
 -1.785370895771E-03 -1.797568506029E-03 -2.667132491151E-05 -1.720913309610E+06 -1.733019010450E+06 -3.320700352815E+08  0.000000000000E+00 -1.000000000000E-07   1   5
 -1.738581108949E-03 -1.774874971773E-03 -2.152910561627E-05 -1.667971573968E+06 -1.704638047135E+06 -3.324543875763E+08  0.000000000000E+00 -1.000000000000E-07   1   5
 -1.694514455201E-03 -1.728614457014E-03 -2.121335916018E-05 -1.627941244452E+06 -1.662648725463E+06 -3.322212144621E+08  0.000000000000E+00 -1.000000000000E-07   1   5
  1.218677697417E-03  1.735728942024E-05 -1.626770719340E-06  2.806277884021E+06  1.360917763982E+05  1.212817884806E+07  0.000000000000E+00 -1.000000000000E-07   1   5
  1.142384457305E-03  2.408974507197E-05 -1.149691338923E-06  2.754265772221E+06  4.381543853438E+05  1.801759616247E+07  0.000000000000E+00 -1.000000000000E-07   1   5
  1.105251115746E-03  2.090564940870E-05 -1.272585597900E-06  2.674952236002E+06  4.895068932716E+05  1.279492924490E+07  0.000000000000E+00 -1.000000000000E-07   1   5
  1.202921113297E-03  1.598374197740E-05 -7.959546478864E-08  2.894150736547E+06 -1.482090500876E+04  1.111412645105E+06  0.000000000000E+00 -1.000000000000E-07   1   5
 -1.985258200711E-03 -1.957439108444E-03 -3.083606573322E-05 -1.927828457489E+06 -1.906679914356E+06 -3.319457572592E+08  0.000000000000E+00 -1.000000000000E-07   1   5
 -1.831442876583E-03 -1.831834451475E-03 -2.604348725016E-05 -1.766499388685E+06 -1.768270477176E+06 -3.321198730506E+08  0.000000000000E+00 -1.000000000000E-07   1   5
 -1.807283399795E-03 -1.702415122679E-03 -2.388457709532E-05 -1.738679067704E+06 -1.633630776590E+06 -3.323316521121E+08  0.000000000000E+00 -1.000000000000E-07   1   5
 -2.042476576955E-03 -1.953713101973E-03 -3.379587011135E-05 -2.006865230750E+06 -1.923609644661E+06 -3.313317200542E+08  0.000000000000E+00 -1.000000000000E-07   1   5
 -1.869172920778E-03 -1.921896977469E-03 -2.725704577131E-05 -1.808870270544E+06 -1.856206118257E+06 -3.321730709035E+08  0.000000000000E+00 -1.000000000000E-07   1   5
 -1.817701383504E-03 -1.851349573791E-03 -2.573372119481E-05 -1.754493784178E+06 -1.785413695043E+06 -3.321532534482E+08  0.000000000000E+00 -1.000000000000E-07   1   5
 -1.736283652439E-03 -1.816449977087E-03 -2.420580350024E-05 -1.668382727610E+06 -1.747251526388E+06 -3.323373572286E+08  0.000000000000E+00 -1.000000000000E-07   1   5
 -1.908420058342E-03 -2.079278225828E-03 -3.346662874792E-05 -1.908444112447E+06 -2.072276268146E+06 -3.307285110514E+08  0.000000000000E+00 -1.000000000000E-07   1   5
 -1.867849970489E-03 -1.862780038515E-03 -2.869150424122E-05 -1.801495135510E+06 -1.803693944278E+06 -3.321029970242E+08  0.000000000000E+00 -1.000000000000E-07   1   5
 -1.856155249189E-03 -1.815033194786E-03 -2.524695683311E-05 -1.789293106866E+06 -1.754641065702E+06 -3.321671512946E+08  0.000000000000E+00 -1.000000000000E-07   1   5
  1.161688755774E-03 -2.724658199826E-06 -6.777499555466E-07  2.805732217465E+06 -7.667610559603E+05  1.164981727742E+07  0.000000000000E+00 -1.000000000000E-07   1   5
  1.107698344222E-03 -1.115177024802E-06 -4.435324598845E-07  2.724299451162E+06 -6.891848365563E+05  5.036006366816E+06  0.000000000000E+00 -1.000000000000E-07   1   5
  1.016283349715E-03  8.721966968475E-06  1.822952937491E-07  2.583720066186E+06 -8.420348216685E+04 -5.621551346653E+06  0.000000000000E+00 -1.000000000000E-07   1   5
  9.166104130042E-04  4.745165436385E-06  2.862892105882E-07  2.389614424544E+06 -3.916759912567E+05 -3.548107704442E+07  0.000000000000E+00 -1.000000000000E-07   1   5
 -1.818811784654E-03 -1.780386690426E-03 -2.409392042359E-05 -1.747740807626E+06 -1.708517792065E+06 -3.324845960391E+08  0.000000000000E+00 -1.000000000000E-07   1   5
 -1.761461182027E-03 -1.743183339919E-03 -2.304306931222E-05 -1.697102204752E+06 -1.678478618721E+06 -3.320794827723E+08  0.000000000000E+00 -1.000000000000E-07   1   5
 -1.736629166962E-03 -1.668248960155E-03 -2.188600415928E-05 -1.669124670634E+06 -1.600850279035E+06 -3.322720379074E+08  0.000000000000E+00 -1.000000000000E-07   1   5
 -1.791632779958E-03 -1.985619012794E-03 -2.917943297318E-05 -1.741668221955E+06 -1.922597162858E+06 -3.319322079647E+08  0.000000000000E+00 -1.000000000000E-07   1   5
  1.112962879952E-03  1.801032653107E-05 -2.675321823783E-06  2.602191852771E+06  1.840388049482E+05  3.017000893223E+07  0.000000000000E+00 -1.000000000000E-07   1   5
  1.261084088394E-03  1.710530898813E-05 -5.189575098818E-07  2.926368730209E+06  9.439736753611E+04  4.157404482391E+06  0.000000000000E+00 -1.000000000000E-07   1   5
  1.208710742707E-03 -9.894700536536E-07 -9.852696820634E-07  2.855993456932E+06 -6.735553596800E+05  1.250102699223E+07  0.000000000000E+00 -1.000000000000E-07   1   5
 -1.974992768572E-03 -2.035648038827E-03 -3.272163597726E-05 -1.934641495385E+06 -1.989415836185E+06 -3.316587759882E+08  0.000000000000E+00 -1.000000000000E-07   1   5
 -1.806112030087E-03 -1.865846101481E-03 -2.665074645181E-05 -1.735906196690E+06 -1.800371753509E+06 -3.323206036232E+08  0.000000000000E+00 -1.000000000000E-07   1   5
 -1.813966683022E-03 -1.798469451434E-03 -2.617938350946E-05 -1.749621876931E+06 -1.736312089470E+06 -3.320112996301E+08  0.000000000000E+00 -1.000000000000E-07   1   5
  1.212561490938E-03  2.583996416319E-05 -2.887920519806E-07  2.898284387148E+06  5.057492521384E+05  9.250449451240E+06  0.000000000000E+00 -1.000000000000E-07   1   5
 -1.907529904834E-03 -1.942400287737E-03 -2.903124326628E-05 -1.852245110174E+06 -1.879057225320E+06 -3.320338831332E+08  0.000000000000E+00 -1.000000000000E-07   1   5
 -1.851390808608E-03 -1.848981568526E-03 -2.674508651454E-05 -1.787090975865E+06 -1.780272712117E+06 -3.322616701811E+08  0.000000000000E+00 -1.000000000000E-07   1   5
 -1.801114266674E-03 -1.815234466498E-03 -2.574058202767E-05 -1.738496915632E+06 -1.749659055058E+06 -3.320922988446E+08  0.000000000000E+00 -1.000000000000E-07   1   5
 -1.713370323233E-03 -1.792233229213E-03 -2.451226283848E-05 -1.647695729439E+06 -1.724510304797E+06 -3.322187182685E+08  0.000000000000E+00 -1.000000000000E-07   1   5
 -1.919710143710E-03 -1.903355614370E-03 -2.790188690657E-05 -1.853554480812E+06 -1.845244625809E+06 -3.321379463969E+08  0.000000000000E+00 -1.000000000000E-07   1   5
 -1.882141492004E-03 -1.853127761335E-03 -2.698443795685E-05 -1.812599252304E+06 -1.789798889094E+06 -3.323217750109E+08  0.000000000000E+00 -1.000000000000E-07   1   5
  1.211039540247E-03  2.226914326458E-05 -1.743193671480E-06  2.801129297589E+06  4.633941409237E+05  1.068922300731E+07  0.000000000000E+00 -1.000000000000E-07   1   5
  1.168236658444E-03  2.408621613709E-06 -1.735031548253E-06  2.751439053277E+06 -4.292602698826E+05  1.393995777384E+07  0.000000000000E+00 -1.000000000000E-07   1   5
  1.105010869359E-03  8.626707966162E-06 -1.698001629302E-06  2.648658349983E+06 -2.986335866274E+05  1.373823371229E+07  0.000000000000E+00 -1.000000000000E-07   1   5
  1.192883796234E-03  2.675529810255E-05 -4.522264970552E-07  2.856685431564E+06  6.447736393381E+05  7.157532090738E+06  0.000000000000E+00 -1.000000000000E-07   1   5
 -1.804363325423E-03 -1.815512252221E-03 -2.497635877660E-05 -1.738859408577E+06 -1.750541537516E+06 -3.321585536274E+08  0.000000000000E+00 -1.000000000000E-07   1   5
 -1.817937664550E-03 -1.749142789890E-03 -2.457001882521E-05 -1.750739875230E+06 -1.679481531635E+06 -3.323043845299E+08  0.000000000000E+00 -1.000000000000E-07   1   5
 -1.768827829357E-03 -1.712023946809E-03 -2.362858211802E-05 -1.702648829335E+06 -1.644037506562E+06 -3.322335626564E+08  0.000000000000E+00 -1.000000000000E-07   1   5
 -1.804991099388E-03 -1.917341329031E-03 -2.893476067378E-05 -1.745495323670E+06 -1.849638413668E+06 -3.321612049484E+08  0.000000000000E+00 -1.000000000000E-07   1   5
 -1.734129010254E-03 -1.865705569407E-03 -2.419034319037E-05 -1.674042741217E+06 -1.800390554414E+06 -3.320681566413E+08  0.000000000000E+00 -1.000000000000E-07   1   5
  1.186018183019E-03  6.743366033157E-06 -1.089147447661E-06  2.801202952073E+06 -3.573930192936E+05  5.877160815828E+06  0.000000000000E+00 -1.000000000000E-07   1   5
  1.138930750229E-03  1.564876228264E-05 -9.818957354968E-07  2.747384271943E+06 -2.144283257722E+04  6.655750838320E+06  0.000000000000E+00 -1.000000000000E-07   1   5
  1.047392543506E-03  4.996405148724E-06 -3.498757272513E-07  2.596974367886E+06 -4.348813919411E+05 -4.732380129492E+06  0.000000000000E+00 -1.000000000000E-07   1   5
 -1.820396102430E-03 -1.838766326537E-03 -2.847330630387E-05 -1.756185518261E+06 -1.778687263314E+06 -3.319927536943E+08  0.000000000000E+00 -1.000000000000E-07   1   5
 -1.824039358840E-03 -1.808216761785E-03 -2.264761978490E-05 -1.753763914295E+06 -1.741194584255E+06 -3.324041040778E+08  0.000000000000E+00 -1.000000000000E-07   1   5
  1.221335242092E-03  1.554896248712E-06 -1.006949100629E-06  2.857075975034E+06 -5.099739728863E+05  4.814862164791E+06  0.000000000000E+00 -1.000000000000E-07   1   5
  1.158944498365E-03  5.210182659960E-06 -7.853794685292E-07  2.793725096056E+06 -4.582923579113E+05  9.426375613791E+06  0.000000000000E+00 -1.000000000000E-07   1   5
 -1.876063756929E-03 -1.849812992807E-03 -2.753562803423E-05 -1.818923417278E+06 -1.789651862548E+06 -3.318550774436E+08  0.000000000000E+00 -1.000000000000E-07   1   5
 -1.750360003083E-03 -1.828055555245E-03 -2.548712655841E-05 -1.683553646442E+06 -1.761885694891E+06 -3.322107899916E+08  0.000000000000E+00 -1.000000000000E-07   1   5
 -1.779318265211E-03 -1.772848191689E-03 -2.243709182029E-05 -1.713508754815E+06 -1.704224975708E+06 -3.322601735417E+08  0.000000000000E+00 -1.000000000000E-07   1   5
 -2.023608687329E-03 -1.868586674276E-03 -2.984196896055E-05 -1.958586731877E+06 -1.816634693311E+06 -3.320891479719E+08  0.000000000000E+00 -1.000000000000E-07   1   5
 -1.912257237794E-03 -1.816164100101E-03 -2.722794582187E-05 -1.849335552937E+06 -1.760180078885E+06 -3.319750629736E+08  0.000000000000E+00 -1.000000000000E-07   1   5
  1.168285953533E-03  2.325195552038E-05 -1.537401366797E-06  2.755723168051E+06  5.840959082746E+05  1.914850887717E+07  0.000000000000E+00 -1.000000000000E-07   1   5
  1.125717139102E-03 -1.579097316507E-06 -1.638790048483E-06  2.695323719329E+06 -7.391823424776E+05  1.877249060275E+07  0.000000000000E+00 -1.000000000000E-07   1   5
  1.219477533823E-03  2.875613148683E-05 -4.878130095143E-07  2.904264375544E+06  6.758790842958E+05  1.278978715344E+07  0.000000000000E+00 -1.000000000000E-07   1   5
 -1.994946829440E-03 -2.029204034511E-03 -3.257635622536E-05 -1.956761687684E+06 -1.986119265955E+06 -3.315435651998E+08  0.000000000000E+00 -1.000000000000E-07   1   5
 -1.952657289786E-03 -1.955135937622E-03 -3.071618270417E-05 -1.898491031258E+06 -1.900792476759E+06 -3.318925879567E+08  0.000000000000E+00 -1.000000000000E-07   1   5
 -1.773870585715E-03 -1.799192896429E-03 -2.500051432845E-05 -1.706637926750E+06 -1.734210331888E+06 -3.321724812111E+08  0.000000000000E+00 -1.000000000000E-07   1   5
 -1.758372725224E-03 -1.718600185124E-03 -2.405752128350E-05 -1.689162407351E+06 -1.651426009580E+06 -3.322916104999E+08  0.000000000000E+00 -1.000000000000E-07   1   5
 -1.874085075008E-03 -1.913689831416E-03 -2.728706005756E-05 -1.816747626170E+06 -1.849790793076E+06 -3.320517045760E+08  0.000000000000E+00 -1.000000000000E-07   1   5
 -1.825710449211E-03 -1.873465413392E-03 -2.634836597391E-05 -1.763544310276E+06 -1.807123762646E+06 -3.321937669109E+08  0.000000000000E+00 -1.000000000000E-07   1   5
  1.199892713516E-03  2.213789516830E-05 -1.643385154376E-06  2.793789488523E+06  3.925344967040E+05  1.454416476620E+07  0.000000000000E+00 -1.000000000000E-07   1   5
  1.103313086597E-03  1.762347344161E-05 -8.796453701276E-07  2.687336771068E+06  7.093717862686E+04  7.115483124333E+06  0.000000000000E+00 -1.000000000000E-07   1   5
 -1.957514260284E-03 -1.895515690964E-03 -3.114043403568E-05 -1.901092630080E+06 -1.847318657649E+06 -3.317312087288E+08  0.000000000000E+00 -1.000000000000E-07   1   5
 -1.864191965341E-03 -1.849065042621E-03 -2.606663273941E-05 -1.797285997223E+06 -1.786342587933E+06 -3.321970382967E+08  0.000000000000E+00 -1.000000000000E-07   1   5
 -1.839329833359E-03 -1.746231978580E-03 -2.442892134788E-05 -1.773586048541E+06 -1.683904405530E+06 -3.321284946879E+08  0.000000000000E+00 -1.000000000000E-07   1   5
  1.207605313477E-03  1.722376508301E-05 -1.832261048246E-06  2.787536132555E+06  3.101894227230E+05  1.099883084553E+07  0.000000000000E+00 -1.000000000000E-07   1   5
  1.124078610980E-03  2.017061559711E-05 -1.303313449275E-06  2.712503032656E+06  4.679180779341E+05  1.711713545834E+07  0.000000000000E+00 -1.000000000000E-07   1   5
  9.206725738623E-04  1.019237974979E-05  1.459593810954E-07  2.398211261709E+06 -2.685234284832E+05 -1.311025941347E+07  0.000000000000E+00 -1.000000000000E-07   1   5
 -1.879339116809E-03 -1.832663405685E-03 -2.469522820177E-05 -1.814731922537E+06 -1.764966443041E+06 -3.322717032864E+08  0.000000000000E+00 -1.000000000000E-07   1   5
 -1.819628897335E-03 -1.808006998195E-03 -2.469563461074E-05 -1.751646771200E+06 -1.738227679327E+06 -3.323829802638E+08  0.000000000000E+00 -1.000000000000E-07   1   5
 -1.735206895757E-03 -1.780676976871E-03 -2.331777764665E-05 -1.671292158190E+06 -1.715604086374E+06 -3.321239145150E+08  0.000000000000E+00 -1.000000000000E-07   1   5
 -1.922306549822E-03 -1.846353885056E-03 -2.840258188837E-05 -1.854487962981E+06 -1.789640314118E+06 -3.321299979088E+08  0.000000000000E+00 -1.000000000000E-07   1   5
  1.206596063360E-03  1.853824311177E-05 -2.596875569943E-06  2.764652987137E+06  2.809295808877E+05  1.543929953789E+07  0.000000000000E+00 -1.000000000000E-07   1   5
  1.293526592830E-03  1.958135879361E-05 -1.211547796795E-06  2.936635837012E+06  3.558348797400E+05 -1.724643947677E+06  0.000000000000E+00 -1.000000000000E-07   1   5
  1.140904395840E-03  2.577903862202E-05 -6.361965745882E-08  2.788763883819E+06  5.150199744197E+05  7.381595773516E+05  0.000000000000E+00 -1.000000000000E-07   1   5
  1.062095206728E-03  2.302847655019E-05  4.283625889695E-07  2.665314211759E+06  3.282495887361E+05 -1.071842312103E+07  0.000000000000E+00 -1.000000000000E-07   1   5
 -2.019693669785E-03 -1.993174640297E-03 -3.334176737729E-05 -1.976878078362E+06 -1.955522485787E+06 -3.315805528219E+08  0.000000000000E+00 -1.000000000000E-07   1   5
 -1.832762805039E-03 -1.850853631259E-03 -2.754035425107E-05 -1.764110527721E+06 -1.784221691938E+06 -3.323038965285E+08  0.000000000000E+00 -1.000000000000E-07   1   5
 -1.785608522981E-03 -1.765933324018E-03 -2.280712366243E-05 -1.720730459427E+06 -1.701835771790E+06 -3.320924820562E+08  0.000000000000E+00 -1.000000000000E-07   1   5
 -1.891851952933E-03 -1.929840245631E-03 -2.854742152238E-05 -1.834918788306E+06 -1.863751970339E+06 -3.321150942392E+08  0.000000000000E+00 -1.000000000000E-07   1   5
 -1.857276756106E-03 -1.872939321914E-03 -2.734784923357E-05 -1.798222197108E+06 -1.807944340951E+06 -3.320698253123E+08  0.000000000000E+00 -1.000000000000E-07   1   5
 -1.808008872519E-03 -1.844247669601E-03 -2.644861010573E-05 -1.744962128862E+06 -1.776940172242E+06 -3.322055708534E+08  0.000000000000E+00 -1.000000000000E-07   1   5
  1.140719354660E-03  1.910263474275E-05 -2.066853916224E-06  2.696491175582E+06  1.857815117129E+05  2.154218961411E+07  0.000000000000E+00 -1.000000000000E-07   1   5
  1.228027820344E-03  1.914512315450E-05 -8.504851358032E-07  2.895461023266E+06  4.026389041235E+05  8.599429397516E+06  0.000000000000E+00 -1.000000000000E-07   1   5
 -1.878588676200E-03 -1.899627726198E-03 -2.782630029709E-05 -1.813528527328E+06 -1.840294110039E+06 -3.321077997225E+08  0.000000000000E+00 -1.000000000000E-07   1   5
 -1.861723574643E-03 -1.846633027749E-03 -2.705392110264E-05 -1.794084833380E+06 -1.783885642541E+06 -3.322551342772E+08  0.000000000000E+00 -1.000000000000E-07   1   5
  1.204290941335E-03  7.938764304484E-06 -2.266365930106E-06  2.764086026779E+06 -2.759060974509E+05  1.048252360309E+07  0.000000000000E+00 -1.000000000000E-07   1   5
  9.161288482619E-04 -1.239294600039E-06  4.659621454378E-07  2.425995252164E+06 -6.926695473216E+05 -1.321876537614E+07  0.000000000000E+00 -1.000000000000E-07   1   5
 -1.983158289237E-03 -2.016299525208E-03 -3.166094426237E-05 -1.937458318220E+06 -1.964386090493E+06 -3.318056758253E+08  0.000000000000E+00 -1.000000000000E-07   1   5
 -1.912933501220E-03 -1.906231691401E-03 -2.870222830052E-05 -1.852072308239E+06 -1.841957955775E+06 -3.321631436237E+08  0.000000000000E+00 -1.000000000000E-07   1   5
 -1.826626718300E-03 -1.816454469310E-03 -2.593995671295E-05 -1.762800621957E+06 -1.751458789265E+06 -3.320972603842E+08  0.000000000000E+00 -1.000000000000E-07   1   5
 -1.740536405751E-03 -1.757787201889E-03 -2.396547141820E-05 -1.671929031976E+06 -1.689188981713E+06 -3.322858216074E+08  0.000000000000E+00 -1.000000000000E-07   1   5
 -1.695620787905E-03 -1.707569923266E-03 -2.349939995687E-05 -1.628861967132E+06 -1.640978117231E+06 -3.321811037938E+08  0.000000000000E+00 -1.000000000000E-07   1   5
  1.277717830002E-03  8.783520296228E-06 -4.884247364195E-07  2.923817651217E+06 -2.767295370057E+05  3.418357588936E+06  0.000000000000E+00 -1.000000000000E-07   1   5
  1.219930569467E-03  1.829288145177E-06 -1.039264531752E-06  2.852358711374E+06 -4.829404748820E+05  7.247735918813E+06  0.000000000000E+00 -1.000000000000E-07   1   5
  1.184804964880E-03  1.477260130001E-05 -1.179525794051E-06  2.816398154104E+06 -6.409723048250E+04  1.199720919187E+07  0.000000000000E+00 -1.000000000000E-07   1   5
  1.142866050373E-03  2.003105915073E-05 -1.106525231567E-06  2.748025197470E+06  2.169447426491E+05  9.213782885161E+06  0.000000000000E+00 -1.000000000000E-07   1   5
 -1.919312053159E-03 -1.926467198544E-03 -3.046312666227E-05 -1.862212806226E+06 -1.867990504287E+06 -3.319864794071E+08  0.000000000000E+00 -1.000000000000E-07   1   5
 -1.823261172621E-03 -1.852806693279E-03 -2.480103101668E-05 -1.757369097904E+06 -1.789582881206E+06 -3.321702970336E+08  0.000000000000E+00 -1.000000000000E-07   1   5
 -1.819135753256E-03 -1.737567851091E-03 -2.361284555288E-05 -1.750873692752E+06 -1.669222319466E+06 -3.323057868168E+08  0.000000000000E+00 -1.000000000000E-07   1   5
 -2.049271326345E-03 -1.990387121671E-03 -3.343425042253E-05 -2.011280623281E+06 -1.956890594786E+06 -3.314848349434E+08  0.000000000000E+00 -1.000000000000E-07   1   5
 -1.872404663671E-03 -1.846743897486E-03 -2.757584661492E-05 -1.808602554754E+06 -1.777008560407E+06 -3.322930137046E+08  0.000000000000E+00 -1.000000000000E-07   1   5
 -1.831803391406E-03 -1.818624384957E-03 -2.698221582584E-05 -1.771961252328E+06 -1.754037782392E+06 -3.320166945319E+08  0.000000000000E+00 -1.000000000000E-07   1   5
 -1.792959632724E-03 -1.804619685207E-03 -2.368361222260E-05 -1.727916481269E+06 -1.735737812952E+06 -3.323012606512E+08  0.000000000000E+00 -1.000000000000E-07   1   5
  1.169264244697E-03  2.160780035457E-05 -6.020157748560E-07  2.799790295181E+06  4.848472247542E+05  7.694183158752E+05  0.000000000000E+00 -1.000000000000E-07   1   5
 -1.871182013145E-03 -1.852172389075E-03 -2.724091326418E-05 -1.801675171036E+06 -1.789486671102E+06 -3.322629882806E+08  0.000000000000E+00 -1.000000000000E-07   1   5
 -1.849049819018E-03 -1.779422486394E-03 -2.605417576673E-05 -1.783231095599E+06 -1.719483188708E+06 -3.320692220631E+08  0.000000000000E+00 -1.000000000000E-07   1   5
  1.126961822815E-03  1.190658911186E-05 -1.881569582474E-06  2.660332331377E+06 -1.327570882631E+05  1.122759133267E+07  0.000000000000E+00 -1.000000000000E-07   1   5
  1.210871012334E-03  2.325334952416E-05 -6.413835456492E-07  2.880475145984E+06  5.609008118462E+05  7.421809916802E+06  0.000000000000E+00 -1.000000000000E-07   1   5
  1.140109351350E-03  1.036385640354E-05 -3.491177550802E-07  2.782113620052E+06 -4.879657185828E+03  6.361857579176E+06  0.000000000000E+00 -1.000000000000E-07   1   5
 -1.985910140430E-03 -2.030121749065E-03 -3.311062400652E-05 -1.952045372450E+06 -1.989566200891E+06 -3.314131152831E+08  0.000000000000E+00 -1.000000000000E-07   1   5
 -1.775895123217E-03 -1.817746681994E-03 -2.553079850579E-05 -1.708654289661E+06 -1.751917649532E+06 -3.322102817342E+08  0.000000000000E+00 -1.000000000000E-07   1   5
 -1.776461651401E-03 -1.721617050328E-03 -2.476352068263E-05 -1.710753303464E+06 -1.653884411629E+06 -3.321539094341E+08  0.000000000000E+00 -1.000000000000E-07   1   5
 -1.736092703293E-03 -1.648537803341E-03 -2.042372273996E-05 -1.666055623859E+06 -1.578138652322E+06 -3.324205787207E+08  0.000000000000E+00 -1.000000000000E-07   1   5
 -1.808291200173E-03 -1.958849269448E-03 -2.783319602988E-05 -1.755667984403E+06 -1.894526631752E+06 -3.319745389768E+08  0.000000000000E+00 -1.000000000000E-07   1   5
  1.182078695438E-03  2.504112008941E-05 -1.539501439302E-06  2.773933035554E+06  5.816728771361E+05  1.691130037187E+07  0.000000000000E+00 -1.000000000000E-07   1   5
  1.143552048242E-03  4.562159310280E-07 -1.614586919121E-06  2.718857445623E+06 -5.283341152465E+05  1.670719120281E+07  0.000000000000E+00 -1.000000000000E-07   1   5
  1.062677573651E-03  2.611778163439E-05 -1.857539618982E-06  2.566628761715E+06  6.181968709586E+05  2.055209095664E+07  0.000000000000E+00 -1.000000000000E-07   1   5
  1.237215181689E-03  9.238667164037E-06 -1.211111935046E-07  2.934271303192E+06 -2.702641470976E+05  1.721915252870E+05  0.000000000000E+00 -1.000000000000E-07   1   5
 -1.853193139857E-03 -1.879764631123E-03 -2.666050475704E-05 -1.787171842690E+06 -1.816219903897E+06 -3.321969840245E+08  0.000000000000E+00 -1.000000000000E-07   1   5
 -1.838736374381E-03 -1.764435599522E-03 -2.489197217702E-05 -1.773353847095E+06 -1.699275276665E+06 -3.321759404351E+08  0.000000000000E+00 -1.000000000000E-07   1   5
  1.103156095345E-03  1.929364788307E-05 -7.201335626428E-07  2.596893161225E+06 -2.018647518473E+03 -3.324524301888E+06  0.000000000000E+00 -1.000000000000E-07   1   5
 -1.898926133531E-03 -1.973278865924E-03 -3.103715506439E-05 -1.849394741590E+06 -1.915140288976E+06 -3.318332761798E+08  0.000000000000E+00 -1.000000000000E-07   1   5
 -1.877832069094E-03 -1.894653781708E-03 -2.664872129732E-05 -1.815582792239E+06 -1.828189461826E+06 -3.322270596315E+08  0.000000000000E+00 -1.000000000000E-07   1   5
 -1.804236979832E-03 -1.843372764823E-03 -2.523556023372E-05 -1.739827120693E+06 -1.777678328695E+06 -3.321783003466E+08  0.000000000000E+00 -1.000000000000E-07   1   5
 -1.736956140491E-03 -1.777486191810E-03 -2.343223382445E-05 -1.668184012844E+06 -1.705316488009E+06 -3.324153501791E+08  0.000000000000E+00 -1.000000000000E-07   1   5
 -1.975466198762E-03 -1.878787234207E-03 -3.018249295055E-05 -1.915998172515E+06 -1.829187247938E+06 -3.318200486959E+08  0.000000000000E+00 -1.000000000000E-07   1   5
 -1.877940530366E-03 -1.825697640135E-03 -2.799636642431E-05 -1.812292559617E+06 -1.766117621795E+06 -3.320793019789E+08  0.000000000000E+00 -1.000000000000E-07   1   5
  1.241466041923E-03  2.267168485053E-05 -8.639365862706E-07  2.885401952821E+06  5.217957090854E+05  7.448312556265E+06  0.000000000000E+00 -1.000000000000E-07   1   5
  1.183922062207E-03 -1.185791307978E-07 -8.374163003033E-07  2.818004044586E+06 -6.231477784687E+05  8.081036162403E+06  0.000000000000E+00 -1.000000000000E-07   1   5
  1.136765367420E-03  7.354266064841E-06 -7.418209626714E-07  2.764623634496E+06 -3.804299842110E+05  9.086529160819E+06  0.000000000000E+00 -1.000000000000E-07   1   5
  1.060012795071E-03 -1.293291222126E-07 -2.597505533303E-07  2.643013642080E+06 -6.562836773426E+05  1.074383919595E+06  0.000000000000E+00 -1.000000000000E-07   1   5
  9.538413752157E-04  4.939712218023E-07  2.492404103799E-07  2.455588577557E+06 -5.312832138717E+05 -1.891479766936E+07  0.000000000000E+00 -1.000000000000E-07   1   5
 -1.789286068765E-03 -1.771000394007E-03 -2.325431819848E-05 -1.718810967230E+06 -1.700463407565E+06 -3.324413130953E+08  0.000000000000E+00 -1.000000000000E-07   1   5
 -1.767744073718E-03 -1.727110115273E-03 -2.278395738299E-05 -1.702489617444E+06 -1.661903215005E+06 -3.321483603545E+08  0.000000000000E+00 -1.000000000000E-07   1   5
 -1.871363341630E-03 -1.922007283353E-03 -2.869504006270E-05 -1.815087254002E+06 -1.856814021379E+06 -3.320932859577E+08  0.000000000000E+00 -1.000000000000E-07   1   5
 -1.802657017082E-03 -1.876682175173E-03 -2.713493374952E-05 -1.745024334459E+06 -1.812680940243E+06 -3.320443748904E+08  0.000000000000E+00 -1.000000000000E-07   1   5
  1.120006082435E-03  2.425482409490E-05 -2.193373724826E-06  2.630557115034E+06  6.172828169119E+05  2.614725382418E+07  0.000000000000E+00 -1.000000000000E-07   1   5
  1.108978128160E-03  6.808133676225E-06  5.829651194278E-07  2.744613424463E+06 -3.446501702069E+05 -1.808569882370E+07  0.000000000000E+00 -1.000000000000E-07   1   5
 -1.981129550782E-03 -1.941418937619E-03 -3.077485062694E-05 -1.921259832529E+06 -1.888693572611E+06 -3.320095365761E+08  0.000000000000E+00 -1.000000000000E-07   1   5
 -1.857569185630E-03 -1.855695192273E-03 -2.726527131386E-05 -1.791365456891E+06 -1.793919269896E+06 -3.321290868662E+08  0.000000000000E+00 -1.000000000000E-07   1   5
 -1.813665647865E-03 -1.780870174138E-03 -2.570656072173E-05 -1.742786298476E+06 -1.713216079246E+06 -3.323718725217E+08  0.000000000000E+00 -1.000000000000E-07   1   5
  1.045775788181E-03  2.159919167678E-05 -1.832459181936E-06  2.547597640061E+06  5.431537631693E+05  2.301462833990E+07  0.000000000000E+00 -1.000000000000E-07   1   5
  1.192836637630E-03  4.211473527870E-06  3.724894035162E-07  2.896822987186E+06 -4.990404841172E+05 -6.458798615926E+05  0.000000000000E+00 -1.000000000000E-07   1   5
 -1.902308167469E-03 -1.888432148504E-03 -2.776852461414E-05 -1.843111008920E+06 -1.824522093511E+06 -3.320758848804E+08  0.000000000000E+00 -1.000000000000E-07   1   5
 -1.825071338848E-03 -1.812561532500E-03 -2.550700362347E-05 -1.758459760251E+06 -1.744157655592E+06 -3.322825948103E+08  0.000000000000E+00 -1.000000000000E-07   1   5
 -1.744716597653E-03 -1.787020853531E-03 -2.415015900316E-05 -1.679669763171E+06 -1.721582316928E+06 -3.321217656684E+08  0.000000000000E+00 -1.000000000000E-07   1   5
 -1.665067851596E-03 -1.756373510283E-03 -2.292611251714E-05 -1.597801270329E+06 -1.688648442383E+06 -3.322660504366E+08  0.000000000000E+00 -1.000000000000E-07   1   5
 -1.917947062197E-03 -1.838892786513E-03 -2.645441953461E-05 -1.852026150464E+06 -1.781394996429E+06 -3.321343700308E+08  0.000000000000E+00 -1.000000000000E-07   1   5
  1.227850458535E-03  5.902413766585E-06 -1.340836860486E-06  2.839020923726E+06 -3.848827402965E+05  8.976548719881E+06  0.000000000000E+00 -1.000000000000E-07   1   5
  1.204173182225E-03  2.205452228775E-05 -1.577361846639E-06  2.814372418012E+06  3.914881817385E+05  1.273786632133E+07  0.000000000000E+00 -1.000000000000E-07   1   5
  1.084284666804E-03  4.142826794051E-06 -4.779934356658E-07  2.676166397523E+06 -4.910712867593E+05  3.083417692335E+06  0.000000000000E+00 -1.000000000000E-07   1   5
  1.012598139507E-03  9.234990218098E-06 -2.688161733072E-07  2.548113629518E+06 -2.816618258919E+05 -4.021352829673E+06  0.000000000000E+00 -1.000000000000E-07   1   5
 -1.895327493553E-03 -1.888642305827E-03 -2.716165827238E-05 -1.829660054007E+06 -1.825266669398E+06 -3.322414628518E+08  0.000000000000E+00 -1.000000000000E-07   1   5
 -1.821640171638E-03 -1.742060718034E-03 -2.390068827229E-05 -1.756095489932E+06 -1.674907364448E+06 -3.322102686686E+08  0.000000000000E+00 -1.000000000000E-07   1   5
 -1.756514524798E-03 -1.717342439689E-03 -2.285321333102E-05 -1.686505158969E+06 -1.649544560650E+06 -3.323162443851E+08  0.000000000000E+00 -1.000000000000E-07   1   5
 -1.855519104105E-03 -1.912390066408E-03 -2.864926129756E-05 -1.797883514132E+06 -1.847686339257E+06 -3.320525053239E+08  0.000000000000E+00 -1.000000000000E-07   1   5
 -1.809496520078E-03 -1.851433272747E-03 -2.747195242758E-05 -1.745104799249E+06 -1.782651513776E+06 -3.322644861291E+08  0.000000000000E+00 -1.000000000000E-07   1   5
 -1.719811723880E-03 -1.832568947906E-03 -2.318918059664E-05 -1.658132093194E+06 -1.767909560229E+06 -3.320720291902E+08  0.000000000000E+00 -1.000000000000E-07   1   5
  1.198746750282E-03  7.273987798625E-06 -1.192045162454E-06  2.820216470451E+06 -3.766080287133E+05  1.524615833003E+07  0.000000000000E+00 -1.000000000000E-07   1   5
 -1.944168127000E-03 -1.976810050232E-03 -3.117276560570E-05 -1.893368391856E+06 -1.926681475397E+06 -3.317536513332E+08  0.000000000000E+00 -1.000000000000E-07   1   5
 -1.868871407711E-03 -1.855866862024E-03 -2.796527112449E-05 -1.801263825152E+06 -1.794884121906E+06 -3.321938849693E+08  0.000000000000E+00 -1.000000000000E-07   1   5
 -1.845543177431E-03 -1.747095792810E-03 -2.660209563282E-05 -1.781715602709E+06 -1.689171268719E+06 -3.319834153678E+08  0.000000000000E+00 -1.000000000000E-07   1   5
  1.271084120363E-03  8.750763105118E-06 -1.671900022315E-06  2.880164932969E+06 -2.226781518125E+05  1.889341904414E+06  0.000000000000E+00 -1.000000000000E-07   1   5
  1.141502889913E-03 -3.233134748068E-06 -5.513206082358E-07  2.790839768688E+06 -8.039370345895E+05  1.174476126083E+07  0.000000000000E+00 -1.000000000000E-07   1   5
  1.073673686189E-03 -2.244034840075E-06 -1.497755699464E-07  2.683495139021E+06 -6.566505540622E+05  4.300694510944E+06  0.000000000000E+00 -1.000000000000E-07   1   5
  9.877112210695E-04  2.245079957381E-05  3.527195492209E-07  2.535914006092E+06  5.146862991675E+05 -1.393681636187E+07  0.000000000000E+00 -1.000000000000E-07   1   5
 -1.826311163327E-03 -1.782943403048E-03 -2.765881073213E-05 -1.762159134684E+06 -1.716328277498E+06 -3.321319325380E+08  0.000000000000E+00 -1.000000000000E-07   1   5
 -1.791049248849E-03 -1.772430758587E-03 -2.164407984054E-05 -1.723189024990E+06 -1.703361596035E+06 -3.323504767811E+08  0.000000000000E+00 -1.000000000000E-07   1   5
 -1.736197278068E-03 -1.736220614429E-03 -2.197078501914E-05 -1.666841221662E+06 -1.665881684902E+06 -3.324203977395E+08  0.000000000000E+00 -1.000000000000E-07   1   5
  1.187632033399E-03  4.125682852578E-06 -1.103880630640E-06  2.759209517177E+06 -4.956937804783E+05  1.521366894030E+07  0.000000000000E+00 -1.000000000000E-07   1   5
  1.173957566195E-03  2.461104114449E-05 -1.535496916949E-06  2.767176092189E+06  6.462117914492E+05  2.393433835821E+07  0.000000000000E+00 -1.000000000000E-07   1   5
  1.127294484465E-03  1.728387278250E-05 -1.451443235975E-06  2.686780592348E+06  3.170769387581E+05  8.484268725570E+06  0.000000000000E+00 -1.000000000000E-07   1   5
  1.225301241447E-03  1.499772540716E-05 -1.812000710172E-07  2.904752491811E+06 -2.684719167208E+04 -2.023623909787E+06  0.000000000000E+00 -1.000000000000E-07   1   5
  1.098723066412E-03  1.931800574962E-05  5.123453648420E-07  2.754096101704E+06  1.026534297843E+05 -5.455857125364E+06  0.000000000000E+00 -1.000000000000E-07   1   5
 -1.809797840280E-03 -1.856167287934E-03 -2.605237464971E-05 -1.742074185099E+06 -1.792162868590E+06 -3.322109699501E+08  0.000000000000E+00 -1.000000000000E-07   1   5
 -1.794917710494E-03 -1.805224699367E-03 -2.538144905075E-05 -1.728689729876E+06 -1.742446281223E+06 -3.321302038487E+08  0.000000000000E+00 -1.000000000000E-07   1   5
  1.061588561805E-03  2.597807821107E-05 -8.791210242692E-07  2.635410266285E+06  7.354899682430E+05  2.012255702241E+07  0.000000000000E+00 -1.000000000000E-07   1   5
 -1.887235213631E-03 -1.887742606591E-03 -2.681868708630E-05 -1.828598080420E+06 -1.822401955661E+06 -3.320812969362E+08  0.000000000000E+00 -1.000000000000E-07   1   5
 -1.840420777068E-03 -1.833684679899E-03 -2.576506008269E-05 -1.776294208697E+06 -1.765218940476E+06 -3.322431475175E+08  0.000000000000E+00 -1.000000000000E-07   1   5
 -1.790639250658E-03 -1.809769598644E-03 -2.497363935328E-05 -1.726660549206E+06 -1.742672926443E+06 -3.321759978768E+08  0.000000000000E+00 -1.000000000000E-07   1   5
  1.148526564009E-03  2.679567923271E-05 -1.423218540617E-06  2.747489970005E+06  7.083471760825E+05  2.049975399487E+07  0.000000000000E+00 -1.000000000000E-07   1   5
 -1.903067016915E-03 -1.875483910589E-03 -2.946954805406E-05 -1.841576567205E+06 -1.821397637257E+06 -3.318784825620E+08  0.000000000000E+00 -1.000000000000E-07   1   5
 -1.881987847882E-03 -1.839456322367E-03 -2.606372236444E-05 -1.815184480508E+06 -1.778353028939E+06 -3.321962288250E+08  0.000000000000E+00 -1.000000000000E-07   1   5
  1.214917726190E-03  1.322664484451E-05 -1.329285313392E-06  2.841906987541E+06 -1.115112961019E+05  1.344096363510E+07  0.000000000000E+00 -1.000000000000E-07   1   5
  1.177544319442E-03  2.287763023181E-05 -1.348162659301E-06  2.788485309605E+06  3.897766125335E+05  1.469995714578E+07  0.000000000000E+00 -1.000000000000E-07   1   5
  1.136981278334E-03  2.430061392814E-05 -1.353979207891E-06  2.731832283909E+06  6.147942217934E+05  1.532987565455E+07  0.000000000000E+00 -1.000000000000E-07   1   5
  1.028386241900E-03  2.811415754883E-05 -7.852458999563E-07  2.556217688576E+06  6.763354416225E+05  6.555319653149E+06  0.000000000000E+00 -1.000000000000E-07   1   5
 -1.822375890036E-03 -1.804469175393E-03 -2.450694166369E-05 -1.756065641443E+06 -1.737417469123E+06 -3.322620790844E+08  0.000000000000E+00 -1.000000000000E-07   1   5
 -1.751398711014E-03 -1.806655061524E-03 -2.393550561537E-05 -1.679576979911E+06 -1.737654016155E+06 -3.324375114014E+08  0.000000000000E+00 -1.000000000000E-07   1   5
 -1.738414376534E-03 -1.710798107093E-03 -2.254791213127E-05 -1.672797903111E+06 -1.645182743785E+06 -3.320877505375E+08  0.000000000000E+00 -1.000000000000E-07   1   5
 -1.805577656539E-03 -1.888389401468E-03 -2.744405958523E-05 -1.746241974527E+06 -1.821615329302E+06 -3.321030800362E+08  0.000000000000E+00 -1.000000000000E-07   1   5
  1.115557225943E-03  5.436353720611E-06 -2.310749150108E-06  2.629848821722E+06 -2.566893764480E+05  2.220254079605E+07  0.000000000000E+00 -1.000000000000E-07   1   5
  1.269156055211E-03  4.780501809650E-06 -2.274576859085E-07  2.955930740961E+06 -4.310013710531E+05 -9.787864123854E+05  0.000000000000E+00 -1.000000000000E-07   1   5
  1.178881929843E-03  2.625783296556E-05 -4.748065474541E-07  2.833456562289E+06  6.412026778157E+05  4.437609366344E+06  0.000000000000E+00 -1.000000000000E-07   1   5
  1.098669897791E-03  2.748954798035E-05  3.749442067935E-08  2.710411597478E+06  5.927076824448E+05 -4.452952681898E+06  0.000000000000E+00 -1.000000000000E-07   1   5
 -1.829702811584E-03 -1.842095688669E-03 -2.657429417496E-05 -1.763516649874E+06 -1.779254536143E+06 -3.321380572026E+08  0.000000000000E+00 -1.000000000000E-07   1   5
 -1.815299436954E-03 -1.771206866348E-03 -2.566056739928E-05 -1.746598982604E+06 -1.705367197051E+06 -3.322806924331E+08  0.000000000000E+00 -1.000000000000E-07   1   5
  1.242809220403E-03  2.404515595979E-05 -5.348774615443E-07  2.928228296472E+06  4.443240706832E+05  8.481470235827E+06  0.000000000000E+00 -1.000000000000E-07   1   5
  1.168417775921E-03  1.177131026848E-05 -4.635870173852E-07  2.823378820281E+06  6.027484689439E+04  7.650024085277E+06  0.000000000000E+00 -1.000000000000E-07   1   5
 -1.869370188390E-03 -1.840224345431E-03 -2.686139737151E-05 -1.807125897375E+06 -1.775039788794E+06 -3.321234105169E+08  0.000000000000E+00 -1.000000000000E-07   1   5
 -1.790305389197E-03 -1.819772311858E-03 -2.557650563807E-05 -1.723469725007E+06 -1.752021667186E+06 -3.322779476667E+08  0.000000000000E+00 -1.000000000000E-07   1   5
 -1.714529792046E-03 -1.794741467952E-03 -2.448597733153E-05 -1.649845106917E+06 -1.730219796447E+06 -3.321228312702E+08  0.000000000000E+00 -1.000000000000E-07   1   5
 -1.996984331704E-03 -1.865875638041E-03 -2.861608332203E-05 -1.931920067138E+06 -1.811346814253E+06 -3.321253867999E+08  0.000000000000E+00 -1.000000000000E-07   1   5
 -1.916865300074E-03 -1.791306520253E-03 -2.647678033864E-05 -1.852341185308E+06 -1.733223720685E+06 -3.320901573548E+08  0.000000000000E+00 -1.000000000000E-07   1   5
  1.164183320850E-03  2.356491272854E-05 -1.132473231927E-06  2.784641001118E+06  3.435035771031E+05  2.543220322024E+07  0.000000000000E+00 -1.000000000000E-07   1   5
  1.102625313698E-03  1.632526879207E-05 -7.527761950316E-07  2.693506664963E+06 -5.470517591980E+03  5.617728551392E+06  0.000000000000E+00 -1.000000000000E-07   1   5
  9.962813081737E-04  1.357488989333E-05 -1.711091572737E-07  2.531649369507E+06 -1.405134430490E+05 -1.874009538896E+06  0.000000000000E+00 -1.000000000000E-07   1   5
  1.097426433896E-03  8.131229709572E-07  9.359319138869E-07  2.752920705150E+06 -5.430732001183E+05 -2.171164004249E+07  0.000000000000E+00 -1.000000000000E-07   1   5
 -1.797714297945E-03 -1.843865577760E-03 -2.531214319995E-05 -1.728429529798E+06 -1.776657978407E+06 -3.323126902553E+08  0.000000000000E+00 -1.000000000000E-07   1   5
 -1.775701560005E-03 -1.784233893752E-03 -2.437451404223E-05 -1.709637141501E+06 -1.719757221833E+06 -3.321300452658E+08  0.000000000000E+00 -1.000000000000E-07   1   5
 -1.759837232633E-03 -1.656784091518E-03 -2.249833461217E-05 -1.691469482973E+06 -1.590210487988E+06 -3.322646293210E+08  0.000000000000E+00 -1.000000000000E-07   1   5
 -1.846062160523E-03 -1.961339768081E-03 -3.037034384414E-05 -1.794381051924E+06 -1.898728692410E+06 -3.319380264751E+08  0.000000000000E+00 -1.000000000000E-07   1   5
 -1.831914179850E-03 -1.902612121700E-03 -2.653182286390E-05 -1.770570061467E+06 -1.834951045082E+06 -3.322597725277E+08  0.000000000000E+00 -1.000000000000E-07   1   5
  1.222248316719E-03  1.444352047882E-05 -1.529745672274E-06  2.824639136497E+06 -2.451691732318E+04  9.197063357734E+06  0.000000000000E+00 -1.000000000000E-07   1   5
  1.131914654984E-03  1.242258073979E-05 -8.554456802090E-07  2.748326115107E+06 -1.784468904646E+05  1.123202470463E+07  0.000000000000E+00 -1.000000000000E-07   1   5
  1.077235156732E-03  1.419159459227E-05 -6.756172048622E-07  2.647921242339E+06 -9.734727443400E+04  2.441924802703E+06  0.000000000000E+00 -1.000000000000E-07   1   5
 -1.903787410011E-03 -1.882532016699E-03 -3.032874329627E-05 -1.840256321647E+06 -1.824658552743E+06 -3.320596542303E+08  0.000000000000E+00 -1.000000000000E-07   1   5
 -1.845515910783E-03 -1.827293183381E-03 -2.424595487520E-05 -1.779473294900E+06 -1.763737426890E+06 -3.321868334647E+08  0.000000000000E+00 -1.000000000000E-07   1   5
  1.224977343672E-03  2.573405753111E-06 -1.125903099419E-06  2.855357539357E+06 -5.219384931809E+05  8.190194253872E+06  0.000000000000E+00 -1.000000000000E-07   1   5
  1.140842205735E-03  2.522949058899E-07 -6.105576346033E-07  2.786743266377E+06 -6.861786591061E+05  1.338707815963E+07  0.000000000000E+00 -1.000000000000E-07   1   5
 -1.946804096356E-03 -1.921226394099E-03 -3.029546569708E-05 -1.887312797429E+06 -1.863240753855E+06 -3.320727287836E+08  0.000000000000E+00 -1.000000000000E-07   1   5
 -1.842691982542E-03 -1.879568124919E-03 -2.813097075456E-05 -1.784985602455E+06 -1.819492988355E+06 -3.318764994577E+08  0.000000000000E+00 -1.000000000000E-07   1   5
 -1.785272949826E-03 -1.822132076268E-03 -2.357805479557E-05 -1.717688662100E+06 -1.754257282224E+06 -3.322920157924E+08  0.000000000000E+00 -1.000000000000E-07   1   5
 -1.687721761205E-03 -1.771704211162E-03 -2.194607797806E-05 -1.619606158817E+06 -1.704309288003E+06 -3.322671949623E+08  0.000000000000E+00 -1.000000000000E-07   1   5
 -1.914074814971E-03 -1.851599650365E-03 -2.795822009688E-05 -1.845843863613E+06 -1.793064082494E+06 -3.321952369743E+08  0.000000000000E+00 -1.000000000000E-07   1   5
  1.211094059694E-03  2.542616362368E-06 -2.145823597768E-06  2.778335396585E+06 -4.550611167138E+05  9.040507165091E+06  0.000000000000E+00 -1.000000000000E-07   1   5
  1.176916390396E-03  2.051176061606E-05 -2.397529609344E-06  2.728484984089E+06  3.504737078553E+05  1.500533172949E+07  0.000000000000E+00 -1.000000000000E-07   1   5
  1.173390102028E-03  1.870534327982E-05  7.641793897672E-08  2.861089748196E+06  8.796567509180E+04  2.911377744316E+06  0.000000000000E+00 -1.000000000000E-07   1   5
  1.094609410429E-03  1.903950250003E-05  4.012723494873E-07  2.724484339751E+06  1.116145436971E+05 -9.419243434697E+06  0.000000000000E+00 -1.000000000000E-07   1   5
 -1.973872544659E-03 -1.964954110284E-03 -3.138746520401E-05 -1.921854822285E+06 -1.917572933997E+06 -3.317359442586E+08  0.000000000000E+00 -1.000000000000E-07   1   5
 -1.818493108948E-03 -1.827703137889E-03 -2.634546644373E-05 -1.751943010165E+06 -1.762373959675E+06 -3.321879904521E+08  0.000000000000E+00 -1.000000000000E-07   1   5
 -1.778297999782E-03 -1.725559513322E-03 -2.460644236495E-05 -1.712031641718E+06 -1.659478458698E+06 -3.321569940347E+08  0.000000000000E+00 -1.000000000000E-07   1   5
 -1.895249747076E-03 -1.913134376465E-03 -2.775981397936E-05 -1.834756033959E+06 -1.844489790731E+06 -3.322609907893E+08  0.000000000000E+00 -1.000000000000E-07   1   5
 -1.853283291387E-03 -1.867065658762E-03 -2.677828770231E-05 -1.793830453488E+06 -1.801870583711E+06 -3.320864903325E+08  0.000000000000E+00 -1.000000000000E-07   1   5
 -1.793507196671E-03 -1.840210367749E-03 -2.572432760227E-05 -1.730278313415E+06 -1.772699276954E+06 -3.322217944646E+08  0.000000000000E+00 -1.000000000000E-07   1   5
  1.155782137067E-03  9.733680924183E-08 -1.678163598154E-06  2.741955823114E+06 -5.433700145799E+05  1.994910733301E+07  0.000000000000E+00 -1.000000000000E-07   1   5
  1.084250536607E-03  7.753945208745E-06 -1.637713577141E-06  2.611758021735E+06 -3.406543373916E+05  1.212969107810E+07  0.000000000000E+00 -1.000000000000E-07   1   5
 -1.884210478678E-03 -1.898226742877E-03 -2.742641884640E-05 -1.823381426907E+06 -1.842650706289E+06 -3.319114816927E+08  0.000000000000E+00 -1.000000000000E-07   1   5
 -1.815831504048E-03 -1.798087362884E-03 -2.496143366783E-05 -1.746510366006E+06 -1.735213978988E+06 -3.322283610473E+08  0.000000000000E+00 -1.000000000000E-07   1   5
  1.211086906091E-03  1.698968170289E-05 -1.920310307907E-06  2.788321394834E+06  2.846108751440E+05  3.750114529357E+06  0.000000000000E+00 -1.000000000000E-07   1   5
  9.837710101070E-04  1.288153410303E-05  4.275087545913E-07  2.550174129403E+06  1.199487313971E+05 -7.452544790163E+06  0.000000000000E+00 -1.000000000000E-07   1   5
 -1.950996791752E-03 -1.992203393472E-03 -3.360573402250E-05 -1.914139537687E+06 -1.949232359203E+06 -3.314596833663E+08  0.000000000000E+00 -1.000000000000E-07   1   5
 -1.900613485522E-03 -1.882326223559E-03 -2.642255529828E-05 -1.837244074973E+06 -1.816047804164E+06 -3.322414721727E+08  0.000000000000E+00 -1.000000000000E-07   1   5
 -1.805007166198E-03 -1.792732233266E-03 -2.421164136970E-05 -1.738398799481E+06 -1.725153795292E+06 -3.322343745562E+08  0.000000000000E+00 -1.000000000000E-07   1   5
 -1.733057673071E-03 -1.751197975541E-03 -2.280950194050E-05 -1.662960175257E+06 -1.680930215269E+06 -3.323945606660E+08  0.000000000000E+00 -1.000000000000E-07   1   5
 -1.682584375229E-03 -1.694249435764E-03 -2.151566550126E-05 -1.617461260889E+06 -1.629110861580E+06 -3.321141357471E+08  0.000000000000E+00 -1.000000000000E-07   1   5
  1.162937183026E-03  8.263191800108E-06 -2.035552696386E-06  2.708085762152E+06 -2.876381239055E+05  1.432598083349E+07  0.000000000000E+00 -1.000000000000E-07   1   5
  1.247134695661E-03  2.246096969684E-05 -6.986628387773E-07  2.907480847486E+06  4.023175638125E+05  6.010960127667E+06  0.000000000000E+00 -1.000000000000E-07   1   5
  1.200528296077E-03  4.034956292262E-07 -9.550107278183E-07  2.837720021729E+06 -5.849724784759E+05  6.850655218402E+06  0.000000000000E+00 -1.000000000000E-07   1   5
  1.158457077309E-03  8.171930071260E-06 -9.224185617690E-07  2.781444577266E+06 -3.219265065982E+05  6.454405749719E+06  0.000000000000E+00 -1.000000000000E-07   1   5
 -1.836402971241E-03 -1.881586676827E-03 -2.757303634157E-05 -1.770441042081E+06 -1.818057427666E+06 -3.321782976290E+08  0.000000000000E+00 -1.000000000000E-07   1   5
 -1.813597298971E-03 -1.825763280844E-03 -2.682348335054E-05 -1.748298435951E+06 -1.762809427809E+06 -3.321171879654E+08  0.000000000000E+00 -1.000000000000E-07   1   5
 -1.812162696995E-03 -1.707977012662E-03 -2.241352910634E-05 -1.741449531205E+06 -1.639429344580E+06 -3.324545599107E+08  0.000000000000E+00 -1.000000000000E-07   1   5
 -1.986513310252E-03 -1.934222287907E-03 -3.053078875273E-05 -1.937097111665E+06 -1.886039353755E+06 -3.316672870879E+08  0.000000000000E+00 -1.000000000000E-07   1   5
 -1.847126644433E-03 -1.892398268334E-03 -2.756202712745E-05 -1.786411207541E+06 -1.826769218522E+06 -3.321167471456E+08  0.000000000000E+00 -1.000000000000E-07   1   5
 -1.799149282760E-03 -1.827706239981E-03 -2.602716018128E-05 -1.736227198997E+06 -1.761782856743E+06 -3.321014995730E+08  0.000000000000E+00 -1.000000000000E-07   1   5
 -1.719375292273E-03 -1.793755819020E-03 -2.482458463030E-05 -1.652966070653E+06 -1.725442847050E+06 -3.322361878433E+08  0.000000000000E+00 -1.000000000000E-07   1   5
 -1.975694536418E-03 -1.918616099036E-03 -2.945908342017E-05 -1.913474505480E+06 -1.866605002958E+06 -3.319724370035E+08  0.000000000000E+00 -1.000000000000E-07   1   5
 -1.872028203565E-03 -1.848736737401E-03 -2.680699687559E-05 -1.804068183335E+06 -1.787013815050E+06 -3.322066753491E+08  0.000000000000E+00 -1.000000000000E-07   1   5
 -1.851779292960E-03 -1.716742156654E-03 -2.463532293971E-05 -1.785181755459E+06 -1.655906303228E+06 -3.321334129644E+08  0.000000000000E+00 -1.000000000000E-07   1   5
  1.160125722040E-03 -4.456507908987E-07 -1.742628460893E-06  2.740062177294E+06 -6.022777149182E+05  1.373653026792E+07  0.000000000000E+00 -1.000000000000E-07   1   5
  1.078164407357E-03  1.353144859527E-05 -1.621106402130E-06  2.609301429885E+06 -1.091567066529E+05  1.397849347036E+07  0.000000000000E+00 -1.000000000000E-07   1   5
  1.164974696665E-03  2.913146264794E-05 -2.292542507082E-07  2.835469316201E+06  7.259169151498E+05  7.856642466318E+06  0.000000000000E+00 -1.000000000000E-07   1   5
 -2.037995733253E-03 -2.029253781552E-03 -3.396558985401E-05 -2.020209108356E+06 -2.012088730815E+06 -3.310276581578E+08  0.000000000000E+00 -1.000000000000E-07   1   5
 -1.777762772897E-03 -1.790154660037E-03 -2.466136639460E-05 -1.708511644818E+06 -1.721644658544E+06 -3.323445541890E+08  0.000000000000E+00 -1.000000000000E-07   1   5
 -1.775419719971E-03 -1.718091333608E-03 -2.395216887634E-05 -1.709727135888E+06 -1.649939503441E+06 -3.321789018134E+08  0.000000000000E+00 -1.000000000000E-07   1   5
 -1.824025849983E-03 -1.927961633093E-03 -3.006368182375E-05 -1.769049178842E+06 -1.861535049806E+06 -3.320515149880E+08  0.000000000000E+00 -1.000000000000E-07   1   5
 -1.783095475699E-03 -1.874792714751E-03 -2.427980291883E-05 -1.722178792952E+06 -1.806527293076E+06 -3.322265580601E+08  0.000000000000E+00 -1.000000000000E-07   1   5
  1.207973266444E-03 -1.194970591083E-06 -9.834767779049E-07  2.850125620904E+06 -6.923964498738E+05  1.342570731618E+07  0.000000000000E+00 -1.000000000000E-07   1   5
  1.169226963159E-03  1.309875205322E-05 -1.023159300270E-06  2.810114815038E+06 -1.495093986080E+05  1.551821966169E+07  0.000000000000E+00 -1.000000000000E-07   1   5
  1.129961686755E-03  2.164520005960E-05 -1.018947711096E-06  2.742645587654E+06  2.563487202255E+05  1.555640449065E+07  0.000000000000E+00 -1.000000000000E-07   1   5
 -1.828757130710E-03 -1.853945175785E-03 -2.746452262943E-05 -1.762245447185E+06 -1.792628404524E+06 -3.320832466521E+08  0.000000000000E+00 -1.000000000000E-07   1   5
 -1.808460392152E-03 -1.813090963637E-03 -2.395744902213E-05 -1.737878249600E+06 -1.746297687232E+06 -3.323596325124E+08  0.000000000000E+00 -1.000000000000E-07   1   5
  1.213472986984E-03  6.793854504966E-06 -1.140897703950E-06  2.845168823610E+06 -3.507887146541E+05  5.492468180075E+06  0.000000000000E+00 -1.000000000000E-07   1   5
  1.123205254457E-03  3.005271880253E-06 -5.158669307281E-07  2.765213658249E+06 -5.800748990150E+05  1.117452520251E+07  0.000000000000E+00 -1.000000000000E-07   1   5
 -1.898548408445E-03 -1.909614190671E-03 -2.928824077783E-05 -1.841733438397E+06 -1.847365271566E+06 -3.320065359839E+08  0.000000000000E+00 -1.000000000000E-07   1   5
 -1.827678537672E-03 -1.832579974208E-03 -2.723480118424E-05 -1.762118473089E+06 -1.765289326852E+06 -3.322377156621E+08  0.000000000000E+00 -1.000000000000E-07   1   5
 -1.721348032809E-03 -1.810450515333E-03 -2.263524355881E-05 -1.655030644650E+06 -1.744807742448E+06 -3.321915661063E+08  0.000000000000E+00 -1.000000000000E-07   1   5
 -1.679579040363E-03 -1.748066537510E-03 -2.156996910146E-05 -1.612427554888E+06 -1.677776452576E+06 -3.323162787339E+08  0.000000000000E+00 -1.000000000000E-07   1   5
 -2.017810308762E-03 -1.817219452225E-03 -2.951958278653E-05 -1.954106804789E+06 -1.766809737159E+06 -3.319667389671E+08  0.000000000000E+00 -1.000000000000E-07   1   5
  1.167428681785E-03  6.347475078285E-06 -1.708387692895E-06  2.730975399219E+06 -2.163108230749E+05  1.598656585996E+07  0.000000000000E+00 -1.000000000000E-07   1   5
  1.119549966530E-03  1.791996184574E-05 -1.921218527504E-06  2.665683200093E+06  1.246495606814E+05  1.871171161520E+07  0.000000000000E+00 -1.000000000000E-07   1   5
  1.202159436727E-03  2.531363539547E-05 -6.065058841404E-07  2.867474341151E+06  6.526636857115E+05  1.044261019477E+07  0.000000000000E+00 -1.000000000000E-07   1   5
  1.152039024690E-03  3.829294176122E-06 -5.428157609511E-07  2.789007714433E+06 -3.409057128727E+05  5.637801621885E+06  0.000000000000E+00 -1.000000000000E-07   1   5
  1.084185364646E-03  1.197699391653E-05 -1.562291995771E-07  2.687062521112E+06  7.121756872616E+04 -3.905964987643E+05  0.000000000000E+00 -1.000000000000E-07   1   5
 -1.813628127505E-03 -1.815716529673E-03 -2.621045320962E-05 -1.750640502579E+06 -1.753589904822E+06 -3.319996950789E+08  0.000000000000E+00 -1.000000000000E-07   1   5
 -1.796483360913E-03 -1.714719042229E-03 -2.517002867941E-05 -1.730192039979E+06 -1.648331399898E+06 -3.321911342958E+08  0.000000000000E+00 -1.000000000000E-07   1   5
 -2.042593816475E-03 -1.981768452595E-03 -3.230655958179E-05 -1.998742958674E+06 -1.941456107802E+06 -3.316204321083E+08  0.000000000000E+00 -1.000000000000E-07   1   5
 -1.852532489493E-03 -1.918208029443E-03 -2.787818513428E-05 -1.792346466500E+06 -1.852469383899E+06 -3.321675291550E+08  0.000000000000E+00 -1.000000000000E-07   1   5
 -1.801936443349E-03 -1.853738258460E-03 -2.625228222980E-05 -1.740883523641E+06 -1.790117797844E+06 -3.320359689280E+08  0.000000000000E+00 -1.000000000000E-07   1   5
  1.173170142089E-03  5.485845017589E-06 -2.086761011419E-06  2.742166533312E+06 -4.082911130441E+05  1.402216959278E+07  0.000000000000E+00 -1.000000000000E-07   1   5
 -2.000339342821E-03 -1.873606818031E-03 -3.278619881299E-05 -1.944325724404E+06 -1.827965060359E+06 -3.317596194653E+08  0.000000000000E+00 -1.000000000000E-07   1   5
 -1.910774270585E-03 -1.877462384070E-03 -2.587107770811E-05 -1.840656288904E+06 -1.813543951030E+06 -3.323802986053E+08  0.000000000000E+00 -1.000000000000E-07   1   5
 -1.848622824596E-03 -1.796050437069E-03 -2.499092591565E-05 -1.783167695641E+06 -1.734883216132E+06 -3.320869284500E+08  0.000000000000E+00 -1.000000000000E-07   1   5
  1.182819759031E-03  1.349710816521E-05 -1.098511453565E-06  2.812309131771E+06 -1.082295974371E+05  1.058287712510E+07  0.000000000000E+00 -1.000000000000E-07   1   5
  1.122374790126E-03  1.648800443731E-05 -8.090835966618E-07  2.737197675906E+06 -1.438518708609E+04  1.050432029234E+07  0.000000000000E+00 -1.000000000000E-07   1   5
  1.029912965827E-03  7.179506136947E-06 -2.127281126391E-07  2.596516851779E+06 -4.026655489570E+05  1.448322800698E+06  0.000000000000E+00 -1.000000000000E-07   1   5
  1.133049081933E-03  2.058448625644E-05  1.028887216675E-06  2.823064889296E+06  4.449494439797E+05 -1.577766182925E+07  0.000000000000E+00 -1.000000000000E-07   1   5
 -1.801180345041E-03 -1.786758706106E-03 -2.409816079323E-05 -1.732577700975E+06 -1.717705896426E+06 -3.323354177927E+08  0.000000000000E+00 -1.000000000000E-07   1   5
 -1.753676592844E-03 -1.755736062549E-03 -2.328531961680E-05 -1.686282679928E+06 -1.688255720948E+06 -3.322575280187E+08  0.000000000000E+00 -1.000000000000E-07   1   5
 -1.724176149829E-03 -1.699276075963E-03 -2.235022465744E-05 -1.652929347994E+06 -1.628252462147E+06 -3.324989192728E+08  0.000000000000E+00 -1.000000000000E-07   1   5
  1.161418828813E-03  1.228937465260E-05 -2.089529964708E-06  2.701612617658E+06 -1.233111393395E+05  1.941283508203E+07  0.000000000000E+00 -1.000000000000E-07   1   5
  1.245168782393E-03  2.375952336471E-05 -7.863254145313E-07  2.885355211306E+06  4.827234561390E+05  7.826690295794E+06  0.000000000000E+00 -1.000000000000E-07   1   5
  1.216027097119E-03  5.979487435292E-06 -1.215876240454E-06  2.841949976269E+06 -3.904064364730E+05  8.870429944155E+06  0.000000000000E+00 -1.000000000000E-07   1   5
 -2.080112836399E-03 -1.933542942220E-03 -3.297974166502E-05 -2.028824102764E+06 -1.893204169656E+06 -3.317990444661E+08  0.000000000000E+00 -1.000000000000E-07   1   5
 -1.896004685306E-03 -1.892721451845E-03 -2.893862885366E-05 -1.834605928127E+06 -1.835917174851E+06 -3.319421134354E+08  0.000000000000E+00 -1.000000000000E-07   1   5
 -1.810974447885E-03 -1.812519778725E-03 -2.661782114255E-05 -1.743220167807E+06 -1.747999051291E+06 -3.321790323604E+08  0.000000000000E+00 -1.000000000000E-07   1   5
 -1.792780090794E-03 -1.727295808456E-03 -2.247135189110E-05 -1.724287005100E+06 -1.661404573489E+06 -3.322541173566E+08  0.000000000000E+00 -1.000000000000E-07   1   5
  1.220138445968E-03  1.401083709077E-05 -1.357430352372E-06  2.823470677749E+06 -3.268310192745E+04  3.783794278407E+06  0.000000000000E+00 -1.000000000000E-07   1   5
 -1.886086705689E-03 -1.922535622979E-03 -2.890849452612E-05 -1.831796377983E+06 -1.860698934200E+06 -3.319216781321E+08  0.000000000000E+00 -1.000000000000E-07   1   5
 -1.838508816837E-03 -1.850807708061E-03 -2.721242321814E-05 -1.776388849001E+06 -1.784373846681E+06 -3.321442059782E+08  0.000000000000E+00 -1.000000000000E-07   1   5
 -1.785454599835E-03 -1.821115396215E-03 -2.656477840836E-05 -1.723458154558E+06 -1.756235695850E+06 -3.320616227950E+08  0.000000000000E+00 -1.000000000000E-07   1   5
  1.227110678137E-03  5.585225931521E-06 -9.868958764231E-07  2.879520973157E+06 -2.545945176520E+05  1.065598316814E+07  0.000000000000E+00 -1.000000000000E-07   1   5
 -1.901608839836E-03 -1.932543036881E-03 -2.898339952062E-05 -1.841509159519E+06 -1.876624427408E+06 -3.319547029634E+08  0.000000000000E+00 -1.000000000000E-07   1   5
 -1.869264442519E-03 -1.858585871181E-03 -2.749778345966E-05 -1.802372944902E+06 -1.797785320716E+06 -3.321749449829E+08  0.000000000000E+00 -1.000000000000E-07   1   5
  1.198958450085E-03  1.105081178798E-05 -2.296881996947E-06  2.750277667189E+06 -1.348337535926E+05  1.023984451152E+07  0.000000000000E+00 -1.000000000000E-07   1   5
  1.138914756322E-03  3.857760177204E-06 -2.631576944148E-06  2.642661897363E+06 -4.490906096561E+05  1.279069996272E+07  0.000000000000E+00 -1.000000000000E-07   1   5
  1.208419654079E-03  8.054577013433E-06  5.487758210077E-07  2.924790958743E+06 -1.140755929212E+05 -1.256309436604E+06  0.000000000000E+00 -1.000000000000E-07   1   5
  1.104539845930E-03  1.184372923788E-05  5.341596039654E-07  2.754559978611E+06 -1.995105298931E+05 -9.135416773613E+06  0.000000000000E+00 -1.000000000000E-07   1   5
 -1.863764868509E-03 -1.819997613319E-03 -2.629000512387E-05 -1.800320338591E+06 -1.755525446349E+06 -3.321136128314E+08  0.000000000000E+00 -1.000000000000E-07   1   5
 -1.805585474529E-03 -1.762694081921E-03 -2.473819886921E-05 -1.737874351501E+06 -1.693375159298E+06 -3.323175920286E+08  0.000000000000E+00 -1.000000000000E-07   1   5
 -1.757537914918E-03 -1.725381042666E-03 -2.386372854124E-05 -1.693124062599E+06 -1.659541337877E+06 -3.321287160820E+08  0.000000000000E+00 -1.000000000000E-07   1   5
 -1.807905632904E-03 -1.943393533755E-03 -2.620852811110E-05 -1.748908220450E+06 -1.875859342288E+06 -3.321963978057E+08  0.000000000000E+00 -1.000000000000E-07   1   5
  1.229229694051E-03  3.913425925433E-06 -1.289288699621E-06  2.851660986124E+06 -4.595521380247E+05  6.847930731519E+06  0.000000000000E+00 -1.000000000000E-07   1   5
  1.182579286170E-03  1.340257065869E-05 -1.205190819503E-06  2.790283550782E+06 -9.740190047519E+04  6.993523992992E+06  0.000000000000E+00 -1.000000000000E-07   1   5
  1.133745900503E-03  1.900329851144E-05 -1.063515596547E-06  2.726742337929E+06  1.759365637753E+05  7.036695519364E+06  0.000000000000E+00 -1.000000000000E-07   1   5
  1.052137092566E-03  1.917131752110E-05 -6.594844003116E-07  2.595354707368E+06  1.671125088075E+05  9.292277184270E+05  0.000000000000E+00 -1.000000000000E-07   1   5
 -1.827386348094E-03 -1.867128693736E-03 -2.538955601908E-05 -1.760016345288E+06 -1.803592975889E+06 -3.322115983930E+08  0.000000000000E+00 -1.000000000000E-07   1   5
 -1.813012441793E-03 -1.813077707870E-03 -2.493366741461E-05 -1.743538550781E+06 -1.746983196519E+06 -3.323291481214E+08  0.000000000000E+00 -1.000000000000E-07   1   5
  1.216026241520E-03  2.184946530485E-05 -1.788504370812E-06  2.817422997128E+06  4.678993387644E+05  8.513283407678E+06  0.000000000000E+00 -1.000000000000E-07   1   5
  1.005349306838E-03  2.850095161170E-05  4.270076720270E-07  2.589518761277E+06  7.455747998100E+05 -6.694619397489E+06  0.000000000000E+00 -1.000000000000E-07   1   5
 -1.845332773371E-03 -1.822522327677E-03 -2.746354458590E-05 -1.782954199690E+06 -1.755545239676E+06 -3.321282579565E+08  0.000000000000E+00 -1.000000000000E-07   1   5
 -1.822146985741E-03 -1.809043007180E-03 -2.445503494526E-05 -1.753289722001E+06 -1.737014321844E+06 -3.324600105971E+08  0.000000000000E+00 -1.000000000000E-07   1   5
 -1.756802254886E-03 -1.783552534944E-03 -2.352736604316E-05 -1.694333842835E+06 -1.718892839479E+06 -3.320479202148E+08  0.000000000000E+00 -1.000000000000E-07   1   5
 -1.954097341849E-03 -1.884827511966E-03 -2.952847865161E-05 -1.889764534024E+06 -1.830179588726E+06 -3.320458722411E+08  0.000000000000E+00 -1.000000000000E-07   1   5
 -1.896181383495E-03 -1.827627637662E-03 -2.790019811397E-05 -1.832616327313E+06 -1.770802978108E+06 -3.320059837047E+08  0.000000000000E+00 -1.000000000000E-07   1   5
  1.137318698582E-03  1.948169233382E-05 -2.299637841291E-06  2.662577037173E+06  4.354209809336E+05  2.282540234019E+07  0.000000000000E+00 -1.000000000000E-07   1   5
  1.222246961688E-03  1.447170198769E-06 -9.362136939861E-07  2.873871805362E+06 -4.831172275394E+05  1.068544295053E+07  0.000000000000E+00 -1.000000000000E-07   1   5
  1.179864608880E-03  8.905949155805E-06 -9.976685059754E-07  2.820399564562E+06 -3.109669869991E+05  1.284401965026E+07  0.000000000000E+00 -1.000000000000E-07   1   5
 -1.970169553355E-03 -2.016821556621E-03 -3.258005151399E-05 -1.927508786819E+06 -1.968418301890E+06 -3.316936680004E+08  0.000000000000E+00 -1.000000000000E-07   1   5
 -1.826783262754E-03 -1.865534708719E-03 -2.741618041993E-05 -1.760468346760E+06 -1.799920414215E+06 -3.322270830942E+08  0.000000000000E+00 -1.000000000000E-07   1   5
 -1.762416448633E-03 -1.797985976588E-03 -2.623072298219E-05 -1.697665770047E+06 -1.735810575821E+06 -3.320164805958E+08  0.000000000000E+00 -1.000000000000E-07   1   5
 -1.756619128635E-03 -1.745543127920E-03 -2.127674259057E-05 -1.686604964076E+06 -1.677850078548E+06 -3.323834557355E+08  0.000000000000E+00 -1.000000000000E-07   1   5
 -1.836646156213E-03 -1.884343869902E-03 -2.643911269179E-05 -1.776665090229E+06 -1.816862709833E+06 -3.321410304350E+08  0.000000000000E+00 -1.000000000000E-07   1   5
 -1.788060908548E-03 -1.848924369243E-03 -2.548699706349E-05 -1.724120840149E+06 -1.779349170959E+06 -3.322789418259E+08  0.000000000000E+00 -1.000000000000E-07   1   5
  1.164598605940E-03  2.637615194275E-05 -1.444691984417E-06  2.774910593139E+06  6.317189753612E+05  1.720705642663E+07  0.000000000000E+00 -1.000000000000E-07   1   5
  1.105887017711E-03  2.520487520112E-05 -1.261805402678E-06  2.672037292691E+06  6.325655149205E+05  1.099363982015E+07  0.000000000000E+00 -1.000000000000E-07   1   5
 -2.008643823486E-03 -2.008743069645E-03 -3.143038043908E-05 -1.957441695691E+06 -1.962426821476E+06 -3.318399337188E+08  0.000000000000E+00 -1.000000000000E-07   1   5
 -1.849573177579E-03 -1.854369223459E-03 -2.624320740235E-05 -1.779609118729E+06 -1.788236951293E+06 -3.323614367876E+08  0.000000000000E+00 -1.000000000000E-07   1   5
 -1.831054736610E-03 -1.775346239505E-03 -2.503389115253E-05 -1.767346688357E+06 -1.714792205295E+06 -3.320156405741E+08  0.000000000000E+00 -1.000000000000E-07   1   5
  1.160539356226E-03  1.639193931427E-05 -1.501728344080E-06  2.764720886697E+06  2.932256689693E+05  1.824416950871E+07  0.000000000000E+00 -1.000000000000E-07   1   5
  1.092553092208E-03  1.519375657345E-06 -1.275652896066E-06  2.662871743148E+06 -4.555403999564E+05  1.555295638683E+07  0.000000000000E+00 -1.000000000000E-07   1   5
 -1.903647130128E-03 -1.871462921809E-03 -2.692360925194E-05 -1.839261546846E+06 -1.806005117478E+06 -3.322448745464E+08  0.000000000000E+00 -1.000000000000E-07   1   5
 -1.829748970591E-03 -1.814933028153E-03 -2.527962942182E-05 -1.765926798365E+06 -1.749720432162E+06 -3.321353771189E+08  0.000000000000E+00 -1.000000000000E-07   1   5
 -1.752003034873E-03 -1.792494921060E-03 -2.404288428053E-05 -1.684918233437E+06 -1.724970526715E+06 -3.322787572039E+08  0.000000000000E+00 -1.000000000000E-07   1   5
 -1.711397259205E-03 -1.762749500615E-03 -2.336856006724E-05 -1.646306666770E+06 -1.697224118064E+06 -3.321938378955E+08  0.000000000000E+00 -1.000000000000E-07   1   5
 -1.894963622720E-03 -1.742960235599E-03 -2.704735802640E-05 -1.825192647144E+06 -1.681579118628E+06 -3.322267134755E+08  0.000000000000E+00 -1.000000000000E-07   1   5
  1.258529118341E-03  5.397742216089E-06 -1.239346912082E-06  2.872037157331E+06 -2.941162162198E+05  1.456593317945E+06  0.000000000000E+00 -1.000000000000E-07   1   5
  1.188965527916E-03  5.270326830471E-06 -1.011691971392E-06  2.822260897258E+06 -4.428503198879E+05  8.585683572986E+06  0.000000000000E+00 -1.000000000000E-07   1   5
  1.124213286611E-03  4.155671239076E-06 -6.414917976122E-07  2.736009550624E+06 -4.908823766333E+05  5.238607643102E+06  0.000000000000E+00 -1.000000000000E-07   1   5
  1.044606005563E-03 -7.637027129947E-07 -1.639414975441E-07  2.615608756242E+06 -6.604037095468E+05 -2.268670536442E+06  0.000000000000E+00 -1.000000000000E-07   1   5
  9.209084899169E-04  8.124760555431E-07  3.395146909307E-07  2.402938491424E+06 -5.617929650710E+05 -2.328070213578E+07  0.000000000000E+00 -1.000000000000E-07   1   5
 -1.814511713399E-03 -1.849398713489E-03 -2.523629468654E-05 -1.745929490695E+06 -1.782423126466E+06 -3.323049028471E+08  0.000000000000E+00 -1.000000000000E-07   1   5
 -1.777565444786E-03 -1.766338317689E-03 -2.371495906565E-05 -1.709701537646E+06 -1.699297122963E+06 -3.322533343823E+08  0.000000000000E+00 -1.000000000000E-07   1   5
 -1.882351692478E-03 -1.952084019250E-03 -2.957213223183E-05 -1.823649700507E+06 -1.882884392792E+06 -3.322801569277E+08  0.000000000000E+00 -1.000000000000E-07   1   5
 -1.846797037442E-03 -1.880819407940E-03 -2.810507590370E-05 -1.792195907593E+06 -1.820093922365E+06 -3.318478884595E+08  0.000000000000E+00 -1.000000000000E-07   1   5
 -1.777720405872E-03 -1.847551145319E-03 -2.755553059616E-05 -1.717977563323E+06 -1.783371249341E+06 -3.320395061434E+08  0.000000000000E+00 -1.000000000000E-07   1   5
  1.271812369832E-03  1.950616971211E-05 -6.762979760655E-07  2.950251622649E+06  1.999764197022E+05  8.111001684090E+06  0.000000000000E+00 -1.000000000000E-07   1   5
  1.202452181228E-03  8.443007416068E-06 -8.343516356285E-07  2.837344728938E+06 -1.206447768297E+05  6.806096420172E+05  0.000000000000E+00 -1.000000000000E-07   1   5
 -1.943862697052E-03 -1.893092585974E-03 -2.921562370223E-05 -1.883781640235E+06 -1.839497647021E+06 -3.319144908452E+08  0.000000000000E+00 -1.000000000000E-07   1   5
 -1.861170002168E-03 -1.824567536849E-03 -2.688447279471E-05 -1.795447153081E+06 -1.762070810832E+06 -3.321505920794E+08  0.000000000000E+00 -1.000000000000E-07   1   5
  1.141103935553E-03  4.849252091644E-06 -1.781502848991E-06  2.708523263936E+06 -4.785106747214E+05  1.955736151748E+07  0.000000000000E+00 -1.000000000000E-07   1   5
  1.207001726202E-03  2.414531774547E-05 -2.028472710497E-07  2.897872431383E+06  3.698282101053E+05  1.039836336435E+07  0.000000000000E+00 -1.000000000000E-07   1   5
 -1.934163784200E-03 -1.975459071799E-03 -3.018881773992E-05 -1.884083313150E+06 -1.919211821474E+06 -3.318287108165E+08  0.000000000000E+00 -1.000000000000E-07   1   5
 -1.889717554785E-03 -1.892053227737E-03 -2.824691365919E-05 -1.829259480736E+06 -1.828252599063E+06 -3.321004424403E+08  0.000000000000E+00 -1.000000000000E-07   1   5
 -1.813756781669E-03 -1.818006013604E-03 -2.599953220456E-05 -1.749347338687E+06 -1.752712632360E+06 -3.321200519882E+08  0.000000000000E+00 -1.000000000000E-07   1   5
 -1.719535712191E-03 -1.764576483626E-03 -2.411273564507E-05 -1.650210612549E+06 -1.695651055435E+06 -3.323194559776E+08  0.000000000000E+00 -1.000000000000E-07   1   5
 -1.670723315127E-03 -1.728507835483E-03 -2.034510145495E-05 -1.603307498149E+06 -1.661417446042E+06 -3.322637664274E+08  0.000000000000E+00 -1.000000000000E-07   1   5
  1.230194684405E-03  9.243323047631E-06 -1.454246915930E-06  2.827030186023E+06 -2.339003418367E+05  7.053565622883E+06  0.000000000000E+00 -1.000000000000E-07   1   5
  1.201892518681E-03  2.299751388268E-05 -1.640686302762E-06  2.807047358141E+06  4.660948195207E+05  1.275391556293E+07  0.000000000000E+00 -1.000000000000E-07   1   5
  1.168910766450E-03  6.681144568309E-06 -1.727138646865E-06  2.749268132191E+06 -2.045507727327E+05  1.126149508837E+07  0.000000000000E+00 -1.000000000000E-07   1   5
  1.087073488942E-03  5.396532089621E-07 -1.417040931692E-06  2.619316379202E+06 -5.476706410659E+05  6.905793799138E+06  0.000000000000E+00 -1.000000000000E-07   1   5
 -1.959740489696E-03 -1.940415302230E-03 -2.956789843750E-05 -1.899813392004E+06 -1.885335479961E+06 -3.320235717806E+08  0.000000000000E+00 -1.000000000000E-07   1   5
 -1.850330790349E-03 -1.848637870718E-03 -2.639435008504E-05 -1.785715922370E+06 -1.785879179760E+06 -3.321088109878E+08  0.000000000000E+00 -1.000000000000E-07   1   5
 -1.798488709335E-03 -1.742281156082E-03 -2.409571018594E-05 -1.729780547765E+06 -1.673917038109E+06 -3.323121598776E+08  0.000000000000E+00 -1.000000000000E-07   1   5
 -1.965043080796E-03 -1.928833347078E-03 -3.117789935733E-05 -1.915235787031E+06 -1.877869939911E+06 -3.317100381206E+08  0.000000000000E+00 -1.000000000000E-07   1   5
 -1.859749882907E-03 -1.852821225221E-03 -2.868219652194E-05 -1.799444662698E+06 -1.786519594779E+06 -3.321136179399E+08  0.000000000000E+00 -1.000000000000E-07   1   5
 -1.836394130289E-03 -1.836017403443E-03 -2.543153596653E-05 -1.773756401415E+06 -1.769011465826E+06 -3.321934526175E+08  0.000000000000E+00 -1.000000000000E-07   1   5
 -1.746491008789E-03 -1.813293150548E-03 -2.404304298861E-05 -1.680265182692E+06 -1.743472730555E+06 -3.323567496836E+08  0.000000000000E+00 -1.000000000000E-07   1   5
  1.154385235721E-03  2.309866719248E-05 -1.215519356598E-06  2.765699289464E+06  3.821608671166E+05  1.846928410018E+07  0.000000000000E+00 -1.000000000000E-07   1   5
 -1.852944390629E-03 -1.849520720167E-03 -2.766340320692E-05 -1.784854738557E+06 -1.788320597587E+06 -3.321633706883E+08  0.000000000000E+00 -1.000000000000E-07   1   5
 -1.831785118253E-03 -1.786502915372E-03 -2.763105538479E-05 -1.766120452774E+06 -1.726901468311E+06 -3.320362611923E+08  0.000000000000E+00 -1.000000000000E-07   1   5
  1.274657631351E-03  2.200446118399E-05 -8.186338982807E-07  2.939076706827E+06  3.726853762653E+05  3.160935156796E+06  0.000000000000E+00 -1.000000000000E-07   1   5
  1.209858650245E-03  1.335462237675E-06 -9.825572788030E-07  2.854317069514E+06 -5.456490779633E+05  4.518959931548E+06  0.000000000000E+00 -1.000000000000E-07   1   5
  1.154575466953E-03  6.496741968995E-06 -8.003455004985E-07  2.783134252694E+06 -3.942865623899E+05  5.932658903015E+06  0.000000000000E+00 -1.000000000000E-07   1   5
 -1.965952208031E-03 -1.963129177362E-03 -3.154516570418E-05 -1.915025770430E+06 -1.912115395059E+06 -3.317904055787E+08  0.000000000000E+00 -1.000000000000E-07   1   5
 -1.833915598616E-03 -1.806315888332E-03 -2.670176604193E-05 -1.765197271340E+06 -1.736155649910E+06 -3.323699158782E+08  0.000000000000E+00 -1.000000000000E-07   1   5
 -1.763489459441E-03 -1.744677371403E-03 -2.197216189469E-05 -1.698015962932E+06 -1.678685181913E+06 -3.321450015265E+08  0.000000000000E+00 -1.000000000000E-07   1   5
 -1.725000050154E-03 -1.685127580322E-03 -2.115940115266E-05 -1.656515258990E+06 -1.616553148224E+06 -3.323216074995E+08  0.000000000000E+00 -1.000000000000E-07   1   5
 -1.746797013324E-03 -1.887940944941E-03 -2.564579180768E-05 -1.688912388136E+06 -1.822541634212E+06 -3.320675685165E+08  0.000000000000E+00 -1.000000000000E-07   1   5
  1.164992263173E-03  2.086937160665E-05 -1.584960292650E-06  2.736322929731E+06  4.979280488501E+05  2.206576731530E+07  0.000000000000E+00 -1.000000000000E-07   1   5
  1.127585723830E-03  7.121526286077E-06 -1.810054813853E-06  2.685292107689E+06 -3.696107892269E+05  1.736293135447E+07  0.000000000000E+00 -1.000000000000E-07   1   5
  1.219259858859E-03  2.515714739308E-05 -6.509292019563E-07  2.886694014887E+06  5.729950780885E+05  7.191047885766E+06  0.000000000000E+00 -1.000000000000E-07   1   5
 -1.865815981829E-03 -1.899350407294E-03 -2.754096725900E-05 -1.800425049783E+06 -1.838454996911E+06 -3.321311263648E+08  0.000000000000E+00 -1.000000000000E-07   1   5
 -1.851051411146E-03 -1.855537171228E-03 -2.697868935433E-05 -1.783207471113E+06 -1.791277973974E+06 -3.322722270541E+08  0.000000000000E+00 -1.000000000000E-07   1   5
 -1.835934700090E-03 -1.746484470617E-03 -2.530183367128E-05 -1.773140457871E+06 -1.686472874592E+06 -3.319987790519E+08  0.000000000000E+00 -1.000000000000E-07   1   5
  1.153239583845E-03  1.739043542854E-05 -2.386119427086E-06  2.678052883199E+06  3.313333097533E+05  2.028146058263E+07  0.000000000000E+00 -1.000000000000E-07   1   5
 -1.921036317256E-03 -2.056340085404E-03 -3.122088384581E-05 -1.875758790603E+06 -1.999964382755E+06 -3.318697375797E+08  0.000000000000E+00 -1.000000000000E-07   1   5
 -1.883003700531E-03 -1.899145034175E-03 -2.796925964209E-05 -1.821288294894E+06 -1.831862804490E+06 -3.322176366713E+08  0.000000000000E+00 -1.000000000000E-07   1   5
 -1.826645117461E-03 -1.829400192683E-03 -2.614581281359E-05 -1.764116067978E+06 -1.763522676505E+06 -3.320990019460E+08  0.000000000000E+00 -1.000000000000E-07   1   5
 -1.769569323285E-03 -1.790910033189E-03 -2.500297939649E-05 -1.703029792876E+06 -1.722429770449E+06 -3.322456115523E+08  0.000000000000E+00 -1.000000000000E-07   1   5
 -1.961190363234E-03 -1.982099464597E-03 -3.328133807308E-05 -1.917654856148E+06 -1.942847179828E+06 -3.315276647721E+08  0.000000000000E+00 -1.000000000000E-07   1   5
 -1.898943417916E-03 -1.853808318258E-03 -2.695064248645E-05 -1.828564977570E+06 -1.790756019299E+06 -3.323437665241E+08  0.000000000000E+00 -1.000000000000E-07   1   5
  1.225090407092E-03  1.831855997867E-05 -1.635532581298E-06  2.828094230263E+06  2.141629579253E+05  9.351226502705E+06  0.000000000000E+00 -1.000000000000E-07   1   5
  1.173596564784E-03  2.490328889882E-05 -1.484365400192E-06  2.775521585143E+06  5.753733332974E+05  1.442820781479E+07  0.000000000000E+00 -1.000000000000E-07   1   5
  1.121949749894E-03  1.341240649851E-05 -1.379945154964E-06  2.697838079897E+06  1.423784821993E+05  1.347409197639E+07  0.000000000000E+00 -1.000000000000E-07   1   5
  9.744028365704E-04  2.804894592120E-05 -1.496967860920E-06  2.410983805215E+06  6.930868823596E+05  1.354429678329E+07  0.000000000000E+00 -1.000000000000E-07   1   5
  1.220865888194E-03  2.568518764916E-05  6.443305739373E-07  2.933688809857E+06  6.206166024050E+05 -6.776841207641E+06  0.000000000000E+00 -1.000000000000E-07   1   5
 -1.796419848599E-03 -1.803122186578E-03 -2.417760029964E-05 -1.727892268901E+06 -1.735235031643E+06 -3.323176064893E+08  0.000000000000E+00 -1.000000000000E-07   1   5
 -1.778588429801E-03 -1.745478274012E-03 -2.344740848832E-05 -1.711551441431E+06 -1.679214894159E+06 -3.322373855914E+08  0.000000000000E+00 -1.000000000000E-07   1   5
 -1.899171490968E-03 -1.959813582239E-03 -3.011856814256E-05 -1.843846021705E+06 -1.894543148309E+06 -3.321505577936E+08  0.000000000000E+00 -1.000000000000E-07   1   5
 -1.824248540655E-03 -1.853587890986E-03 -2.728705414254E-05 -1.766759436934E+06 -1.788603444199E+06 -3.320037697052E+08  0.000000000000E+00 -1.000000000000E-07   1   5
  1.210869197306E-03  1.507786876395E-05 -3.007589860493E-08  2.877732622809E+06 -1.170476092159E+05  1.571123670117E+07  0.000000000000E+00 -1.000000000000E-07   1   5
  1.173110336118E-03  2.462191472765E-05 -4.974389675449E-07  2.813539686765E+06  5.788503965109E+05  1.372726196984E+06  0.000000000000E+00 -1.000000000000E-07   1   5
  1.083687537944E-03  2.680455760563E-05  1.424556029805E-07  2.688008077291E+06  5.495901644376E+05 -6.271337428109E+06  0.000000000000E+00 -1.000000000000E-07   1   5
 -1.852176699810E-03 -1.862208299856E-03 -2.744696975097E-05 -1.786718334924E+06 -1.801903504729E+06 -3.320696899378E+08  0.000000000000E+00 -1.000000000000E-07   1   5
 -1.821307834524E-03 -1.802763295836E-03 -2.645906253189E-05 -1.753312272117E+06 -1.738755916784E+06 -3.322047768004E+08  0.000000000000E+00 -1.000000000000E-07   1   5
  1.241735942310E-03  2.370878390844E-05 -7.827622085926E-07  2.906045135560E+06  5.489244636126E+05  6.762569909100E+06  0.000000000000E+00 -1.000000000000E-07   1   5
  1.165059336177E-03  1.714816575469E-06 -5.415064518732E-07  2.811744456720E+06 -4.479741436063E+05  7.998876309428E+06  0.000000000000E+00 -1.000000000000E-07   1   5
  1.076628094186E-03  2.153245381441E-05  9.447684871933E-08  2.705159451477E+06  5.179175625667E+05  4.022302309046E+06  0.000000000000E+00 -1.000000000000E-07   1   5
 -1.848999632983E-03 -1.830129033981E-03 -2.690692626792E-05 -1.786468233154E+06 -1.765682227014E+06 -3.320801229603E+08  0.000000000000E+00 -1.000000000000E-07   1   5
 -1.742275432781E-03 -1.794632233012E-03 -2.511160415171E-05 -1.674241465163E+06 -1.726887218801E+06 -3.322701239659E+08  0.000000000000E+00 -1.000000000000E-07   1   5
 -1.715876759933E-03 -1.776491910564E-03 -2.200551586413E-05 -1.649746895058E+06 -1.710809327349E+06 -3.322031718750E+08  0.000000000000E+00 -1.000000000000E-07   1   5
 -1.972445073065E-03 -1.805851571335E-03 -2.791140999696E-05 -1.907013939164E+06 -1.749831418028E+06 -3.320930896953E+08  0.000000000000E+00 -1.000000000000E-07   1   5
  1.177020835814E-03  2.112707419850E-05 -1.315148397699E-06  2.775765548035E+06  2.980548673622E+05  1.434610542554E+07  0.000000000000E+00 -1.000000000000E-07   1   5
  1.140715939948E-03  2.283264551712E-05 -1.403620833146E-06  2.723661469413E+06  5.567125163711E+05  1.555102257080E+07  0.000000000000E+00 -1.000000000000E-07   1   5
  1.080333225317E-03  3.277679596497E-06 -1.497856885496E-06  2.629276315108E+06 -5.543197948957E+05  1.631632674880E+07  0.000000000000E+00 -1.000000000000E-07   1   5
  1.178636788981E-03  2.696473767151E-05 -3.147631367356E-07  2.847415946311E+06  6.032245452838E+05  5.318554168439E+06  0.000000000000E+00 -1.000000000000E-07   1   5
 -1.933196085875E-03 -1.933823253294E-03 -2.962041648040E-05 -1.873543441535E+06 -1.878877847114E+06 -3.319649149634E+08  0.000000000000E+00 -1.000000000000E-07   1   5
 -1.825176256892E-03 -1.752761371074E-03 -2.480123103227E-05 -1.756996120209E+06 -1.683540576307E+06 -3.323429634061E+08  0.000000000000E+00 -1.000000000000E-07   1   5
 -1.764405776166E-03 -1.745091551720E-03 -2.415030354096E-05 -1.697428257939E+06 -1.680882104551E+06 -3.321295843917E+08  0.000000000000E+00 -1.000000000000E-07   1   5
 -1.865869099154E-03 -1.944874667323E-03 -3.075003441587E-05 -1.811687743271E+06 -1.882023267130E+06 -3.319909051507E+08  0.000000000000E+00 -1.000000000000E-07   1   5
 -1.856185550715E-03 -1.882244658812E-03 -2.533894161624E-05 -1.793941361570E+06 -1.815491034655E+06 -3.322150704401E+08  0.000000000000E+00 -1.000000000000E-07   1   5
 -1.793762620329E-03 -1.844705711465E-03 -2.491638381280E-05 -1.727105098798E+06 -1.775319786003E+06 -3.323537688766E+08  0.000000000000E+00 -1.000000000000E-07   1   5
  1.208846270064E-03  1.665024515084E-05 -1.472756950727E-06  2.827575438765E+06  8.948110702160E+04  8.322748954063E+06  0.000000000000E+00 -1.000000000000E-07   1   5
 -1.965525315807E-03 -2.020507140090E-03 -3.268517755768E-05 -1.923593629220E+06 -1.974815563344E+06 -3.316533876772E+08  0.000000000000E+00 -1.000000000000E-07   1   5
 -1.905107337127E-03 -1.842319015477E-03 -2.859547378205E-05 -1.842136089101E+06 -1.784909295278E+06 -3.319813979169E+08  0.000000000000E+00 -1.000000000000E-07   1   5
 -1.852653545814E-03 -1.772605924073E-03 -2.387992111194E-05 -1.783444145006E+06 -1.707196264006E+06 -3.323178163982E+08  0.000000000000E+00 -1.000000000000E-07   1   5
  1.191325704453E-03 -1.457379554164E-06 -7.996457407344E-07  2.842337922256E+06 -6.644638655326E+05  9.987885976172E+06  0.000000000000E+00 -1.000000000000E-07   1   5
  1.128535185825E-03 -2.170414338404E-06 -5.019885802732E-07  2.757947307613E+06 -7.161992741992E+05  7.142769327253E+06  0.000000000000E+00 -1.000000000000E-07   1   5
  1.049779519017E-03  3.290536904031E-06  1.571735266936E-08  2.645097827739E+06 -3.549432717400E+05 -3.613591030993E+05  0.000000000000E+00 -1.000000000000E-07   1   5
 -1.878838046799E-03 -1.872901221013E-03 -2.881674052424E-05 -1.815172943982E+06 -1.809358102626E+06 -3.321513843644E+08  0.000000000000E+00 -1.000000000000E-07   1   5
 -1.798152412745E-03 -1.778834771925E-03 -2.328323851175E-05 -1.732782664218E+06 -1.712638265221E+06 -3.321745534239E+08  0.000000000000E+00 -1.000000000000E-07   1   5
 -1.752815417317E-03 -1.746467613935E-03 -2.271404583942E-05 -1.684978225765E+06 -1.678122843689E+06 -3.323086159046E+08  0.000000000000E+00 -1.000000000000E-07   1   5
 -1.715064182084E-03 -1.659413308406E-03 -2.115721750097E-05 -1.648784651742E+06 -1.592953422212E+06 -3.322348874013E+08  0.000000000000E+00 -1.000000000000E-07   1   5
  1.188941206135E-03  8.051393151327E-06 -1.906096151208E-06  2.719871482824E+06 -1.367468593294E+05  1.444341892039E+07  0.000000000000E+00 -1.000000000000E-07   1   5
  1.145936095084E-03  2.301970015457E-05 -2.170139095897E-06  2.687982301027E+06  4.525522868667E+05  2.627424243101E+07  0.000000000000E+00 -1.000000000000E-07   1   5
  1.239101647582E-03  1.001993906454E-05 -9.994173072181E-07  2.890652677690E+06 -4.118946771659E+04  2.711861166500E+06  0.000000000000E+00 -1.000000000000E-07   1   5
  1.185206456408E-03  2.800508406286E-06 -9.242716932784E-07  2.814774935860E+06 -5.025022553108E+05  2.078633935931E+06  0.000000000000E+00 -1.000000000000E-07   1   5
 -1.964662572138E-03 -1.940643019102E-03 -3.081069432116E-05 -1.903844255081E+06 -1.884502184710E+06 -3.321059122813E+08  0.000000000000E+00 -1.000000000000E-07   1   5
 -1.870259443616E-03 -1.872908066387E-03 -2.822356401441E-05 -1.810349638033E+06 -1.815989167363E+06 -3.318569657900E+08  0.000000000000E+00 -1.000000000000E-07   1   5
 -1.792811293196E-03 -1.782965294741E-03 -2.607951849830E-05 -1.726096124226E+06 -1.717761682496E+06 -3.321497514298E+08  0.000000000000E+00 -1.000000000000E-07   1   5
  1.192473508374E-03  1.317253890561E-05 -5.379175501141E-07  2.858790009321E+06  1.326874348930E+05  1.179765022898E+07  0.000000000000E+00 -1.000000000000E-07   1   5
 -1.874518254138E-03 -1.881312699269E-03 -2.752630330809E-05 -1.812833956607E+06 -1.813346683104E+06 -3.322188648432E+08  0.000000000000E+00 -1.000000000000E-07   1   5
 -1.832399527804E-03 -1.841411009026E-03 -2.651907194179E-05 -1.771928428786E+06 -1.776669354950E+06 -3.320477766590E+08  0.000000000000E+00 -1.000000000000E-07   1   5
 -1.773573782507E-03 -1.817482132573E-03 -2.561063809423E-05 -1.709554928659E+06 -1.750377226252E+06 -3.321862290542E+08  0.000000000000E+00 -1.000000000000E-07   1   5
  1.091853230383E-03  8.415583064295E-06 -2.179750563810E-06  2.605912645874E+06 -9.845234943025E+04  2.222684055076E+07  0.000000000000E+00 -1.000000000000E-07   1   5
 -1.898109397240E-03 -1.906916922445E-03 -2.676822944245E-05 -1.828823960038E+06 -1.844091706020E+06 -3.323331175437E+08  0.000000000000E+00 -1.000000000000E-07   1   5
 -1.870973099823E-03 -1.850110315750E-03 -2.644241073584E-05 -1.807272537292E+06 -1.791732193433E+06 -3.320257822803E+08  0.000000000000E+00 -1.000000000000E-07   1   5
  1.217815477320E-03  1.980330262270E-05 -1.607622421657E-06  2.813896364613E+06  2.679042566060E+05  1.008221782789E+07  0.000000000000E+00 -1.000000000000E-07   1   5
  1.178374312205E-03  2.268594373478E-05 -1.611137934315E-06  2.769477858288E+06  5.440009710444E+05  1.403409314323E+07  0.000000000000E+00 -1.000000000000E-07   1   5
  1.144469011977E-03  2.619852546186E-06 -1.792380440124E-06  2.713037048613E+06 -5.358900938681E+05  1.286516126571E+07  0.000000000000E+00 -1.000000000000E-07   1   5
 -1.950717819320E-03 -1.918496774075E-03 -2.846924268909E-05 -1.892475091773E+06 -1.862670744041E+06 -3.319625544661E+08  0.000000000000E+00 -1.000000000000E-07   1   5
 -1.862401311674E-03 -1.779419814718E-03 -2.514328139096E-05 -1.796331094380E+06 -1.709734934909E+06 -3.323197541574E+08  0.000000000000E+00 -1.000000000000E-07   1   5
 -1.779868002847E-03 -1.796720785492E-03 -2.448920403592E-05 -1.712207032243E+06 -1.729548857193E+06 -3.322263880509E+08  0.000000000000E+00 -1.000000000000E-07   1   5
 -1.723854243806E-03 -1.723422421666E-03 -2.278232096341E-05 -1.652435864918E+06 -1.652531856370E+06 -3.324304274458E+08  0.000000000000E+00 -1.000000000000E-07   1   5
 -1.783259760714E-03 -1.902816414664E-03 -2.769995523942E-05 -1.728564133375E+06 -1.840428801309E+06 -3.318860102999E+08  0.000000000000E+00 -1.000000000000E-07   1   5
  1.238986493081E-03  2.562528128195E-05 -8.418860851095E-07  2.892269779257E+06  6.261981157193E+05  1.039203864032E+07  0.000000000000E+00 -1.000000000000E-07   1   5
  1.198384054178E-03  1.479319031212E-06 -1.026474803961E-06  2.831402157410E+06 -5.692071335922E+05  6.874211981433E+06  0.000000000000E+00 -1.000000000000E-07   1   5
  1.153137887686E-03  1.100904193103E-05 -9.456663487006E-07  2.771558959333E+06 -2.080299298212E+05  6.318971611075E+06  0.000000000000E+00 -1.000000000000E-07   1   5
  1.077583126768E-03  3.559378813278E-06 -4.493418960111E-07  2.653080165731E+06 -4.879748727060E+05 -2.431089212888E+06  0.000000000000E+00 -1.000000000000E-07   1   5
 -1.819811653251E-03 -1.841836992227E-03 -2.740694740888E-05 -1.752930346288E+06 -1.778330711417E+06 -3.321698815467E+08  0.000000000000E+00 -1.000000000000E-07   1   5
 -1.814265052826E-03 -1.791602241486E-03 -2.404935106434E-05 -1.746800195451E+06 -1.726877045161E+06 -3.322363537242E+08  0.000000000000E+00 -1.000000000000E-07   1   5
  1.211984080223E-03  1.470430309616E-05 -1.325475719613E-06  2.832364555328E+06 -2.033013498334E+04  7.102809754025E+06  0.000000000000E+00 -1.000000000000E-07   1   5
 -1.907834730548E-03 -1.879876068098E-03 -2.854590660985E-05 -1.850531882601E+06 -1.817794164217E+06 -3.319691059078E+08  0.000000000000E+00 -1.000000000000E-07   1   5
 -1.840720542263E-03 -1.813658504104E-03 -2.663304908478E-05 -1.777135446139E+06 -1.745017626690E+06 -3.322041169421E+08  0.000000000000E+00 -1.000000000000E-07   1   5
 -1.799393694280E-03 -1.791915072784E-03 -2.642794931873E-05 -1.736546564217E+06 -1.725301353698E+06 -3.321105746764E+08  0.000000000000E+00 -1.000000000000E-07   1   5
 -1.740559419508E-03 -1.778214011470E-03 -2.269252133649E-05 -1.672635329497E+06 -1.707496400735E+06 -3.323931473059E+08  0.000000000000E+00 -1.000000000000E-07   1   5
 -1.946095190549E-03 -1.882517290434E-03 -2.894357437781E-05 -1.883448663298E+06 -1.828353309725E+06 -3.319820598790E+08  0.000000000000E+00 -1.000000000000E-07   1   5
 -1.902440915000E-03 -1.817360549121E-03 -2.742288265413E-05 -1.837097439168E+06 -1.758154411200E+06 -3.321310808722E+08  0.000000000000E+00 -1.000000000000E-07   1   5
  1.147119262758E-03 -1.906931350223E-06 -1.717057189862E-06  2.723045236672E+06 -7.723644918981E+05  2.359302616632E+07  0.000000000000E+00 -1.000000000000E-07   1   5
  1.031586397287E-03  1.977566236467E-05 -1.536664167079E-06  2.518728908957E+06  1.971977772883E+05  1.282812400929E+07  0.000000000000E+00 -1.000000000000E-07   1   5
  1.199464980700E-03  2.237318288886E-06  3.358014531996E-07  2.900596349958E+06 -5.548954300571E+05 -2.745042185849E+06  0.000000000000E+00 -1.000000000000E-07   1   5
  1.076821218682E-03  1.181477925997E-05  8.209494973266E-07  2.732576579918E+06 -2.134974440856E+05 -9.910778480000E+06  0.000000000000E+00 -1.000000000000E-07   1   5
 -1.784097082498E-03 -1.841103044830E-03 -2.528260053999E-05 -1.717159109414E+06 -1.776351414047E+06 -3.321759234852E+08  0.000000000000E+00 -1.000000000000E-07   1   5
 -1.769232688349E-03 -1.790025654687E-03 -2.462350474548E-05 -1.700243442376E+06 -1.722774759241E+06 -3.322990378581E+08  0.000000000000E+00 -1.000000000000E-07   1   5
 -1.749259300855E-03 -1.699784967117E-03 -2.335997230236E-05 -1.683697846539E+06 -1.636132732994E+06 -3.321030007269E+08  0.000000000000E+00 -1.000000000000E-07   1   5
 -1.833356420133E-03 -1.873774581921E-03 -2.548290179757E-05 -1.771025799968E+06 -1.804235810028E+06 -3.322626174364E+08  0.000000000000E+00 -1.000000000000E-07   1   5
 -1.766317007964E-03 -1.843091634490E-03 -2.458876179844E-05 -1.704230827824E+06 -1.775467592018E+06 -3.321760033731E+08  0.000000000000E+00 -1.000000000000E-07   1   5
  1.175029041046E-03  1.700469288248E-05 -1.185207390550E-06  2.801028507605E+06  3.767118695448E+04  1.343080611666E+07  0.000000000000E+00 -1.000000000000E-07   1   5
  1.129572338972E-03  2.128239119987E-05 -1.086286825824E-06  2.735496428821E+06  2.905817325104E+05  1.066176391834E+07  0.000000000000E+00 -1.000000000000E-07   1   5
 -1.931871915058E-03 -1.906690595990E-03 -3.055513337462E-05 -1.870163331436E+06 -1.852101838077E+06 -3.319847930290E+08  0.000000000000E+00 -1.000000000000E-07   1   5
 -1.850183897777E-03 -1.845340090279E-03 -2.550434510534E-05 -1.784102175587E+06 -1.782656450762E+06 -3.321690773123E+08  0.000000000000E+00 -1.000000000000E-07   1   5
 -1.835980572413E-03 -1.730562710358E-03 -2.396573747881E-05 -1.767668413538E+06 -1.665405359022E+06 -3.322908149229E+08  0.000000000000E+00 -1.000000000000E-07   1   5
  1.215677349925E-03  1.776645080338E-05 -1.835931983704E-06  2.817755200565E+06  3.423418415807E+05  1.397334259430E+07  0.000000000000E+00 -1.000000000000E-07   1   5
  1.104979701617E-03  2.650089586089E-05 -9.070486954310E-07  2.713366941157E+06  5.228523773334E+05  1.567846287255E+07  0.000000000000E+00 -1.000000000000E-07   1   5
 -1.920537009403E-03 -1.881184837512E-03 -3.006185846673E-05 -1.863913874953E+06 -1.823694464154E+06 -3.318962957541E+08  0.000000000000E+00 -1.000000000000E-07   1   5
 -1.844462018084E-03 -1.891246713039E-03 -2.644267129800E-05 -1.779324487211E+06 -1.823598322163E+06 -3.323062243456E+08  0.000000000000E+00 -1.000000000000E-07   1   5
 -1.729691533232E-03 -1.816562200802E-03 -2.369482421549E-05 -1.664415526639E+06 -1.752252223247E+06 -3.321012522256E+08  0.000000000000E+00 -1.000000000000E-07   1   5
 -1.649604757718E-03 -1.777938428548E-03 -2.221549931410E-05 -1.580956255408E+06 -1.710463363021E+06 -3.323079214865E+08  0.000000000000E+00 -1.000000000000E-07   1   5
 -1.914928996886E-03 -1.827612296972E-03 -2.830047165034E-05 -1.850373474252E+06 -1.770799182548E+06 -3.320088192118E+08  0.000000000000E+00 -1.000000000000E-07   1   5
  1.129005735586E-03  1.202988531090E-05 -2.320901255584E-06  2.639720000053E+06  7.059166128012E+04  1.829353440897E+07  0.000000000000E+00 -1.000000000000E-07   1   5
  1.212139172061E-03  3.482330304841E-06 -8.535488838085E-07  2.868356644395E+06 -3.715656709310E+05  6.909232804471E+06  0.000000000000E+00 -1.000000000000E-07   1   5
  1.148610734690E-03 -2.041180844095E-06 -6.136795736439E-07  2.787482822853E+06 -7.047706305942E+05  7.453207376387E+06  0.000000000000E+00 -1.000000000000E-07   1   5
  1.066179114440E-03  1.250772893977E-05 -1.193141148381E-08  2.668861039914E+06  9.686249886627E+04 -1.738277664896E+05  0.000000000000E+00 -1.000000000000E-07   1   5
  9.796650646592E-04  2.544954896310E-05  4.406027589859E-07  2.511979587822E+06  5.801426171641E+05 -2.204840586780E+07  0.000000000000E+00 -1.000000000000E-07   1   5
 -1.785626335240E-03 -1.803194339132E-03 -2.713832817343E-05 -1.722252381361E+06 -1.740754886784E+06 -3.319789023128E+08  0.000000000000E+00 -1.000000000000E-07   1   5
 -1.780670795992E-03 -1.734143088505E-03 -2.175828834523E-05 -1.711285588805E+06 -1.665150008028E+06 -3.323741789540E+08  0.000000000000E+00 -1.000000000000E-07   1   5
 -1.888910573900E-03 -1.929765267870E-03 -2.833594058524E-05 -1.832944277632E+06 -1.864886641942E+06 -3.320701998437E+08  0.000000000000E+00 -1.000000000000E-07   1   5
 -1.847547337732E-03 -1.879912521197E-03 -2.717769509603E-05 -1.785899074709E+06 -1.812329239013E+06 -3.322306923969E+08  0.000000000000E+00 -1.000000000000E-07   1   5
 -1.738020458356E-03 -1.850243776858E-03 -2.520427908756E-05 -1.678266446778E+06 -1.786072030437E+06 -3.320524436631E+08  0.000000000000E+00 -1.000000000000E-07   1   5
  1.141887517479E-03  2.339274985770E-06 -1.840531664840E-06  2.689892588780E+06 -5.927803700430E+05  2.257704747567E+07  0.000000000000E+00 -1.000000000000E-07   1   5
  1.240181195071E-03  2.259999498439E-05 -6.935545348447E-07  2.901516349166E+06  4.100275552872E+05  7.102377691421E+05  0.000000000000E+00 -1.000000000000E-07   1   5
 -1.961717218701E-03 -1.890379267263E-03 -2.911398943982E-05 -1.895545807734E+06 -1.831662332534E+06 -3.322337840416E+08  0.000000000000E+00 -1.000000000000E-07   1   5
 -1.828747236084E-03 -1.791939491471E-03 -2.532109809225E-05 -1.763268269915E+06 -1.731738705107E+06 -3.320067118674E+08  0.000000000000E+00 -1.000000000000E-07   1   5
  1.144515359063E-03  2.493159235800E-05 -1.304141154707E-06  2.738573707163E+06  5.759122293005E+05  1.221552585458E+07  0.000000000000E+00 -1.000000000000E-07   1   5
  1.041219389513E-03  2.603296444345E-05 -6.761020295565E-07  2.595165065818E+06  5.265684501753E+05  8.213619924215E+06  0.000000000000E+00 -1.000000000000E-07   1   5
  1.117342068202E-03  4.316698206236E-06  7.449483606925E-07  2.791063037109E+06 -4.880034690048E+05 -8.482481051613E+06  0.000000000000E+00 -1.000000000000E-07   1   5
 -1.955474782009E-03 -1.955437814988E-03 -3.034933604550E-05 -1.904003351019E+06 -1.899723843339E+06 -3.318502323470E+08  0.000000000000E+00 -1.000000000000E-07   1   5
 -1.840477913147E-03 -1.829136632157E-03 -2.629280344316E-05 -1.774819147523E+06 -1.762624752162E+06 -3.322114933961E+08  0.000000000000E+00 -1.000000000000E-07   1   5
 -1.744466327740E-03 -1.760220244891E-03 -2.391578570780E-05 -1.677247425077E+06 -1.693318940548E+06 -3.322091372123E+08  0.000000000000E+00 -1.000000000000E-07   1   5
 -1.714956023552E-03 -1.711030018570E-03 -2.340471707986E-05 -1.645808525971E+06 -1.642373683189E+06 -3.323324115646E+08  0.000000000000E+00 -1.000000000000E-07   1   5
  1.236471148326E-03  1.952965063510E-05 -1.017067754183E-06  2.848279169242E+06  4.129732886667E+05  1.028655052892E+07  0.000000000000E+00 -1.000000000000E-07   1   5
  1.217804134328E-03  1.455182291940E-05 -1.440237844971E-06  2.829571756409E+06 -2.550144453624E+04  8.896812419500E+06  0.000000000000E+00 -1.000000000000E-07   1   5
  1.185245232244E-03  2.318717867746E-05 -1.532702383747E-06  2.785388482979E+06  4.600972407079E+05  1.217417807996E+07  0.000000000000E+00 -1.000000000000E-07   1   5
  1.140279021618E-03  2.125050569520E-05 -1.466202779785E-06  2.705770874615E+06  4.680950907550E+05  5.391790960447E+06  0.000000000000E+00 -1.000000000000E-07   1   5
 -1.943137255079E-03 -1.902295463700E-03 -3.130352199464E-05 -1.886722703713E+06 -1.851757920271E+06 -3.317894232965E+08  0.000000000000E+00 -1.000000000000E-07   1   5
 -1.858676215855E-03 -1.849294009783E-03 -2.610634153229E-05 -1.791875017817E+06 -1.784814921669E+06 -3.322335151261E+08  0.000000000000E+00 -1.000000000000E-07   1   5
 -1.817040018700E-03 -1.739395469080E-03 -2.399930941704E-05 -1.750331204794E+06 -1.673346881407E+06 -3.322150338634E+08  0.000000000000E+00 -1.000000000000E-07   1   5
  1.062377547509E-03  4.051075792026E-06 -1.742770665281E-08  2.672429069153E+06 -3.083861879158E+05  3.419656912661E+06  0.000000000000E+00 -1.000000000000E-07   1   5
 -1.907993859226E-03 -1.858348988928E-03 -2.888559568330E-05 -1.852203221324E+06 -1.799099407566E+06 -3.318641273778E+08  0.000000000000E+00 -1.000000000000E-07   1   5
 -1.813577347141E-03 -1.854881077766E-03 -2.918875402146E-05 -1.753389909816E+06 -1.791494847231E+06 -3.319936332752E+08  0.000000000000E+00 -1.000000000000E-07   1   5
 -1.768388856685E-03 -1.813491733407E-03 -2.384838926410E-05 -1.702874548527E+06 -1.746751980910E+06 -3.321923368216E+08  0.000000000000E+00 -1.000000000000E-07   1   5
  1.197737687848E-03  1.443142980283E-05 -1.325752171405E-06  2.834569533794E+06 -6.325758284517E+04  1.004398782043E+07  0.000000000000E+00 -1.000000000000E-07   1   5
 -1.883417485222E-03 -1.859756987983E-03 -2.787148599917E-05 -1.818414693921E+06 -1.802407300250E+06 -3.320272703632E+08  0.000000000000E+00 -1.000000000000E-07   1   5
 -1.859114236597E-03 -1.782865799850E-03 -2.663235550510E-05 -1.791859287060E+06 -1.722260145752E+06 -3.321552236346E+08  0.000000000000E+00 -1.000000000000E-07   1   5
  1.273529238852E-03  2.329126739314E-05 -8.410951411186E-07  2.937563477234E+06  4.256730630732E+05  4.428572293182E+06  0.000000000000E+00 -1.000000000000E-07   1   5
  1.210644589682E-03  1.136599273947E-06 -1.003742540751E-06  2.843742064567E+06 -5.403201495406E+05  4.963824384445E+06  0.000000000000E+00 -1.000000000000E-07   1   5
  1.166806144536E-03  9.635359639995E-06 -9.518208986675E-07  2.788087602041E+06 -2.412959873252E+05  4.212861923146E+06  0.000000000000E+00 -1.000000000000E-07   1   5
 -1.969481080981E-03 -1.961248101230E-03 -3.159067749274E-05 -1.915825256525E+06 -1.910768049556E+06 -3.318496415042E+08  0.000000000000E+00 -1.000000000000E-07   1   5
 -1.859058328412E-03 -1.856387322992E-03 -2.807947216583E-05 -1.796792188827E+06 -1.794503930520E+06 -3.320281619475E+08  0.000000000000E+00 -1.000000000000E-07   1   5
 -1.779851526228E-03 -1.737462097639E-03 -2.216438919105E-05 -1.709169920328E+06 -1.666343904942E+06 -3.324499320111E+08  0.000000000000E+00 -1.000000000000E-07   1   5
 -1.747680294124E-03 -1.634552139402E-03 -2.073827994649E-05 -1.680451430796E+06 -1.567451524958E+06 -3.322539266521E+08  0.000000000000E+00 -1.000000000000E-07   1   5
 -1.834249175621E-03 -1.954441412364E-03 -2.848342752224E-05 -1.778850534533E+06 -1.887527712509E+06 -3.321327206616E+08  0.000000000000E+00 -1.000000000000E-07   1   5
  1.168627876938E-03  1.857834080374E-05 -1.626866035276E-06  2.736986214332E+06  3.894757843791E+05  1.893509463257E+07  0.000000000000E+00 -1.000000000000E-07   1   5
  1.134348117252E-03  1.188027733274E-05 -1.904155178173E-06  2.675356474248E+06 -1.416527436495E+05  1.562957050140E+07  0.000000000000E+00 -1.000000000000E-07   1   5
  1.226847234012E-03  2.181129896574E-05 -7.792197712214E-07  2.898148558617E+06  5.170174160536E+05  1.095612691251E+07  0.000000000000E+00 -1.000000000000E-07   1   5
  1.174873275039E-03 -2.132736349193E-06 -8.007959120121E-07  2.823574318316E+06 -7.405236803111E+05  1.231632697489E+07  0.000000000000E+00 -1.000000000000E-07   1   5
 -1.806185935185E-03 -1.850666721072E-03 -2.607885785834E-05 -1.738475352220E+06 -1.787946291842E+06 -3.321487675887E+08  0.000000000000E+00 -1.000000000000E-07   1   5
 -1.797828561616E-03 -1.808927275496E-03 -2.571539329162E-05 -1.728557274774E+06 -1.743825144900E+06 -3.322632382578E+08  0.000000000000E+00 -1.000000000000E-07   1   5
  1.147024778768E-03  2.211958261096E-05 -2.309699817335E-06  2.672471166835E+06  4.846660990683E+05  1.291098491416E+07  0.000000000000E+00 -1.000000000000E-07   1   5
 -1.939204927786E-03 -2.038738193542E-03 -3.121724170692E-05 -1.891449528713E+06 -1.980272068739E+06 -3.319621125624E+08  0.000000000000E+00 -1.000000000000E-07   1   5
 -1.865092523932E-03 -1.862979683007E-03 -2.696578807343E-05 -1.803640122851E+06 -1.796412688894E+06 -3.321390076274E+08  0.000000000000E+00 -1.000000000000E-07   1   5
 -1.813559763552E-03 -1.809860134277E-03 -2.557307092017E-05 -1.746738605167E+06 -1.739909766239E+06 -3.323180895508E+08  0.000000000000E+00 -1.000000000000E-07   1   5
 -1.754894370672E-03 -1.784072193051E-03 -2.463886540147E-05 -1.691971761420E+06 -1.719087511577E+06 -3.320460753725E+08  0.000000000000E+00 -1.000000000000E-07   1   5
 -1.962260957763E-03 -1.868076950804E-03 -3.105968380349E-05 -1.899017396078E+06 -1.815829628456E+06 -3.319680747900E+08  0.000000000000E+00 -1.000000000000E-07   1   5
 -1.897934511429E-03 -1.852712730407E-03 -2.536876443478E-05 -1.831227174227E+06 -1.792611048106E+06 -3.321824796508E+08  0.000000000000E+00 -1.000000000000E-07   1   5
  1.236233662098E-03  2.302642678669E-06 -1.241624906015E-06  2.858963862718E+06 -5.198554537638E+05  7.359483607757E+06  0.000000000000E+00 -1.000000000000E-07   1   5
  1.184847326568E-03  1.516703656301E-05 -1.154104295964E-06  2.817417665370E+06 -5.929350806218E+04  1.398000394802E+07  0.000000000000E+00 -1.000000000000E-07   1   5
  1.148405516364E-03  2.168904188833E-05 -1.159555109792E-06  2.753523656486E+06  3.241967234383E+05  1.085342756219E+07  0.000000000000E+00 -1.000000000000E-07   1   5
  1.079610339456E-03  2.446330064683E-05 -8.585694028090E-07  2.650592580360E+06  4.405669796140E+05  8.921700780440E+06  0.000000000000E+00 -1.000000000000E-07   1   5
  1.161822134177E-03 -5.293487295518E-07  6.308882450068E-07  2.846607837242E+06 -5.909766210612E+05 -8.945716520832E+06  0.000000000000E+00 -1.000000000000E-07   1   5
 -1.796277592210E-03 -1.773549564433E-03 -2.379270952843E-05 -1.732022498515E+06 -1.709425203712E+06 -3.320910564810E+08  0.000000000000E+00 -1.000000000000E-07   1   5
 -1.780216740375E-03 -1.732870900002E-03 -2.337179625519E-05 -1.713226428235E+06 -1.666324260730E+06 -3.322569965396E+08  0.000000000000E+00 -1.000000000000E-07   1   5
 -1.899478973223E-03 -1.936336264584E-03 -2.977259115597E-05 -1.846824875454E+06 -1.874620607588E+06 -3.319600563125E+08  0.000000000000E+00 -1.000000000000E-07   1   5
 -1.771094578449E-03 -1.855505290700E-03 -2.653136830684E-05 -1.707693862220E+06 -1.786937023980E+06 -3.321996418264E+08  0.000000000000E+00 -1.000000000000E-07   1   5
  1.228734182231E-03  2.509601143780E-05 -6.100583093693E-07  2.900324876852E+06  5.071493537594E+05  6.389208522580E+06  0.000000000000E+00 -1.000000000000E-07   1   5
  1.166738013246E-03  2.068643817415E-05 -5.385665919760E-07  2.803402036041E+06  4.541308564378E+05  1.578369585504E+06  0.000000000000E+00 -1.000000000000E-07   1   5
  1.081077230345E-03  2.566785034999E-05  8.319650998678E-08  2.678437213970E+06  5.392826085937E+05 -8.835018500903E+06  0.000000000000E+00 -1.000000000000E-07   1   5
 -1.841841180152E-03 -1.848997278861E-03 -2.713401728099E-05 -1.772605106596E+06 -1.784210377195E+06 -3.322830889529E+08  0.000000000000E+00 -1.000000000000E-07   1   5
 -1.817944487274E-03 -1.783768266660E-03 -2.625789947075E-05 -1.753729700401E+06 -1.723196717601E+06 -3.320015216182E+08  0.000000000000E+00 -1.000000000000E-07   1   5
  1.229257512797E-03  1.015089272299E-05 -8.390071597197E-07  2.891523832564E+06 -2.637644695657E+04  7.381595338015E+06  0.000000000000E+00 -1.000000000000E-07   1   5
  1.147164838145E-03  5.102300783965E-06 -4.047717474115E-07  2.791227250089E+06 -2.675405306969E+05  7.700233634164E+06  0.000000000000E+00 -1.000000000000E-07   1   5
 -1.946179561705E-03 -1.960927156152E-03 -3.083237262452E-05 -1.892062503146E+06 -1.900078961179E+06 -3.320545115052E+08  0.000000000000E+00 -1.000000000000E-07   1   5
 -1.827452832403E-03 -1.813640947956E-03 -2.633993219671E-05 -1.764150221660E+06 -1.748989289083E+06 -3.320840129955E+08  0.000000000000E+00 -1.000000000000E-07   1   5
 -1.736301819552E-03 -1.788307307861E-03 -2.515507242674E-05 -1.668868292273E+06 -1.720988736260E+06 -3.322442331339E+08  0.000000000000E+00 -1.000000000000E-07   1   5
 -1.703532849645E-03 -1.769352064687E-03 -2.186112958184E-05 -1.635981802619E+06 -1.701940359845E+06 -3.323012963500E+08  0.000000000000E+00 -1.000000000000E-07   1   5
 -1.934451277133E-03 -1.853966928381E-03 -2.818185523853E-05 -1.865635805197E+06 -1.795920779498E+06 -3.322789296666E+08  0.000000000000E+00 -1.000000000000E-07   1   5
  1.164906068634E-03  2.568619706288E-05 -1.303392404922E-06  2.776739428136E+06  5.477837360924E+05  2.118212719482E+07  0.000000000000E+00 -1.000000000000E-07   1   5
  1.130326892112E-03  3.763902524169E-06 -1.429807089753E-06  2.718882013397E+06 -3.335780728547E+05  2.072785634453E+07  0.000000000000E+00 -1.000000000000E-07   1   5
  1.058482920246E-03  2.317514982786E-05 -1.662638315303E-06  2.586065964036E+06  3.576895550553E+05  2.363741888032E+07  0.000000000000E+00 -1.000000000000E-07   1   5
 -2.034016212887E-03 -2.049457539144E-03 -3.222084651530E-05 -1.990919388801E+06 -2.003060238454E+06 -3.318198404809E+08  0.000000000000E+00 -1.000000000000E-07   1   5
 -1.882332458644E-03 -1.906641826040E-03 -2.767420959830E-05 -1.819801239804E+06 -1.847527234139E+06 -3.320308207207E+08  0.000000000000E+00 -1.000000000000E-07   1   5
 -1.784265045701E-03 -1.803249494256E-03 -2.457163379618E-05 -1.715233078009E+06 -1.736439634746E+06 -3.322792551851E+08  0.000000000000E+00 -1.000000000000E-07   1   5
 -1.769595582215E-03 -1.713039782842E-03 -2.326895942148E-05 -1.701971458211E+06 -1.647402925977E+06 -3.322033822184E+08  0.000000000000E+00 -1.000000000000E-07   1   5
 -1.874017093222E-03 -1.909736981394E-03 -2.928212607814E-05 -1.814678990607E+06 -1.843220815006E+06 -3.321601645926E+08  0.000000000000E+00 -1.000000000000E-07   1   5
 -1.841586041840E-03 -1.863156961561E-03 -2.531413039816E-05 -1.781095691389E+06 -1.798630212465E+06 -3.320824347476E+08  0.000000000000E+00 -1.000000000000E-07   1   5
 -1.775037457244E-03 -1.837854858831E-03 -2.459915650062E-05 -1.710803288986E+06 -1.770898141175E+06 -3.322184088865E+08  0.000000000000E+00 -1.000000000000E-07   1   5
  1.190252434633E-03  1.708314682812E-05 -1.349223537575E-06  2.810673680113E+06  7.041692880269E+04  1.170415408130E+07  0.000000000000E+00 -1.000000000000E-07   1   5
 -1.927697704716E-03 -1.969892334464E-03 -3.098287805613E-05 -1.873697870849E+06 -1.915605081778E+06 -3.319040741588E+08  0.000000000000E+00 -1.000000000000E-07   1   5
 -1.896733029763E-03 -1.829094537813E-03 -2.836648296060E-05 -1.834365138290E+06 -1.771652497651E+06 -3.319527212866E+08  0.000000000000E+00 -1.000000000000E-07   1   5
 -1.852343767643E-03 -1.699491591183E-03 -2.293529824532E-05 -1.783965007027E+06 -1.635018281628E+06 -3.322793670405E+08  0.000000000000E+00 -1.000000000000E-07   1   5
  1.180131489727E-03 -1.876732129611E-06 -7.854713277161E-07  2.828832718498E+06 -7.271447166363E+05  1.157233968872E+07  0.000000000000E+00 -1.000000000000E-07   1   5
  1.129230569095E-03  2.443793578902E-06 -6.167524762568E-07  2.751806831808E+06 -5.672358389430E+05  7.254302550775E+06  0.000000000000E+00 -1.000000000000E-07   1   5
  1.033460002261E-03  9.340958873271E-06  1.131581847391E-07  2.616091254976E+06 -5.257232365466E+04 -2.690800338106E+06  0.000000000000E+00 -1.000000000000E-07   1   5
 -1.844473247063E-03 -1.793095606340E-03 -2.693858562205E-05 -1.780016781955E+06 -1.726313734034E+06 -3.321653579322E+08  0.000000000000E+00 -1.000000000000E-07   1   5
 -1.794128605812E-03 -1.775953567076E-03 -2.338384570075E-05 -1.727745980654E+06 -1.708390436424E+06 -3.322511213642E+08  0.000000000000E+00 -1.000000000000E-07   1   5
 -1.754838223925E-03 -1.742488480060E-03 -2.280475605825E-05 -1.686668602757E+06 -1.673215967730E+06 -3.323633487231E+08  0.000000000000E+00 -1.000000000000E-07   1   5
 -1.770468553521E-03 -1.959221168455E-03 -2.757017103371E-05 -1.716814174578E+06 -1.896138784027E+06 -3.319510452758E+08  0.000000000000E+00 -1.000000000000E-07   1   5
  1.192617854925E-03  4.831582271694E-06 -2.132232163318E-06  2.764140663620E+06 -4.133144358969E+05  9.931447343354E+06  0.000000000000E+00 -1.000000000000E-07   1   5
  1.125158557041E-03  2.134378820800E-05 -2.139664235290E-06  2.650874326472E+06  3.829980108235E+05  1.431394020265E+07  0.000000000000E+00 -1.000000000000E-07   1   5
  1.212101336776E-03  1.835692265666E-05 -7.919973125797E-07  2.855798683585E+06  3.569922945337E+05  3.265302058547E+06  0.000000000000E+00 -1.000000000000E-07   1   5
 -1.983044849656E-03 -2.073556755151E-03 -3.360366733990E-05 -1.953802462635E+06 -2.036757047769E+06 -3.314123113767E+08  0.000000000000E+00 -1.000000000000E-07   1   5
 -1.894474399432E-03 -1.872643135803E-03 -2.824462323331E-05 -1.830509563025E+06 -1.812019701517E+06 -3.320949061382E+08  0.000000000000E+00 -1.000000000000E-07   1   5
 -1.814617524117E-03 -1.793741944829E-03 -2.590792777316E-05 -1.748756696580E+06 -1.729623638495E+06 -3.321175776914E+08  0.000000000000E+00 -1.000000000000E-07   1   5
  1.057531895068E-03  2.764636363520E-05 -1.785488589909E-06  2.571341221809E+06  7.214650691951E+05  2.455476454491E+07  0.000000000000E+00 -1.000000000000E-07   1   5
 -1.918307206178E-03 -1.919041299162E-03 -2.741467544119E-05 -1.860583516626E+06 -1.853990321092E+06 -3.321115519673E+08  0.000000000000E+00 -1.000000000000E-07   1   5
 -1.857975326497E-03 -1.841135605681E-03 -2.603709021258E-05 -1.793562001871E+06 -1.772445367423E+06 -3.322715755726E+08  0.000000000000E+00 -1.000000000000E-07   1   5
 -1.811591813553E-03 -1.816207974789E-03 -2.531193034047E-05 -1.747381596106E+06 -1.748953775211E+06 -3.321993944924E+08  0.000000000000E+00 -1.000000000000E-07   1   5
 -1.726109262369E-03 -1.794373848720E-03 -2.395210884519E-05 -1.657069237545E+06 -1.723068745830E+06 -3.324368031076E+08  0.000000000000E+00 -1.000000000000E-07   1   5
 -1.911522159817E-03 -1.887045374717E-03 -2.958930062272E-05 -1.851501465036E+06 -1.835122768392E+06 -3.318051965246E+08  0.000000000000E+00 -1.000000000000E-07   1   5
 -1.895255693752E-03 -1.858014321986E-03 -2.629371404043E-05 -1.828883181119E+06 -1.797849454028E+06 -3.321847003212E+08  0.000000000000E+00 -1.000000000000E-07   1   5
  1.231224998319E-03  7.856641335704E-06 -1.352888549896E-06  2.847721267869E+06 -3.042580348858E+05  9.178193950527E+06  0.000000000000E+00 -1.000000000000E-07   1   5
  1.193732643832E-03  1.981235287131E-05 -1.398429598731E-06  2.799751403872E+06  2.389062044466E+05  1.206970006822E+07  0.000000000000E+00 -1.000000000000E-07   1   5
  1.156978429565E-03  2.213005871134E-05 -1.470612439353E-06  2.765165020756E+06  5.512602663100E+05  1.904350039092E+07  0.000000000000E+00 -1.000000000000E-07   1   5
 -1.925632653043E-03 -1.973613684446E-03 -3.173036554320E-05 -1.875876306741E+06 -1.918328165977E+06 -3.318477230486E+08  0.000000000000E+00 -1.000000000000E-07   1   5
 -1.891021409033E-03 -1.887388584048E-03 -2.699732089428E-05 -1.828154778715E+06 -1.824559027722E+06 -3.321215784154E+08  0.000000000000E+00 -1.000000000000E-07   1   5
 -1.806842102383E-03 -1.806758288504E-03 -2.472876079651E-05 -1.737297958069E+06 -1.737530980248E+06 -3.323578216687E+08  0.000000000000E+00 -1.000000000000E-07   1   5
 -1.745991686619E-03 -1.722272854545E-03 -2.272434025176E-05 -1.679994414217E+06 -1.656566816914E+06 -3.321220538751E+08  0.000000000000E+00 -1.000000000000E-07   1   5
 -1.825218069279E-03 -1.899291632027E-03 -2.782635001421E-05 -1.766441629862E+06 -1.832681941317E+06 -3.321128280739E+08  0.000000000000E+00 -1.000000000000E-07   1   5
 -1.746120115540E-03 -1.855560170018E-03 -2.638655514757E-05 -1.686564757670E+06 -1.790432246416E+06 -3.320411304161E+08  0.000000000000E+00 -1.000000000000E-07   1   5
  1.223739780746E-03  1.925635174309E-05 -8.364302659658E-07  2.878059465301E+06  4.069747480738E+05  8.829334560553E+06  0.000000000000E+00 -1.000000000000E-07   1   5
  1.173252720435E-03 -1.509694058233E-06 -8.169236071776E-07  2.809899705173E+06 -6.829664135837E+05  7.980785300061E+06  0.000000000000E+00 -1.000000000000E-07   1   5
  1.122125713843E-03  1.206433799200E-06 -6.231622262376E-07  2.727044485020E+06 -5.721875836975E+05  9.575707817008E+05  0.000000000000E+00 -1.000000000000E-07   1   5
 -1.836349938139E-03 -1.851417139227E-03 -2.724235915461E-05 -1.770492084454E+06 -1.789350952284E+06 -3.321232326835E+08  0.000000000000E+00 -1.000000000000E-07   1   5
 -1.820182202321E-03 -1.785489674294E-03 -2.671020068262E-05 -1.751697501356E+06 -1.720199311912E+06 -3.322695905540E+08  0.000000000000E+00 -1.000000000000E-07   1   5
  1.224657696551E-03  1.377833156434E-08 -1.015909013330E-06  2.871430454145E+06 -5.798905385636E+05  9.304622491786E+06  0.000000000000E+00 -1.000000000000E-07   1   5
  1.178328774798E-03  1.053853871573E-05 -9.928259868952E-07  2.817295609189E+06 -2.297646326216E+05  9.414208651093E+06  0.000000000000E+00 -1.000000000000E-07   1   5
 -1.882482689593E-03 -1.849329387780E-03 -2.760755716712E-05 -1.821399636777E+06 -1.785380611493E+06 -3.320751317510E+08  0.000000000000E+00 -1.000000000000E-07   1   5
 -1.821887926150E-03 -1.787193392570E-03 -2.596158037037E-05 -1.756321454523E+06 -1.717298961291E+06 -3.322797746624E+08  0.000000000000E+00 -1.000000000000E-07   1   5
 -1.770069648901E-03 -1.763191430328E-03 -2.598866156701E-05 -1.707692328968E+06 -1.697599901397E+06 -3.320521377876E+08  0.000000000000E+00 -1.000000000000E-07   1   5
 -1.670409133441E-03 -1.746553779069E-03 -2.004119243509E-05 -1.602955872528E+06 -1.676123362220E+06 -3.324022217254E+08  0.000000000000E+00 -1.000000000000E-07   1   5
 -1.972206330508E-03 -1.790164639126E-03 -2.734885704525E-05 -1.905040003464E+06 -1.735403232386E+06 -3.320910209613E+08  0.000000000000E+00 -1.000000000000E-07   1   5
  1.203460623580E-03  1.718601287740E-05 -1.435853704101E-06  2.806554619111E+06  1.119448809078E+05  8.189278581032E+06  0.000000000000E+00 -1.000000000000E-07   1   5
  1.157831742319E-03  2.545593875184E-05 -1.361019408022E-06  2.759865855774E+06  5.550187885616E+05  1.279469648781E+07  0.000000000000E+00 -1.000000000000E-07   1   5
  1.091274893173E-03  2.643718216435E-05 -1.102424102339E-06  2.651602552800E+06  6.343877121178E+05  8.651265678165E+06  0.000000000000E+00 -1.000000000000E-07   1   5
  1.176373539213E-03  1.101150433366E-05  2.246165318048E-07  2.862645141368E+06 -2.392579986390E+05 -2.011742148528E+06  0.000000000000E+00 -1.000000000000E-07   1   5
 -1.816443751126E-03 -1.866612302574E-03 -2.589534948365E-05 -1.746876818547E+06 -1.799869769899E+06 -3.323301190259E+08  0.000000000000E+00 -1.000000000000E-07   1   5
 -1.800421822450E-03 -1.814458591169E-03 -2.519941896423E-05 -1.734221313229E+06 -1.750634836848E+06 -3.321430852358E+08  0.000000000000E+00 -1.000000000000E-07   1   5
 -1.786474574436E-03 -1.717656321122E-03 -2.379726575398E-05 -1.718047437300E+06 -1.651417938158E+06 -3.322713149655E+08  0.000000000000E+00 -1.000000000000E-07   1   5
 -2.028875648053E-03 -1.962044225276E-03 -3.374955813525E-05 -1.998539613736E+06 -1.932164742028E+06 -3.312601852300E+08  0.000000000000E+00 -1.000000000000E-07   1   5
 -1.891010644384E-03 -1.912665389225E-03 -2.754594220669E-05 -1.828483590020E+06 -1.843628834806E+06 -3.323486566722E+08  0.000000000000E+00 -1.000000000000E-07   1   5
 -1.810714639635E-03 -1.832360692569E-03 -2.529230583996E-05 -1.751286334809E+06 -1.767099948036E+06 -3.320215124803E+08  0.000000000000E+00 -1.000000000000E-07   1   5
  1.170200730793E-03  2.248850774319E-05 -1.243356921907E-06  2.790764086071E+06  3.132503195126E+05  2.083512124549E+07  0.000000000000E+00 -1.000000000000E-07   1   5
  1.124849437540E-03  2.523817738878E-05 -1.154577661755E-06  2.717968419940E+06  5.008333192760E+05  1.424358449243E+07  0.000000000000E+00 -1.000000000000E-07   1   5
 -1.946415879180E-03 -1.899162254460E-03 -3.092846311828E-05 -1.884072066594E+06 -1.844846490553E+06 -3.320157475567E+08  0.000000000000E+00 -1.000000000000E-07   1   5
 -1.869555401742E-03 -1.850296136115E-03 -2.615220347167E-05 -1.805382160544E+06 -1.790099607424E+06 -3.320757727309E+08  0.000000000000E+00 -1.000000000000E-07   1   5
  1.218680402329E-03  1.491573265399E-05 -1.412408231483E-06  2.817274918878E+06 -1.246709835823E+03  8.266959276368E+06  0.000000000000E+00 -1.000000000000E-07   1   5
  1.159836976088E-03  2.676923005415E-05 -1.224051070142E-06  2.788593065252E+06  5.758797430396E+05  2.139892121114E+07  0.000000000000E+00 -1.000000000000E-07   1   5
 -1.940336832836E-03 -2.024539632420E-03 -3.265357967630E-05 -1.894430920753E+06 -1.970113038052E+06 -3.318857252179E+08  0.000000000000E+00 -1.000000000000E-07   1   5
 -1.908968917201E-03 -1.931084419934E-03 -3.112766582934E-05 -1.858502262746E+06 -1.875698489725E+06 -3.317479489713E+08  0.000000000000E+00 -1.000000000000E-07   1   5
 -1.858192424623E-03 -1.858854234852E-03 -2.624620089789E-05 -1.793636471758E+06 -1.793189844215E+06 -3.322011281504E+08  0.000000000000E+00 -1.000000000000E-07   1   5
 -1.738801221866E-03 -1.785139554879E-03 -2.340512639698E-05 -1.670926201312E+06 -1.718239748743E+06 -3.322429612200E+08  0.000000000000E+00 -1.000000000000E-07   1   5
 -1.709313851601E-03 -1.742229029273E-03 -2.268048750904E-05 -1.639622559436E+06 -1.673545904577E+06 -3.323646450930E+08  0.000000000000E+00 -1.000000000000E-07   1   5
  1.186903998212E-03  5.058056235833E-06 -2.215622604232E-06  2.720330949214E+06 -4.099746313656E+05  1.331017952971E+07  0.000000000000E+00 -1.000000000000E-07   1   5
  1.062297394173E-03  3.969567787743E-06 -2.288074501561E-06  2.542783707134E+06 -5.100572931632E+05  2.113904247691E+07  0.000000000000E+00 -1.000000000000E-07   1   5
  1.278773259964E-03  2.299790354497E-05  2.221304553907E-07  2.991981071874E+06  5.355585201009E+05 -7.528572440199E+05  0.000000000000E+00 -1.000000000000E-07   1   5
  1.166595986928E-03  2.848684809379E-05 -3.122630830577E-07  2.831500054417E+06  6.964826198338E+05  6.622780957392E+06  0.000000000000E+00 -1.000000000000E-07   1   5
  1.084876177927E-03  2.363147710084E-05  2.582073123508E-07  2.696965030949E+06  3.601092397465E+05 -8.718478953109E+06  0.000000000000E+00 -1.000000000000E-07   1   5
 -1.844320380963E-03 -1.859212113249E-03 -2.712697480178E-05 -1.778511704528E+06 -1.796025504164E+06 -3.321528489272E+08  0.000000000000E+00 -1.000000000000E-07   1   5
 -1.804548412095E-03 -1.774959687513E-03 -2.549051380894E-05 -1.739195060396E+06 -1.710777560399E+06 -3.321120467392E+08  0.000000000000E+00 -1.000000000000E-07   1   5
  1.222615878886E-03  2.155995467182E-05 -1.694280806208E-07  2.921313740728E+06  2.183986960442E+05  9.119481063388E+06  0.000000000000E+00 -1.000000000000E-07   1   5
 -1.896654852474E-03 -1.872187776348E-03 -2.738904840267E-05 -1.837735283870E+06 -1.807390250056E+06 -3.320735529956E+08  0.000000000000E+00 -1.000000000000E-07   1   5
 -1.857892684963E-03 -1.844222656885E-03 -2.670821863736E-05 -1.794906055852E+06 -1.777030960306E+06 -3.322135383277E+08  0.000000000000E+00 -1.000000000000E-07   1   5
 -1.799491875066E-03 -1.819659168931E-03 -2.571875999464E-05 -1.736497564969E+06 -1.753751527798E+06 -3.321505220157E+08  0.000000000000E+00 -1.000000000000E-07   1   5
  1.140425790178E-03  3.994334286926E-06 -1.842235634236E-06  2.703432457375E+06 -5.094049873167E+05  1.862302787573E+07  0.000000000000E+00 -1.000000000000E-07   1   5
 -1.873714965791E-03 -1.878634462663E-03 -2.639687265413E-05 -1.807081816505E+06 -1.820038718171E+06 -3.321067707786E+08  0.000000000000E+00 -1.000000000000E-07   1   5
 -1.853428616781E-03 -1.832099661077E-03 -2.598900131282E-05 -1.784830246777E+06 -1.770670521939E+06 -3.322266587597E+08  0.000000000000E+00 -1.000000000000E-07   1   5
  1.147213368312E-03  1.001575804093E-05 -8.250075168859E-07  2.774044368789E+06 -2.832911737900E+05  1.252651248529E+07  0.000000000000E+00 -1.000000000000E-07   1   5
  1.087811284946E-03  1.052237461278E-05 -5.483428175135E-07  2.680653148579E+06 -2.476159159541E+05  5.392476992652E+06  0.000000000000E+00 -1.000000000000E-07   1   5
  9.812163726632E-04  2.703419042474E-06  5.416840882788E-08  2.514578175183E+06 -5.557483267539E+05 -6.018726869680E+06  0.000000000000E+00 -1.000000000000E-07   1   5
  1.095326351795E-03  3.548520048252E-06  8.933139075823E-07  2.756143779741E+06 -4.347963688886E+05 -3.166278303079E+07  0.000000000000E+00 -1.000000000000E-07   1   5
 -1.908309162517E-03 -1.898986579335E-03 -2.834155911710E-05 -1.847470857741E+06 -1.837543203131E+06 -3.320753916298E+08  0.000000000000E+00 -1.000000000000E-07   1   5
 -1.767388695987E-03 -1.762121121928E-03 -2.382548477114E-05 -1.694738901283E+06 -1.689551726227E+06 -3.325321553447E+08  0.000000000000E+00 -1.000000000000E-07   1   5
 -1.739975643196E-03 -1.702364320854E-03 -2.286894248847E-05 -1.677139380517E+06 -1.639698039104E+06 -3.319670326771E+08  0.000000000000E+00 -1.000000000000E-07   1   5
 -1.814019398019E-03 -1.894783238652E-03 -2.843018515580E-05 -1.757035972675E+06 -1.830070920943E+06 -3.320364019934E+08  0.000000000000E+00 -1.000000000000E-07   1   5
  1.238110653220E-03  3.115950235136E-06 -1.095286628686E-06  2.874075789810E+06 -3.958479580497E+05  1.047060597956E+07  0.000000000000E+00 -1.000000000000E-07   1   5
  1.205509659142E-03  1.536867907932E-05 -1.323958409613E-06  2.839755776271E+06 -2.366080100378E+04  1.354891819132E+07  0.000000000000E+00 -1.000000000000E-07   1   5
  1.171020992478E-03  2.245249030089E-05 -1.362807728833E-06  2.789124081558E+06  3.979581957619E+05  1.359319769861E+07  0.000000000000E+00 -1.000000000000E-07   1   5
 -1.936511400198E-03 -1.951054153909E-03 -3.108895334221E-05 -1.883346209434E+06 -1.896312121914E+06 -3.318699262732E+08  0.000000000000E+00 -1.000000000000E-07   1   5
 -1.834612657964E-03 -1.854867076408E-03 -2.840032599527E-05 -1.770825772304E+06 -1.795001665109E+06 -3.320355985354E+08  0.000000000000E+00 -1.000000000000E-07   1   5
 -1.844224745528E-03 -1.746988102287E-03 -2.256006676571E-05 -1.774477477153E+06 -1.678316272194E+06 -3.324200367402E+08  0.000000000000E+00 -1.000000000000E-07   1   5
  1.153151416582E-03  2.994598643982E-05 -1.694535602392E-07  2.834253208004E+06  7.886260266082E+05  1.105205138069E+07  0.000000000000E+00 -1.000000000000E-07   1   5
 -1.907903418266E-03 -1.946995846828E-03 -2.950648589470E-05 -1.852041850022E+06 -1.884683477924E+06 -3.320381073656E+08  0.000000000000E+00 -1.000000000000E-07   1   5
 -1.859672150005E-03 -1.867053214943E-03 -2.757518112451E-05 -1.798986434288E+06 -1.802672778689E+06 -3.320639534163E+08  0.000000000000E+00 -1.000000000000E-07   1   5
 -1.796316377419E-03 -1.806492792877E-03 -2.592799693918E-05 -1.729742946794E+06 -1.738217239665E+06 -3.322498478292E+08  0.000000000000E+00 -1.000000000000E-07   1   5
 -1.722447261326E-03 -1.780432139698E-03 -2.167560343734E-05 -1.655541746526E+06 -1.712984699683E+06 -3.322431571655E+08  0.000000000000E+00 -1.000000000000E-07   1   5
 -1.923858601291E-03 -1.869019239850E-03 -2.788611294229E-05 -1.856323176287E+06 -1.810642252277E+06 -3.321746200097E+08  0.000000000000E+00 -1.000000000000E-07   1   5
 -1.883623894666E-03 -1.776233550543E-03 -2.600493128510E-05 -1.817290642896E+06 -1.717166309793E+06 -3.321181146677E+08  0.000000000000E+00 -1.000000000000E-07   1   5
  1.213678277890E-03  4.332544468502E-06 -2.136009484649E-06  2.764489908482E+06 -3.494316032573E+05  7.502937327440E+06  0.000000000000E+00 -1.000000000000E-07   1   5
  1.154208938100E-03  1.191426563656E-05 -2.010157458890E-06  2.709543984116E+06 -1.207195410472E+05  1.159942693959E+07  0.000000000000E+00 -1.000000000000E-07   1   5
  1.238101448084E-03  2.492699699841E-05 -7.527448325495E-07  2.903078384397E+06  5.802256812863E+05  5.215571886800E+06  0.000000000000E+00 -1.000000000000E-07   1   5
  1.174098439692E-03  2.357004710100E-06 -6.576263511526E-07  2.818053559558E+06 -4.268831280862E+05  6.360192313649E+06  0.000000000000E+00 -1.000000000000E-07   1   5
 -1.880578106616E-03 -1.884113761444E-03 -2.798025545085E-05 -1.817893614749E+06 -1.819963543909E+06 -3.321615789366E+08  0.000000000000E+00 -1.000000000000E-07   1   5
 -1.821731182502E-03 -1.756222595646E-03 -2.511558381714E-05 -1.757090590496E+06 -1.689345161797E+06 -3.321347709716E+08  0.000000000000E+00 -1.000000000000E-07   1   5
 -1.771986018924E-03 -1.725206112464E-03 -2.444241773604E-05 -1.704467537740E+06 -1.656550996565E+06 -3.322617070148E+08  0.000000000000E+00 -1.000000000000E-07   1   5
 -1.871709044254E-03 -1.939587768156E-03 -2.779598629667E-05 -1.815833733406E+06 -1.873010369451E+06 -3.321169443262E+08  0.000000000000E+00 -1.000000000000E-07   1   5
 -1.816622933210E-03 -1.874498612512E-03 -2.624005711133E-05 -1.754400316326E+06 -1.804918076864E+06 -3.322982404198E+08  0.000000000000E+00 -1.000000000000E-07   1   5
  1.173238672394E-03  2.562698991920E-05 -1.338232006626E-06  2.792027396869E+06  5.302342646230E+05  2.351635955480E+07  0.000000000000E+00 -1.000000000000E-07   1   5
  1.138815909880E-03  1.232382556403E-05 -1.423378635082E-06  2.731266743226E+06  1.011664873905E+05  2.250973464243E+07  0.000000000000E+00 -1.000000000000E-07   1   5
  9.698522387322E-04  1.042531094441E-05 -7.117260165945E-08  2.463580351096E+06 -2.226859439608E+05 -1.111220967443E+07  0.000000000000E+00 -1.000000000000E-07   1   5
 -1.831173021629E-03 -1.864955229168E-03 -2.578714268482E-05 -1.760854816863E+06 -1.799140766653E+06 -3.323383761896E+08  0.000000000000E+00 -1.000000000000E-07   1   5
 -1.815835690765E-03 -1.816383874070E-03 -2.525054247231E-05 -1.749204414764E+06 -1.753773430661E+06 -3.321377564186E+08  0.000000000000E+00 -1.000000000000E-07   1   5
  1.195972288315E-03  2.017264600964E-05 -1.716372637767E-06  2.794408317550E+06  4.403644919587E+05  1.110817028379E+07  0.000000000000E+00 -1.000000000000E-07   1   5
  1.114643052765E-03  2.534103667869E-05 -1.204290904000E-06  2.700272604324E+06  6.565428296677E+05  1.373365959826E+07  0.000000000000E+00 -1.000000000000E-07   1   5
 -1.911919205700E-03 -1.935369463218E-03 -3.148493930680E-05 -1.855990361323E+06 -1.872754038296E+06 -3.320789393847E+08  0.000000000000E+00 -1.000000000000E-07   1   5
 -1.828037322988E-03 -1.854449707628E-03 -2.439012624475E-05 -1.766162459438E+06 -1.791718202903E+06 -3.320527959008E+08  0.000000000000E+00 -1.000000000000E-07   1   5
 -1.790776991288E-03 -1.779254531729E-03 -2.369824167166E-05 -1.724162289040E+06 -1.709981411784E+06 -3.322823685136E+08  0.000000000000E+00 -1.000000000000E-07   1   5
 -1.718797226413E-03 -1.755065510968E-03 -2.261094404105E-05 -1.652857491958E+06 -1.687397722614E+06 -3.322072554379E+08  0.000000000000E+00 -1.000000000000E-07   1   5
 -1.921391737609E-03 -1.832652259267E-03 -2.814924029026E-05 -1.854792049886E+06 -1.774294004030E+06 -3.321419876180E+08  0.000000000000E+00 -1.000000000000E-07   1   5
  1.159493138421E-03  6.132706211142E-06 -1.954485569874E-06  2.713377984651E+06 -3.926722525355E+05  1.541240922265E+07  0.000000000000E+00 -1.000000000000E-07   1   5
  1.244701010944E-03  2.564599999357E-05 -6.317460221339E-07  2.923246067970E+06  5.305160844798E+05  1.012038558650E+07  0.000000000000E+00 -1.000000000000E-07   1   5
  1.188896219381E-03  7.653736292688E-07 -7.706509664029E-07  2.836574355124E+06 -5.186957294306E+05  8.514126606469E+06  0.000000000000E+00 -1.000000000000E-07   1   5
  1.139562325553E-03 -3.672170726421E-08 -6.513356350796E-07  2.761475326708E+06 -6.409678840374E+05  6.020073450324E+06  0.000000000000E+00 -1.000000000000E-07   1   5
  1.072386879006E-03 -2.556208187681E-07 -2.653174126233E-07  2.660012393278E+06 -5.795489932074E+05 -1.834869948995E+06  0.000000000000E+00 -1.000000000000E-07   1   5
 -1.808230544196E-03 -1.760788792171E-03 -2.553375454220E-05 -1.741725425928E+06 -1.693909267313E+06 -3.322139988622E+08  0.000000000000E+00 -1.000000000000E-07   1   5
 -1.808798503547E-03 -1.723217150919E-03 -2.255308811915E-05 -1.742273820239E+06 -1.656283353723E+06 -3.322725387818E+08  0.000000000000E+00 -1.000000000000E-07   1   5
 -1.874545067325E-03 -1.968222023421E-03 -2.900201700644E-05 -1.818111262222E+06 -1.903038551901E+06 -3.321380575114E+08  0.000000000000E+00 -1.000000000000E-07   1   5
 -1.835295577331E-03 -1.888076548301E-03 -2.724992067905E-05 -1.776755437830E+06 -1.824938385583E+06 -3.320171471761E+08  0.000000000000E+00 -1.000000000000E-07   1   5
 -1.756160912481E-03 -1.860694064299E-03 -2.586766470659E-05 -1.693169881407E+06 -1.795388819948E+06 -3.321587742898E+08  0.000000000000E+00 -1.000000000000E-07   1   5
  1.078736189454E-03  1.760608376520E-05 -1.249194478734E-06  2.616764151071E+06  3.355678252199E+05  8.243343912983E+06  0.000000000000E+00 -1.000000000000E-07   1   5
 -2.022594131741E-03 -1.946100449821E-03 -3.091267468409E-05 -1.960468589940E+06 -1.893684893685E+06 -3.321326026000E+08  0.000000000000E+00 -1.000000000000E-07   1   5
 -1.873533592822E-03 -1.862831407258E-03 -2.705917654622E-05 -1.810248300966E+06 -1.804743729992E+06 -3.319806490360E+08  0.000000000000E+00 -1.000000000000E-07   1   5
 -1.837714474076E-03 -1.788783214253E-03 -2.558522414511E-05 -1.770601055640E+06 -1.725585507639E+06 -3.321802942880E+08  0.000000000000E+00 -1.000000000000E-07   1   5
  1.142687088619E-03  1.472818633487E-05 -1.456531566246E-06  2.726308857933E+06  2.054253574506E+05  1.478522488183E+07  0.000000000000E+00 -1.000000000000E-07   1   5
  1.053780603205E-03 -3.217310655047E-06 -1.247494509332E-06  2.588145237783E+06 -7.878111456455E+05  1.327179715272E+07  0.000000000000E+00 -1.000000000000E-07   1   5
  1.136123979174E-03  2.348652193336E-05  2.221213301346E-07  2.810026258228E+06  3.123182510041E+05  2.454914461320E+06  0.000000000000E+00 -1.000000000000E-07   1   5
 -1.848611161466E-03 -1.810779590906E-03 -2.575617290611E-05 -1.782337024188E+06 -1.742860816959E+06 -3.322632210557E+08  0.000000000000E+00 -1.000000000000E-07   1   5
 -1.761232562767E-03 -1.786149055765E-03 -2.427551646322E-05 -1.694415237751E+06 -1.719101021241E+06 -3.322217306886E+08  0.000000000000E+00 -1.000000000000E-07   1   5
 -1.735760966219E-03 -1.755790981228E-03 -2.388872344462E-05 -1.666815361846E+06 -1.686662692657E+06 -3.323579113181E+08  0.000000000000E+00 -1.000000000000E-07   1   5
 -1.675235224495E-03 -1.690494193964E-03 -2.302643395484E-05 -1.611892951264E+06 -1.627116500494E+06 -3.320393655626E+08  0.000000000000E+00 -1.000000000000E-07   1   5
  1.273956065818E-03  1.470252211493E-05 -6.079294172234E-07  2.920219451586E+06 -4.722409342411E+04  6.445917431019E+06  0.000000000000E+00 -1.000000000000E-07   1   5
  1.235302600954E-03  2.096392507902E-06 -1.281349797322E-06  2.847532377027E+06 -5.186109680051E+05  7.095660393975E+06  0.000000000000E+00 -1.000000000000E-07   1   5
  1.151365391374E-03  4.392861909604E-06 -7.693960644428E-07  2.790786995630E+06 -5.263055034571E+05  1.493218642715E+07  0.000000000000E+00 -1.000000000000E-07   1   5
 -1.984474265527E-03 -1.992716256446E-03 -3.299848717675E-05 -1.988548083553E+06 -1.995842090935E+06 -3.304739471634E+08  0.000000000000E+00 -1.000000000000E-07   1   5
 -1.886285319990E-03 -1.893779183695E-03 -2.923502062220E-05 -1.822066067628E+06 -1.833710749136E+06 -3.320990957226E+08  0.000000000000E+00 -1.000000000000E-07   1   5
 -1.802128820073E-03 -1.812704229642E-03 -2.376176188842E-05 -1.733324642528E+06 -1.746260886977E+06 -3.322841077346E+08  0.000000000000E+00 -1.000000000000E-07   1   5
 -1.786693771505E-03 -1.709755068506E-03 -2.259981047398E-05 -1.714245543100E+06 -1.639695069937E+06 -3.324897726846E+08  0.000000000000E+00 -1.000000000000E-07   1   5
 -2.031126016971E-03 -1.988247853436E-03 -3.302063896320E-05 -1.999356055256E+06 -1.953909637655E+06 -3.312743850128E+08  0.000000000000E+00 -1.000000000000E-07   1   5
 -1.862155906881E-03 -1.887090990760E-03 -2.815761844834E-05 -1.802981045372E+06 -1.821462476847E+06 -3.320987514701E+08  0.000000000000E+00 -1.000000000000E-07   1   5
 -1.819488595994E-03 -1.848289978530E-03 -2.733488847366E-05 -1.759525136394E+06 -1.784053906738E+06 -3.320281489443E+08  0.000000000000E+00 -1.000000000000E-07   1   5
 -1.740799638242E-03 -1.835056785487E-03 -2.336936771355E-05 -1.675296098567E+06 -1.766385614848E+06 -3.323118292875E+08  0.000000000000E+00 -1.000000000000E-07   1   5
  1.201231187087E-03  1.702407816651E-06 -1.081868193364E-06  2.834112311168E+06 -5.678451652171E+05  8.193818944625E+06  0.000000000000E+00 -1.000000000000E-07   1   5
 -1.889095789558E-03 -1.929245272149E-03 -2.904539951230E-05 -1.827126673540E+06 -1.870660953407E+06 -3.320609449698E+08  0.000000000000E+00 -1.000000000000E-07   1   5
 -1.856547960608E-03 -1.856000227921E-03 -2.759334388082E-05 -1.791463766857E+06 -1.796492912777E+06 -3.320846179390E+08  0.000000000000E+00 -1.000000000000E-07   1   5
  1.192354880055E-03  3.589403016173E-06 -2.847863449951E-06  2.709341109729E+06 -3.823390457880E+05  1.154277133172E+07  0.000000000000E+00 -1.000000000000E-07   1   5
  1.155558556818E-03  2.455292677273E-05  7.896313497513E-08  2.839065115870E+06  3.705470292850E+05  7.064061461758E+06  0.000000000000E+00 -1.000000000000E-07   1   5
  1.120365782749E-03  2.815472838747E-05 -9.933560343733E-08  2.761139800182E+06  7.121624193544E+05  3.549041999694E+06  0.000000000000E+00 -1.000000000000E-07   1   5
 -1.937964196335E-03 -1.922340348604E-03 -2.994996265711E-05 -1.881108061258E+06 -1.867601944488E+06 -3.318978133534E+08  0.000000000000E+00 -1.000000000000E-07   1   5
 -1.843244085009E-03 -1.786099232007E-03 -2.619964340005E-05 -1.776965277054E+06 -1.717030200126E+06 -3.322867390967E+08  0.000000000000E+00 -1.000000000000E-07   1   5
 -1.790692834827E-03 -1.757258375808E-03 -2.570492491059E-05 -1.727551989131E+06 -1.691654007167E+06 -3.320947888717E+08  0.000000000000E+00 -1.000000000000E-07   1   5
 -1.708975716673E-03 -1.736598186112E-03 -2.144667374961E-05 -1.638526776407E+06 -1.666987470093E+06 -3.323808577579E+08  0.000000000000E+00 -1.000000000000E-07   1   5
 -1.723001994564E-03 -1.927968423948E-03 -2.576796300459E-05 -1.665671096077E+06 -1.862131918556E+06 -3.320897839371E+08  0.000000000000E+00 -1.000000000000E-07   1   5
  1.186475098360E-03  2.313408416579E-05 -1.600692043108E-06  2.757901048388E+06  4.645856495267E+05  1.494194757303E+07  0.000000000000E+00 -1.000000000000E-07   1   5
  1.158512452736E-03  2.226469925495E-07 -1.825116523468E-06  2.727120440317E+06 -5.838051495617E+05  1.122837672760E+07  0.000000000000E+00 -1.000000000000E-07   1   5
  1.060052742030E-03  2.048359632770E-05 -2.001360492304E-06  2.544687861889E+06  4.759062872446E+05  1.673019749977E+07  0.000000000000E+00 -1.000000000000E-07   1   5
  1.214826483376E-03  6.659882569326E-06  7.224113111881E-08  2.905457352293E+06 -3.781078293654E+05 -2.660989912794E+06  0.000000000000E+00 -1.000000000000E-07   1   5
 -1.834945237107E-03 -1.871475224780E-03 -2.620831922887E-05 -1.766094392629E+06 -1.806799273664E+06 -3.322933768219E+08  0.000000000000E+00 -1.000000000000E-07   1   5
 -1.818412627991E-03 -1.815926643097E-03 -2.545869786935E-05 -1.753050280231E+06 -1.754292110983E+06 -3.321000802787E+08  0.000000000000E+00 -1.000000000000E-07   1   5
  1.098985608406E-03  1.606616097921E-05 -6.014325306114E-07  2.719234681759E+06 -7.147559801058E+04  1.368867711332E+07  0.000000000000E+00 -1.000000000000E-07   1   5
  1.009981359574E-03  9.703617168498E-06 -1.068515906172E-07  2.581702635289E+06 -3.340913728060E+05  4.513155217125E+06  0.000000000000E+00 -1.000000000000E-07   1   5
 -1.870251621747E-03 -1.831652266835E-03 -2.540338277844E-05 -1.803391002278E+06 -1.760560331750E+06 -3.323990771593E+08  0.000000000000E+00 -1.000000000000E-07   1   5
 -1.829622721672E-03 -1.806492756002E-03 -2.504852687887E-05 -1.766946689988E+06 -1.740665309644E+06 -3.321097794175E+08  0.000000000000E+00 -1.000000000000E-07   1   5
 -1.773485164209E-03 -1.784050514367E-03 -2.419512108957E-05 -1.707286575199E+06 -1.715744644621E+06 -3.322592842601E+08  0.000000000000E+00 -1.000000000000E-07   1   5
 -1.982811037731E-03 -1.874912990360E-03 -3.029111869839E-05 -1.920012560061E+06 -1.823895269616E+06 -3.319597231058E+08  0.000000000000E+00 -1.000000000000E-07   1   5
 -1.910430249598E-03 -1.827998853274E-03 -2.870805480205E-05 -1.844706478473E+06 -1.769762315922E+06 -3.321266093022E+08  0.000000000000E+00 -1.000000000000E-07   1   5
  1.232768032895E-03  2.431094588722E-05 -7.932199085486E-07  2.872322292624E+06  5.845806068500E+05  1.187409749307E+07  0.000000000000E+00 -1.000000000000E-07   1   5
  1.188491460136E-03  3.339436357226E-06 -9.560878492798E-07  2.821915517894E+06 -5.529827814228E+05  1.667455525448E+07  0.000000000000E+00 -1.000000000000E-07   1   5
  1.117502615096E-03 -7.997837931920E-07 -4.969318426196E-07  2.731980095963E+06 -6.776728963565E+05  4.639151707920E+06  0.000000000000E+00 -1.000000000000E-07   1   5
  1.028095773754E-03 -8.226282977188E-07  1.065180627591E-07  2.606898972699E+06 -5.711426432604E+05 -1.651504789329E+06  0.000000000000E+00 -1.000000000000E-07   1   5
 -1.805814839036E-03 -1.862526685639E-03 -2.759934372802E-05 -1.744665094002E+06 -1.803311940991E+06 -3.318974108234E+08  0.000000000000E+00 -1.000000000000E-07   1   5
 -1.830024471702E-03 -1.810304668082E-03 -2.469966814453E-05 -1.762954102013E+06 -1.743582789563E+06 -3.322367536107E+08  0.000000000000E+00 -1.000000000000E-07   1   5
 -1.764928164730E-03 -1.712511085662E-03 -2.250424962116E-05 -1.697343503302E+06 -1.645155307104E+06 -3.322253351745E+08  0.000000000000E+00 -1.000000000000E-07   1   5
 -1.852907953968E-03 -1.887189747136E-03 -2.769658288124E-05 -1.792098644025E+06 -1.818978936888E+06 -3.321983177784E+08  0.000000000000E+00 -1.000000000000E-07   1   5
 -1.805356128634E-03 -1.847929399978E-03 -2.665721366539E-05 -1.745799752007E+06 -1.783059506787E+06 -3.320286622841E+08  0.000000000000E+00 -1.000000000000E-07   1   5
  1.116436128324E-03  1.584223568916E-05 -2.228849079730E-06  2.643830926736E+06  2.683404852981E+05  2.464811245522E+07  0.000000000000E+00 -1.000000000000E-07   1   5
  1.205060867963E-03  1.447493131793E-05 -7.703393173769E-07  2.858559064014E+06  1.839836776633E+05  6.980106534786E+06  0.000000000000E+00 -1.000000000000E-07   1   5
  1.149750721872E-03  6.080601828567E-06 -5.941400443993E-07  2.767859110187E+06 -2.317273792445E+05  6.946269031550E+05  0.000000000000E+00 -1.000000000000E-07   1   5
 -1.852522143513E-03 -1.852711409618E-03 -2.714268690261E-05 -1.789048000240E+06 -1.793535814359E+06 -3.320003132057E+08  0.000000000000E+00 -1.000000000000E-07   1   5
 -1.837100446414E-03 -1.775133438504E-03 -2.606444772252E-05 -1.771052595961E+06 -1.712797004916E+06 -3.321441248745E+08  0.000000000000E+00 -1.000000000000E-07   1   5
  1.073368397384E-03  1.795002092544E-05 -2.511229007907E-06  2.541074069469E+06  1.763983964789E+05  2.394621400939E+07  0.000000000000E+00 -1.000000000000E-07   1   5
  1.285508033093E-03  1.089761744494E-07 -1.071540835645E-07  3.001383449842E+06 -6.194902163251E+05  2.534215999007E+06  0.000000000000E+00 -1.000000000000E-07   1   5
 -1.969693410253E-03 -1.969131525731E-03 -3.054774116071E-05 -1.915956169041E+06 -1.918414058217E+06 -3.318397173448E+08  0.000000000000E+00 -1.000000000000E-07   1   5
 -1.788123682179E-03 -1.823058662549E-03 -2.496430333937E-05 -1.720777458771E+06 -1.755375159143E+06 -3.322911923522E+08  0.000000000000E+00 -1.000000000000E-07   1   5
 -1.782014613341E-03 -1.785857704239E-03 -2.469198707432E-05 -1.715305320761E+06 -1.718192605947E+06 -3.322071570795E+08  0.000000000000E+00 -1.000000000000E-07   1   5
 -1.708311441570E-03 -1.735573013562E-03 -2.316053181989E-05 -1.637323806646E+06 -1.664347033978E+06 -3.324187185369E+08  0.000000000000E+00 -1.000000000000E-07   1   5
 -1.936150651703E-03 -1.763023272939E-03 -2.518891698063E-05 -1.871473076922E+06 -1.707796435574E+06 -3.320168638653E+08  0.000000000000E+00 -1.000000000000E-07   1   5
  1.237503647636E-03  3.956758487401E-06 -1.344262210032E-06  2.837592162954E+06 -4.349916170968E+05  5.454002634163E+06  0.000000000000E+00 -1.000000000000E-07   1   5
  1.189965653461E-03  1.668459923543E-05 -1.285854543648E-06  2.805055437222E+06  6.000962473357E+04  9.988270337040E+06  0.000000000000E+00 -1.000000000000E-07   1   5
  1.141224942409E-03  2.302730624531E-05 -1.168461363901E-06  2.741073794347E+06  3.921475319451E+05  1.264184108434E+07  0.000000000000E+00 -1.000000000000E-07   1   5
  1.070367576819E-03  2.710635888902E-05 -8.873820005334E-07  2.633068806509E+06  5.909838026913E+05  9.574146294488E+06  0.000000000000E+00 -1.000000000000E-07   1   5
  1.159147132831E-03  7.694804948690E-06  3.868572399368E-07  2.839405390812E+06 -3.603581821541E+05 -4.820681064248E+06  0.000000000000E+00 -1.000000000000E-07   1   5
 -1.802401233908E-03 -1.838424401866E-03 -2.516012402796E-05 -1.735197382636E+06 -1.772782460182E+06 -3.322219165556E+08  0.000000000000E+00 -1.000000000000E-07   1   5
 -1.788102506671E-03 -1.769671584017E-03 -2.422429367038E-05 -1.718093363319E+06 -1.700683275695E+06 -3.323844365780E+08  0.000000000000E+00 -1.000000000000E-07   1   5
 -1.896056692916E-03 -1.949429849055E-03 -3.004916711374E-05 -1.844633639712E+06 -1.887921576589E+06 -3.319012748687E+08  0.000000000000E+00 -1.000000000000E-07   1   5
 -1.867372917382E-03 -1.889970992327E-03 -2.908138629784E-05 -1.809435995202E+06 -1.825919536100E+06 -3.320590939113E+08  0.000000000000E+00 -1.000000000000E-07   1   5
 -1.800730151777E-03 -1.828001739242E-03 -2.437574210233E-05 -1.737972552759E+06 -1.759294820249E+06 -3.322213969746E+08  0.000000000000E+00 -1.000000000000E-07   1   5
  1.181882949769E-03  1.917818632347E-07 -9.005785763516E-07  2.821585538284E+06 -6.730067614317E+05  1.510007360784E+07  0.000000000000E+00 -1.000000000000E-07   1   5
  1.150148263751E-03  1.435224826283E-05 -9.827435508009E-07  2.776102411314E+06 -1.035801247593E+05  1.233125176620E+07  0.000000000000E+00 -1.000000000000E-07   1   5
 -1.930575472053E-03 -1.898090013332E-03 -2.982924316940E-05 -1.867226572631E+06 -1.841457731005E+06 -3.320657687985E+08  0.000000000000E+00 -1.000000000000E-07   1   5
 -1.816200411721E-03 -1.796514958639E-03 -2.666272308581E-05 -1.747962974838E+06 -1.733718625073E+06 -3.321464629633E+08  0.000000000000E+00 -1.000000000000E-07   1   5
  1.218863027004E-03  1.331205089367E-05 -8.173623489427E-07  2.855166168972E+06  1.206444267814E+05  3.846298179446E+06  0.000000000000E+00 -1.000000000000E-07   1   5
  1.145889516208E-03 -3.406152532428E-06 -5.166759860925E-07  2.799136447037E+06 -7.704674071137E+05  9.697545181817E+06  0.000000000000E+00 -1.000000000000E-07   1   5
  1.050858581062E-03  2.344933489453E-05  2.268474922351E-07  2.666327319583E+06  5.901305660309E+05  8.089765086699E+05  0.000000000000E+00 -1.000000000000E-07   1   5
 -1.917949425059E-03 -1.917807599358E-03 -3.007808834526E-05 -1.863286421608E+06 -1.858855695492E+06 -3.319050857834E+08  0.000000000000E+00 -1.000000000000E-07   1   5
 -1.810709970700E-03 -1.813572002992E-03 -2.722318977080E-05 -1.745072930274E+06 -1.747486098401E+06 -3.321689679246E+08  0.000000000000E+00 -1.000000000000E-07   1   5
 -1.739320619876E-03 -1.776248319356E-03 -2.126649661974E-05 -1.671837997742E+06 -1.709320399709E+06 -3.322670367542E+08  0.000000000000E+00 -1.000000000000E-07   1   5
 -1.701188621237E-03 -1.733200353027E-03 -2.136135540760E-05 -1.632339778861E+06 -1.665047301507E+06 -3.323494781689E+08  0.000000000000E+00 -1.000000000000E-07   1   5
  1.231997664270E-03  1.864106739585E-05 -1.765227601397E-06  2.817721898639E+06  2.353842577412E+05  9.315279594672E+06  0.000000000000E+00 -1.000000000000E-07   1   5
  1.149247133432E-03  2.556108907996E-05 -1.212702219061E-06  2.760432671223E+06  5.136072621130E+05  1.728699251160E+07  0.000000000000E+00 -1.000000000000E-07   1   5
  1.100188932883E-03  2.603607135593E-05 -1.173090217382E-06  2.682566603567E+06  6.840745554902E+05  1.608922007688E+07  0.000000000000E+00 -1.000000000000E-07   1   5
  1.199925693254E-03  9.656848214104E-06  7.563678859623E-08  2.889576617594E+06 -2.747717594730E+05 -3.612394120863E+05  0.000000000000E+00 -1.000000000000E-07   1   5
 -2.006662624593E-03 -1.969800502851E-03 -3.148291785959E-05 -1.952796473100E+06 -1.923151644388E+06 -3.318304484125E+08  0.000000000000E+00 -1.000000000000E-07   1   5
 -1.834625288848E-03 -1.841581557999E-03 -2.624865096844E-05 -1.766988375979E+06 -1.775679412529E+06 -3.322635863023E+08  0.000000000000E+00 -1.000000000000E-07   1   5
 -1.807193614041E-03 -1.724749619397E-03 -2.421797418926E-05 -1.741774170338E+06 -1.659466972319E+06 -3.321382793616E+08  0.000000000000E+00 -1.000000000000E-07   1   5
 -2.070916214408E-03 -1.930894777315E-03 -3.409410961806E-05 -2.049232684674E+06 -1.916568189116E+06 -3.311143677886E+08  0.000000000000E+00 -1.000000000000E-07   1   5
 -1.901783346114E-03 -1.867532236652E-03 -2.677430531009E-05 -1.840967666918E+06 -1.800794136316E+06 -3.321894816559E+08  0.000000000000E+00 -1.000000000000E-07   1   5
 -1.822251795407E-03 -1.872148527819E-03 -2.616752648595E-05 -1.756674263495E+06 -1.803573509139E+06 -3.323095147947E+08  0.000000000000E+00 -1.000000000000E-07   1   5
 -1.743333550305E-03 -1.816991853600E-03 -2.429711138346E-05 -1.680631697140E+06 -1.753396953072E+06 -3.320222964116E+08  0.000000000000E+00 -1.000000000000E-07   1   5
  1.060508748303E-03  1.864236584772E-06 -1.824656890720E-07  2.622863067329E+06 -4.557917046521E+05 -6.573912284147E+06  0.000000000000E+00 -1.000000000000E-07   1   5
 -1.868123527014E-03 -1.860920186392E-03 -2.859378178341E-05 -1.802935323211E+06 -1.803384177473E+06 -3.320312074042E+08  0.000000000000E+00 -1.000000000000E-07   1   5
 -1.856959655845E-03 -1.821196224821E-03 -2.531770464279E-05 -1.787656925766E+06 -1.758531760070E+06 -3.322950012075E+08  0.000000000000E+00 -1.000000000000E-07   1   5
  1.164195015030E-03 -2.525106216913E-06 -6.703331078411E-07  2.813263417029E+06 -7.467843656105E+05  1.142783105908E+07  0.000000000000E+00 -1.000000000000E-07   1   5
  1.106376456793E-03 -2.127984310075E-06 -4.161257529528E-07  2.729272919137E+06 -7.443033183996E+05  7.063287857731E+06  0.000000000000E+00 -1.000000000000E-07   1   5
  1.018377828283E-03  7.534952754231E-06  1.848806937682E-07  2.594335939208E+06 -1.345585595272E+05 -4.015719765324E+06  0.000000000000E+00 -1.000000000000E-07   1   5
  9.224993810562E-04  2.815367386513E-06  3.128888233922E-07  2.400586784603E+06 -4.539284963184E+05 -3.667047079834E+07  0.000000000000E+00 -1.000000000000E-07   1   5
 -1.858917814009E-03 -1.837820152421E-03 -2.579146472903E-05 -1.795886351881E+06 -1.773987246384E+06 -3.320887957492E+08  0.000000000000E+00 -1.000000000000E-07   1   5
 -1.764036074139E-03 -1.747544825310E-03 -2.313265532219E-05 -1.695659954702E+06 -1.678969480127E+06 -3.323052666389E+08  0.000000000000E+00 -1.000000000000E-07   1   5
 -1.738292412788E-03 -1.681842633518E-03 -2.210223012114E-05 -1.671377682798E+06 -1.615043344175E+06 -3.322293424452E+08  0.000000000000E+00 -1.000000000000E-07   1   5
 -1.804212770744E-03 -1.888867856175E-03 -2.747118949098E-05 -1.744356765003E+06 -1.821583847598E+06 -3.321829185875E+08  0.000000000000E+00 -1.000000000000E-07   1   5
  1.112089057391E-03 -2.699244606683E-06 -2.401466980911E-06  2.616663069817E+06 -7.299499131082E+05  2.328008741798E+07  0.000000000000E+00 -1.000000000000E-07   1   5
  1.262137559304E-03  1.270350334714E-05 -3.715707117408E-07  2.947164416758E+06 -1.487464028886E+05  7.030278847019E+06  0.000000000000E+00 -1.000000000000E-07   1   5
  1.205439485725E-03  1.730351607646E-07 -8.955628805762E-07  2.858615189830E+06 -5.511347270734E+05  1.048010732729E+07  0.000000000000E+00 -1.000000000000E-07   1   5
 -1.882779646326E-03 -1.920642611421E-03 -2.854022012173E-05 -1.817302777538E+06 -1.857132328626E+06 -3.322585816367E+08  0.000000000000E+00 -1.000000000000E-07   1   5
 -1.799033064696E-03 -1.825340837741E-03 -2.575272028296E-05 -1.733820559599E+06 -1.765824717356E+06 -3.320050141232E+08  0.000000000000E+00 -1.000000000000E-07   1   5
 -1.792781344519E-03 -1.695158605263E-03 -2.399195990660E-05 -1.724670297414E+06 -1.629817394454E+06 -3.321889832158E+08  0.000000000000E+00 -1.000000000000E-07   1   5
  1.221976842758E-03  2.612946388475E-05 -3.345250571135E-07  2.914400009367E+06  5.110051554414E+05  1.120166646845E+07  0.000000000000E+00 -1.000000000000E-07   1   5
 -1.913655955142E-03 -1.961867838383E-03 -2.949572332001E-05 -1.857609931099E+06 -1.897263124828E+06 -3.321250755902E+08  0.000000000000E+00 -1.000000000000E-07   1   5
 -1.857245507877E-03 -1.859810512068E-03 -2.701789372599E-05 -1.797376830697E+06 -1.795171429747E+06 -3.320443074428E+08  0.000000000000E+00 -1.000000000000E-07   1   5
 -1.805162667211E-03 -1.818054527240E-03 -2.582961101681E-05 -1.740360557286E+06 -1.750353489143E+06 -3.322113281500E+08  0.000000000000E+00 -1.000000000000E-07   1   5
 -1.728862416946E-03 -1.793570597513E-03 -2.473643239470E-05 -1.664431259714E+06 -1.727261059423E+06 -3.321383319909E+08  0.000000000000E+00 -1.000000000000E-07   1   5
 -1.932002123756E-03 -1.907017476920E-03 -2.814433216353E-05 -1.863309420883E+06 -1.847086400444E+06 -3.322705980526E+08  0.000000000000E+00 -1.000000000000E-07   1   5
 -1.880728689738E-03 -1.854657596423E-03 -2.694485891347E-05 -1.816841541982E+06 -1.797100178213E+06 -3.320090799584E+08  0.000000000000E+00 -1.000000000000E-07   1   5
  1.220821571319E-03  2.133899028111E-05 -1.872838540709E-06  2.816182767832E+06  4.764159215985E+05  1.207978020849E+07  0.000000000000E+00 -1.000000000000E-07   1   5
  1.177577514341E-03  9.297965072124E-07 -1.824272504655E-06  2.766194176921E+06 -5.256228590883E+05  1.261909619879E+07  0.000000000000E+00 -1.000000000000E-07   1   5
  1.115836617565E-03  9.745720699874E-06 -1.765108125107E-06  2.663615967854E+06 -2.445086114942E+05  1.281295064857E+07  0.000000000000E+00 -1.000000000000E-07   1   5
  1.201843963229E-03  2.604875085229E-05 -5.239770243110E-07  2.873348719039E+06  6.359864288212E+05  7.173810375847E+06  0.000000000000E+00 -1.000000000000E-07   1   5
 -1.804199638719E-03 -1.827682241789E-03 -2.515949738435E-05 -1.735936206982E+06 -1.760160072577E+06 -3.323064424784E+08  0.000000000000E+00 -1.000000000000E-07   1   5
 -1.818903631201E-03 -1.751028580446E-03 -2.458508528533E-05 -1.752551845926E+06 -1.682299149761E+06 -3.322477809687E+08  0.000000000000E+00 -1.000000000000E-07   1   5
 -1.770059669423E-03 -1.717177901636E-03 -2.369782259454E-05 -1.700163371761E+06 -1.645904167877E+06 -3.324274985786E+08  0.000000000000E+00 -1.000000000000E-07   1   5
 -1.846538618689E-03 -1.904107408756E-03 -2.933341388438E-05 -1.794114361515E+06 -1.841627765428E+06 -3.318749109491E+08  0.000000000000E+00 -1.000000000000E-07   1   5
 -1.751403765250E-03 -1.870568147139E-03 -2.452748183204E-05 -1.688585035013E+06 -1.802814643578E+06 -3.322015805188E+08  0.000000000000E+00 -1.000000000000E-07   1   5
  1.191971272463E-03  9.519795988109E-06 -1.157309488936E-06  2.821287812982E+06 -2.548347401607E+05  8.048832333812E+06  0.000000000000E+00 -1.000000000000E-07   1   5
  1.141114693049E-03  1.417858062419E-05 -9.735109292447E-07  2.746054117575E+06 -7.318291908743E+04  4.963389219826E+06  0.000000000000E+00 -1.000000000000E-07   1   5
  1.043533730072E-03  1.671641884998E-06 -2.664330514685E-07  2.601480189875E+06 -5.660446970709E+05 -3.457029473536E+06  0.000000000000E+00 -1.000000000000E-07   1   5
 -1.823015401796E-03 -1.845088462164E-03 -2.827121899238E-05 -1.756322198199E+06 -1.782648664376E+06 -3.321270715383E+08  0.000000000000E+00 -1.000000000000E-07   1   5
 -1.821471717230E-03 -1.809315810238E-03 -2.364460100812E-05 -1.753151979454E+06 -1.744422736543E+06 -3.322722913687E+08  0.000000000000E+00 -1.000000000000E-07   1   5
  1.217591192444E-03  1.951169913349E-06 -1.052713400701E-06  2.849038646335E+06 -5.241576786230E+05  5.458856289649E+06  0.000000000000E+00 -1.000000000000E-07   1   5
  1.156786695942E-03  7.448381308188E-06 -8.108331987916E-07  2.793516213964E+06 -3.656119802745E+05  9.415679090270E+06  0.000000000000E+00 -1.000000000000E-07   1   5
 -1.897157284903E-03 -1.879352331837E-03 -2.855580687575E-05 -1.836866164525E+06 -1.814878521261E+06 -3.321102274542E+08  0.000000000000E+00 -1.000000000000E-07   1   5
 -1.774447824733E-03 -1.830866209332E-03 -2.605042817383E-05 -1.709570072094E+06 -1.766054991196E+06 -3.321296409699E+08  0.000000000000E+00 -1.000000000000E-07   1   5
 -1.782497693388E-03 -1.775066554519E-03 -2.277131227485E-05 -1.713587778849E+06 -1.703409230093E+06 -3.324299602767E+08  0.000000000000E+00 -1.000000000000E-07   1   5
 -1.684074946520E-03 -1.749185444781E-03 -2.152342725867E-05 -1.618308619066E+06 -1.681326155655E+06 -3.322238528167E+08  0.000000000000E+00 -1.000000000000E-07   1   5
 -1.915489728389E-03 -1.822669060720E-03 -2.747487778658E-05 -1.849110316456E+06 -1.763764560935E+06 -3.321506100965E+08  0.000000000000E+00 -1.000000000000E-07   1   5
  1.177327367916E-03  6.683706145626E-06 -1.715322070911E-06  2.760645848876E+06 -2.002980793116E+05  1.601230050057E+07  0.000000000000E+00 -1.000000000000E-07   1   5
  1.121674957364E-03  4.689819105552E-06 -1.706601909623E-06  2.683862624296E+06 -4.916984366517E+05  1.906718649524E+07  0.000000000000E+00 -1.000000000000E-07   1   5
  1.216350807462E-03  2.725922733760E-05 -5.909213728339E-07  2.902305655412E+06  7.011255720620E+05  1.226644392994E+07  0.000000000000E+00 -1.000000000000E-07   1   5
  1.153823551765E-03  8.393447872174E-06 -4.608370662157E-07  2.805293194291E+06 -9.601434601546E+04  9.998625963723E+06  0.000000000000E+00 -1.000000000000E-07   1   5
 -1.932267648005E-03 -1.938835656388E-03 -3.005844078402E-05 -1.877368412149E+06 -1.883590735479E+06 -3.318662270373E+08  0.000000000000E+00 -1.000000000000E-07   1   5
 -1.772978321403E-03 -1.805570681491E-03 -2.517398012666E-05 -1.703467654904E+06 -1.738644737784E+06 -3.322891190849E+08  0.000000000000E+00 -1.000000000000E-07   1   5
 -1.756674196260E-03 -1.730816755968E-03 -2.437226663179E-05 -1.690852158432E+06 -1.667231300747E+06 -3.320822447838E+08  0.000000000000E+00 -1.000000000000E-07   1   5
 -1.877267821407E-03 -1.926867547878E-03 -2.772302390557E-05 -1.818695482039E+06 -1.861079910562E+06 -3.321541454030E+08  0.000000000000E+00 -1.000000000000E-07   1   5
 -1.829710441166E-03 -1.874736736567E-03 -2.651186102713E-05 -1.769022251589E+06 -1.809957689379E+06 -3.321064501471E+08  0.000000000000E+00 -1.000000000000E-07   1   5
 -1.695744846507E-03 -1.857030294536E-03 -2.438476581870E-05 -1.631449489751E+06 -1.789923856913E+06 -3.322563102573E+08  0.000000000000E+00 -1.000000000000E-07   1   5
  1.142210812774E-03  1.460803554023E-05 -1.500805056301E-06  2.730286614932E+06  2.047821061136E+05  1.842711651937E+07  0.000000000000E+00 -1.000000000000E-07   1   5
 -2.003067457273E-03 -1.894780234429E-03 -3.225740336409E-05 -1.944490030821E+06 -1.847113222084E+06 -3.318659402712E+08  0.000000000000E+00 -1.000000000000E-07   1   5
 -1.887664791338E-03 -1.860640127905E-03 -2.681980788252E-05 -1.822059330027E+06 -1.800743293662E+06 -3.321146654683E+08  0.000000000000E+00 -1.000000000000E-07   1   5
 -1.857295600937E-03 -1.773753742617E-03 -2.530597338828E-05 -1.788956192599E+06 -1.710043771786E+06 -3.322597508709E+08  0.000000000000E+00 -1.000000000000E-07   1   5
  1.165414626487E-03  2.649806024497E-05 -1.373441741837E-06  2.782733212361E+06  6.300879435506E+05  1.857976462877E+07  0.000000000000E+00 -1.000000000000E-07   1   5
  1.111647621037E-03  2.510920885808E-05 -1.219087421331E-06  2.691030209631E+06  6.364730571399E+05  1.357320743858E+07  0.000000000000E+00 -1.000000000000E-07   1   5
  9.819357358670E-04  4.044326845573E-06 -1.070233537667E-06  2.456265667739E+06 -5.293304356008E+05  8.444919709914E+06  0.000000000000E+00 -1.000000000000E-07   1   5
 -1.946339606845E-03 -1.959798646909E-03 -2.891275563686E-05 -1.883542500325E+06 -1.899293496955E+06 -3.322308886824E+08  0.000000000000E+00 -1.000000000000E-07   1   5
 -1.784229217285E-03 -1.781886356372E-03 -2.368402931181E-05 -1.719723708556E+06 -1.716986775483E+06 -3.321116339771E+08  0.000000000000E+00 -1.000000000000E-07   1   5
 -1.765733886662E-03 -1.749209689026E-03 -2.336344894319E-05 -1.698763455179E+06 -1.681920514477E+06 -3.322647930418E+08  0.000000000000E+00 -1.000000000000E-07   1   5
 -1.737003194527E-03 -1.643554839924E-03 -2.163641730994E-05 -1.671625296204E+06 -1.578250016094E+06 -3.321953864934E+08  0.000000000000E+00 -1.000000000000E-07   1   5
  1.200768716649E-03  1.964095813360E-05 -2.611955219362E-06  2.741833074647E+06  3.254147184505E+05  1.790085274377E+07  0.000000000000E+00 -1.000000000000E-07   1   5
  1.284084427341E-03  1.788494948309E-05 -1.326833675999E-06  2.939742325964E+06  3.320573939222E+05  6.074055930136E+06  0.000000000000E+00 -1.000000000000E-07   1   5
  1.160301997530E-03  2.416503671685E-05 -4.196556978031E-07  2.801992178743E+06  5.909282058262E+05  4.328047752113E+06  0.000000000000E+00 -1.000000000000E-07   1   5
  1.088941932116E-03  2.700402619363E-05  1.004971138252E-08  2.693499890067E+06  6.361629762662E+05 -3.749026349411E+06  0.000000000000E+00 -1.000000000000E-07   1   5
  1.006899216834E-03  2.463822348298E-05  5.054167678820E-07  2.554705432753E+06  4.508385404525E+05 -2.265430848433E+07  0.000000000000E+00 -1.000000000000E-07   1   5
 -1.855074729384E-03 -1.868138863309E-03 -2.838379798140E-05 -1.792817149651E+06 -1.809378113698E+06 -3.319516196348E+08  0.000000000000E+00 -1.000000000000E-07   1   5
 -1.802741095752E-03 -1.796430198187E-03 -2.379344619073E-05 -1.733997379532E+06 -1.729444646130E+06 -3.322995684133E+08  0.000000000000E+00 -1.000000000000E-07   1   5
  1.194308912423E-03  6.413870729126E-06 -9.982132906372E-07  2.827500829630E+06 -3.767096558164E+05  7.880634173566E+06  0.000000000000E+00 -1.000000000000E-07   1   5
 -1.889224616660E-03 -1.883507192691E-03 -2.820102811076E-05 -1.827664942130E+06 -1.815785769983E+06 -3.322202920551E+08  0.000000000000E+00 -1.000000000000E-07   1   5
 -1.845388293337E-03 -1.844397302398E-03 -2.719162497394E-05 -1.784840804389E+06 -1.779830642060E+06 -3.320538813616E+08  0.000000000000E+00 -1.000000000000E-07   1   5
 -1.790272146089E-03 -1.819257672812E-03 -2.655686155267E-05 -1.726252578768E+06 -1.752582608163E+06 -3.321769994628E+08  0.000000000000E+00 -1.000000000000E-07   1   5
  1.232386083806E-03  1.692727610538E-06 -1.039681493786E-06  2.892991312948E+06 -4.648165978145E+05  1.329397423934E+07  0.000000000000E+00 -1.000000000000E-07   1   5
 -1.906578531818E-03 -1.910254767424E-03 -2.863497529940E-05 -1.837199822982E+06 -1.848460695794E+06 -3.323229039031E+08  0.000000000000E+00 -1.000000000000E-07   1   5
 -1.877319985513E-03 -1.855754053772E-03 -2.757652624383E-05 -1.815542634370E+06 -1.800396447014E+06 -3.319202940637E+08  0.000000000000E+00 -1.000000000000E-07   1   5
  1.201779224696E-03  9.421548430605E-06 -2.309801867370E-06  2.751389281510E+06 -2.090171699729E+05  1.033172691195E+07  0.000000000000E+00 -1.000000000000E-07   1   5
  1.069120781743E-03  2.116411836395E-05 -1.642131415472E-06  2.613053015411E+06  2.396935718034E+05  2.488132684262E+07  0.000000000000E+00 -1.000000000000E-07   1   5
